timestamp,open,high,low,close,volume
2021-03-02 07:00:00,35.688,35.917,35.372,35.412,101519.64495456
2021-03-02 08:00:00,35.423,36.163,35.411,35.96,102794.29085332
2021-03-02 09:00:00,35.988,36.911,35.988,36.325,173936.79521392
2021-03-02 10:00:00,36.313,36.6,35.954,36.119,86101.48687993
2021-03-02 11:00:00,36.133,36.534,35.974,36.242,58043.20137472
2021-03-02 12:00:00,36.28,36.609,36.057,36.42,149529.58951231
2021-03-02 13:00:00,36.397,37.699,36.385,37.561,385783.64452875
2021-03-02 14:00:00,37.575,38.0,37.036,37.162,250068.22747017
2021-03-02 15:00:00,37.147,37.402,36.705,36.982,219776.97400349
2021-03-02 16:00:00,36.981,37.383,35.272,35.842,547966.40151462
2021-03-02 17:00:00,35.826,36.069,35.035,35.532,498532.0658531
2021-03-02 18:00:00,35.505,35.749,34.851,35.111,198264.16259576
2021-03-02 19:00:00,35.112,35.428,34.456,35.072,227362.64973565
2021-03-02 20:00:00,35.044,35.14,34.444,35.114,178715.56615417
2021-03-02 21:00:00,35.126,35.552,34.913,35.349,125205.84264407
2021-03-02 22:00:00,35.329,36.461,35.231,36.097,142347.8582199
2021-03-02 23:00:00,36.087,36.515,35.956,36.192,122130.50208683
2021-03-03 00:00:00,36.178,37.641,36.164,37.471,220059.2280814
2021-03-03 01:00:00,37.473,37.72,37.259,37.623,90636.84945518
2021-03-03 02:00:00,37.63,37.907,36.881,36.956,184985.49975883
2021-03-03 03:00:00,36.956,37.364,36.722,36.95,139494.26062859
2021-03-03 04:00:00,36.935,37.78,36.793,37.55,325453.28144617
2021-03-03 05:00:00,37.578,37.631,37.172,37.302,209445.26726339
2021-03-03 06:00:00,37.323,38.174,37.225,37.979,199964.69269095
2021-03-03 07:00:00,37.99,38.176,37.661,37.738,134844.93835554
2021-03-03 08:00:00,37.75,38.701,37.75,38.597,398069.30745888
2021-03-03 09:00:00,38.595,38.815,38.142,38.3,232582.45621024
2021-03-03 10:00:00,38.337,38.507,37.626,37.715,189581.29616808
2021-03-03 11:00:00,37.715,38.175,37.53,37.921,232734.91366282
2021-03-03 12:00:00,37.909,38.605,37.819,38.495,242145.2461845
2021-03-03 13:00:00,38.513,38.513,37.33,37.515,334721.0011755
2021-03-03 14:00:00,37.508,37.556,37.304,37.444,421240.13626313
2021-03-03 15:00:00,37.445,37.599,37.212,37.432,178720.74861743
2021-03-03 16:00:00,37.432,37.73,37.379,37.642,180323.45993071
2021-03-03 17:00:00,37.647,37.935,37.4,37.613,117320.68264169
2021-03-03 18:00:00,37.641,37.771,37.451,37.499,247875.32225082
2021-03-03 19:00:00,37.495,37.495,36.951,37.371,327845.33548766
2021-03-03 20:00:00,37.351,37.558,36.701,36.736,255664.29434501
2021-03-03 21:00:00,36.736,37.279,36.636,37.279,164382.88482638
2021-03-03 22:00:00,37.272,37.786,37.215,37.274,121567.83536818
2021-03-03 23:00:00,37.263,37.655,37.186,37.186,226253.08484283
2021-03-04 00:00:00,37.186,38.5,37.134,38.202,552146.46176398
2021-03-04 01:00:00,38.203,38.307,38.02,38.062,100041.67568188
2021-03-04 02:00:00,38.04,38.287,37.76,37.761,185879.70680778
2021-03-04 03:00:00,37.761,37.995,37.204,37.274,829143.86240376
2021-03-04 04:00:00,37.278,37.544,36.181,36.241,369147.04115952
2021-03-04 05:00:00,36.25,37.268,36.216,37.253,117346.61765441
2021-03-04 06:00:00,37.256,37.26,36.127,36.432,606307.21091317
2021-03-04 07:00:00,36.433,37.0,36.374,36.808,297571.98846553
2021-03-04 08:00:00,36.811,37.496,36.811,37.058,254557.34194367
2021-03-04 09:00:00,37.064,37.076,35.786,36.155,333712.53672861
2021-03-04 10:00:00,36.156,36.445,35.915,36.127,191324.937478
2021-03-04 11:00:00,36.127,36.26,35.7,35.918,175763.0175076
2021-03-04 12:00:00,35.908,36.434,35.809,35.941,132954.72077726
2021-03-04 13:00:00,35.945,36.342,35.45,36.165,341698.98264645
2021-03-04 14:00:00,36.16,36.89,35.87,36.164,212612.18608431
2021-03-04 15:00:00,36.165,36.288,35.6,36.019,163635.09668577
2021-03-04 16:00:00,36.028,36.272,35.828,36.109,112943.21687013
2021-03-04 17:00:00,36.116,36.263,35.272,35.42,192543.95815908
2021-03-04 18:00:00,35.403,35.58,34.427,34.43,332548.62569105
2021-03-04 19:00:00,34.428,35.516,34.417,35.204,216754.09130259
2021-03-04 20:00:00,35.215,35.215,34.422,34.878,244617.9330561
2021-03-04 21:00:00,34.873,35.237,34.71,34.836,113375.16497315
2021-03-04 22:00:00,34.836,35.393,34.632,35.298,73838.14352124
2021-03-04 23:00:00,35.304,35.479,35.039,35.287,89483.06139199
2021-03-05 00:00:00,35.293,35.319,33.518,33.694,498850.91391302
2021-03-05 01:00:00,33.692,33.862,0.2,32.571,3614763.60284896
2021-03-05 02:00:00,32.567,33.352,32.107,33.319,592420.51206569
2021-03-05 03:00:00,33.314,33.866,32.835,33.633,540925.43294853
2021-03-05 04:00:00,33.633,33.655,32.56,32.598,233363.32071278
2021-03-05 05:00:00,32.591,33.09,32.518,33.053,239610.46430853
2021-03-05 06:00:00,33.034,33.303,33.007,33.279,131035.27433152
2021-03-05 07:00:00,33.281,33.638,33.094,33.332,161587.93469369
2021-03-05 08:00:00,33.317,33.444,32.081,32.428,323563.5283911
2021-03-05 09:00:00,32.418,32.78,32.369,32.678,129556.52172564
2021-03-05 10:00:00,32.678,32.91,32.625,32.784,116165.53003596
2021-03-05 11:00:00,32.799,33.129,32.77,33.098,100471.35690724
2021-03-05 12:00:00,33.077,33.204,32.578,32.805,173671.08944048
2021-03-05 13:00:00,32.805,33.388,32.805,33.203,176448.29960313
2021-03-05 14:00:00,33.208,34.2,33.208,33.632,345270.65454425
2021-03-05 15:00:00,33.642,33.913,33.0,33.0,182599.08324502
2021-03-05 16:00:00,32.999,33.045,31.318,32.325,525711.97619112
2021-03-05 17:00:00,32.302,33.157,32.146,33.157,159517.50283738
2021-03-05 18:00:00,33.157,33.591,32.897,33.591,303106.76968205
2021-03-05 19:00:00,33.599,33.922,33.293,33.899,154806.02061864
2021-03-05 20:00:00,33.919,34.122,33.729,33.852,156244.99345735
2021-03-05 21:00:00,33.856,34.1,33.786,33.965,96445.51863845
2021-03-05 22:00:00,33.993,34.42,33.742,33.999,263460.76504886
2021-03-05 23:00:00,33.982,34.062,33.293,33.622,125418.00621045
2021-03-06 00:00:00,33.623,34.125,33.602,33.813,172072.35306066
2021-03-06 01:00:00,33.811,33.823,33.315,33.459,95868.36560868
2021-03-06 02:00:00,33.455,33.471,33.102,33.384,79186.45779741
2021-03-06 03:00:00,33.393,33.435,33.081,33.252,72183.83522965
2021-03-06 04:00:00,33.261,33.28,32.778,33.073,121628.72418357
2021-03-06 05:00:00,33.068,33.7,32.834,33.481,225060.29864905
2021-03-06 06:00:00,33.482,33.922,33.482,33.802,118979.23829577
2021-03-06 07:00:00,33.802,34.168,33.648,34.127,97183.26015077
2021-03-06 08:00:00,34.128,34.22,33.517,33.539,161239.1609763
2021-03-06 09:00:00,33.552,33.811,33.36,33.396,94220.18449011
2021-03-06 10:00:00,33.368,33.635,33.061,33.171,129317.76576021
2021-03-06 11:00:00,33.174,33.407,33.047,33.302,98611.8688735
2021-03-06 12:00:00,33.302,33.358,32.56,32.787,189675.02676259
2021-03-06 13:00:00,32.782,32.784,31.872,32.383,328782.67645082
2021-03-06 14:00:00,32.383,32.779,32.293,32.711,99847.93787476
2021-03-06 15:00:00,32.707,32.869,32.426,32.441,113266.30163469
2021-03-06 16:00:00,32.446,33.301,32.327,32.942,217242.79455139
2021-03-06 17:00:00,32.924,33.432,32.758,33.153,122788.65960201
2021-03-06 18:00:00,33.157,33.599,33.046,33.447,109091.58257482
2021-03-06 19:00:00,33.436,33.436,33.119,33.13,46988.0359779
2021-03-06 20:00:00,33.14,33.253,32.863,33.03,111077.21613267
2021-03-06 21:00:00,33.037,33.198,32.972,33.151,59978.35924721
2021-03-06 22:00:00,33.155,33.64,33.11,33.6,69636.78944008
2021-03-06 23:00:00,33.585,33.622,33.37,33.395,46844.02168358
2021-03-07 00:00:00,33.413,34.051,33.413,33.846,103887.74847
2021-03-07 01:00:00,33.85,33.995,33.67,33.742,89456.57233854
2021-03-07 02:00:00,33.766,34.249,33.765,34.223,121843.10404169
2021-03-07 03:00:00,34.216,34.476,33.903,33.933,163442.34322403
2021-03-07 04:00:00,33.934,34.071,33.731,33.756,79219.48494069
2021-03-07 05:00:00,33.775,33.89,33.5,33.855,112274.51360256
2021-03-07 06:00:00,33.841,34.018,33.594,33.974,69907.89869074
2021-03-07 07:00:00,33.973,34.288,33.79,34.227,78293.04176678
2021-03-07 08:00:00,34.23,34.508,34.172,34.421,164741.07264813
2021-03-07 09:00:00,34.409,35.28,34.409,35.219,251576.48054994
2021-03-07 10:00:00,35.22,35.244,34.456,34.856,262587.79005582
2021-03-07 11:00:00,34.843,35.114,34.696,34.974,187278.15457108
2021-03-07 12:00:00,34.997,35.237,34.524,34.854,350363.62585617
2021-03-07 13:00:00,34.853,34.87,34.506,34.794,123752.97399872
2021-03-07 14:00:00,34.784,35.05,34.004,34.336,427930.32935812
2021-03-07 15:00:00,34.336,34.796,34.153,34.759,184857.86955545
2021-03-07 16:00:00,34.767,35.05,34.467,34.775,158870.81931139
2021-03-07 17:00:00,34.771,34.771,34.432,34.582,61119.70018587
2021-03-07 18:00:00,34.585,34.605,34.059,34.067,72690.15087733
2021-03-07 19:00:00,34.059,34.135,33.801,33.995,192488.48317531
2021-03-07 20:00:00,33.987,33.987,33.521,33.916,186184.86870537
2021-03-07 21:00:00,33.936,34.409,33.819,34.288,127122.02036577
2021-03-07 22:00:00,34.282,34.813,34.161,34.652,124308.67521355
2021-03-07 23:00:00,34.651,35.353,34.572,35.137,156248.08068808
2021-03-08 00:00:00,35.137,35.596,35.053,35.256,281685.56284535
2021-03-08 01:00:00,35.266,35.547,35.056,35.107,114361.22386153
2021-03-08 02:00:00,35.108,35.122,34.536,34.781,192769.1745678
2021-03-08 03:00:00,34.781,34.883,34.478,34.859,84547.38624229
2021-03-08 04:00:00,34.876,34.876,34.482,34.837,61122.09726114
2021-03-08 05:00:00,34.836,35.269,34.831,35.173,74903.54294813
2021-03-08 06:00:00,35.2,35.36,34.35,34.484,141821.49503308
2021-03-08 07:00:00,34.48,34.625,33.729,33.908,329619.728711
2021-03-08 08:00:00,33.912,33.947,33.476,33.846,280076.59555492
2021-03-08 09:00:00,33.859,34.045,33.491,33.818,144013.28180386
2021-03-08 10:00:00,33.823,34.341,33.646,34.113,135887.71027191
2021-03-08 11:00:00,34.112,34.339,33.88,34.217,112731.40705928
2021-03-08 12:00:00,34.219,34.25,33.511,33.721,200183.33568049
2021-03-08 13:00:00,33.719,34.333,33.704,34.2,98884.21601923
2021-03-08 14:00:00,34.2,34.5,33.737,34.15,198252.29856027
2021-03-08 15:00:00,34.138,34.559,33.947,34.419,200759.70837101
2021-03-08 16:00:00,34.441,34.548,33.952,33.981,91893.44109104
2021-03-08 17:00:00,33.976,34.198,33.919,34.115,61145.78788638
2021-03-08 18:00:00,34.137,34.21,33.975,34.031,45231.08254917
2021-03-08 19:00:00,34.019,34.435,34.019,34.38,84460.51536704
2021-03-08 20:00:00,34.378,34.42,34.155,34.234,102750.11000002
2021-03-08 21:00:00,34.245,34.459,34.171,34.331,72338.36121761
2021-03-08 22:00:00,34.339,34.545,34.224,34.275,57953.62793766
2021-03-08 23:00:00,34.292,35.05,34.28,35.031,133453.21495412
2021-03-09 00:00:00,35.033,35.252,34.6,35.228,148387.10756541
2021-03-09 01:00:00,35.242,36.217,35.235,36.099,307845.48292855
2021-03-09 02:00:00,36.101,36.494,35.886,36.471,281596.76611063
2021-03-09 03:00:00,36.466,36.601,36.056,36.19,206462.17263294
2021-03-09 04:00:00,36.206,36.364,35.7,36.049,147877.48289831
2021-03-09 05:00:00,36.043,36.739,36.043,36.531,142252.88803596
2021-03-09 06:00:00,36.521,36.659,35.547,35.583,258475.9435843
2021-03-09 07:00:00,35.593,35.733,35.232,35.233,315659.44772292
2021-03-09 08:00:00,35.233,36.056,35.21,36.05,199655.15534191
2021-03-09 09:00:00,36.056,36.49,35.88,35.984,366905.98043252
2021-03-09 10:00:00,35.985,36.456,35.888,36.129,162674.87700051
2021-03-09 11:00:00,36.129,36.482,35.955,36.297,196372.48102425
2021-03-09 12:00:00,36.268,36.343,35.588,35.707,151492.05378231
2021-03-09 13:00:00,35.688,36.371,35.59,36.25,123756.89932821
2021-03-09 14:00:00,36.245,36.259,35.978,35.983,134165.95902868
2021-03-09 15:00:00,35.99,36.178,35.75,36.177,148594.86609703
2021-03-09 16:00:00,36.18,37.837,35.815,37.597,508505.32654055
2021-03-09 17:00:00,37.62,38.182,37.13,37.189,535688.82303393
2021-03-09 18:00:00,37.204,37.713,37.019,37.581,280930.57938285
2021-03-09 19:00:00,37.546,38.161,37.526,38.161,266088.7436221
2021-03-09 20:00:00,38.162,38.162,37.684,38.109,170031.24938955
2021-03-09 21:00:00,38.115,38.525,37.906,38.239,219591.72868285
2021-03-09 22:00:00,38.243,38.95,38.167,38.938,237841.14954769
2021-03-09 23:00:00,38.934,38.934,38.13,38.282,218699.94314932
2021-03-10 00:00:00,38.271,38.59,38.043,38.351,187979.51423131
2021-03-10 01:00:00,38.348,38.454,37.132,37.618,560870.67988979
2021-03-10 02:00:00,37.629,37.629,36.281,37.585,1667161.21113049
2021-03-10 03:00:00,37.585,37.895,36.642,37.106,783875.71967601
2021-03-10 04:00:00,37.089,37.689,36.838,37.645,296995.88024392
2021-03-10 05:00:00,37.641,37.724,37.056,37.516,152925.85800353
2021-03-10 06:00:00,37.542,37.846,37.29,37.601,222658.0707975
2021-03-10 07:00:00,37.605,38.485,37.577,38.32,213179.95960151
2021-03-10 08:00:00,38.32,38.901,38.214,38.518,306147.07041735
2021-03-10 09:00:00,38.51,39.262,38.21,38.784,343074.1737297
2021-03-10 10:00:00,38.784,38.864,38.102,38.166,298828.96766359
2021-03-10 11:00:00,38.17,38.369,37.684,38.344,394393.00034477
2021-03-10 12:00:00,38.35,39.155,38.203,39.002,231597.04602241
2021-03-10 13:00:00,39.002,39.63,39.0,39.217,539327.6060453
2021-03-10 14:00:00,39.214,39.346,38.753,39.229,244601.32146502
2021-03-10 15:00:00,39.226,39.331,38.674,39.126,182405.2494845
2021-03-10 16:00:00,39.144,39.339,38.059,38.808,586203.89036811
2021-03-10 17:00:00,38.813,38.92,38.443,38.611,184082.49428268
2021-03-10 18:00:00,38.595,38.785,38.49,38.626,118927.17699805
2021-03-10 19:00:00,38.626,38.971,38.417,38.429,181624.80482165
2021-03-10 20:00:00,38.453,38.486,37.45,37.684,457901.47291933
2021-03-10 21:00:00,37.688,38.359,36.935,38.21,341723.77174013
2021-03-10 22:00:00,38.207,38.57,38.113,38.552,192137.22106144
2021-03-10 23:00:00,38.567,38.608,37.427,37.622,337259.35232824
2021-03-11 00:00:00,37.607,38.12,37.18,37.222,309839.38656722
2021-03-11 01:00:00,37.212,37.3,36.624,37.229,276359.38721267
2021-03-11 02:00:00,37.233,37.649,37.054,37.296,204414.15545839
2021-03-11 03:00:00,37.298,37.485,36.879,37.221,165835.40281831
2021-03-11 04:00:00,37.213,37.405,37.001,37.222,116513.35163027
2021-03-11 05:00:00,37.198,37.198,36.631,36.696,137711.5087205
2021-03-11 06:00:00,36.682,37.152,36.575,37.144,204193.99455455
2021-03-11 07:00:00,37.136,37.339,36.244,36.397,465301.30321702
2021-03-11 08:00:00,36.398,36.565,35.88,36.536,600255.84709291
2021-03-11 09:00:00,36.5,36.559,35.971,36.164,475516.39613661
2021-03-11 10:00:00,36.157,36.964,36.067,36.878,345720.90921218
2021-03-11 11:00:00,36.881,37.17,36.699,37.165,133022.78747938
2021-03-11 12:00:00,37.161,37.211,36.553,37.135,316237.78499442
2021-03-11 13:00:00,37.13,37.843,37.104,37.726,251006.7347055
2021-03-11 14:00:00,37.73,37.943,37.316,37.553,294720.0133375
2021-03-11 15:00:00,37.55,37.689,36.11,36.448,461977.34100114
2021-03-11 16:00:00,36.448,37.107,36.365,36.797,282237.95420515
2021-03-11 17:00:00,36.812,37.061,36.464,36.864,160707.06702587
2021-03-11 18:00:00,36.862,37.531,36.754,37.467,161691.16668181
2021-03-11 19:00:00,37.476,37.516,37.05,37.134,131256.07915517
2021-03-11 20:00:00,37.135,37.589,37.098,37.265,176490.86425484
2021-03-11 21:00:00,37.269,37.556,37.19,37.264,95629.89787158
2021-03-11 22:00:00,37.268,37.648,36.889,37.185,89572.79263167
2021-03-11 23:00:00,37.183,37.465,36.754,36.982,166780.41622835
2021-03-12 00:00:00,36.969,37.247,36.457,36.832,185214.83130769
2021-03-12 01:00:00,36.836,37.121,36.722,36.9,86730.37468268
2021-03-12 02:00:00,36.9,37.485,36.757,37.399,107951.56254425
2021-03-12 03:00:00,37.4,37.568,37.133,37.251,92065.66170874
2021-03-12 04:00:00,37.254,37.324,36.48,36.683,165113.67812912
2021-03-12 05:00:00,36.683,37.068,36.555,37.04,94037.44278135
2021-03-12 06:00:00,37.04,37.128,36.644,36.731,92842.98954555
2021-03-12 07:00:00,36.732,36.738,36.252,36.384,183749.18851479
2021-03-12 08:00:00,36.385,36.752,36.282,36.529,113991.67884339
2021-03-12 09:00:00,36.521,36.609,36.339,36.438,82433.80172831
2021-03-12 10:00:00,36.439,36.439,35.58,36.241,304231.5458282
2021-03-12 11:00:00,36.23,36.424,35.766,35.879,106545.6635845
2021-03-12 12:00:00,35.879,36.191,35.674,35.816,116851.02894901
2021-03-12 13:00:00,35.817,35.817,34.254,35.324,921375.24742329
2021-03-12 14:00:00,35.325,35.556,34.909,35.54,198919.51218188
2021-03-12 15:00:00,35.54,35.912,35.281,35.86,334318.27715805
2021-03-12 16:00:00,35.863,36.263,35.737,35.996,247128.76756794
2021-03-12 17:00:00,35.995,36.138,35.57,35.652,101935.42792587
2021-03-12 18:00:00,35.647,35.936,35.574,35.672,92079.15179002
2021-03-12 19:00:00,35.688,35.827,35.2,35.26,162455.59856594
2021-03-12 20:00:00,35.259,35.449,34.751,34.894,340015.19274903
2021-03-12 21:00:00,34.906,35.427,34.629,35.226,132011.43469785
2021-03-12 22:00:00,35.227,35.62,35.182,35.335,102378.02779358
2021-03-12 23:00:00,35.34,36.069,35.244,35.971,136731.08979705
2021-03-13 00:00:00,35.972,36.048,35.143,35.205,151044.65210049
2021-03-13 01:00:00,35.201,35.201,34.75,35.04,125398.99229972
2021-03-13 02:00:00,35.041,35.42,34.993,35.363,80220.72344435
2021-03-13 03:00:00,35.362,35.632,35.31,35.444,75495.42033108
2021-03-13 04:00:00,35.467,35.596,35.13,35.488,96768.93397031
2021-03-13 05:00:00,35.488,36.013,35.448,35.718,222277.83186716
2021-03-13 06:00:00,35.711,36.307,35.711,36.288,106448.62104416
2021-03-13 07:00:00,36.275,36.437,36.007,36.398,97730.32330291
2021-03-13 08:00:00,36.421,36.527,36.108,36.438,223316.61726044
2021-03-13 09:00:00,36.443,36.494,36.136,36.455,200001.011724
2021-03-13 10:00:00,36.437,37.741,36.4,37.394,673204.0070628
2021-03-13 11:00:00,37.399,38.109,37.399,38.091,446101.67988757
2021-03-13 12:00:00,38.089,38.256,37.564,37.715,425792.68940472
2021-03-13 13:00:00,37.715,37.75,37.26,37.675,192084.14939101
2021-03-13 14:00:00,37.677,37.833,37.539,37.547,112332.18753496
2021-03-13 15:00:00,37.558,37.75,37.112,37.433,150988.39416071
2021-03-13 16:00:00,37.458,38.199,37.458,37.642,302129.3514672
2021-03-13 17:00:00,37.637,38.052,37.627,38.05,183404.86907895
2021-03-13 18:00:00,38.054,38.147,37.636,37.771,123955.91725567
2021-03-13 19:00:00,37.782,37.782,37.53,37.594,106270.55193402
2021-03-13 20:00:00,37.591,38.374,37.591,38.089,194426.26398249
2021-03-13 21:00:00,38.089,38.152,37.625,37.873,202054.62233892
2021-03-13 22:00:00,37.872,38.025,37.481,37.519,58640.23817338
2021-03-13 23:00:00,37.52,37.738,37.17,37.217,171543.06589351
2021-03-14 00:00:00,37.233,37.62,37.148,37.286,118289.6731053
2021-03-14 01:00:00,37.291,37.291,36.7,37.103,237050.75166088
2021-03-14 02:00:00,37.103,37.395,37.05,37.276,89180.91179012
2021-03-14 03:00:00,37.281,37.648,37.118,37.638,105614.05886763
2021-03-14 04:00:00,37.649,38.054,37.359,37.82,140250.50355904
2021-03-14 05:00:00,37.813,37.816,37.251,37.341,137303.331268
2021-03-14 06:00:00,37.308,37.465,36.933,37.442,182323.18646341
2021-03-14 07:00:00,37.44,37.464,37.134,37.2,58275.77167536
2021-03-14 08:00:00,37.201,37.686,37.137,37.473,132640.94324027
2021-03-14 09:00:00,37.481,37.948,37.416,37.664,105122.25746132
2021-03-14 10:00:00,37.672,37.696,36.987,37.088,179600.01587699
2021-03-14 11:00:00,37.094,37.248,36.36,37.125,530957.09243668
2021-03-14 12:00:00,37.137,37.378,36.961,37.11,134432.49564267
2021-03-14 13:00:00,37.119,37.122,36.596,36.801,157218.03673171
2021-03-14 14:00:00,36.787,37.116,36.727,36.861,158580.45021787
2021-03-14 15:00:00,36.869,36.88,36.413,36.666,280085.48351546
2021-03-14 16:00:00,36.653,36.934,36.313,36.545,413838.76925787
2021-03-14 17:00:00,36.562,36.976,36.538,36.674,97024.47693956
2021-03-14 18:00:00,36.678,37.106,36.67,37.017,68447.55908964
2021-03-14 19:00:00,37.019,37.108,36.729,36.911,120828.65871355
2021-03-14 20:00:00,36.91,37.068,36.665,37.019,133266.14722541
2021-03-14 21:00:00,37.023,37.078,36.713,36.882,418955.48718641
2021-03-14 22:00:00,36.89,37.192,36.605,37.189,155594.10628474
2021-03-14 23:00:00,37.19,37.463,36.446,36.452,367801.93287371
2021-03-15 00:00:00,36.448,37.313,36.31,36.989,309162.19305952
2021-03-15 01:00:00,36.966,37.818,36.817,37.799,323962.72159496
2021-03-15 02:00:00,37.801,38.645,37.638,38.54,795951.58292255
2021-03-15 03:00:00,38.533,38.647,38.1,38.116,344673.96938471
2021-03-15 04:00:00,38.111,38.62,37.721,37.95,269476.76903702
2021-03-15 05:00:00,37.95,38.159,37.265,37.276,342016.11607767
2021-03-15 06:00:00,37.292,37.583,36.8,36.953,247597.46634264
2021-03-15 07:00:00,36.967,36.967,35.123,35.913,1364574.49193315
2021-03-15 08:00:00,35.914,36.182,35.3,35.403,408816.4688665
2021-03-15 09:00:00,35.392,35.561,33.806,34.617,1284611.34437818
2021-03-15 10:00:00,34.619,35.292,34.553,35.277,359145.88682926
2021-03-15 11:00:00,35.27,35.343,34.838,34.958,297262.29989873
2021-03-15 12:00:00,34.958,35.167,34.35,35.164,269769.9083557
2021-03-15 13:00:00,35.16,35.403,34.974,35.254,173936.65691781
2021-03-15 14:00:00,35.227,35.66,34.992,34.993,217767.45284781
2021-03-15 15:00:00,34.993,35.435,34.85,34.858,181343.23045682
2021-03-15 16:00:00,34.864,35.111,34.41,34.584,310730.86303724
2021-03-15 17:00:00,34.576,34.78,34.226,34.688,248907.63635661
2021-03-15 18:00:00,34.689,34.998,34.539,34.72,95156.97475477
2021-03-15 19:00:00,34.704,34.981,34.697,34.903,63469.8705028
2021-03-15 20:00:00,34.898,35.163,34.65,34.771,94125.09059123
2021-03-15 21:00:00,34.764,35.021,34.537,34.926,46879.24331059
2021-03-15 22:00:00,34.927,35.027,34.246,34.504,162899.41807011
2021-03-15 23:00:00,34.512,34.925,34.225,34.338,153533.24292294
2021-03-16 00:00:00,34.332,34.72,33.0,33.018,609663.09213719
2021-03-16 01:00:00,33.028,33.233,32.051,33.198,765024.17572055
2021-03-16 02:00:00,33.2,33.438,33.029,33.395,209910.80546372
2021-03-16 03:00:00,33.401,33.44,32.964,33.201,167461.98745545
2021-03-16 04:00:00,33.194,33.685,33.129,33.613,87814.12854777
2021-03-16 05:00:00,33.612,33.744,32.648,33.149,315954.11568746
2021-03-16 06:00:00,33.159,34.271,32.788,34.061,337692.06546351
2021-03-16 07:00:00,34.062,34.436,33.863,34.43,212408.20024137
2021-03-16 08:00:00,34.428,34.671,34.293,34.522,185515.99181633
2021-03-16 09:00:00,34.529,34.875,34.396,34.723,121684.15561133
2021-03-16 10:00:00,34.703,34.871,34.159,34.298,160403.10460101
2021-03-16 11:00:00,34.29,34.505,33.907,34.17,116103.62783987
2021-03-16 12:00:00,34.158,34.295,33.596,33.853,143193.20187298
2021-03-16 13:00:00,33.848,34.227,33.783,34.064,105774.63327934
2021-03-16 14:00:00,34.064,35.07,33.914,34.929,249596.56275641
2021-03-16 15:00:00,34.92,35.375,34.581,35.056,243704.17703853
2021-03-16 16:00:00,35.062,35.324,34.821,35.039,188871.83120003
2021-03-16 17:00:00,35.047,35.211,34.275,34.444,182365.8661986
2021-03-16 18:00:00,34.45,34.689,34.348,34.632,101921.57436088
2021-03-16 19:00:00,34.655,34.977,34.586,34.976,117330.29923212
2021-03-16 20:00:00,34.973,35.226,34.942,35.017,85353.41040877
2021-03-16 21:00:00,35.013,35.04,34.801,35.033,47819.11814902
2021-03-16 22:00:00,35.033,35.268,34.7,34.735,101412.33235262
2021-03-16 23:00:00,34.737,35.609,34.709,35.491,266963.96307874
2021-03-17 00:00:00,35.491,35.81,34.932,35.791,429706.58985843
2021-03-17 01:00:00,35.796,36.41,35.677,36.073,837293.92224918
2021-03-17 02:00:00,36.074,36.074,35.523,35.828,157258.8240889
2021-03-17 03:00:00,35.826,36.247,35.68,35.771,188167.13035642
2021-03-17 04:00:00,35.758,36.525,35.588,36.36,191712.33509958
2021-03-17 05:00:00,36.358,36.359,35.816,36.157,152344.40749212
2021-03-17 06:00:00,36.148,36.386,36.067,36.294,103101.10719978
2021-03-17 07:00:00,36.312,36.363,35.781,35.923,137971.76261166
2021-03-17 08:00:00,35.929,36.065,35.525,35.64,111619.79144312
2021-03-17 09:00:00,35.643,35.665,34.521,34.98,319382.34653048
2021-03-17 10:00:00,34.967,35.305,34.827,35.058,166978.25980205
2021-03-17 11:00:00,35.071,35.206,34.705,34.788,470356.35744209
2021-03-17 12:00:00,34.798,35.109,34.4,35.024,228313.78965549
2021-03-17 13:00:00,35.024,35.568,35.0,35.149,197009.47342173
2021-03-17 14:00:00,35.156,35.192,34.832,34.885,110728.87211981
2021-03-17 15:00:00,34.883,35.212,34.65,34.764,216701.01714667
2021-03-17 16:00:00,34.769,35.229,34.609,34.915,143439.91749384
2021-03-17 17:00:00,34.91,35.227,34.909,35.033,70933.52954773
2021-03-17 18:00:00,35.046,35.833,35.046,35.753,203707.07957782
2021-03-17 19:00:00,35.763,35.907,35.613,35.708,147619.48427059
2021-03-17 20:00:00,35.741,36.005,35.535,35.557,134594.77273669
2021-03-17 21:00:00,35.555,36.215,35.555,35.903,100831.93537077
2021-03-17 22:00:00,35.903,36.299,35.792,36.2,143380.34148251
2021-03-17 23:00:00,36.202,36.257,35.924,36.15,105140.61299367
2021-03-18 00:00:00,36.16,37.0,36.082,36.93,294186.3438887
2021-03-18 01:00:00,36.928,37.068,36.542,36.726,166650.60179035
2021-03-18 02:00:00,36.725,36.997,36.425,36.58,135002.81741726
2021-03-18 03:00:00,36.577,36.623,36.13,36.143,130818.26315573
2021-03-18 04:00:00,36.133,36.417,36.12,36.285,62524.36112817
2021-03-18 05:00:00,36.285,36.536,36.174,36.52,89223.30409157
2021-03-18 06:00:00,36.53,36.599,36.208,36.239,117042.0481557
2021-03-18 07:00:00,36.24,36.351,35.833,35.978,124443.93756985
2021-03-18 08:00:00,35.974,36.246,35.728,35.787,194254.68035762
2021-03-18 09:00:00,35.785,36.186,35.741,36.163,71042.80574763
2021-03-18 10:00:00,36.166,36.563,36.111,36.444,97020.81388557
2021-03-18 11:00:00,36.451,36.706,36.135,36.21,88559.49866515
2021-03-18 12:00:00,36.217,36.353,35.903,36.252,127119.61618064
2021-03-18 13:00:00,36.247,36.404,36.001,36.062,117146.49941854
2021-03-18 14:00:00,36.066,36.258,35.803,36.029,208866.39030083
2021-03-18 15:00:00,36.029,36.908,35.892,36.728,214958.14706003
2021-03-18 16:00:00,36.727,37.027,36.408,36.459,363176.13422479
2021-03-18 17:00:00,36.427,36.608,36.356,36.428,97686.31920487
2021-03-18 18:00:00,36.427,36.458,36.017,36.044,142208.63324622
2021-03-18 19:00:00,36.041,36.044,35.575,35.639,188801.87142193
2021-03-18 20:00:00,35.64,35.918,35.502,35.695,117784.1654101
2021-03-18 21:00:00,35.702,35.9,35.647,35.764,49821.90469745
2021-03-18 22:00:00,35.763,35.988,35.754,35.754,56405.28982506
2021-03-18 23:00:00,35.758,36.018,35.298,35.355,265870.59050191
2021-03-19 00:00:00,35.353,35.404,34.625,35.293,339711.1996678
2021-03-19 01:00:00,35.287,35.381,35.121,35.369,84335.88623625
2021-03-19 02:00:00,35.361,35.528,35.2,35.275,136133.49127268
2021-03-19 03:00:00,35.276,35.641,35.155,35.576,186382.25295865
2021-03-19 04:00:00,35.575,35.691,35.418,35.418,166007.12252449
2021-03-19 05:00:00,35.42,35.709,35.275,35.709,92363.49414045
2021-03-19 06:00:00,35.713,36.259,35.519,36.251,122881.72578846
2021-03-19 07:00:00,36.253,36.748,35.944,36.056,235421.98021937
2021-03-19 08:00:00,36.058,36.509,35.836,36.505,216253.06975791
2021-03-19 09:00:00,36.51,36.56,36.109,36.25,102918.06323107
2021-03-19 10:00:00,36.247,36.48,36.103,36.273,201785.4205516
2021-03-19 11:00:00,36.271,36.549,36.251,36.436,212288.07861585
2021-03-19 12:00:00,36.436,37.613,36.436,37.305,419426.50748983
2021-03-19 13:00:00,37.304,38.771,37.132,38.342,830621.1391693
2021-03-19 14:00:00,38.339,38.68,37.849,38.516,422992.79618357
2021-03-19 15:00:00,38.519,38.625,38.104,38.45,224953.59621173
2021-03-19 16:00:00,38.45,38.51,37.742,38.015,351374.07704792
2021-03-19 17:00:00,38.02,38.413,37.851,38.381,133665.42604416
2021-03-19 18:00:00,38.376,38.46,38.0,38.406,144032.54657361
2021-03-19 19:00:00,38.414,38.852,38.057,38.208,191296.82613686
2021-03-19 20:00:00,38.187,38.72,38.09,38.183,256700.21015159
2021-03-19 21:00:00,38.182,38.9,38.087,38.882,93423.51756263
2021-03-19 22:00:00,38.872,38.899,38.217,38.365,180055.83536301
2021-03-19 23:00:00,38.373,38.436,37.923,38.196,183588.48935615
2021-03-20 00:00:00,38.196,38.299,37.858,38.222,135879.73981511
2021-03-20 01:00:00,38.21,39.893,38.185,39.73,493709.35987418
2021-03-20 02:00:00,39.731,40.048,39.456,39.59,339834.87257348
2021-03-20 03:00:00,39.591,39.699,39.346,39.699,637611.19853656
2021-03-20 04:00:00,39.699,39.7,39.17,39.262,298242.02912604
2021-03-20 05:00:00,39.261,39.521,39.134,39.255,126731.41969465
2021-03-20 06:00:00,39.268,39.677,38.9,39.132,230262.69890952
2021-03-20 07:00:00,39.122,39.231,38.8,39.038,195449.06272099
2021-03-20 08:00:00,39.03,39.49,39.03,39.125,169840.87030897
2021-03-20 09:00:00,39.125,39.602,39.104,39.39,132632.13023645
2021-03-20 10:00:00,39.38,39.584,39.121,39.44,126866.66948602
2021-03-20 11:00:00,39.435,39.535,39.289,39.424,103899.60330462
2021-03-20 12:00:00,39.418,39.434,39.09,39.236,79589.93487363
2021-03-20 13:00:00,39.237,39.676,39.106,39.205,161218.7161346
2021-03-20 14:00:00,39.2,39.623,39.159,39.44,108221.100314
2021-03-20 15:00:00,39.446,40.136,39.343,39.839,217042.6398618
2021-03-20 16:00:00,39.839,40.072,39.358,39.4,324608.19404711
2021-03-20 17:00:00,39.4,39.643,39.36,39.439,192473.11221987
2021-03-20 18:00:00,39.456,39.508,39.416,39.417,111189.39906203
2021-03-20 19:00:00,39.417,39.438,39.227,39.336,164085.36486076
2021-03-20 20:00:00,39.337,39.337,38.718,38.975,538041.46149661
2021-03-20 21:00:00,38.972,39.114,38.331,38.626,231699.37140329
2021-03-20 22:00:00,38.626,38.81,38.006,38.297,405930.8419276
2021-03-20 23:00:00,38.298,38.298,37.125,37.274,723084.85466155
2021-03-21 00:00:00,37.265,38.033,36.677,37.736,583268.32127569
2021-03-21 01:00:00,37.724,38.141,37.45,37.926,160356.51852868
2021-03-21 02:00:00,37.926,37.926,36.574,36.996,635131.32989682
2021-03-21 03:00:00,36.996,37.578,36.92,37.578,261749.66006284
2021-03-21 04:00:00,37.577,37.744,36.5,36.756,662820.99811775
2021-03-21 05:00:00,36.759,37.152,36.698,36.835,262054.4437715
2021-03-21 06:00:00,36.837,37.106,36.595,36.82,197901.70933545
2021-03-21 07:00:00,36.819,37.167,36.815,36.987,167953.49674836
2021-03-21 08:00:00,36.985,37.457,36.869,37.444,235539.44369877
2021-03-21 09:00:00,37.444,37.458,36.589,36.873,299104.13113344
2021-03-21 10:00:00,36.867,37.109,36.551,36.555,179377.01112074
2021-03-21 11:00:00,36.55,36.603,36.181,36.594,286613.80162015
2021-03-21 12:00:00,36.6,36.715,36.173,36.489,232430.46091427
2021-03-21 13:00:00,36.505,37.137,36.505,36.98,167598.89925704
2021-03-21 14:00:00,36.977,37.422,36.976,37.257,158245.05317956
2021-03-21 15:00:00,37.256,37.337,36.725,36.881,117356.06282705
2021-03-21 16:00:00,36.875,37.149,36.6,36.81,180265.34848609
2021-03-21 17:00:00,36.8,37.206,36.7,37.12,83769.85301295
2021-03-21 18:00:00,37.123,37.48,37.071,37.441,122343.9039237
2021-03-21 19:00:00,37.433,37.456,37.154,37.248,68425.96865932
2021-03-21 20:00:00,37.255,37.466,37.168,37.235,79609.32615217
2021-03-21 21:00:00,37.231,37.444,37.075,37.32,52518.6687928
2021-03-21 22:00:00,37.32,37.426,36.72,36.734,101823.59331409
2021-03-21 23:00:00,36.736,36.933,36.649,36.729,115359.19599956
2021-03-22 00:00:00,36.729,36.808,35.78,36.001,487023.86323567
2021-03-22 01:00:00,36.001,36.143,35.725,36.095,309194.02055301
2021-03-22 02:00:00,36.09,36.515,35.859,36.499,177255.66902856
2021-03-22 03:00:00,36.51,37.339,36.509,37.248,222369.56691881
2021-03-22 04:00:00,37.25,37.346,37.057,37.146,155543.84638274
2021-03-22 05:00:00,37.144,37.241,36.9,37.227,102078.22938355
2021-03-22 06:00:00,37.228,37.351,37.09,37.216,66639.39270054
2021-03-22 07:00:00,37.215,37.301,37.001,37.256,95899.17661575
2021-03-22 08:00:00,37.257,37.3,36.503,36.574,204958.48526185
2021-03-22 09:00:00,36.573,37.004,36.268,37.004,237941.14172963
2021-03-22 10:00:00,36.993,37.716,36.904,37.512,357542.70571791
2021-03-22 11:00:00,37.512,37.83,37.339,37.693,243508.55042267
2021-03-22 12:00:00,37.693,37.717,36.955,37.33,192033.31491837
2021-03-22 13:00:00,37.325,37.7,37.026,37.414,297126.40827523
2021-03-22 14:00:00,37.406,37.651,37.179,37.413,245281.35511306
2021-03-22 15:00:00,37.415,37.598,37.351,37.468,84104.16375424
2021-03-22 16:00:00,37.481,37.676,36.751,37.088,336240.31064739
2021-03-22 17:00:00,37.092,37.256,36.858,37.214,199997.99153555
2021-03-22 18:00:00,37.209,37.268,36.794,36.87,149817.01874128
2021-03-22 19:00:00,36.857,36.899,36.36,36.472,384326.1144701
2021-03-22 20:00:00,36.442,36.736,35.703,35.798,523887.42206551
2021-03-22 21:00:00,35.811,36.075,35.229,35.451,334776.5228088
2021-03-22 22:00:00,35.451,35.827,35.1,35.512,362375.74185497
2021-03-22 23:00:00,35.514,35.754,35.274,35.277,191966.60098254
2021-03-23 00:00:00,35.277,35.858,35.0,35.841,318651.40629595
2021-03-23 01:00:00,35.83,36.299,35.549,36.274,199939.51590897
2021-03-23 02:00:00,36.273,36.273,35.826,36.08,196508.93741672
2021-03-23 03:00:00,36.086,36.321,35.849,36.211,130709.71739143
2021-03-23 04:00:00,36.211,36.24,35.533,35.871,215342.80457076
2021-03-23 05:00:00,35.869,35.891,35.21,35.503,289588.2859303
2021-03-23 06:00:00,35.495,35.495,34.5,34.524,483581.46992075
2021-03-23 07:00:00,34.532,35.223,34.532,35.143,169806.60031392
2021-03-23 08:00:00,35.149,35.328,34.95,35.286,180576.90965433
2021-03-23 09:00:00,35.291,35.354,35.03,35.32,177822.13442033
2021-03-23 10:00:00,35.32,35.352,35.144,35.176,108740.11971733
2021-03-23 11:00:00,35.175,35.278,34.662,34.8,174429.70910585
2021-03-23 12:00:00,34.808,35.493,34.797,35.237,224802.79481804
2021-03-23 13:00:00,35.25,35.445,34.962,35.067,186528.63328813
2021-03-23 14:00:00,35.083,35.321,34.858,35.004,351647.20616584
2021-03-23 15:00:00,35.012,35.165,34.979,35.002,167470.28100059
2021-03-23 16:00:00,35.002,35.284,34.669,35.229,344399.00828179
2021-03-23 17:00:00,35.229,35.513,35.224,35.404,218442.85113599
2021-03-23 18:00:00,35.398,35.419,35.137,35.164,99053.43965177
2021-03-23 19:00:00,35.164,35.442,34.94,35.076,127687.83066368
2021-03-23 20:00:00,35.061,35.092,34.524,34.573,139201.26357279
2021-03-23 21:00:00,34.57,34.704,34.07,34.368,261838.57278548
2021-03-23 22:00:00,34.369,34.608,34.253,34.309,107349.78633362
2021-03-23 23:00:00,34.313,34.725,34.19,34.213,169364.10279621
2021-03-24 00:00:00,34.213,34.408,33.519,33.592,504076.90205499
2021-03-24 01:00:00,33.591,34.186,33.426,34.169,281880.29644511
2021-03-24 02:00:00,34.169,34.275,33.98,34.037,296378.80406099
2021-03-24 03:00:00,34.036,34.442,33.872,34.282,172777.66486676
2021-03-24 04:00:00,34.27,34.595,34.1,34.189,172036.29628093
2021-03-24 05:00:00,34.186,34.416,34.01,34.262,168965.30769997
2021-03-24 06:00:00,34.25,34.885,33.987,34.736,249555.50341454
2021-03-24 07:00:00,34.723,35.484,34.71,35.12,283170.24049945
2021-03-24 08:00:00,35.121,35.754,35.121,35.555,300374.10563508
2021-03-24 09:00:00,35.564,35.899,35.501,35.513,218071.85941381
2021-03-24 10:00:00,35.513,35.699,35.304,35.666,173019.44115604
2021-03-24 11:00:00,35.67,35.843,35.512,35.757,103698.95879467
2021-03-24 12:00:00,35.763,36.181,35.763,36.076,305878.95994663
2021-03-24 13:00:00,36.091,36.184,35.517,35.744,183448.90857585
2021-03-24 14:00:00,35.753,36.012,35.642,35.677,131868.87200538
2021-03-24 15:00:00,35.676,35.968,35.51,35.646,180493.25238186
2021-03-24 16:00:00,35.645,35.774,35.0,35.001,253596.69967395
2021-03-24 17:00:00,35.0,35.284,34.916,34.955,187726.9473767
2021-03-24 18:00:00,34.93,34.995,34.097,34.104,471250.1859797
2021-03-24 19:00:00,34.104,34.3,33.614,33.766,427716.33482674
2021-03-24 20:00:00,33.753,33.819,32.976,33.298,976494.3352396
2021-03-24 21:00:00,33.298,33.445,33.007,33.141,320290.09483202
2021-03-24 22:00:00,33.13,33.13,23.167,28.329,7263307.94385588
2021-03-24 23:00:00,28.33,31.246,28.001,30.31,2624839.66824604
2021-03-25 00:00:00,30.311,30.796,29.488,30.463,1283246.97735744
2021-03-25 01:00:00,30.462,30.468,28.568,28.709,1571233.08968025
2021-03-25 02:00:00,28.704,30.054,28.378,29.78,1741078.61117345
2021-03-25 03:00:00,29.78,30.167,29.427,30.035,697685.84722963
2021-03-25 04:00:00,30.035,30.3,29.6,30.023,376687.42666072
2021-03-25 05:00:00,30.023,31.076,29.891,30.949,478351.31558189
2021-03-25 06:00:00,30.948,31.303,30.728,30.875,374802.13254776
2021-03-25 07:00:00,30.876,31.04,29.821,29.826,570117.60257561
2021-03-25 08:00:00,29.819,30.486,29.688,30.393,514529.85591525
2021-03-25 09:00:00,30.426,30.888,30.254,30.84,228328.64749976
2021-03-25 10:00:00,30.84,30.993,30.311,30.735,241250.76763249
2021-03-25 11:00:00,30.743,30.95,29.892,29.924,415824.03287278
2021-03-25 12:00:00,29.928,30.193,28.415,29.203,1449724.411066
2021-03-25 13:00:00,29.203,30.097,28.827,29.809,637113.78359233
2021-03-25 14:00:00,29.81,30.173,29.413,29.74,291023.44021971
2021-03-25 15:00:00,29.75,29.814,29.192,29.372,367469.4088415
2021-03-25 16:00:00,29.381,30.064,28.912,29.57,890696.92772698
2021-03-25 17:00:00,29.572,30.23,29.431,30.113,487480.20143586
2021-03-25 18:00:00,30.102,30.791,30.049,30.477,325854.32797645
2021-03-25 19:00:00,30.471,30.599,30.05,30.299,171434.61808032
2021-03-25 20:00:00,30.31,30.792,30.23,30.333,120550.21037431
2021-03-25 21:00:00,30.365,30.728,30.27,30.569,72288.85470621
2021-03-25 22:00:00,30.562,30.78,29.637,29.905,341816.55863126
2021-03-25 23:00:00,29.893,30.162,29.631,29.793,246100.55093533
2021-03-26 00:00:00,29.783,30.696,29.779,30.589,312415.17349188
2021-03-26 01:00:00,30.595,30.788,30.452,30.702,216117.66283276
2021-03-26 02:00:00,30.712,30.834,30.167,30.323,260540.62858984
2021-03-26 03:00:00,30.324,30.819,30.241,30.592,224465.42518639
2021-03-26 04:00:00,30.595,30.697,30.4,30.588,120744.12088335
2021-03-26 05:00:00,30.6,30.757,30.544,30.704,172461.71682218
2021-03-26 06:00:00,30.707,30.709,30.432,30.497,167786.14115944
2021-03-26 07:00:00,30.472,31.18,30.238,31.179,370115.71523991
2021-03-26 08:00:00,31.18,31.38,30.93,31.048,437160.16902626
2021-03-26 09:00:00,31.045,31.371,30.981,31.035,165407.40263991
2021-03-26 10:00:00,31.036,31.178,30.89,31.072,118912.43194649
2021-03-26 11:00:00,31.072,31.815,30.761,31.806,378472.30439283
2021-03-26 12:00:00,31.807,31.946,31.517,31.707,525548.08814578
2021-03-26 13:00:00,31.706,31.879,31.343,31.861,222394.80951394
2021-03-26 14:00:00,31.859,32.025,31.703,31.84,219165.88189653
2021-03-26 15:00:00,31.845,31.972,31.58,31.735,179794.41077198
2021-03-26 16:00:00,31.735,32.729,31.405,32.514,649249.76833064
2021-03-26 17:00:00,32.514,32.96,32.344,32.76,319310.73821055
2021-03-26 18:00:00,32.773,32.816,32.13,32.385,273404.05613941
2021-03-26 19:00:00,32.385,32.62,32.158,32.592,153023.44688845
2021-03-26 20:00:00,32.607,32.898,32.595,32.654,205183.81506136
2021-03-26 21:00:00,32.654,33.105,32.631,33.058,124009.65053115
2021-03-26 22:00:00,33.069,33.392,32.75,32.75,322573.12197108
2021-03-26 23:00:00,32.747,33.203,32.656,33.182,151228.64965561
2021-03-27 00:00:00,33.182,33.5,32.73,32.758,293862.02119689
2021-03-27 01:00:00,32.758,32.977,32.29,32.501,302663.89120391
2021-03-27 02:00:00,32.5,32.757,32.179,32.331,175763.32006109
2021-03-27 03:00:00,32.349,32.472,32.124,32.465,231176.06924204
2021-03-27 04:00:00,32.466,32.9,32.392,32.61,323215.13155391
2021-03-27 05:00:00,32.609,32.762,32.365,32.722,236844.10843208
2021-03-27 06:00:00,32.723,33.285,32.687,32.942,300557.09594722
2021-03-27 07:00:00,32.93,32.978,32.539,32.694,155817.86268158
2021-03-27 08:00:00,32.702,32.833,32.504,32.689,181452.52282849
2021-03-27 09:00:00,32.701,32.805,32.46,32.584,117805.53550496
2021-03-27 10:00:00,32.596,32.729,32.285,32.285,132536.73633487
2021-03-27 11:00:00,32.285,32.285,31.744,31.854,419050.45527404
2021-03-27 12:00:00,31.846,31.892,31.125,31.729,576710.40133751
2021-03-27 13:00:00,31.729,32.106,31.516,32.017,247626.19079835
2021-03-27 14:00:00,32.0,32.011,31.574,31.981,221742.30213796
2021-03-27 15:00:00,31.981,32.248,31.894,32.032,138355.22847668
2021-03-27 16:00:00,32.039,32.669,32.039,32.565,316523.84824572
2021-03-27 17:00:00,32.555,32.728,32.479,32.6,189013.85149801
2021-03-27 18:00:00,32.597,32.609,32.224,32.25,131189.0760482
2021-03-27 19:00:00,32.257,32.46,32.139,32.338,76461.73028536
2021-03-27 20:00:00,32.329,32.721,32.321,32.578,142635.66167959
2021-03-27 21:00:00,32.578,33.375,32.419,33.165,317644.37904979
2021-03-27 22:00:00,33.16,33.278,32.712,33.08,240142.23237085
2021-03-27 23:00:00,33.065,33.117,32.56,32.616,205715.36715014
2021-03-28 00:00:00,32.601,32.757,32.127,32.636,369459.98564106
2021-03-28 01:00:00,32.66,33.086,32.587,33.032,318434.59859322
2021-03-28 02:00:00,33.03,33.055,32.648,32.681,134483.65765284
2021-03-28 03:00:00,32.682,32.997,32.538,32.997,146031.99881007
2021-03-28 04:00:00,32.986,33.238,32.894,32.99,147913.46764174
2021-03-28 05:00:00,32.99,33.063,32.728,32.875,88707.64982041
2021-03-28 06:00:00,32.881,32.961,32.528,32.681,130406.74610897
2021-03-28 07:00:00,32.681,32.987,32.637,32.987,87667.54943918
2021-03-28 08:00:00,32.987,33.056,32.704,33.01,102400.27806831
2021-03-28 09:00:00,33.005,33.093,32.719,32.751,106780.80391282
2021-03-28 10:00:00,32.764,32.807,32.46,32.701,137252.85093593
2021-03-28 11:00:00,32.69,32.69,32.42,32.428,127824.54941691
2021-03-28 12:00:00,32.434,32.565,32.031,32.201,306321.55151634
2021-03-28 13:00:00,32.202,32.407,32.159,32.225,134951.04024936
2021-03-28 14:00:00,32.23,32.407,31.82,32.307,207703.01995199
2021-03-28 15:00:00,32.312,32.511,32.035,32.495,157921.87391311
2021-03-28 16:00:00,32.49,32.794,32.195,32.583,324195.50996265
2021-03-28 17:00:00,32.572,32.641,32.3,32.414,111855.57393755
2021-03-28 18:00:00,32.402,32.42,31.726,31.763,188538.2281381
2021-03-28 19:00:00,31.775,31.807,31.233,31.712,241335.82352476
2021-03-28 20:00:00,31.712,31.712,31.376,31.544,137728.37436593
2021-03-28 21:00:00,31.556,31.916,31.548,31.823,38248.66712505
2021-03-28 22:00:00,31.824,32.139,31.803,32.11,86370.40049556
2021-03-28 23:00:00,32.108,32.288,32.083,32.274,53100.35017629
2021-03-29 00:00:00,32.257,32.323,31.903,32.007,75329.57352557
2021-03-29 01:00:00,32.007,32.088,31.77,32.079,143332.54921178
2021-03-29 02:00:00,32.069,33.048,32.013,32.832,376637.1593671
2021-03-29 03:00:00,32.816,32.965,32.665,32.77,105627.62792071
2021-03-29 04:00:00,32.774,32.863,32.491,32.555,136619.2259175
2021-03-29 05:00:00,32.555,32.707,32.331,32.397,137822.48241807
2021-03-29 06:00:00,32.405,32.861,32.399,32.861,93472.86749407
2021-03-29 07:00:00,32.872,33.613,32.868,33.38,278464.55206862
2021-03-29 08:00:00,33.398,34.0,33.398,33.811,333363.85099614
2021-03-29 09:00:00,33.821,34.279,33.765,34.086,345843.3605708
2021-03-29 10:00:00,34.092,34.527,34.0,34.456,258168.51064929
2021-03-29 11:00:00,34.471,34.634,34.169,34.215,233499.48770858
2021-03-29 12:00:00,34.223,34.749,34.22,34.513,227656.61399408
2021-03-29 13:00:00,34.508,34.646,34.264,34.456,129030.78099948
2021-03-29 14:00:00,34.447,34.54,34.123,34.389,223683.28041716
2021-03-29 15:00:00,34.398,34.471,33.824,34.23,257214.68831552
2021-03-29 16:00:00,34.23,34.508,33.873,34.457,331407.83288864
2021-03-29 17:00:00,34.456,34.74,34.402,34.437,159195.66420344
2021-03-29 18:00:00,34.444,34.498,34.204,34.216,79256.66940383
2021-03-29 19:00:00,34.233,34.252,33.912,33.957,83797.86597643
2021-03-29 20:00:00,33.967,34.141,33.876,33.969,122795.6248718
2021-03-29 21:00:00,33.969,34.438,33.946,34.19,63105.82536869
2021-03-29 22:00:00,34.194,34.421,34.054,34.369,52464.11705728
2021-03-29 23:00:00,34.361,34.444,34.06,34.389,73033.98773808
2021-03-30 00:00:00,34.389,34.469,34.064,34.135,135825.47589071
2021-03-30 01:00:00,34.135,34.143,33.533,33.767,161684.80502279
2021-03-30 02:00:00,33.734,33.922,33.531,33.878,138756.25370672
2021-03-30 03:00:00,33.87,33.87,33.57,33.71,96297.77200471
2021-03-30 04:00:00,33.724,34.027,33.569,33.956,74814.97532252
2021-03-30 05:00:00,33.943,34.013,33.825,33.998,35764.42057557
2021-03-30 06:00:00,33.994,34.197,33.904,34.178,73440.37775349
2021-03-30 07:00:00,34.177,34.204,34.049,34.08,59394.15607388
2021-03-30 08:00:00,34.081,34.335,33.992,34.035,131088.55887595
2021-03-30 09:00:00,34.038,34.6,34.027,34.599,117841.29675896
2021-03-30 10:00:00,34.6,34.898,34.423,34.451,218351.17363806
2021-03-30 11:00:00,34.447,34.637,34.419,34.634,144407.50718874
2021-03-30 12:00:00,34.633,34.772,34.406,34.436,158042.2306271
2021-03-30 13:00:00,34.432,34.493,34.019,34.125,201330.67539871
2021-03-30 14:00:00,34.126,34.259,34.003,34.084,141948.61784784
2021-03-30 15:00:00,34.08,34.175,33.88,33.908,125891.38284639
2021-03-30 16:00:00,33.907,34.151,33.877,34.14,111786.30944359
2021-03-30 17:00:00,34.133,34.229,34.039,34.107,41952.55072829
2021-03-30 18:00:00,34.103,34.398,34.097,34.182,107879.93347584
2021-03-30 19:00:00,34.182,34.206,34.018,34.126,74180.51141326
2021-03-30 20:00:00,34.125,34.14,33.836,33.849,139130.67535352
2021-03-30 21:00:00,33.849,34.041,33.675,33.722,114261.30634176
2021-03-30 22:00:00,33.719,34.105,33.707,34.079,96486.98502352
2021-03-30 23:00:00,34.085,34.109,33.875,34.039,54116.22306526
2021-03-31 00:00:00,34.044,34.323,33.977,34.308,91505.50857609
2021-03-31 01:00:00,34.316,34.95,34.316,34.649,235481.24689272
2021-03-31 02:00:00,34.65,34.701,34.425,34.467,220613.71509839
2021-03-31 03:00:00,34.46,34.46,33.912,34.171,202811.94984687
2021-03-31 04:00:00,34.142,34.225,34.0,34.13,94576.59441208
2021-03-31 05:00:00,34.115,34.273,34.001,34.235,41370.9406582
2021-03-31 06:00:00,34.224,34.652,34.117,34.301,172764.06043454
2021-03-31 07:00:00,34.316,34.447,33.673,33.9,314147.40468022
2021-03-31 08:00:00,33.908,33.965,33.258,33.871,525189.48003017
2021-03-31 09:00:00,33.869,34.281,33.762,34.245,189032.27633156
2021-03-31 10:00:00,34.245,34.563,33.99,34.36,203060.55469831
2021-03-31 11:00:00,34.363,36.678,34.363,36.448,1110288.76962033
2021-03-31 12:00:00,36.446,37.057,36.027,36.979,586199.78276474
2021-03-31 13:00:00,36.983,37.1,36.462,36.849,373153.34790061
2021-03-31 14:00:00,36.853,37.443,36.418,37.378,246251.46366514
2021-03-31 15:00:00,37.387,37.487,36.63,36.711,374226.82882606
2021-03-31 16:00:00,36.712,38.28,36.649,38.267,657758.12296457
2021-03-31 17:00:00,38.261,38.348,37.318,37.355,426976.35988895
2021-03-31 18:00:00,37.356,37.38,36.85,37.133,225606.46786726
2021-03-31 19:00:00,37.136,37.263,36.174,36.448,457936.99347409
2021-03-31 20:00:00,36.442,36.992,36.059,36.856,409126.44429529
2021-03-31 21:00:00,36.878,36.945,36.165,36.356,196939.33091835
2021-03-31 22:00:00,36.353,36.405,35.581,36.264,403476.02494588
2021-03-31 23:00:00,36.269,37.451,36.113,37.143,666948.14696375
2021-04-01 00:00:00,37.135,37.213,36.426,36.711,560250.41319073
2021-04-01 01:00:00,36.71,36.801,36.205,36.574,269846.25009535
2021-04-01 02:00:00,36.574,36.688,36.118,36.508,147686.5871321
2021-04-01 03:00:00,36.511,36.535,36.118,36.447,179707.82132368
2021-04-01 04:00:00,36.449,36.902,36.162,36.607,270540.95565246
2021-04-01 05:00:00,36.613,37.367,36.588,36.851,440071.33038942
2021-04-01 06:00:00,36.845,37.776,36.685,37.462,576805.53260384
2021-04-01 07:00:00,37.462,38.8,37.153,38.796,543299.85301875
2021-04-01 08:00:00,38.798,39.093,38.001,38.269,832412.78104709
2021-04-01 09:00:00,38.263,38.558,38.024,38.145,325088.32089637
2021-04-01 10:00:00,38.146,38.5,37.649,37.862,312461.07243086
2021-04-01 11:00:00,37.873,38.291,37.522,37.805,380626.58271094
2021-04-01 12:00:00,37.818,38.33,37.648,38.02,310633.09468256
2021-04-01 13:00:00,38.022,38.486,38.02,38.31,242392.17927289
2021-04-01 14:00:00,38.313,38.5,38.001,38.366,266901.28600409
2021-04-01 15:00:00,38.369,38.375,37.778,37.868,243868.43874137
2021-04-01 16:00:00,37.868,38.234,37.618,37.935,391778.01739602
2021-04-01 17:00:00,37.94,38.029,36.8,37.113,415066.83680063
2021-04-01 18:00:00,37.113,37.673,36.396,37.642,430853.41488026
2021-04-01 19:00:00,37.658,37.918,37.558,37.78,226701.28483578
2021-04-01 20:00:00,37.788,38.226,37.718,38.02,144235.71559946
2021-04-01 21:00:00,38.032,38.18,37.665,37.781,146964.3453894
2021-04-01 22:00:00,37.783,38.5,37.783,38.437,180143.31212349
2021-04-01 23:00:00,38.438,38.481,37.426,37.48,315478.31051578
2021-04-02 00:00:00,37.495,37.897,36.628,37.115,533358.5041936
2021-04-02 01:00:00,37.118,38.061,37.108,38.061,299043.58078283
2021-04-02 02:00:00,38.053,38.583,37.702,38.068,488129.64739318
2021-04-02 03:00:00,38.07,38.55,37.863,37.978,280452.55574957
2021-04-02 04:00:00,37.986,38.168,37.676,37.913,122887.19152054
2021-04-02 05:00:00,37.913,38.482,37.824,38.357,200033.80544137
2021-04-02 06:00:00,38.377,38.401,37.849,38.012,184015.75670272
2021-04-02 07:00:00,38.013,38.192,37.907,37.978,108014.64922915
2021-04-02 08:00:00,37.975,38.413,37.975,38.076,151690.07400733
2021-04-02 09:00:00,38.075,38.246,37.601,38.174,258980.01153525
2021-04-02 10:00:00,38.172,38.883,37.939,38.704,281734.44660602
2021-04-02 11:00:00,38.703,38.807,38.039,38.256,249726.92495113
2021-04-02 12:00:00,38.261,38.299,37.926,38.084,118242.60234184
2021-04-02 13:00:00,38.071,38.436,37.734,38.418,223318.39242413
2021-04-02 14:00:00,38.418,38.612,38.087,38.6,345106.86251687
2021-04-02 15:00:00,38.6,40.132,38.575,39.912,1087036.54421706
2021-04-02 16:00:00,39.923,40.321,39.1,39.376,477641.15588274
2021-04-02 17:00:00,39.383,39.694,39.0,39.562,301019.17069449
2021-04-02 18:00:00,39.544,40.147,39.246,39.604,394884.7957105
2021-04-02 19:00:00,39.604,39.604,39.075,39.207,155669.3007618
2021-04-02 20:00:00,39.213,39.521,39.158,39.427,91517.18202394
2021-04-02 21:00:00,39.421,39.978,39.222,39.715,213043.89221459
2021-04-02 22:00:00,39.715,39.941,39.379,39.419,149311.26098996
2021-04-02 23:00:00,39.425,41.511,39.383,41.106,604990.99539552
2021-04-03 00:00:00,41.131,43.788,40.991,43.423,1062559.23363767
2021-04-03 01:00:00,43.427,44.631,43.066,43.818,1206717.19920352
2021-04-03 02:00:00,43.818,45.016,43.446,44.096,482096.4950281
2021-04-03 03:00:00,44.094,44.183,43.319,43.746,371550.65441073
2021-04-03 04:00:00,43.777,44.498,43.65,44.498,383565.71574403
2021-04-03 05:00:00,44.499,44.8,44.005,44.395,790901.74872312
2021-04-03 06:00:00,44.401,46.929,44.385,46.619,1493712.76721019
2021-04-03 07:00:00,46.619,46.636,45.375,45.778,493309.41418574
2021-04-03 08:00:00,45.798,46.119,44.3,45.052,549510.18948103
2021-04-03 09:00:00,45.049,45.509,44.022,45.115,309142.90824726
2021-04-03 10:00:00,45.112,46.033,44.573,45.548,313154.47366271
2021-04-03 11:00:00,45.54,46.133,44.965,45.192,303082.47538181
2021-04-03 12:00:00,45.184,45.43,44.561,44.649,151857.08405558
2021-04-03 13:00:00,44.648,45.145,44.375,45.058,203385.14755984
2021-04-03 14:00:00,45.054,45.173,43.594,43.648,459897.41578349
2021-04-03 15:00:00,43.648,44.654,43.029,43.077,600326.58010262
2021-04-03 16:00:00,43.088,45.204,42.7,44.287,1145840.10399978
2021-04-03 17:00:00,44.272,44.272,43.153,43.31,478056.83068899
2021-04-03 18:00:00,43.284,44.264,42.16,44.264,633225.82508214
2021-04-03 19:00:00,44.264,44.586,43.622,44.517,409471.29666446
2021-04-03 20:00:00,44.516,44.529,43.026,43.259,259053.51491611
2021-04-03 21:00:00,43.25,43.464,41.831,42.311,368681.81208821
2021-04-03 22:00:00,42.322,42.86,41.588,42.209,558581.93363377
2021-04-03 23:00:00,42.2,42.611,41.32,41.428,479172.65079034
2021-04-04 00:00:00,41.398,42.819,40.678,41.969,911211.30524997
2021-04-04 01:00:00,41.968,44.5,41.669,44.125,690158.889039
2021-04-04 02:00:00,44.13,45.148,44.13,44.373,635978.6543314
2021-04-04 03:00:00,44.371,44.501,43.462,44.49,472686.09851103
2021-04-04 04:00:00,44.476,44.539,43.718,43.96,372472.56799799
2021-04-04 05:00:00,43.965,44.338,43.225,43.531,324457.06192611
2021-04-04 06:00:00,43.557,44.29,43.217,44.252,443944.64164826
2021-04-04 07:00:00,44.24,44.507,43.98,44.295,289515.54516715
2021-04-04 08:00:00,44.294,44.747,43.994,44.25,219012.22913821
2021-04-04 09:00:00,44.239,44.911,44.239,44.754,168646.26307041
2021-04-04 10:00:00,44.754,44.772,43.874,44.184,196054.61818451
2021-04-04 11:00:00,44.18,44.225,43.214,43.543,246703.86629912
2021-04-04 12:00:00,43.561,44.258,43.072,43.908,344026.1287751
2021-04-04 13:00:00,43.923,44.5,43.754,44.458,254521.3236722
2021-04-04 14:00:00,44.463,44.673,43.975,44.41,193048.29346473
2021-04-04 15:00:00,44.421,44.67,43.823,44.06,371954.45266176
2021-04-04 16:00:00,44.09,44.155,43.316,43.505,351728.39755086
2021-04-04 17:00:00,43.497,43.976,43.497,43.876,118222.30378797
2021-04-04 18:00:00,43.863,43.94,43.525,43.708,114312.3593936
2021-04-04 19:00:00,43.734,43.754,43.284,43.576,149667.96679771
2021-04-04 20:00:00,43.579,43.746,43.138,43.455,108207.44111458
2021-04-04 21:00:00,43.449,44.006,43.334,43.998,76946.85945753
2021-04-04 22:00:00,43.998,44.113,43.565,43.711,89148.82219231
2021-04-04 23:00:00,43.719,44.521,43.569,44.337,117984.44482043
2021-04-05 00:00:00,44.359,44.781,43.926,44.003,257110.09359297
2021-04-05 01:00:00,43.997,44.199,43.614,43.868,127204.07771407
2021-04-05 02:00:00,43.864,43.864,43.263,43.335,172501.82306434
2021-04-05 03:00:00,43.335,43.741,43.15,43.324,134370.70231785
2021-04-05 04:00:00,43.324,43.65,42.421,42.636,281048.22928431
2021-04-05 05:00:00,42.617,43.046,42.0,42.043,333163.43970242
2021-04-05 06:00:00,42.041,42.79,41.795,42.45,316871.59099748
2021-04-05 07:00:00,42.449,43.034,42.361,42.751,160945.63139193
2021-04-05 08:00:00,42.749,42.973,42.267,42.64,118884.82289965
2021-04-05 09:00:00,42.641,43.619,42.444,43.571,195216.61193951
2021-04-05 10:00:00,43.575,43.956,43.347,43.736,199640.55370269
2021-04-05 11:00:00,43.723,43.871,43.165,43.498,157009.21735643
2021-04-05 12:00:00,43.498,43.689,42.843,42.867,194519.23765478
2021-04-05 13:00:00,42.858,43.284,42.531,43.28,122947.48685679
2021-04-05 14:00:00,43.28,45.088,43.28,44.488,493178.87784464
2021-04-05 15:00:00,44.5,44.893,44.0,44.813,325098.82523136
2021-04-05 16:00:00,44.806,45.033,43.767,44.14,281707.80361262
2021-04-05 17:00:00,44.165,44.35,43.583,43.746,164211.12745505
2021-04-05 18:00:00,43.74,44.189,43.72,43.939,121640.94874558
2021-04-05 19:00:00,43.959,44.185,43.72,44.001,113435.65350823
2021-04-05 20:00:00,44.001,44.318,43.892,44.162,114095.96354011
2021-04-05 21:00:00,44.186,44.25,43.6,43.77,149405.05732264
2021-04-05 22:00:00,43.793,44.789,43.688,44.45,178009.57254057
2021-04-05 23:00:00,44.431,45.975,43.676,45.874,441395.90452001
2021-04-06 00:00:00,45.883,46.411,45.358,45.462,477197.93310156
2021-04-06 01:00:00,45.446,45.764,44.95,45.275,270661.71511654
2021-04-06 02:00:00,45.268,45.388,44.9,45.092,178342.11683394
2021-04-06 03:00:00,45.106,45.485,45.014,45.061,129617.83589868
2021-04-06 04:00:00,45.069,45.412,44.9,44.996,116052.97790228
2021-04-06 05:00:00,44.997,45.175,44.7,44.847,154292.37596461
2021-04-06 06:00:00,44.846,44.999,44.307,44.884,203751.73457523
2021-04-06 07:00:00,44.898,44.9,43.777,44.136,227496.08174131
2021-04-06 08:00:00,44.128,44.805,43.935,43.98,434083.20315523
2021-04-06 09:00:00,43.984,44.56,43.812,44.313,165792.47096942
2021-04-06 10:00:00,44.32,44.91,43.891,43.898,295991.96198669
2021-04-06 11:00:00,43.905,44.213,43.329,43.533,385791.8796807
2021-04-06 12:00:00,43.516,44.22,43.395,43.675,261323.83451545
2021-04-06 13:00:00,43.675,44.214,43.643,43.77,268108.25828018
2021-04-06 14:00:00,43.777,43.777,41.608,42.877,1117848.93867836
2021-04-06 15:00:00,42.883,42.978,42.185,42.489,441009.52500672
2021-04-06 16:00:00,42.512,43.292,42.292,43.215,382760.7822186
2021-04-06 17:00:00,43.2,43.438,43.087,43.201,183031.95534991
2021-04-06 18:00:00,43.207,43.243,42.787,42.954,209908.28378024
2021-04-06 19:00:00,42.954,43.666,42.776,43.485,227985.9519248
2021-04-06 20:00:00,43.468,43.491,43.077,43.163,118672.80042914
2021-04-06 21:00:00,43.164,43.308,42.31,42.905,176013.20255096
2021-04-06 22:00:00,42.862,43.563,42.616,43.127,206374.04960784
2021-04-06 23:00:00,43.127,43.844,42.989,43.387,155592.1242313
2021-04-07 00:00:00,43.409,43.55,42.384,42.511,213120.05182452
2021-04-07 01:00:00,42.507,42.833,42.208,42.799,308145.67945537
2021-04-07 02:00:00,42.8,42.896,42.612,42.672,116614.3956977
2021-04-07 03:00:00,42.673,43.15,42.489,42.549,179002.93291065
2021-04-07 04:00:00,42.541,42.666,41.907,42.443,277547.08622479
2021-04-07 05:00:00,42.443,42.988,42.137,42.795,173641.22427532
2021-04-07 06:00:00,42.794,43.158,42.206,42.269,205942.51564931
2021-04-07 07:00:00,42.281,42.281,41.538,41.859,392420.74508644
2021-04-07 08:00:00,41.858,41.92,40.855,41.287,397006.41724135
2021-04-07 09:00:00,41.289,41.413,39.609,40.736,870439.7580923
2021-04-07 10:00:00,40.717,41.019,38.8,39.006,811019.93614604
2021-04-07 11:00:00,39.006,39.854,37.62,39.06,1551405.78066593
2021-04-07 12:00:00,39.052,39.748,37.783,39.585,748428.35000343
2021-04-07 13:00:00,39.577,40.241,39.338,40.241,450372.26793833
2021-04-07 14:00:00,40.249,40.809,39.83,39.915,598924.35183957
2021-04-07 15:00:00,39.911,40.258,38.932,39.201,404782.36771471
2021-04-07 16:00:00,39.195,40.209,38.532,40.149,646833.6221967
2021-04-07 17:00:00,40.148,40.212,38.568,38.651,301208.42943171
2021-04-07 18:00:00,38.659,39.356,38.531,38.58,287417.58568535
2021-04-07 19:00:00,38.589,39.521,38.106,39.486,448667.02184722
2021-04-07 20:00:00,39.489,39.755,38.897,39.752,234126.94830459
2021-04-07 21:00:00,39.744,40.368,39.554,40.071,122821.69938147
2021-04-07 22:00:00,40.066,40.7,39.856,40.691,114354.97874749
2021-04-07 23:00:00,40.692,40.7,39.481,39.54,225877.74675987
2021-04-08 00:00:00,39.51,40.5,39.22,40.357,310047.34352298
2021-04-08 01:00:00,40.365,40.6,39.926,40.344,169938.18430441
2021-04-08 02:00:00,40.323,40.342,39.788,39.969,116567.60944451
2021-04-08 03:00:00,39.978,40.27,39.628,40.19,135996.17964912
2021-04-08 04:00:00,40.2,41.2,40.2,41.112,208966.37921165
2021-04-08 05:00:00,41.094,41.375,40.687,40.835,168161.7449586
2021-04-08 06:00:00,40.847,41.33,40.714,41.33,123656.01425631
2021-04-08 07:00:00,41.351,41.493,40.848,40.876,140829.66594847
2021-04-08 08:00:00,40.88,41.238,40.458,40.731,136220.5525206
2021-04-08 09:00:00,40.697,40.904,39.969,40.101,181966.24136651
2021-04-08 10:00:00,40.089,40.202,39.274,40.004,340517.24209964
2021-04-08 11:00:00,39.994,40.105,39.601,39.939,129964.10566945
2021-04-08 12:00:00,39.91,41.14,39.774,40.738,374032.63143342
2021-04-08 13:00:00,40.772,40.807,40.208,40.259,272585.79486708
2021-04-08 14:00:00,40.259,41.0,40.058,40.504,290005.56891003
2021-04-08 15:00:00,40.516,41.053,40.491,41.053,128547.21542423
2021-04-08 16:00:00,41.059,41.253,40.655,40.823,199311.03314549
2021-04-08 17:00:00,40.832,40.839,40.525,40.688,53802.67769707
2021-04-08 18:00:00,40.692,41.05,40.564,40.892,70660.87232535
2021-04-08 19:00:00,40.875,41.298,40.798,41.018,86044.39332183
2021-04-08 20:00:00,41.009,41.127,40.627,40.719,84716.55042343
2021-04-08 21:00:00,40.745,40.75,40.364,40.655,51747.21153254
2021-04-08 22:00:00,40.657,41.372,40.607,41.274,92503.82915415
2021-04-08 23:00:00,41.285,41.632,41.126,41.356,124668.16321451
2021-04-09 00:00:00,41.341,42.137,41.341,41.909,177517.47042185
2021-04-09 01:00:00,41.903,42.143,41.531,41.578,117353.89844007
2021-04-09 02:00:00,41.551,41.776,41.341,41.411,93507.39908784
2021-04-09 03:00:00,41.421,41.749,41.264,41.408,140488.92983636
2021-04-09 04:00:00,41.403,41.552,41.239,41.316,75452.44399558
2021-04-09 05:00:00,41.316,41.574,40.972,40.99,134146.4141512
2021-04-09 06:00:00,40.979,41.311,40.979,41.016,80048.37236521
2021-04-09 07:00:00,41.007,41.204,40.802,41.193,153049.36008588
2021-04-09 08:00:00,41.2,41.228,40.712,40.737,113463.55499341
2021-04-09 09:00:00,40.737,41.1,40.737,40.932,130173.09166614
2021-04-09 10:00:00,40.913,41.715,40.854,41.394,221745.51988747
2021-04-09 11:00:00,41.382,41.694,41.179,41.409,120074.02356907
2021-04-09 12:00:00,41.42,41.571,41.005,41.083,85997.31631723
2021-04-09 13:00:00,41.083,41.569,41.05,41.226,106298.0951762
2021-04-09 14:00:00,41.22,41.465,40.685,41.136,155134.65455818
2021-04-09 15:00:00,41.142,41.245,40.51,40.596,148880.98405603
2021-04-09 16:00:00,40.597,40.898,40.11,40.786,189579.00250471
2021-04-09 17:00:00,40.809,40.817,40.501,40.677,95881.80260976
2021-04-09 18:00:00,40.674,40.844,40.516,40.819,53159.16359913
2021-04-09 19:00:00,40.819,40.879,40.521,40.69,41614.27943608
2021-04-09 20:00:00,40.692,40.758,40.449,40.528,42160.60236282
2021-04-09 21:00:00,40.499,40.86,40.486,40.814,32623.20735045
2021-04-09 22:00:00,40.815,41.092,40.648,40.727,84145.64830675
2021-04-09 23:00:00,40.702,40.891,40.426,40.825,108455.60059288
2021-04-10 00:00:00,40.835,41.057,40.428,40.779,129852.66847506
2021-04-10 01:00:00,40.803,41.399,40.77,41.349,118914.86974499
2021-04-10 02:00:00,41.321,41.434,41.069,41.375,96237.24955461
2021-04-10 03:00:00,41.379,41.898,41.327,41.871,169843.73111274
2021-04-10 04:00:00,41.877,42.888,41.876,42.556,440787.35151413
2021-04-10 05:00:00,42.544,42.656,42.231,42.469,143043.08286827
2021-04-10 06:00:00,42.433,42.81,42.372,42.488,110324.67398342
2021-04-10 07:00:00,42.475,42.523,42.078,42.228,96158.03678305
2021-04-10 08:00:00,42.242,42.519,42.161,42.202,104953.49372863
2021-04-10 09:00:00,42.199,42.321,42.1,42.235,92600.71443051
2021-04-10 10:00:00,42.235,42.236,41.7,41.955,123505.07076546
2021-04-10 11:00:00,41.944,42.151,41.856,42.013,91837.6203072
2021-04-10 12:00:00,42.026,42.151,41.4,41.625,147953.99153473
2021-04-10 13:00:00,41.621,41.817,41.273,41.578,132784.12058821
2021-04-10 14:00:00,41.562,41.598,41.171,41.327,91986.0594981
2021-04-10 15:00:00,41.326,41.484,41.073,41.222,154046.19573575
2021-04-10 16:00:00,41.238,41.695,41.11,41.451,283868.08860236
2021-04-10 17:00:00,41.462,41.526,41.003,41.131,211509.76581273
2021-04-10 18:00:00,41.145,41.145,40.52,41.081,218878.01286337
2021-04-10 19:00:00,41.081,41.24,40.766,40.98,130140.81374821
2021-04-10 20:00:00,40.979,41.116,39.921,40.249,291207.19017163
2021-04-10 21:00:00,40.255,40.867,40.141,40.86,120789.02302795
2021-04-10 22:00:00,40.854,41.158,40.802,40.933,62645.53128842
2021-04-10 23:00:00,40.926,41.75,40.922,41.662,112927.15813475
2021-04-11 00:00:00,41.672,41.845,41.22,41.306,178797.65816103
2021-04-11 01:00:00,41.333,41.377,41.002,41.249,108296.17636672
2021-04-11 02:00:00,41.235,41.266,40.917,41.027,71403.11999666
2021-04-11 03:00:00,41.036,41.178,40.865,40.986,67330.65497479
2021-04-11 04:00:00,40.987,41.025,40.491,40.63,181072.09378657
2021-04-11 05:00:00,40.616,40.793,40.092,40.242,175120.96193557
2021-04-11 06:00:00,40.278,40.69,40.013,40.575,241947.28886354
2021-04-11 07:00:00,40.575,40.814,40.224,40.676,187332.85287539
2021-04-11 08:00:00,40.677,41.024,40.677,40.869,140705.96945079
2021-04-11 09:00:00,40.867,40.965,40.41,40.546,123907.50853028
2021-04-11 10:00:00,40.546,40.779,40.462,40.496,45366.99017495
2021-04-11 11:00:00,40.513,40.83,40.347,40.72,68345.45578821
2021-04-11 12:00:00,40.729,40.769,40.276,40.6,59948.73630237
2021-04-11 13:00:00,40.601,40.642,40.003,40.252,117773.81166601
2021-04-11 14:00:00,40.241,40.592,40.15,40.477,82639.86110532
2021-04-11 15:00:00,40.484,40.677,40.365,40.421,107719.32885649
2021-04-11 16:00:00,40.416,41.46,40.261,40.848,198553.37175133
2021-04-11 17:00:00,40.848,41.453,40.674,41.172,128302.80242474
2021-04-11 18:00:00,41.198,41.413,41.018,41.325,57899.3125399
2021-04-11 19:00:00,41.332,41.499,40.994,41.049,111772.3678251
2021-04-11 20:00:00,41.064,41.636,41.013,41.59,90821.55461432
2021-04-11 21:00:00,41.594,41.594,41.077,41.116,54246.59421476
2021-04-11 22:00:00,41.114,41.925,40.982,41.925,127600.82863469
2021-04-11 23:00:00,41.932,41.94,41.28,41.352,134801.81155812
2021-04-12 00:00:00,41.355,41.527,40.863,40.954,141145.9685376
2021-04-12 01:00:00,40.962,41.269,40.903,40.98,86961.71752694
2021-04-12 02:00:00,40.98,41.045,40.643,40.735,130666.85779915
2021-04-12 03:00:00,40.73,41.172,40.696,41.172,77830.32123984
2021-04-12 04:00:00,41.178,41.571,41.017,41.474,123755.91828163
2021-04-12 05:00:00,41.441,41.578,41.113,41.226,191141.28818725
2021-04-12 06:00:00,41.268,41.751,41.137,41.631,113416.97499979
2021-04-12 07:00:00,41.64,41.802,41.281,41.392,182929.255276
2021-04-12 08:00:00,41.393,41.556,41.206,41.21,289932.87552614
2021-04-12 09:00:00,41.213,41.308,40.142,40.33,337373.6788772
2021-04-12 10:00:00,40.325,40.671,40.071,40.358,267572.80059376
2021-04-12 11:00:00,40.362,40.922,40.32,40.644,248251.01923226
2021-04-12 12:00:00,40.644,40.844,40.526,40.711,97660.88924911
2021-04-12 13:00:00,40.725,40.875,40.58,40.737,82629.98257609
2021-04-12 14:00:00,40.74,40.78,39.976,39.983,237438.64714451
2021-04-12 15:00:00,39.984,40.23,39.341,39.791,467398.95084267
2021-04-12 16:00:00,39.79,40.491,39.426,40.333,302062.86730487
2021-04-12 17:00:00,40.318,40.346,40.044,40.241,83060.28475869
2021-04-12 18:00:00,40.234,40.367,40.087,40.304,86545.31840668
2021-04-12 19:00:00,40.309,40.63,40.241,40.602,51299.78568037
2021-04-12 20:00:00,40.603,40.836,40.379,40.822,96698.75195476
2021-04-12 21:00:00,40.825,40.956,40.415,40.488,105054.7392817
2021-04-12 22:00:00,40.503,40.788,40.433,40.686,51851.5646372
2021-04-12 23:00:00,40.682,40.923,40.471,40.474,65723.37057718
2021-04-13 00:00:00,40.474,40.959,40.408,40.706,163252.70221632
2021-04-13 01:00:00,40.72,40.85,40.586,40.633,78181.12721455
2021-04-13 02:00:00,40.634,40.688,40.214,40.518,175736.55556015
2021-04-13 03:00:00,40.519,40.63,40.388,40.392,111693.47637422
2021-04-13 04:00:00,40.385,40.632,40.263,40.554,77004.05442987
2021-04-13 05:00:00,40.562,40.614,40.188,40.229,73244.12121944
2021-04-13 06:00:00,40.23,40.49,39.866,39.985,230249.66251547
2021-04-13 07:00:00,39.985,40.387,39.848,40.259,187496.68569764
2021-04-13 08:00:00,40.26,41.747,40.233,41.49,430478.05333434
2021-04-13 09:00:00,41.489,41.5,40.988,41.301,206890.72562887
2021-04-13 10:00:00,41.3,41.523,41.156,41.202,142221.75799311
2021-04-13 11:00:00,41.203,41.219,40.556,40.937,187983.96326123
2021-04-13 12:00:00,40.938,41.68,40.818,41.484,172268.41681015
2021-04-13 13:00:00,41.483,41.499,41.05,41.109,211852.19184278
2021-04-13 14:00:00,41.109,41.759,41.08,41.398,188921.54105948
2021-04-13 15:00:00,41.398,41.447,41.065,41.125,167020.22596474
2021-04-13 16:00:00,41.127,41.788,41.092,41.711,245968.19143663
2021-04-13 17:00:00,41.736,42.76,41.716,42.372,502777.01537481
2021-04-13 18:00:00,42.375,43.402,42.124,42.342,529261.87823218
2021-04-13 19:00:00,42.353,42.995,42.291,42.815,233652.80926358
2021-04-13 20:00:00,42.826,43.199,42.451,42.551,147010.75624277
2021-04-13 21:00:00,42.551,42.905,42.223,42.522,176520.20728379
2021-04-13 22:00:00,42.506,42.709,41.962,42.617,114979.25960583
2021-04-13 23:00:00,42.593,43.479,42.579,43.006,272488.46433048
2021-04-14 00:00:00,43.007,43.388,42.43,42.914,234166.41058136
2021-04-14 01:00:00,42.914,42.914,42.3,42.464,144922.92618755
2021-04-14 02:00:00,42.464,42.859,42.3,42.856,195256.97411647
2021-04-14 03:00:00,42.856,44.293,42.754,44.013,556305.2190745
2021-04-14 04:00:00,44.015,44.695,43.672,44.195,586606.43403679
2021-04-14 05:00:00,44.2,44.642,43.514,43.723,345279.07841014
2021-04-14 06:00:00,43.733,44.231,43.32,43.809,301409.19674965
2021-04-14 07:00:00,43.822,44.116,43.536,43.628,171544.44491564
2021-04-14 08:00:00,43.636,44.084,42.632,43.258,509460.9041103
2021-04-14 09:00:00,43.267,43.453,41.886,42.536,770808.36264859
2021-04-14 10:00:00,42.528,43.002,42.29,42.867,270067.81337067
2021-04-14 11:00:00,42.866,43.173,42.546,42.93,282008.66355385
2021-04-14 12:00:00,42.93,42.967,42.066,42.132,227262.2580317
2021-04-14 13:00:00,42.13,42.617,41.28,41.52,554370.17269659
2021-04-14 14:00:00,41.52,41.52,40.052,41.052,931232.01764918
2021-04-14 15:00:00,41.052,41.748,40.727,41.62,414630.60411758
2021-04-14 16:00:00,41.622,42.342,41.359,42.049,365668.42063153
2021-04-14 17:00:00,42.05,42.05,40.787,40.885,490369.83817597
2021-04-14 18:00:00,40.883,41.343,40.5,41.15,367582.4502596
2021-04-14 19:00:00,41.167,41.396,40.628,41.282,317788.21730031
2021-04-14 20:00:00,41.272,41.548,41.002,41.511,139893.04567866
2021-04-14 21:00:00,41.536,42.373,41.522,42.361,213095.57404174
2021-04-14 22:00:00,42.355,42.669,42.05,42.539,220081.07975602
2021-04-14 23:00:00,42.555,42.968,42.296,42.536,258759.41399873
2021-04-15 00:00:00,42.543,42.9,42.161,42.168,238423.21374509
2021-04-15 01:00:00,42.168,42.727,42.044,42.244,211466.89663776
2021-04-15 02:00:00,42.222,43.572,42.215,42.905,597599.49614589
2021-04-15 03:00:00,42.9,43.173,42.7,43.058,250799.2793289
2021-04-15 04:00:00,43.077,43.273,42.771,42.793,202847.23736105
2021-04-15 05:00:00,42.793,42.952,42.528,42.754,165635.72763982
2021-04-15 06:00:00,42.754,43.014,42.547,42.748,175860.36868373
2021-04-15 07:00:00,42.748,43.0,42.501,42.525,232058.42918309
2021-04-15 08:00:00,42.524,42.715,42.054,42.103,320703.32213907
2021-04-15 09:00:00,42.103,42.592,42.017,42.104,251621.48127582
2021-04-15 10:00:00,42.105,42.252,41.65,41.661,264699.04429513
2021-04-15 11:00:00,41.662,41.862,41.449,41.791,171016.18211911
2021-04-15 12:00:00,41.792,42.176,41.752,41.924,122982.1594747
2021-04-15 13:00:00,41.906,42.666,41.86,42.601,213735.34713866
2021-04-15 14:00:00,42.61,43.58,42.32,43.238,409919.50912523
2021-04-15 15:00:00,43.237,43.506,42.852,43.075,321024.99292543
2021-04-15 16:00:00,43.075,43.468,42.58,42.848,298992.32597415
2021-04-15 17:00:00,42.849,43.053,42.501,43.014,193207.20899347
2021-04-15 18:00:00,43.015,44.218,42.996,43.77,331174.04583019
2021-04-15 19:00:00,43.77,44.131,43.352,43.66,285725.52809132
2021-04-15 20:00:00,43.662,44.02,43.526,43.618,176133.13715829
2021-04-15 21:00:00,43.61,43.623,43.246,43.543,86379.21445097
2021-04-15 22:00:00,43.542,44.471,43.422,44.02,245301.34081293
2021-04-15 23:00:00,44.021,44.166,43.374,43.464,278617.96592771
2021-04-16 00:00:00,43.479,43.835,43.22,43.461,272420.88999205
2021-04-16 01:00:00,43.461,43.579,42.551,43.169,483417.41717016
2021-04-16 02:00:00,43.169,43.374,42.585,42.619,279045.45148936
2021-04-16 03:00:00,42.619,43.224,42.533,43.198,231507.26174823
2021-04-16 04:00:00,43.206,43.206,41.921,41.931,535493.7076464
2021-04-16 05:00:00,41.924,42.742,41.714,42.337,466415.71716051
2021-04-16 06:00:00,42.344,42.518,41.763,42.35,421438.05736477
2021-04-16 07:00:00,42.356,42.756,41.912,42.578,291849.399702
2021-04-16 08:00:00,42.587,43.249,42.412,42.666,362244.01275197
2021-04-16 09:00:00,42.638,42.747,41.676,41.819,475547.83155412
2021-04-16 10:00:00,41.82,42.104,41.091,41.232,473832.30409266
2021-04-16 11:00:00,41.223,41.606,40.561,41.402,666554.62013125
2021-04-16 12:00:00,41.398,41.533,40.987,41.185,299607.67811802
2021-04-16 13:00:00,41.185,41.345,40.1,40.735,512930.40283042
2021-04-16 14:00:00,40.74,41.6,40.707,41.555,399158.19919705
2021-04-16 15:00:00,41.555,42.213,41.36,42.208,320008.93423931
2021-04-16 16:00:00,42.212,42.424,41.616,42.184,579650.89683419
2021-04-16 17:00:00,42.179,42.374,41.843,41.99,234130.77119875
2021-04-16 18:00:00,41.991,42.136,41.553,42.058,254659.41815107
2021-04-16 19:00:00,42.05,42.082,41.195,41.779,277451.84846422
2021-04-16 20:00:00,41.779,42.2,41.717,42.199,176686.31171556
2021-04-16 21:00:00,42.2,42.364,42.086,42.215,118224.26536398
2021-04-16 22:00:00,42.215,42.319,41.5,41.504,209650.22800159
2021-04-16 23:00:00,41.514,41.914,41.402,41.461,222967.07595008
2021-04-17 00:00:00,41.455,42.58,41.454,42.551,337119.08328841
2021-04-17 01:00:00,42.549,43.532,42.549,43.027,454911.62374922
2021-04-17 02:00:00,43.041,43.174,42.524,43.138,262974.68529051
2021-04-17 03:00:00,43.139,43.405,42.707,43.354,368759.16417386
2021-04-17 04:00:00,43.353,43.46,42.764,43.066,229796.29240127
2021-04-17 05:00:00,43.06,43.06,42.675,42.935,148679.22679395
2021-04-17 06:00:00,42.939,42.94,42.57,42.732,182248.72012223
2021-04-17 07:00:00,42.732,43.079,42.576,42.915,219613.90406699
2021-04-17 08:00:00,42.915,44.199,42.902,44.186,392461.35497745
2021-04-17 09:00:00,44.174,48.48,43.747,48.034,2084433.41562432
2021-04-17 10:00:00,48.035,48.075,46.3,47.038,927209.21581532
2021-04-17 11:00:00,47.05,47.743,44.88,45.592,1200610.71136712
2021-04-17 12:00:00,45.608,45.666,44.36,44.901,930317.29561303
2021-04-17 13:00:00,44.907,45.392,43.247,44.565,1951916.45809289
2021-04-17 14:00:00,44.558,45.089,43.887,43.903,720705.75004309
2021-04-17 15:00:00,43.899,43.988,42.0,42.841,1491149.48678929
2021-04-17 16:00:00,42.841,43.702,41.641,43.327,880149.99866691
2021-04-17 17:00:00,43.331,43.7,42.122,42.243,463016.11047561
2021-04-17 18:00:00,42.243,44.155,42.007,43.738,731983.53077358
2021-04-17 19:00:00,43.739,44.056,43.207,43.435,266719.05671036
2021-04-17 20:00:00,43.44,43.733,43.067,43.73,190716.16594504
2021-04-17 21:00:00,43.738,44.085,43.378,44.08,173962.75876465
2021-04-17 22:00:00,44.08,44.081,43.256,43.62,333421.07561511
2021-04-17 23:00:00,43.62,43.775,42.0,42.042,443139.57357653
2021-04-18 00:00:00,42.043,42.679,40.988,41.987,1095034.69763493
2021-04-18 01:00:00,41.984,42.23,40.889,41.498,970822.28581448
2021-04-18 02:00:00,41.494,41.777,40.682,41.023,1058989.51778544
2021-04-18 03:00:00,41.032,41.42,29.722,35.227,5918707.682074
2021-04-18 04:00:00,35.256,36.545,33.504,34.752,3490928.57376379
2021-04-18 05:00:00,34.751,36.239,34.557,36.09,1573687.70368202
2021-04-18 06:00:00,36.09,36.928,35.7,36.081,1191813.02856641
2021-04-18 07:00:00,36.093,37.037,36.041,36.646,1187496.04998369
2021-04-18 08:00:00,36.659,36.814,34.95,35.362,1598034.57213763
2021-04-18 09:00:00,35.369,35.759,34.295,35.588,2802669.25461812
2021-04-18 10:00:00,35.578,36.314,35.17,35.624,1408615.15152543
2021-04-18 11:00:00,35.625,36.409,34.376,34.755,1558808.948854
2021-04-18 12:00:00,34.766,36.163,34.666,36.134,1959690.86563049
2021-04-18 13:00:00,36.127,36.514,35.8,36.183,985795.33483446
2021-04-18 14:00:00,36.184,36.886,36.158,36.534,981969.47452018
2021-04-18 15:00:00,36.534,36.81,35.886,36.669,834977.33645923
2021-04-18 16:00:00,36.657,37.821,36.63,36.877,1126345.00886838
2021-04-18 17:00:00,36.899,37.097,36.072,36.241,726012.36048118
2021-04-18 18:00:00,36.264,36.898,36.044,36.438,780335.37085794
2021-04-18 19:00:00,36.448,37.288,36.433,37.196,687034.11792628
2021-04-18 20:00:00,37.182,37.825,37.13,37.703,475720.78334687
2021-04-18 21:00:00,37.703,38.071,37.059,37.645,750654.78163761
2021-04-18 22:00:00,37.644,38.123,37.545,37.71,530811.11691412
2021-04-18 23:00:00,37.695,37.834,37.168,37.417,329668.58461629
2021-04-19 00:00:00,37.411,37.7,36.434,37.699,684803.44780986
2021-04-19 01:00:00,37.699,38.589,37.577,37.969,693764.90930786
2021-04-19 02:00:00,37.968,38.286,37.589,38.131,634684.87486667
2021-04-19 03:00:00,38.12,38.76,37.952,38.345,626864.30086947
2021-04-19 04:00:00,38.328,38.456,37.84,37.986,457073.93472578
2021-04-19 05:00:00,37.984,37.993,37.583,37.719,348769.33621987
2021-04-19 06:00:00,37.719,38.031,37.387,37.968,252350.27611639
2021-04-19 07:00:00,37.968,38.01,37.601,37.861,218693.42944946
2021-04-19 08:00:00,37.862,38.069,36.899,36.97,443263.7551903
2021-04-19 09:00:00,36.969,37.18,36.562,36.584,469581.45027442
2021-04-19 10:00:00,36.603,36.672,35.287,36.02,959694.79864738
2021-04-19 11:00:00,36.029,36.864,35.848,36.838,509907.36494209
2021-04-19 12:00:00,36.85,36.953,36.172,36.247,503161.82896074
2021-04-19 13:00:00,36.246,36.622,35.562,36.249,870299.83286109
2021-04-19 14:00:00,36.255,36.255,34.392,35.185,1414575.68463634
2021-04-19 15:00:00,35.179,35.372,34.0,34.564,1522262.57625927
2021-04-19 16:00:00,34.556,35.662,34.26,34.773,1219509.28726348
2021-04-19 17:00:00,34.765,35.461,34.516,35.391,569525.38716605
2021-04-19 18:00:00,35.405,35.931,35.319,35.656,445330.82337332
2021-04-19 19:00:00,35.655,35.947,35.437,35.918,355799.16204796
2021-04-19 20:00:00,35.94,36.15,35.521,35.9,600825.6973722
2021-04-19 21:00:00,35.9,36.055,35.362,35.737,295395.60514234
2021-04-19 22:00:00,35.737,35.773,35.106,35.229,272325.33385591
2021-04-19 23:00:00,35.219,35.689,34.8,34.811,454575.97973505
2021-04-20 00:00:00,34.812,35.04,32.034,33.138,2379959.94198011
2021-04-20 01:00:00,33.142,33.763,32.742,33.2,1340012.94906262
2021-04-20 02:00:00,33.22,33.433,32.281,33.036,928077.17468274
2021-04-20 03:00:00,33.043,33.241,32.538,33.128,608553.63160856
2021-04-20 04:00:00,33.122,33.946,32.978,33.745,854654.16953164
2021-04-20 05:00:00,33.745,33.814,32.645,32.949,856093.411523
2021-04-20 06:00:00,32.949,33.349,31.344,32.184,1252499.38550392
2021-04-20 07:00:00,32.177,32.475,31.551,32.462,1354005.78250711
2021-04-20 08:00:00,32.465,33.522,32.297,33.465,1114024.79109218
2021-04-20 09:00:00,33.463,33.81,33.24,33.538,616873.51922966
2021-04-20 10:00:00,33.532,34.63,33.471,34.328,629278.75155598
2021-04-20 11:00:00,34.328,34.495,33.829,34.36,426267.4079516
2021-04-20 12:00:00,34.368,34.39,33.722,33.934,369404.77253795
2021-04-20 13:00:00,33.925,35.119,33.925,35.052,451776.20012542
2021-04-20 14:00:00,35.051,35.128,33.838,34.059,1141385.52829331
2021-04-20 15:00:00,34.048,34.396,33.604,34.312,942785.60244656
2021-04-20 16:00:00,34.333,34.863,33.756,34.863,638662.59232706
2021-04-20 17:00:00,34.869,34.896,34.111,34.242,517721.22050853
2021-04-20 18:00:00,34.26,35.317,34.096,35.144,528031.92448803
2021-04-20 19:00:00,35.141,35.648,35.103,35.413,379614.44109503
2021-04-20 20:00:00,35.419,35.824,34.828,35.03,673641.50572763
2021-04-20 21:00:00,35.024,35.369,34.623,35.346,325750.1565021
2021-04-20 22:00:00,35.347,35.486,34.441,35.065,400724.02807337
2021-04-20 23:00:00,35.065,35.7,34.734,35.48,479602.79800903
2021-04-21 00:00:00,35.465,35.915,34.71,34.787,602579.85437146
2021-04-21 01:00:00,34.79,35.565,34.594,35.4,371858.81085695
2021-04-21 02:00:00,35.407,35.465,35.056,35.262,212103.62719478
2021-04-21 03:00:00,35.255,35.3,34.244,34.26,445551.54376113
2021-04-21 04:00:00,34.251,34.59,34.045,34.399,607730.18526526
2021-04-21 05:00:00,34.4,34.665,34.05,34.479,400581.67894889
2021-04-21 06:00:00,34.451,35.062,34.149,35.041,291932.24769095
2021-04-21 07:00:00,35.058,35.11,34.531,34.87,372438.99343979
2021-04-21 08:00:00,34.87,34.966,34.274,34.773,411498.85785374
2021-04-21 09:00:00,34.754,34.971,34.564,34.619,219977.44084659
2021-04-21 10:00:00,34.619,34.629,33.665,33.817,760298.9091806
2021-04-21 11:00:00,33.812,34.053,33.005,33.461,536426.96385639
2021-04-21 12:00:00,33.459,34.696,33.252,34.674,688001.45772343
2021-04-21 13:00:00,34.68,34.819,34.368,34.479,335139.41580905
2021-04-21 14:00:00,34.485,35.245,34.427,35.192,345306.3847129
2021-04-21 15:00:00,35.183,36.343,35.129,36.302,643670.61087799
2021-04-21 16:00:00,36.291,36.38,35.527,35.88,693350.30335903
2021-04-21 17:00:00,35.853,35.971,35.533,35.565,370958.10675132
2021-04-21 18:00:00,35.563,35.868,35.506,35.552,356605.67427853
2021-04-21 19:00:00,35.561,36.286,35.561,36.184,288362.90741263
2021-04-21 20:00:00,36.196,36.196,35.448,35.586,395680.18941651
2021-04-21 21:00:00,35.57,35.703,35.32,35.324,179273.94138595
2021-04-21 22:00:00,35.32,35.651,34.286,34.303,539763.68035974
2021-04-21 23:00:00,34.313,34.416,33.613,33.832,685570.13723292
2021-04-22 00:00:00,33.837,34.219,33.131,34.127,722252.63171781
2021-04-22 01:00:00,34.138,34.512,33.601,33.614,518240.97957539
2021-04-22 02:00:00,33.622,33.929,32.839,33.664,935832.29728709
2021-04-22 03:00:00,33.653,33.904,32.95,33.128,642479.85679745
2021-04-22 04:00:00,33.143,34.015,33.09,33.745,852420.48540735
2021-04-22 05:00:00,33.747,34.885,33.551,34.776,998080.947165
2021-04-22 06:00:00,34.771,35.206,34.542,34.562,693601.4708687
2021-04-22 07:00:00,34.552,34.909,34.458,34.619,324913.49588804
2021-04-22 08:00:00,34.626,34.783,33.204,33.819,750774.990099
2021-04-22 09:00:00,33.806,34.7,33.64,34.658,477685.22557629
2021-04-22 10:00:00,34.666,35.08,34.396,34.425,307698.87171216
2021-04-22 11:00:00,34.419,35.629,34.405,35.16,414254.11713092
2021-04-22 12:00:00,35.16,36.021,35.16,35.282,419889.4506492
2021-04-22 13:00:00,35.282,35.933,34.853,34.896,421958.28642637
2021-04-22 14:00:00,34.903,36.119,34.903,36.118,345077.7395289
2021-04-22 15:00:00,36.118,36.145,35.421,35.857,245222.7428924
2021-04-22 16:00:00,35.858,36.815,35.736,36.8,633265.77549102
2021-04-22 17:00:00,36.8,36.828,34.886,34.939,733194.64770701
2021-04-22 18:00:00,34.928,35.315,34.522,35.178,854638.86813436
2021-04-22 19:00:00,35.178,35.178,33.889,34.477,1103140.8780502
2021-04-22 20:00:00,34.468,34.468,33.287,33.416,1129703.19905865
2021-04-22 21:00:00,33.419,33.916,32.805,33.568,983841.48301146
2021-04-22 22:00:00,33.566,33.679,32.871,33.133,921065.56353297
2021-04-22 23:00:00,33.14,33.612,32.905,32.936,835006.37314035
2021-04-23 00:00:00,32.933,33.523,32.47,32.681,879950.70842845
2021-04-23 01:00:00,32.693,32.933,29.752,31.203,2404209.41730922
2021-04-23 02:00:00,31.199,31.606,26.1,29.239,5077669.43021601
2021-04-23 03:00:00,29.25,30.544,28.968,30.215,1840471.0316238
2021-04-23 04:00:00,30.213,30.434,28.871,29.149,1580143.00724621
2021-04-23 05:00:00,29.153,30.112,28.734,29.532,1581458.76471869
2021-04-23 06:00:00,29.526,29.789,28.778,29.4,1455370.29280712
2021-04-23 07:00:00,29.41,29.764,28.362,28.705,1622004.66810838
2021-04-23 08:00:00,28.705,29.811,28.089,29.805,1591502.62023167
2021-04-23 09:00:00,29.798,29.936,28.838,29.549,916617.08351072
2021-04-23 10:00:00,29.552,30.933,29.428,30.709,1056518.85645576
2021-04-23 11:00:00,30.713,31.36,30.433,30.921,859243.24135342
2021-04-23 12:00:00,30.917,31.137,30.243,30.348,832160.68116243
2021-04-23 13:00:00,30.348,31.55,30.256,31.334,1805180.75406676
2021-04-23 14:00:00,31.334,31.88,31.039,31.592,898151.22484936
2021-04-23 15:00:00,31.586,31.675,30.653,31.553,762095.97375242
2021-04-23 16:00:00,31.543,31.952,31.086,31.669,881573.53890411
2021-04-23 17:00:00,31.675,31.797,31.106,31.342,645138.23279085
2021-04-23 18:00:00,31.342,32.344,31.164,32.029,765886.1265131
2021-04-23 19:00:00,32.024,32.359,31.76,31.842,614882.04413331
2021-04-23 20:00:00,31.843,32.578,31.569,31.651,848803.27981975
2021-04-23 21:00:00,31.655,32.128,31.391,31.407,271041.23236078
2021-04-23 22:00:00,31.407,31.695,31.321,31.417,303693.20550516
2021-04-23 23:00:00,31.422,32.485,31.422,32.29,419222.05490162
2021-04-24 00:00:00,32.29,32.322,30.885,30.994,621264.85716679
2021-04-24 01:00:00,30.972,31.336,30.932,31.124,329742.72751888
2021-04-24 02:00:00,31.124,31.695,30.553,31.362,613641.82963434
2021-04-24 03:00:00,31.372,32.046,31.348,31.798,402689.94597377
2021-04-24 04:00:00,31.787,32.21,31.523,31.974,379575.22967437
2021-04-24 05:00:00,31.966,32.291,31.825,32.091,339269.46759393
2021-04-24 06:00:00,32.092,32.476,31.789,31.842,370673.33093771
2021-04-24 07:00:00,31.848,31.848,31.364,31.62,373633.36307135
2021-04-24 08:00:00,31.611,32.227,31.532,31.695,266322.32487556
2021-04-24 09:00:00,31.695,31.854,31.342,31.539,321381.43958301
2021-04-24 10:00:00,31.529,31.529,30.069,30.08,694256.98551521
2021-04-24 11:00:00,30.09,30.222,29.252,29.845,909908.37882683
2021-04-24 12:00:00,29.837,30.577,29.692,30.499,541789.6904782
2021-04-24 13:00:00,30.499,30.624,30.118,30.132,385516.22099216
2021-04-24 14:00:00,30.131,30.131,28.886,29.056,1229434.13752754
2021-04-24 15:00:00,29.056,30.128,28.5,30.059,1004102.36531253
2021-04-24 16:00:00,30.043,30.088,29.168,29.259,334846.24520244
2021-04-24 17:00:00,29.241,29.647,28.948,29.572,455215.27456647
2021-04-24 18:00:00,29.572,29.959,29.399,29.656,381988.94240839
2021-04-24 19:00:00,29.646,30.271,29.646,30.167,557351.0317809
2021-04-24 20:00:00,30.165,30.399,29.754,30.283,456211.91957148
2021-04-24 21:00:00,30.291,30.292,29.827,29.895,177167.94353404
2021-04-24 22:00:00,29.903,30.099,29.403,29.605,394564.66589276
2021-04-24 23:00:00,29.597,30.241,28.829,28.985,667741.27798068
2021-04-25 00:00:00,29.007,29.777,28.829,28.956,561165.13316458
2021-04-25 01:00:00,28.97,29.727,28.97,29.51,255672.85795239
2021-04-25 02:00:00,29.496,29.889,29.494,29.742,167288.60822768
2021-04-25 03:00:00,29.751,29.769,28.97,29.017,292710.90084248
2021-04-25 04:00:00,29.01,29.517,28.99,29.423,188876.19418412
2021-04-25 05:00:00,29.43,29.692,29.387,29.615,115178.03497346
2021-04-25 06:00:00,29.603,29.648,29.081,29.166,142758.4152497
2021-04-25 07:00:00,29.166,29.6,29.034,29.414,214577.53724503
2021-04-25 08:00:00,29.422,30.077,29.3,29.889,282521.70863011
2021-04-25 09:00:00,29.896,30.039,29.336,29.802,310993.42083836
2021-04-25 10:00:00,29.798,30.414,29.573,29.972,318615.80345301
2021-04-25 11:00:00,29.963,30.145,29.796,30.11,214059.28920921
2021-04-25 12:00:00,30.095,30.514,30.088,30.505,292208.32020947
2021-04-25 13:00:00,30.507,30.863,30.319,30.781,579696.15941582
2021-04-25 14:00:00,30.782,31.33,30.501,31.15,323595.13576608
2021-04-25 15:00:00,31.154,31.239,30.871,30.941,248676.60654721
2021-04-25 16:00:00,30.94,31.126,30.606,30.91,290219.93469848
2021-04-25 17:00:00,30.91,30.916,30.294,30.396,243649.08202469
2021-04-25 18:00:00,30.395,30.415,29.726,29.803,354613.8572543
2021-04-25 19:00:00,29.811,29.978,29.58,29.639,197725.28802865
2021-04-25 20:00:00,29.625,29.897,29.087,29.21,363671.3579418
2021-04-25 21:00:00,29.212,29.401,28.084,28.593,714374.45693345
2021-04-25 22:00:00,28.59,29.471,28.501,29.398,562047.18110992
2021-04-25 23:00:00,29.421,29.934,29.228,29.847,402324.74283396
2021-04-26 00:00:00,29.856,31.144,29.776,31.09,663592.90519215
2021-04-26 01:00:00,31.091,31.676,31.001,31.61,554494.41185159
2021-04-26 02:00:00,31.612,31.985,31.42,31.983,806683.06384017
2021-04-26 03:00:00,31.986,32.109,31.519,31.85,286170.1048507
2021-04-26 04:00:00,31.861,31.987,31.48,31.603,229137.39742624
2021-04-26 05:00:00,31.601,33.072,31.451,32.825,407249.88676563
2021-04-26 06:00:00,32.815,33.315,32.57,32.737,356545.97176401
2021-04-26 07:00:00,32.738,32.819,32.02,32.491,333669.47991462
2021-04-26 08:00:00,32.49,32.612,32.079,32.162,189104.88048932
2021-04-26 09:00:00,32.162,32.816,31.818,32.801,219675.59692066
2021-04-26 10:00:00,32.804,33.366,32.605,32.605,374327.37572972
2021-04-26 11:00:00,32.613,33.216,32.611,33.001,188478.75739776
2021-04-26 12:00:00,33.002,33.292,32.508,32.513,390656.63999423
2021-04-26 13:00:00,32.507,32.972,32.28,32.624,188929.78450427
2021-04-26 14:00:00,32.628,32.893,32.457,32.598,158140.41797455
2021-04-26 15:00:00,32.61,32.76,32.233,32.643,184185.5355561
2021-04-26 16:00:00,32.653,32.89,31.947,32.397,317615.63031418
2021-04-26 17:00:00,32.396,33.196,32.358,33.031,177854.75167597
2021-04-26 18:00:00,33.023,33.493,32.804,33.4,178536.25930135
2021-04-26 19:00:00,33.406,33.521,32.856,33.083,400335.89328704
2021-04-26 20:00:00,33.094,33.094,32.405,32.405,543047.66444397
2021-04-26 21:00:00,32.402,32.893,31.942,32.871,412586.97556494
2021-04-26 22:00:00,32.874,33.252,32.49,33.01,444714.77212229
2021-04-26 23:00:00,33.017,33.532,32.903,33.467,284220.35325253
2021-04-27 00:00:00,33.442,34.051,33.21,33.464,346648.74883751
2021-04-27 01:00:00,33.455,34.03,33.381,33.8,212179.17461487
2021-04-27 02:00:00,33.808,34.263,33.793,33.999,248637.85535862
2021-04-27 03:00:00,33.999,34.037,33.333,33.681,234164.19385637
2021-04-27 04:00:00,33.676,33.847,33.447,33.823,184853.44851969
2021-04-27 05:00:00,33.831,34.285,33.729,34.131,338272.14402842
2021-04-27 06:00:00,34.137,34.751,34.121,34.517,322072.8937407
2021-04-27 07:00:00,34.517,34.59,33.831,34.102,255546.93429579
2021-04-27 08:00:00,34.109,34.427,33.853,33.904,201890.23260372
2021-04-27 09:00:00,33.895,34.279,33.83,34.035,155031.85779899
2021-04-27 10:00:00,34.035,34.668,34.001,34.645,331534.80427166
2021-04-27 11:00:00,34.648,35.015,34.515,34.814,269878.06839892
2021-04-27 12:00:00,34.828,34.84,34.065,34.136,222455.97547104
2021-04-27 13:00:00,34.138,34.243,33.62,33.867,534342.0634178
2021-04-27 14:00:00,33.863,34.236,33.201,33.992,428033.87979491
2021-04-27 15:00:00,33.997,34.252,33.644,34.091,244774.14505561
2021-04-27 16:00:00,34.083,34.391,33.606,33.85,499250.0538219
2021-04-27 17:00:00,33.817,33.984,33.537,33.887,281256.62825323
2021-04-27 18:00:00,33.892,33.987,33.634,33.903,208209.84630878
2021-04-27 19:00:00,33.909,34.017,33.555,34.01,202910.0901204
2021-04-27 20:00:00,34.017,34.343,33.935,34.276,203881.39669542
2021-04-27 21:00:00,34.266,34.626,34.087,34.608,119362.03079508
2021-04-27 22:00:00,34.617,34.694,34.252,34.308,151069.02420402
2021-04-27 23:00:00,34.285,34.933,34.175,34.876,259559.08349135
2021-04-28 00:00:00,34.858,35.44,34.794,35.195,282603.00749929
2021-04-28 01:00:00,35.195,35.36,34.949,35.029,388914.99176218
2021-04-28 02:00:00,35.021,35.029,34.456,34.475,389142.85500869
2021-04-28 03:00:00,34.456,34.691,33.706,33.722,472255.33593477
2021-04-28 04:00:00,33.713,34.165,33.67,33.759,296821.39472969
2021-04-28 05:00:00,33.768,33.932,32.628,33.236,785125.47597256
2021-04-28 06:00:00,33.236,33.293,32.594,33.122,827520.21233763
2021-04-28 07:00:00,33.12,33.574,32.97,33.336,387145.10227978
2021-04-28 08:00:00,33.323,33.507,33.115,33.115,251403.05730507
2021-04-28 09:00:00,33.111,33.269,32.687,32.998,304720.48446634
2021-04-28 10:00:00,32.984,33.477,32.834,33.443,265932.41352216
2021-04-28 11:00:00,33.435,34.021,33.411,33.76,342079.85525317
2021-04-28 12:00:00,33.77,34.175,33.601,33.745,310540.1080638
2021-04-28 13:00:00,33.738,33.77,33.218,33.652,306911.06602731
2021-04-28 14:00:00,33.644,33.842,33.492,33.602,216198.42483262
2021-04-28 15:00:00,33.612,33.702,33.07,33.294,250684.87799845
2021-04-28 16:00:00,33.288,33.74,33.05,33.669,294541.79703383
2021-04-28 17:00:00,33.665,33.806,33.502,33.695,169151.90329741
2021-04-28 18:00:00,33.706,34.007,33.569,33.708,212293.56218187
2021-04-28 19:00:00,33.709,33.949,33.591,33.93,144584.09548976
2021-04-28 20:00:00,33.935,34.301,33.294,33.366,646256.85562113
2021-04-28 21:00:00,33.366,34.034,33.197,33.947,269845.27322099
2021-04-28 22:00:00,33.962,34.105,33.431,33.552,204733.65919185
2021-04-28 23:00:00,33.567,34.113,33.525,34.002,182721.25451231
2021-04-29 00:00:00,34.021,34.2,33.606,33.658,244545.29255427
2021-04-29 01:00:00,33.686,33.79,33.36,33.744,174207.66527263
2021-04-29 02:00:00,33.735,33.94,33.369,33.756,176243.68028194
2021-04-29 03:00:00,33.756,33.76,33.264,33.465,135992.96884133
2021-04-29 04:00:00,33.462,33.462,33.0,33.197,188289.27817181
2021-04-29 05:00:00,33.182,33.647,33.11,33.555,133638.99406905
2021-04-29 06:00:00,33.552,33.985,33.506,33.898,177405.45536617
2021-04-29 07:00:00,33.885,33.89,33.624,33.802,90025.13682309
2021-04-29 08:00:00,33.81,33.935,33.581,33.81,135697.43842715
2021-04-29 09:00:00,33.805,34.32,33.701,34.233,337410.0590782
2021-04-29 10:00:00,34.233,34.666,34.223,34.454,410517.44683045
2021-04-29 11:00:00,34.46,34.478,34.077,34.321,150781.2717548
2021-04-29 12:00:00,34.318,34.553,34.182,34.379,165903.77407899
2021-04-29 13:00:00,34.377,34.506,33.762,33.793,267773.42127023
2021-04-29 14:00:00,33.777,34.074,33.742,33.889,164995.94559178
2021-04-29 15:00:00,33.889,34.015,33.538,33.797,185901.7351115
2021-04-29 16:00:00,33.782,33.988,33.2,33.221,244993.47814027
2021-04-29 17:00:00,33.221,33.538,33.056,33.284,252288.75645167
2021-04-29 18:00:00,33.288,33.474,33.061,33.474,237772.88400586
2021-04-29 19:00:00,33.468,33.695,33.355,33.55,105748.20794873
2021-04-29 20:00:00,33.546,33.722,33.166,33.527,202082.09379452
2021-04-29 21:00:00,33.536,34.057,33.441,34.035,95965.82845287
2021-04-29 22:00:00,34.053,35.097,34.052,35.088,231871.76923358
2021-04-29 23:00:00,35.1,36.0,34.966,35.999,466139.97072474
2021-04-30 00:00:00,35.998,36.0,35.116,35.906,742639.402317
2021-04-30 01:00:00,35.906,36.587,35.662,36.459,646002.00575949
2021-04-30 02:00:00,36.459,36.794,36.115,36.374,610615.58172545
2021-04-30 03:00:00,36.385,36.572,35.952,36.044,214282.62925738
2021-04-30 04:00:00,36.044,36.595,35.841,36.254,313581.05573803
2021-04-30 05:00:00,36.254,36.62,36.04,36.54,307427.61577264
2021-04-30 06:00:00,36.54,36.54,36.249,36.415,215834.77303248
2021-04-30 07:00:00,36.41,36.877,36.263,36.369,204017.97145916
2021-04-30 08:00:00,36.374,36.48,36.035,36.157,174630.29749404
2021-04-30 09:00:00,36.155,36.396,35.914,35.958,170974.90880222
2021-04-30 10:00:00,35.951,36.065,35.337,35.462,355992.30690666
2021-04-30 11:00:00,35.465,36.001,35.301,35.937,230278.77664364
2021-04-30 12:00:00,35.952,36.13,35.818,36.036,181436.21538266
2021-04-30 13:00:00,36.037,36.15,35.682,35.956,363535.13133627
2021-04-30 14:00:00,35.966,36.485,35.748,35.843,372684.89515848
2021-04-30 15:00:00,35.852,36.315,35.843,36.279,292437.81291954
2021-04-30 16:00:00,36.279,36.5,35.975,36.032,259955.25532584
2021-04-30 17:00:00,36.019,36.239,35.83,36.003,123216.99093562
2021-04-30 18:00:00,36.009,36.183,35.894,36.173,113319.26100929
2021-04-30 19:00:00,36.171,36.189,35.845,36.046,129215.66912588
2021-04-30 20:00:00,36.029,36.361,35.751,36.326,195631.54662578
2021-04-30 21:00:00,36.306,36.384,35.985,36.202,131948.19612663
2021-04-30 22:00:00,36.201,36.568,35.915,36.564,222688.31129357
2021-04-30 23:00:00,36.548,36.62,36.286,36.574,240364.02442168
2021-05-01 00:00:00,36.581,36.951,36.17,36.629,312159.06833868
2021-05-01 01:00:00,36.616,36.972,36.25,36.81,265026.36844886
2021-05-01 02:00:00,36.81,37.437,36.792,37.136,450631.46001128
2021-05-01 03:00:00,37.133,37.29,37.069,37.224,127562.64998633
2021-05-01 04:00:00,37.243,37.432,36.871,37.034,245885.57765781
2021-05-01 05:00:00,37.028,37.208,36.83,36.935,225723.74519653
2021-05-01 06:00:00,36.935,37.027,36.78,36.83,108444.22467776
2021-05-01 07:00:00,36.831,36.929,36.491,36.72,152227.674366
2021-05-01 08:00:00,36.722,36.927,36.417,36.426,140106.91305564
2021-05-01 09:00:00,36.425,36.454,35.824,36.269,378830.96766274
2021-05-01 10:00:00,36.269,36.501,36.128,36.474,123284.46207658
2021-05-01 11:00:00,36.475,36.652,36.475,36.545,144848.18507677
2021-05-01 12:00:00,36.545,36.836,36.46,36.68,143097.80016806
2021-05-01 13:00:00,36.68,36.796,36.275,36.413,164845.72275336
2021-05-01 14:00:00,36.426,36.499,36.113,36.202,254558.06790184
2021-05-01 15:00:00,36.206,36.461,36.006,36.38,365429.29505593
2021-05-01 16:00:00,36.38,36.54,36.129,36.524,157649.5336901
2021-05-01 17:00:00,36.524,37.047,36.385,36.984,224017.69015228
2021-05-01 18:00:00,36.984,37.333,36.948,37.122,200952.17790361
2021-05-01 19:00:00,37.122,37.4,37.038,37.283,179745.83794024
2021-05-01 20:00:00,37.276,37.419,37.1,37.109,134096.13452462
2021-05-01 21:00:00,37.104,37.136,36.5,36.551,148045.80660988
2021-05-01 22:00:00,36.545,37.277,36.357,37.153,278524.63199486
2021-05-01 23:00:00,37.158,37.34,36.826,36.981,207956.02410029
2021-05-02 00:00:00,36.991,37.158,36.57,36.797,213059.25948839
2021-05-02 01:00:00,36.786,36.892,36.582,36.792,187585.15733353
2021-05-02 02:00:00,36.803,37.269,36.803,36.924,209295.31674581
2021-05-02 03:00:00,36.923,37.052,35.925,36.005,655598.88005464
2021-05-02 04:00:00,36.005,36.375,35.521,36.26,584510.72816848
2021-05-02 05:00:00,36.26,36.376,36.081,36.25,206810.94519859
2021-05-02 06:00:00,36.252,36.565,36.224,36.375,182912.17880335
2021-05-02 07:00:00,36.374,36.437,35.88,36.056,302174.18096889
2021-05-02 08:00:00,36.055,36.176,35.69,35.867,386395.95811397
2021-05-02 09:00:00,35.883,36.562,35.75,36.554,366640.36110448
2021-05-02 10:00:00,36.554,37.127,36.425,36.889,470124.39326922
2021-05-02 11:00:00,36.88,36.938,36.503,36.7,254206.49025387
2021-05-02 12:00:00,36.701,36.873,36.604,36.638,162795.43575493
2021-05-02 13:00:00,36.638,36.965,36.205,36.359,339227.31728345
2021-05-02 14:00:00,36.36,36.527,36.297,36.416,201621.40966336
2021-05-02 15:00:00,36.41,36.481,36.241,36.46,171052.18745727
2021-05-02 16:00:00,36.456,36.556,36.176,36.263,208303.83292532
2021-05-02 17:00:00,36.263,36.487,36.247,36.398,146067.0561275
2021-05-02 18:00:00,36.398,36.724,36.398,36.538,222882.44851505
2021-05-02 19:00:00,36.55,36.871,36.383,36.598,196834.92359337
2021-05-02 20:00:00,36.62,37.006,36.594,36.849,182024.55148619
2021-05-02 21:00:00,36.849,37.022,36.584,36.645,159120.31073392
2021-05-02 22:00:00,36.645,36.709,36.245,36.307,197399.86699723
2021-05-02 23:00:00,36.3,36.779,36.25,36.679,161331.73537472
2021-05-03 00:00:00,36.682,37.26,36.665,37.26,317373.23581912
2021-05-03 01:00:00,37.266,37.269,36.847,37.057,361977.98120925
2021-05-03 02:00:00,37.069,37.563,36.95,37.52,286602.46003168
2021-05-03 03:00:00,37.533,37.9,37.435,37.552,359688.14539653
2021-05-03 04:00:00,37.552,38.071,37.387,37.97,302697.88416951
2021-05-03 05:00:00,37.977,38.262,37.801,37.937,273317.72055888
2021-05-03 06:00:00,37.929,37.939,37.614,37.887,247258.89699232
2021-05-03 07:00:00,37.88,38.354,37.69,38.185,435349.5489207
2021-05-03 08:00:00,38.187,38.377,37.814,37.88,287590.88099714
2021-05-03 09:00:00,37.895,37.978,37.53,37.598,212756.37559644
2021-05-03 10:00:00,37.604,37.791,37.557,37.722,156173.02236053
2021-05-03 11:00:00,37.719,38.08,37.678,37.871,164520.65113481
2021-05-03 12:00:00,37.863,37.99,37.606,37.985,149077.41790646
2021-05-03 13:00:00,37.997,38.217,36.948,37.0,772907.77075409
2021-05-03 14:00:00,37.0,37.32,36.841,37.165,887358.76793436
2021-05-03 15:00:00,37.155,37.399,36.966,37.166,237933.8569766
2021-05-03 16:00:00,37.166,37.575,36.843,37.335,423496.28627688
2021-05-03 17:00:00,37.352,38.009,37.305,37.636,307716.18804213
2021-05-03 18:00:00,37.63,37.761,37.38,37.667,159680.80525273
2021-05-03 19:00:00,37.68,37.822,37.074,37.452,228719.64192255
2021-05-03 20:00:00,37.447,37.468,36.896,36.904,235084.89033103
2021-05-03 21:00:00,36.9,37.234,36.7,37.233,183504.32732392
2021-05-03 22:00:00,37.233,37.598,36.921,37.575,265615.02635867
2021-05-03 23:00:00,37.584,37.584,37.13,37.316,250071.17458291
2021-05-04 00:00:00,37.327,37.345,35.012,35.669,1236532.4286902
2021-05-04 01:00:00,35.664,36.259,35.461,36.224,853305.35790692
2021-05-04 02:00:00,36.223,36.339,35.715,35.833,742574.84765546
2021-05-04 03:00:00,35.81,36.029,35.324,35.572,695148.68466312
2021-05-04 04:00:00,35.551,36.057,35.355,35.957,436774.58099946
2021-05-04 05:00:00,35.956,36.293,35.916,36.058,336294.51330057
2021-05-04 06:00:00,36.067,36.34,36.035,36.164,248898.78588231
2021-05-04 07:00:00,36.165,36.489,35.919,35.934,329418.03866833
2021-05-04 08:00:00,35.942,36.062,35.566,36.004,366049.60436252
2021-05-04 09:00:00,36.014,36.738,36.014,36.44,447386.30354283
2021-05-04 10:00:00,36.441,37.408,36.44,37.396,459925.57227928
2021-05-04 11:00:00,37.394,37.7,36.837,37.143,536508.14911461
2021-05-04 12:00:00,37.144,37.199,36.527,36.855,454300.34155089
2021-05-04 13:00:00,36.854,38.025,36.747,37.346,636652.56314096
2021-05-04 14:00:00,37.348,37.474,35.911,36.151,1101541.40249942
2021-05-04 15:00:00,36.155,36.463,35.345,35.443,1744932.70567757
2021-05-04 16:00:00,35.435,35.865,34.411,35.051,1746083.65459228
2021-05-04 17:00:00,35.051,35.6,34.903,35.6,917130.22033271
2021-05-04 18:00:00,35.6,36.223,35.463,36.075,715558.31919667
2021-05-04 19:00:00,36.074,36.279,35.841,36.204,469439.40682401
2021-05-04 20:00:00,36.229,36.243,35.359,35.873,488262.39332797
2021-05-04 21:00:00,35.887,36.029,35.547,35.85,325516.46625992
2021-05-04 22:00:00,35.85,35.936,35.083,35.71,519196.23684498
2021-05-04 23:00:00,35.711,35.718,34.655,34.818,544338.35122224
2021-05-05 00:00:00,34.823,36.354,34.574,36.189,802770.77158135
2021-05-05 01:00:00,36.202,36.522,35.783,36.25,510478.03327837
2021-05-05 02:00:00,36.285,36.535,36.065,36.091,376178.82640576
2021-05-05 03:00:00,36.091,36.201,35.866,36.031,306910.27317871
2021-05-05 04:00:00,36.041,36.557,35.779,35.86,439123.90833289
2021-05-05 05:00:00,35.869,36.387,35.677,36.229,398050.92555511
2021-05-05 06:00:00,36.23,36.561,35.809,36.267,621497.5252248
2021-05-05 07:00:00,36.268,37.506,36.146,37.41,657866.09743599
2021-05-05 08:00:00,37.411,37.606,37.046,37.278,665435.20398131
2021-05-05 09:00:00,37.293,37.464,36.816,37.019,387582.57976049
2021-05-05 10:00:00,37.019,37.665,36.87,37.524,613983.94818761
2021-05-05 11:00:00,37.525,38.678,37.457,38.544,851536.18208639
2021-05-05 12:00:00,38.545,39.348,38.473,38.745,1048576.26131429
2021-05-05 13:00:00,38.745,39.733,38.675,39.699,894547.01178905
2021-05-05 14:00:00,39.699,39.827,38.556,39.254,1092792.78137922
2021-05-05 15:00:00,39.254,39.599,38.734,38.891,920051.85733815
2021-05-05 16:00:00,38.91,39.597,38.554,39.523,901698.51624278
2021-05-05 17:00:00,39.498,39.823,39.086,39.088,427410.64197207
2021-05-05 18:00:00,39.1,39.185,38.622,38.751,360315.54984904
2021-05-05 19:00:00,38.76,39.45,38.734,39.319,265502.34858363
2021-05-05 20:00:00,39.299,39.573,38.867,39.297,401659.05470894
2021-05-05 21:00:00,39.297,39.431,38.764,39.267,202614.76400348
2021-05-05 22:00:00,39.267,40.599,39.259,40.033,590129.14558152
2021-05-05 23:00:00,40.034,40.86,40.02,40.505,460727.0681343
2021-05-06 00:00:00,40.495,41.129,39.901,40.354,820686.51269195
2021-05-06 01:00:00,40.338,40.349,39.554,39.977,641018.60487219
2021-05-06 02:00:00,39.962,40.246,39.614,40.198,450268.61402389
2021-05-06 03:00:00,40.205,40.205,39.375,39.651,501090.86557766
2021-05-06 04:00:00,39.644,39.993,39.061,39.206,586423.90585197
2021-05-06 05:00:00,39.205,39.525,38.956,39.347,583051.62654945
2021-05-06 06:00:00,39.346,39.346,38.135,38.5,731740.08063514
2021-05-06 07:00:00,38.499,39.169,38.038,39.126,522097.70696839
2021-05-06 08:00:00,39.118,39.318,38.755,38.851,471558.141934
2021-05-06 09:00:00,38.843,39.798,38.676,39.716,620965.32759678
2021-05-06 10:00:00,39.71,39.955,39.436,39.444,731587.32228163
2021-05-06 11:00:00,39.451,40.365,39.084,40.272,616353.89421609
2021-05-06 12:00:00,40.287,41.522,40.034,41.026,1086100.17966488
2021-05-06 13:00:00,41.027,41.04,40.149,40.394,894164.72881424
2021-05-06 14:00:00,40.395,41.087,40.086,40.79,614072.79930242
2021-05-06 15:00:00,40.803,40.915,39.776,40.06,742224.74530267
2021-05-06 16:00:00,40.087,41.615,39.964,41.483,1091405.5971525
2021-05-06 17:00:00,41.494,44.177,41.457,42.31,1923818.20116566
2021-05-06 18:00:00,42.31,43.074,39.65,40.897,1895940.69324497
2021-05-06 19:00:00,40.881,41.706,39.864,41.468,997027.28471404
2021-05-06 20:00:00,41.463,41.755,40.716,41.321,571597.49025793
2021-05-06 21:00:00,41.319,42.512,41.301,42.021,475308.42127557
2021-05-06 22:00:00,42.013,42.446,41.45,42.315,459367.41871761
2021-05-06 23:00:00,42.315,42.645,41.514,41.616,449290.26187004
2021-05-07 00:00:00,41.619,42.281,40.921,41.587,670335.92791614
2021-05-07 01:00:00,41.558,41.801,41.0,41.215,525605.31844013
2021-05-07 02:00:00,41.165,42.3,40.201,40.769,1024889.95825193
2021-05-07 03:00:00,40.779,40.937,39.88,40.396,552769.76633448
2021-05-07 04:00:00,40.396,40.567,39.7,40.562,484817.18108338
2021-05-07 05:00:00,40.543,41.069,40.328,40.652,273311.27124306
2021-05-07 06:00:00,40.64,41.027,40.384,40.524,227523.85235802
2021-05-07 07:00:00,40.542,40.591,39.962,40.231,308375.92364397
2021-05-07 08:00:00,40.207,40.637,39.976,40.456,253349.91800339
2021-05-07 09:00:00,40.465,40.744,40.116,40.163,264011.70775298
2021-05-07 10:00:00,40.163,41.648,40.159,41.148,517446.22935667
2021-05-07 11:00:00,41.162,41.871,41.146,41.359,428750.21523349
2021-05-07 12:00:00,41.369,41.833,41.119,41.701,441191.50652452
2021-05-07 13:00:00,41.713,41.945,41.129,41.205,284207.04500844
2021-05-07 14:00:00,41.206,41.485,40.695,41.46,446518.74261434
2021-05-07 15:00:00,41.457,42.782,41.257,42.17,899737.68557776
2021-05-07 16:00:00,42.195,42.7,41.536,41.899,645782.74521381
2021-05-07 17:00:00,41.898,42.163,41.623,41.763,272254.99023097
2021-05-07 18:00:00,41.761,41.761,41.144,41.393,222199.18260241
2021-05-07 19:00:00,41.379,41.43,40.61,40.856,437679.058608
2021-05-07 20:00:00,40.847,41.194,40.729,41.108,197076.14955935
2021-05-07 21:00:00,41.128,41.132,40.098,40.427,310109.40915738
2021-05-07 22:00:00,40.426,40.804,38.381,39.214,954210.70171564
2021-05-07 23:00:00,39.235,39.999,39.217,39.918,337381.74589134
2021-05-08 00:00:00,39.933,40.099,39.333,39.96,416704.1959755
2021-05-08 01:00:00,39.974,40.525,39.859,40.205,215614.84499536
2021-05-08 02:00:00,40.208,40.541,40.007,40.414,271838.89954034
2021-05-08 03:00:00,40.407,40.608,39.931,40.059,283571.72805922
2021-05-08 04:00:00,40.059,40.398,39.747,39.916,252475.67399435
2021-05-08 05:00:00,39.936,40.128,39.706,39.833,198973.15951153
2021-05-08 06:00:00,39.821,39.912,39.485,39.844,203244.68429752
2021-05-08 07:00:00,39.84,40.48,39.595,40.229,324052.04585866
2021-05-08 08:00:00,40.235,40.764,40.192,40.27,501160.94866506
2021-05-08 09:00:00,40.273,40.291,39.808,40.098,287167.51285643
2021-05-08 10:00:00,40.115,40.29,39.77,39.866,147865.29153738
2021-05-08 11:00:00,39.874,40.1,39.679,39.785,144745.20396653
2021-05-08 12:00:00,39.798,39.995,39.347,39.672,274904.48400628
2021-05-08 13:00:00,39.672,40.085,39.374,39.945,293516.37352405
2021-05-08 14:00:00,39.926,40.331,39.7,40.142,264264.92634691
2021-05-08 15:00:00,40.142,40.173,38.873,38.934,518915.74833294
2021-05-08 16:00:00,38.94,39.601,38.937,39.02,440340.28045942
2021-05-08 17:00:00,39.023,39.591,38.802,39.568,294286.17812979
2021-05-08 18:00:00,39.542,39.889,39.459,39.856,124315.3331137
2021-05-08 19:00:00,39.875,39.939,39.612,39.716,104812.64443969
2021-05-08 20:00:00,39.701,39.724,39.43,39.485,117792.46461143
2021-05-08 21:00:00,39.485,39.542,39.279,39.369,75765.35278616
2021-05-08 22:00:00,39.369,40.039,39.201,39.671,298891.59866076
2021-05-08 23:00:00,39.677,40.02,39.348,40.018,189769.267839
2021-05-09 00:00:00,40.005,40.428,39.66,39.865,282651.91764247
2021-05-09 01:00:00,39.858,40.374,39.735,40.16,238505.54721483
2021-05-09 02:00:00,40.181,40.313,39.771,39.863,255307.76244068
2021-05-09 03:00:00,39.862,39.9,39.1,39.124,353494.17012027
2021-05-09 04:00:00,39.121,39.351,38.256,39.078,796230.45372746
2021-05-09 05:00:00,39.077,39.412,38.995,39.401,249415.88414469
2021-05-09 06:00:00,39.401,39.677,39.294,39.454,180696.61928922
2021-05-09 07:00:00,39.467,39.525,38.948,39.206,220683.41872688
2021-05-09 08:00:00,39.21,39.635,39.061,39.579,205036.38987376
2021-05-09 09:00:00,39.578,39.74,39.009,39.686,298141.28512257
2021-05-09 10:00:00,39.678,39.77,39.125,39.77,272463.50679756
2021-05-09 11:00:00,39.769,40.264,39.391,39.419,488198.83905137
2021-05-09 12:00:00,39.427,39.481,38.217,38.34,750802.88062293
2021-05-09 13:00:00,38.351,39.037,38.282,39.012,351206.69442681
2021-05-09 14:00:00,39.012,40.139,38.955,39.863,390187.77725375
2021-05-09 15:00:00,39.871,40.113,39.571,39.842,301241.54611327
2021-05-09 16:00:00,39.841,40.458,39.708,40.092,473780.8813372
2021-05-09 17:00:00,40.092,40.342,39.7,40.335,260524.92612049
2021-05-09 18:00:00,40.335,40.579,39.936,40.081,306290.8506452
2021-05-09 19:00:00,40.081,40.212,39.402,39.605,375731.08634956
2021-05-09 20:00:00,39.592,39.844,39.502,39.746,218016.31146383
2021-05-09 21:00:00,39.749,40.197,39.702,39.926,178699.26008578
2021-05-09 22:00:00,39.939,40.436,39.829,40.058,237683.2148853
2021-05-09 23:00:00,40.065,40.645,40.059,40.393,344513.45121623
2021-05-10 00:00:00,40.381,41.057,40.09,40.965,360751.73551502
2021-05-10 01:00:00,40.967,41.68,40.756,41.53,638851.3473815
2021-05-10 02:00:00,41.53,41.745,41.112,41.535,406171.96223911
2021-05-10 03:00:00,41.536,41.937,41.304,41.486,484520.0324329
2021-05-10 04:00:00,41.5,41.899,41.192,41.464,355765.79037109
2021-05-10 05:00:00,41.457,41.921,41.094,41.276,385005.92068491
2021-05-10 06:00:00,41.284,41.615,41.25,41.396,282634.74530918
2021-05-10 07:00:00,41.406,41.569,41.05,41.054,335204.40786405
2021-05-10 08:00:00,41.049,41.138,40.382,40.714,478210.71685297
2021-05-10 09:00:00,40.714,40.951,40.101,40.319,326103.30380777
2021-05-10 10:00:00,40.333,40.498,39.617,39.844,444663.71156074
2021-05-10 11:00:00,39.843,40.191,39.001,39.969,626900.14139365
2021-05-10 12:00:00,39.954,40.248,39.76,39.857,456590.81458307
2021-05-10 13:00:00,39.845,40.0,39.346,39.566,393395.65058233
2021-05-10 14:00:00,39.552,39.642,38.93,38.942,502992.69937658
2021-05-10 15:00:00,38.934,39.908,38.852,39.886,502486.17816824
2021-05-10 16:00:00,39.88,39.91,39.23,39.257,273056.5298489
2021-05-10 17:00:00,39.243,39.437,38.867,39.045,323975.68691653
2021-05-10 18:00:00,39.06,39.474,38.64,38.814,333217.37379614
2021-05-10 19:00:00,38.813,39.074,34.716,36.68,1188906.0767402
2021-05-10 20:00:00,36.697,36.724,31.981,35.939,2710065.18443274
2021-05-10 21:00:00,35.935,36.896,35.68,36.811,715593.99635834
2021-05-10 22:00:00,36.81,37.197,36.159,37.123,481225.61687695
2021-05-10 23:00:00,37.123,37.123,36.06,36.548,671551.93226171
2021-05-11 00:00:00,36.545,37.127,36.084,36.226,706730.30455198
2021-05-11 01:00:00,36.233,36.865,35.785,36.791,477072.30790219
2021-05-11 02:00:00,36.796,36.915,36.11,36.253,389306.76037133
2021-05-11 03:00:00,36.223,36.483,35.62,36.092,473186.68420241
2021-05-11 04:00:00,36.084,36.596,35.831,36.548,209254.78405661
2021-05-11 05:00:00,36.548,36.668,35.797,36.149,477280.83182045
2021-05-11 06:00:00,36.148,36.915,36.047,36.831,340097.93776625
2021-05-11 07:00:00,36.833,36.988,36.666,36.901,242940.01079403
2021-05-11 08:00:00,36.901,37.04,36.512,36.884,270300.91612982
2021-05-11 09:00:00,36.885,37.675,36.82,37.578,353149.05253534
2021-05-11 10:00:00,37.57,37.761,37.245,37.379,371257.12544207
2021-05-11 11:00:00,37.378,37.685,36.862,36.883,222989.10301963
2021-05-11 12:00:00,36.877,37.236,36.586,37.046,500542.71729606
2021-05-11 13:00:00,37.044,37.546,36.664,37.289,605537.25048395
2021-05-11 14:00:00,37.29,37.567,37.054,37.425,306812.90880992
2021-05-11 15:00:00,37.424,37.915,37.262,37.638,345932.10000914
2021-05-11 16:00:00,37.64,38.092,37.43,37.691,398741.9352088
2021-05-11 17:00:00,37.693,37.924,37.481,37.531,193761.43716667
2021-05-11 18:00:00,37.542,37.838,37.477,37.685,193116.62126178
2021-05-11 19:00:00,37.708,38.0,37.653,37.991,212476.45600228
2021-05-11 20:00:00,37.998,38.199,37.718,37.975,218914.20815136
2021-05-11 21:00:00,37.975,38.048,37.632,37.729,119307.42756722
2021-05-11 22:00:00,37.729,37.808,37.525,37.764,123694.53096532
2021-05-11 23:00:00,37.764,38.761,37.764,38.726,295197.2945393
2021-05-12 00:00:00,38.727,39.29,38.599,39.248,360193.15818188
2021-05-12 01:00:00,39.257,39.765,39.071,39.341,270478.0099178
2021-05-12 02:00:00,39.341,41.149,39.329,41.049,586294.69433968
2021-05-12 03:00:00,41.049,41.063,40.5,40.657,300137.84606464
2021-05-12 04:00:00,40.639,41.0,40.135,40.196,509924.79229836
2021-05-12 05:00:00,40.196,40.614,40.196,40.451,240242.98778238
2021-05-12 06:00:00,40.452,40.476,39.765,39.842,242593.07371644
2021-05-12 07:00:00,39.85,40.044,39.65,39.758,187148.13121949
2021-05-12 08:00:00,39.757,39.951,39.363,39.933,301368.68168229
2021-05-12 09:00:00,39.933,40.384,39.823,40.173,216244.86676577
2021-05-12 10:00:00,40.183,40.551,39.0,39.042,578008.53235644
2021-05-12 11:00:00,39.042,40.132,39.012,40.119,304654.63273463
2021-05-12 12:00:00,40.126,40.126,39.418,39.744,351736.20238607
2021-05-12 13:00:00,39.744,41.016,39.021,40.872,631417.96441697
2021-05-12 14:00:00,40.868,42.566,40.642,41.059,1333724.79180147
2021-05-12 15:00:00,41.06,41.14,39.152,39.914,1237635.27781884
2021-05-12 16:00:00,39.917,40.449,38.207,39.175,1208774.83214444
2021-05-12 17:00:00,39.183,39.743,38.891,39.169,557419.32594106
2021-05-12 18:00:00,39.184,39.483,37.302,38.181,1027450.50543382
2021-05-12 19:00:00,38.171,38.965,37.421,38.896,529558.36380876
2021-05-12 20:00:00,38.897,39.489,38.781,39.344,367732.46414664
2021-05-12 21:00:00,39.349,39.752,39.272,39.403,165581.27090353
2021-05-12 22:00:00,39.4,39.756,37.086,38.749,1295513.32021598
2021-05-12 23:00:00,38.754,38.768,33.738,35.18,2134907.0252456
2021-05-13 00:00:00,35.125,37.162,33.0,36.365,2360934.81584961
2021-05-13 01:00:00,36.345,37.447,36.215,37.373,771768.34333414
2021-05-13 02:00:00,37.356,37.446,36.823,37.05,379229.88943803
2021-05-13 03:00:00,37.05,37.051,35.947,36.697,579087.61449876
2021-05-13 04:00:00,36.697,41.15,36.63,41.122,1035613.22797754
2021-05-13 05:00:00,41.107,41.7,39.463,39.87,1421899.37212718
2021-05-13 06:00:00,39.895,41.94,39.727,41.332,629467.70719742
2021-05-13 07:00:00,41.325,41.334,40.126,40.298,435896.41296214
2021-05-13 08:00:00,40.307,40.574,38.3,38.43,1001985.63883988
2021-05-13 09:00:00,38.43,39.051,36.203,37.422,1351172.62634724
2021-05-13 10:00:00,37.431,38.442,36.96,37.608,1124355.08830099
2021-05-13 11:00:00,37.609,39.656,36.973,39.004,1118631.2495345
2021-05-13 12:00:00,38.995,40.832,38.465,40.564,747735.61567965
2021-05-13 13:00:00,40.573,40.988,39.571,40.426,772237.6901872
2021-05-13 14:00:00,40.438,40.941,39.767,40.017,663363.64776908
2021-05-13 15:00:00,40.017,40.136,38.896,39.456,696238.36278865
2021-05-13 16:00:00,39.454,41.736,38.398,39.093,1657953.61385666
2021-05-13 17:00:00,39.115,39.679,37.21,39.66,1916111.64935524
2021-05-13 18:00:00,39.66,40.288,38.585,38.884,977076.15892403
2021-05-13 19:00:00,38.891,40.381,38.891,39.317,753550.44083439
2021-05-13 20:00:00,39.322,40.535,39.104,40.371,645680.53089057
2021-05-13 21:00:00,40.369,40.827,39.696,39.849,328852.66549115
2021-05-13 22:00:00,39.849,40.682,39.256,39.256,479150.6576898
2021-05-13 23:00:00,39.256,40.176,38.688,40.039,585113.23799247
2021-05-14 00:00:00,40.03,41.925,39.793,41.267,588002.3059078
2021-05-14 01:00:00,41.258,41.825,40.841,41.601,494757.41635166
2021-05-14 02:00:00,41.592,41.679,40.486,40.528,538514.87121299
2021-05-14 03:00:00,40.519,40.852,39.898,40.077,539244.21838097
2021-05-14 04:00:00,40.084,40.887,39.898,40.468,504472.79835178
2021-05-14 05:00:00,40.478,40.846,40.251,40.676,376698.98989033
2021-05-14 06:00:00,40.675,40.735,39.446,39.898,466893.09262299
2021-05-14 07:00:00,39.89,40.808,39.89,40.366,405149.0950555
2021-05-14 08:00:00,40.367,41.085,40.354,40.948,339364.94243079
2021-05-14 09:00:00,40.945,41.8,40.725,41.342,543116.26198487
2021-05-14 10:00:00,41.341,41.617,40.962,41.447,301360.283853
2021-05-14 11:00:00,41.441,41.928,41.024,41.322,451394.55512995
2021-05-14 12:00:00,41.335,41.463,40.728,41.134,326859.73482028
2021-05-14 13:00:00,41.145,41.584,40.625,41.563,365185.54432595
2021-05-14 14:00:00,41.57,43.772,41.453,43.768,1007698.33436039
2021-05-14 15:00:00,43.761,44.896,43.271,44.44,1262186.11092534
2021-05-14 16:00:00,44.442,44.766,42.923,43.847,732696.32580932
2021-05-14 17:00:00,43.847,45.605,43.63,44.791,839526.04026076
2021-05-14 18:00:00,44.783,46.351,44.639,45.853,1261791.79251029
2021-05-14 19:00:00,45.856,46.061,45.121,45.347,705701.30160662
2021-05-14 20:00:00,45.35,46.042,43.311,43.66,936290.29567903
2021-05-14 21:00:00,43.666,46.567,43.55,46.549,582218.3932432
2021-05-14 22:00:00,46.549,47.679,46.223,46.99,1041575.79609939
2021-05-14 23:00:00,46.999,48.144,46.304,48.097,720999.12097709
2021-05-15 00:00:00,48.096,48.182,46.331,47.265,1248754.5346109
2021-05-15 01:00:00,47.278,47.486,46.446,46.576,450970.25345196
2021-05-15 02:00:00,46.576,49.058,46.569,49.013,706112.10948826
2021-05-15 03:00:00,49.013,49.865,47.798,49.376,943412.91594917
2021-05-15 04:00:00,49.353,49.823,47.507,47.826,807429.40132386
2021-05-15 05:00:00,47.82,48.761,47.249,48.712,678900.57663965
2021-05-15 06:00:00,48.721,48.731,46.684,47.281,799023.62754694
2021-05-15 07:00:00,47.281,47.531,45.816,46.454,927731.00574654
2021-05-15 08:00:00,46.448,47.55,46.048,46.827,916807.58369631
2021-05-15 09:00:00,46.837,47.428,45.346,46.286,948644.4147123
2021-05-15 10:00:00,46.274,46.274,44.392,45.504,937859.38394106
2021-05-15 11:00:00,45.51,46.229,45.391,45.918,465965.92015528
2021-05-15 12:00:00,45.919,47.696,45.223,47.015,698856.70414038
2021-05-15 13:00:00,47.025,47.457,46.214,47.173,526406.17175092
2021-05-15 14:00:00,47.186,48.776,47.053,47.733,801703.07083818
2021-05-15 15:00:00,47.719,49.099,47.243,47.399,963924.21369837
2021-05-15 16:00:00,47.399,47.4,44.779,45.696,1281986.43969152
2021-05-15 17:00:00,45.697,46.334,44.755,45.358,891833.50588506
2021-05-15 18:00:00,45.357,46.424,45.171,45.917,446590.53015108
2021-05-15 19:00:00,45.917,46.194,44.549,46.037,626778.52958926
2021-05-15 20:00:00,46.041,46.593,45.664,46.1,356340.88734323
2021-05-15 21:00:00,46.101,46.326,44.972,45.253,264277.82184202
2021-05-15 22:00:00,45.254,45.322,43.664,44.089,656160.75344187
2021-05-15 23:00:00,44.107,44.249,42.749,43.702,933218.62578718
2021-05-16 00:00:00,43.703,44.861,43.312,44.479,680069.71869394
2021-05-16 01:00:00,44.482,45.253,44.305,44.502,543743.52263854
2021-05-16 02:00:00,44.512,44.71,43.84,44.018,300940.9215733
2021-05-16 03:00:00,44.018,44.514,43.55,44.485,336431.82308812
2021-05-16 04:00:00,44.503,44.977,44.275,44.593,305416.27200659
2021-05-16 05:00:00,44.591,45.627,44.535,45.458,340790.07769968
2021-05-16 06:00:00,45.466,46.227,45.321,46.033,427337.13548231
2021-05-16 07:00:00,46.033,46.714,45.585,46.28,312351.0821459
2021-05-16 08:00:00,46.28,46.475,45.521,45.633,286578.6574064
2021-05-16 09:00:00,45.622,46.55,45.622,46.214,284849.63312172
2021-05-16 10:00:00,46.214,46.784,46.019,46.285,346295.89630749
2021-05-16 11:00:00,46.285,46.393,45.149,45.281,299609.80246919
2021-05-16 12:00:00,45.289,45.504,44.399,44.493,571094.38080135
2021-05-16 13:00:00,44.508,45.185,44.331,44.925,469584.2151555
2021-05-16 14:00:00,44.908,45.112,43.662,43.939,619293.07590134
2021-05-16 15:00:00,43.945,44.111,42.811,42.943,690293.40994963
2021-05-16 16:00:00,42.952,43.645,41.813,42.266,1105640.60978819
2021-05-16 17:00:00,42.259,42.474,40.1,41.923,1725577.09097224
2021-05-16 18:00:00,41.901,42.24,40.443,40.552,843417.1975969
2021-05-16 19:00:00,40.546,41.498,39.333,40.429,1028533.57965162
2021-05-16 20:00:00,40.415,41.065,39.5,39.799,759133.40427979
2021-05-16 21:00:00,39.845,41.783,39.837,41.725,924977.35003812
2021-05-16 22:00:00,41.736,42.739,41.579,41.728,536523.45371899
2021-05-16 23:00:00,41.727,42.75,41.417,42.496,445443.81352563
2021-05-17 00:00:00,42.492,42.539,40.902,40.996,319289.22694582
2021-05-17 01:00:00,41.016,41.06,39.629,39.944,695812.3839422
2021-05-17 02:00:00,39.968,40.449,39.466,39.576,641268.73642376
2021-05-17 03:00:00,39.56,40.011,37.121,37.354,1623550.64274704
2021-05-17 04:00:00,37.362,38.52,35.064,38.52,1759520.01771147
2021-05-17 05:00:00,38.519,38.6,36.5,38.298,957368.01843385
2021-05-17 06:00:00,38.28,39.645,37.954,38.825,921451.69698422
2021-05-17 07:00:00,38.837,40.058,38.816,40.032,491656.76154152
2021-05-17 08:00:00,40.031,40.783,39.42,40.33,519116.67469275
2021-05-17 09:00:00,40.344,40.469,39.625,40.285,335547.84920331
2021-05-17 10:00:00,40.295,40.491,39.169,39.22,323340.09267286
2021-05-17 11:00:00,39.235,40.587,39.067,40.561,439939.45759488
2021-05-17 12:00:00,40.562,40.738,39.811,39.957,340711.41810384
2021-05-17 13:00:00,39.957,40.13,39.469,40.06,260093.5295949
2021-05-17 14:00:00,40.078,40.161,38.327,39.246,573921.57289292
2021-05-17 15:00:00,39.236,39.465,37.611,38.077,778028.48951142
2021-05-17 16:00:00,38.088,38.797,37.543,37.752,705904.70224847
2021-05-17 17:00:00,37.754,38.361,36.888,37.61,610087.42579414
2021-05-17 18:00:00,37.588,39.386,37.175,39.345,723451.04462656
2021-05-17 19:00:00,39.345,40.072,39.307,39.978,423478.27435781
2021-05-17 20:00:00,39.994,40.129,39.786,40.021,284444.78998478
2021-05-17 21:00:00,40.021,40.045,38.231,38.369,244182.0795838
2021-05-17 22:00:00,38.365,39.354,37.627,38.061,472447.8783674
2021-05-17 23:00:00,38.04,39.042,37.848,38.756,520838.92074822
2021-05-18 00:00:00,38.772,40.555,38.326,40.319,621135.81472749
2021-05-18 01:00:00,40.336,40.92,40.051,40.643,427997.65972274
2021-05-18 02:00:00,40.635,40.893,39.901,40.444,349111.78072703
2021-05-18 03:00:00,40.437,40.741,40.088,40.226,206476.51868413
2021-05-18 04:00:00,40.243,41.533,40.181,41.247,504194.64007869
2021-05-18 05:00:00,41.252,41.508,40.826,41.188,341146.52678112
2021-05-18 06:00:00,41.197,41.561,40.526,40.628,372398.76876001
2021-05-18 07:00:00,40.643,41.032,40.528,40.726,295691.33591789
2021-05-18 08:00:00,40.739,41.358,40.5,40.73,347871.01021921
2021-05-18 09:00:00,40.73,40.878,40.17,40.588,335265.30873768
2021-05-18 10:00:00,40.584,41.672,40.555,41.283,394047.96869502
2021-05-18 11:00:00,41.326,41.47,40.808,40.965,314776.62892091
2021-05-18 12:00:00,40.965,41.065,38.5,38.863,942497.22922561
2021-05-18 13:00:00,38.845,39.189,38.1,38.71,774004.0322958
2021-05-18 14:00:00,38.727,38.82,37.717,38.449,848837.36012985
2021-05-18 15:00:00,38.436,39.093,38.091,38.517,486891.17887883
2021-05-18 16:00:00,38.516,39.776,38.259,39.743,667229.58942363
2021-05-18 17:00:00,39.721,39.893,39.369,39.409,316469.80746095
2021-05-18 18:00:00,39.411,39.605,38.85,39.583,471685.68869469
2021-05-18 19:00:00,39.573,40.077,39.302,39.813,450731.17755179
2021-05-18 20:00:00,39.806,40.031,39.359,39.901,265319.13426506
2021-05-18 21:00:00,39.911,41.529,39.691,41.528,359172.75721376
2021-05-18 22:00:00,41.524,42.621,40.863,41.014,852088.31344205
2021-05-18 23:00:00,41.0,41.285,40.156,40.636,692892.74551232
2021-05-19 00:00:00,40.652,41.454,40.326,40.512,653579.02046918
2021-05-19 01:00:00,40.515,40.523,37.8,38.408,1362452.02845543
2021-05-19 02:00:00,38.407,38.998,37.292,37.427,1104216.60574774
2021-05-19 03:00:00,37.412,38.163,36.888,37.619,1146486.27100174
2021-05-19 04:00:00,37.622,37.952,35.02,35.835,1657370.07957181
2021-05-19 05:00:00,35.837,37.453,35.811,36.799,1575344.90140202
2021-05-19 06:00:00,36.79,37.272,36.0,36.258,859266.65174904
2021-05-19 07:00:00,36.261,37.624,35.261,37.404,1249222.10838399
2021-05-19 08:00:00,37.401,37.671,36.766,37.303,1024243.76260354
2021-05-19 09:00:00,37.303,38.097,37.0,37.988,740457.14768785
2021-05-19 10:00:00,38.0,40.285,37.07,39.995,1892866.56924601
2021-05-19 11:00:00,39.997,40.067,32.363,35.899,4481022.94003987
2021-05-19 12:00:00,35.923,36.465,17.398,24.163,7284150.59591501
2021-05-19 13:00:00,24.162,29.374,18.0,25.576,4436739.24527741
2021-05-19 14:00:00,25.476,27.099,22.677,27.06,2607252.29705469
2021-05-19 15:00:00,27.038,28.091,25.433,27.094,2810775.08714467
2021-05-19 16:00:00,27.102,29.404,25.172,29.081,4416674.19683806
2021-05-19 17:00:00,29.052,30.911,28.574,29.465,2344952.76466839
2021-05-19 18:00:00,29.439,29.691,27.514,27.948,2243838.89536021
2021-05-19 19:00:00,27.95,28.914,27.155,27.97,2130599.60429152
2021-05-19 20:00:00,27.969,28.685,26.5,26.785,1665330.4526687
2021-05-19 21:00:00,26.785,27.472,25.4,27.091,1008788.33282354
2021-05-19 22:00:00,27.085,28.981,26.792,28.348,968665.75121022
2021-05-19 23:00:00,28.348,28.548,25.026,25.114,1464021.51979854
2021-05-20 00:00:00,25.114,26.898,21.146,22.909,2670387.26751135
2021-05-20 01:00:00,22.887,24.661,22.15,24.459,2302829.52797452
2021-05-20 02:00:00,24.452,26.71,24.294,26.533,1615647.70825777
2021-05-20 03:00:00,26.534,27.261,25.564,26.308,963047.98235079
2021-05-20 04:00:00,26.29,27.778,26.143,27.034,831404.67024291
2021-05-20 05:00:00,27.027,27.616,26.482,27.616,567281.95507281
2021-05-20 06:00:00,27.611,27.882,26.572,27.356,650690.3172263
2021-05-20 07:00:00,27.356,29.36,27.302,28.263,1078510.4431964
2021-05-20 08:00:00,28.257,28.686,27.533,28.074,722670.0799179
2021-05-20 09:00:00,28.081,28.428,26.833,28.068,926197.71180757
2021-05-20 10:00:00,28.06,28.935,27.665,28.902,682404.16561991
2021-05-20 11:00:00,28.898,29.218,28.03,29.201,685978.06343507
2021-05-20 12:00:00,29.193,30.344,28.56,30.309,1250640.62197937
2021-05-20 13:00:00,30.324,31.348,29.215,29.956,1410210.77587362
2021-05-20 14:00:00,29.95,30.565,29.542,29.809,699514.27675078
2021-05-20 15:00:00,29.8,30.729,29.52,29.893,808869.26179561
2021-05-20 16:00:00,29.894,29.994,26.194,27.857,2175089.30975262
2021-05-20 17:00:00,27.844,28.851,27.45,28.717,958343.6871944
2021-05-20 18:00:00,28.717,28.863,28.104,28.576,471043.0964984
2021-05-20 19:00:00,28.581,29.662,28.532,29.196,563904.15013058
2021-05-20 20:00:00,29.2,29.598,28.573,28.91,421414.95151708
2021-05-20 21:00:00,28.906,29.743,28.5,29.614,321666.08910664
2021-05-20 22:00:00,29.611,29.798,28.071,29.58,731560.07040179
2021-05-20 23:00:00,29.575,29.827,28.58,29.006,611788.6523792
2021-05-21 00:00:00,28.998,30.639,28.952,30.477,598813.21250735
2021-05-21 01:00:00,30.49,31.092,29.872,30.591,720334.23409341
2021-05-21 02:00:00,30.592,30.599,29.554,29.557,380234.27204096
2021-05-21 03:00:00,29.557,29.583,28.75,29.089,476937.91064665
2021-05-21 04:00:00,29.09,29.322,28.256,28.715,443910.39768368
2021-05-21 05:00:00,28.719,29.211,28.176,28.364,519981.16916642
2021-05-21 06:00:00,28.391,28.91,27.599,28.786,491251.85965568
2021-05-21 07:00:00,28.793,28.86,27.782,28.053,529190.69438412
2021-05-21 08:00:00,28.051,28.267,27.4,28.07,621492.6954303
2021-05-21 09:00:00,28.077,28.904,28.039,28.556,406532.55502078
2021-05-21 10:00:00,28.552,28.811,27.924,27.983,284166.11991521
2021-05-21 11:00:00,27.989,28.254,27.5,28.197,490652.2416409
2021-05-21 12:00:00,28.194,28.552,27.547,27.624,436717.80217488
2021-05-21 13:00:00,27.607,28.273,27.443,28.181,330322.9911039
2021-05-21 14:00:00,28.181,28.408,22.919,24.915,4257843.92932958
2021-05-21 15:00:00,24.923,25.4,22.669,23.044,2663193.51835282
2021-05-21 16:00:00,23.044,24.645,21.856,23.484,2577596.70979733
2021-05-21 17:00:00,23.485,24.172,23.074,24.095,1006399.24583642
2021-05-21 18:00:00,24.098,24.098,22.925,23.652,841260.22495757
2021-05-21 19:00:00,23.649,23.658,22.142,22.718,1271048.94765741
2021-05-21 20:00:00,22.72,22.991,21.038,21.181,1243395.37451077
2021-05-21 21:00:00,21.167,23.646,20.004,23.587,1921261.16792514
2021-05-21 22:00:00,23.587,24.169,22.877,23.423,1173033.40957308
2021-05-21 23:00:00,23.421,24.577,23.077,24.445,1478694.72931355
2021-05-22 00:00:00,24.444,24.65,23.56,24.383,1218123.56256136
2021-05-22 01:00:00,24.388,24.486,23.774,24.03,1049285.59718009
2021-05-22 02:00:00,24.029,24.474,23.155,23.212,602883.04651933
2021-05-22 03:00:00,23.202,23.673,22.313,22.738,1160207.50941147
2021-05-22 04:00:00,22.736,23.013,20.959,21.681,1183049.04938528
2021-05-22 05:00:00,21.678,22.006,20.345,21.675,1240864.86942905
2021-05-22 06:00:00,21.675,21.786,20.558,21.648,894358.5291461
2021-05-22 07:00:00,21.65,21.794,20.768,21.639,778641.11534596
2021-05-22 08:00:00,21.631,23.581,21.619,22.916,1435615.28661558
2021-05-22 09:00:00,22.918,23.524,22.402,23.28,993394.95853949
2021-05-22 10:00:00,23.284,24.361,22.848,23.962,1141424.69197242
2021-05-22 11:00:00,23.966,24.083,23.255,23.864,561883.25917496
2021-05-22 12:00:00,23.87,24.219,23.262,23.546,560962.3357933
2021-05-22 13:00:00,23.53,24.519,23.521,23.76,757909.89007589
2021-05-22 14:00:00,23.76,23.963,22.1,22.484,1249926.91296858
2021-05-22 15:00:00,22.492,23.07,21.821,22.726,1031309.20238992
2021-05-22 16:00:00,22.726,23.133,22.162,22.548,987449.82632239
2021-05-22 17:00:00,22.54,22.819,21.653,21.999,535070.44917158
2021-05-22 18:00:00,21.999,22.2,21.614,22.054,389137.0955153
2021-05-22 19:00:00,22.054,22.296,21.352,21.434,431141.97725031
2021-05-22 20:00:00,21.424,22.642,21.419,22.359,455994.52421212
2021-05-22 21:00:00,22.354,22.772,22.251,22.677,197007.52291675
2021-05-22 22:00:00,22.674,22.801,21.789,22.154,459977.3497779
2021-05-22 23:00:00,22.157,22.652,21.912,22.087,453611.3286756
2021-05-23 00:00:00,22.09,23.394,21.534,23.271,763661.85776565
2021-05-23 01:00:00,23.278,23.499,22.903,23.02,445480.70986217
2021-05-23 02:00:00,23.037,23.254,22.258,22.39,403923.625897
2021-05-23 03:00:00,22.407,22.799,22.181,22.584,407504.67640875
2021-05-23 04:00:00,22.585,22.697,22.199,22.342,394392.07481627
2021-05-23 05:00:00,22.342,22.342,21.708,21.982,661925.2117688
2021-05-23 06:00:00,21.982,22.254,21.087,21.358,703127.26306657
2021-05-23 07:00:00,21.36,21.624,20.144,20.67,1086628.53746735
2021-05-23 08:00:00,20.671,20.671,18.327,18.94,3015978.17154365
2021-05-23 09:00:00,18.94,19.427,18.214,18.412,2195597.51538885
2021-05-23 10:00:00,18.408,19.923,18.348,19.249,1313731.51577801
2021-05-23 11:00:00,19.25,19.565,18.838,19.05,1148215.62782463
2021-05-23 12:00:00,19.044,19.271,15.561,16.652,4263974.74198128
2021-05-23 13:00:00,16.642,17.444,15.895,17.247,4112235.6855845
2021-05-23 14:00:00,17.245,18.096,16.714,17.688,1968940.90167972
2021-05-23 15:00:00,17.688,17.789,16.258,16.682,1693032.03758832
2021-05-23 16:00:00,16.684,17.077,13.438,14.981,6548059.88748946
2021-05-23 17:00:00,14.977,16.593,14.851,16.086,3407836.76179514
2021-05-23 18:00:00,16.094,16.516,15.153,15.917,2223156.19631704
2021-05-23 19:00:00,15.917,16.578,15.692,16.278,1205543.50190457
2021-05-23 20:00:00,16.287,17.789,16.283,17.67,1248094.54341514
2021-05-23 21:00:00,17.67,18.244,16.959,17.752,1053515.77486503
2021-05-23 22:00:00,17.757,18.521,17.301,17.531,1103434.6818765
2021-05-23 23:00:00,17.529,18.209,17.529,17.93,843340.84200247
2021-05-24 00:00:00,17.936,19.023,17.765,17.984,1144451.35307722
2021-05-24 01:00:00,17.989,18.099,17.104,17.754,992702.75046598
2021-05-24 02:00:00,17.764,18.297,17.389,18.22,816032.95146354
2021-05-24 03:00:00,18.221,18.749,18.108,18.299,709557.54639869
2021-05-24 04:00:00,18.3,18.509,17.512,17.928,555942.37044081
2021-05-24 05:00:00,17.929,18.458,17.892,18.374,433099.68606035
2021-05-24 06:00:00,18.376,19.054,18.077,19.01,400492.02830787
2021-05-24 07:00:00,19.018,20.181,19.01,20.144,880037.04790141
2021-05-24 08:00:00,20.146,21.028,19.719,20.204,1251321.95768958
2021-05-24 09:00:00,20.203,20.207,19.212,19.229,697162.96474
2021-05-24 10:00:00,19.237,19.901,19.195,19.562,642766.22867161
2021-05-24 11:00:00,19.554,20.899,19.546,20.581,1176368.22721963
2021-05-24 12:00:00,20.581,21.576,20.327,20.951,1012060.15132681
2021-05-24 13:00:00,20.95,21.221,19.979,20.072,1010728.71351531
2021-05-24 14:00:00,20.072,20.797,20.071,20.443,586032.43614972
2021-05-24 15:00:00,20.44,21.206,20.27,20.832,630232.86105259
2021-05-24 16:00:00,20.834,21.936,20.078,21.834,1208994.23830574
2021-05-24 17:00:00,21.826,22.498,21.529,22.399,969437.11330309
2021-05-24 18:00:00,22.402,22.632,22.073,22.338,655175.30032594
2021-05-24 19:00:00,22.342,23.1,21.775,22.882,1018258.87368519
2021-05-24 20:00:00,22.901,23.334,22.448,22.968,715475.66825093
2021-05-24 21:00:00,22.967,23.495,22.494,22.61,409931.95643336
2021-05-24 22:00:00,22.622,23.129,21.93,22.546,883031.49973464
2021-05-24 23:00:00,22.551,23.308,22.446,23.308,446139.9254073
2021-05-25 00:00:00,23.301,24.216,22.826,23.855,962069.70210455
2021-05-25 01:00:00,23.856,24.216,22.722,22.914,909518.08174765
2021-05-25 02:00:00,22.901,23.11,22.043,22.108,786447.14118749
2021-05-25 03:00:00,22.106,22.112,21.418,21.808,855916.65759427
2021-05-25 04:00:00,21.806,21.964,20.906,21.563,991847.26818874
2021-05-25 05:00:00,21.563,21.684,20.92,21.626,677365.6064885
2021-05-25 06:00:00,21.627,22.943,21.331,22.819,742117.5328514
2021-05-25 07:00:00,22.818,23.184,22.251,22.787,651721.00867526
2021-05-25 08:00:00,22.789,23.004,21.535,21.802,646374.56208736
2021-05-25 09:00:00,21.809,22.075,21.169,21.28,537072.34238905
2021-05-25 10:00:00,21.277,21.277,19.651,20.345,1384737.17791374
2021-05-25 11:00:00,20.342,20.809,19.699,19.805,919412.77750674
2021-05-25 12:00:00,19.796,20.49,19.706,20.377,877888.99343218
2021-05-25 13:00:00,20.359,21.736,20.145,21.079,804297.74353118
2021-05-25 14:00:00,21.084,22.026,20.965,21.469,799894.25805917
2021-05-25 15:00:00,21.475,21.963,20.959,21.895,1035524.95267315
2021-05-25 16:00:00,21.892,21.915,21.27,21.491,477029.54291674
2021-05-25 17:00:00,21.491,22.334,21.181,22.263,496564.77725255
2021-05-25 18:00:00,22.267,22.337,21.37,21.394,312638.16076145
2021-05-25 19:00:00,21.394,21.541,20.546,20.717,343384.32929677
2021-05-25 20:00:00,20.714,21.115,20.621,21.014,274963.09297174
2021-05-25 21:00:00,21.011,21.626,20.827,21.551,195293.88903229
2021-05-25 22:00:00,21.558,22.576,21.558,22.17,573645.96808458
2021-05-25 23:00:00,22.18,22.397,21.808,22.181,475154.39219385
2021-05-26 00:00:00,22.181,22.493,21.63,21.95,453728.03198746
2021-05-26 01:00:00,21.955,22.637,21.91,22.307,399491.32014436
2021-05-26 02:00:00,22.313,23.58,22.251,23.083,711805.81260686
2021-05-26 03:00:00,23.09,23.709,22.877,23.561,498938.78071903
2021-05-26 04:00:00,23.567,23.708,23.03,23.448,491172.56808514
2021-05-26 05:00:00,23.452,23.996,23.333,23.495,589792.5865652
2021-05-26 06:00:00,23.5,24.554,23.434,24.333,650792.49824335
2021-05-26 07:00:00,24.342,24.593,23.941,24.453,441093.06989039
2021-05-26 08:00:00,24.444,24.799,23.388,23.88,1125457.39987086
2021-05-26 09:00:00,23.885,24.048,23.63,23.638,591992.19274957
2021-05-26 10:00:00,23.639,23.762,23.015,23.573,864765.19979743
2021-05-26 11:00:00,23.573,23.697,23.148,23.66,464449.41045884
2021-05-26 12:00:00,23.658,24.272,23.527,23.991,525771.14774645
2021-05-26 13:00:00,23.999,24.001,22.107,22.15,1137066.44787752
2021-05-26 14:00:00,22.159,22.97,22.054,22.723,656767.45107503
2021-05-26 15:00:00,22.723,22.939,22.262,22.918,616976.68736664
2021-05-26 16:00:00,22.91,23.471,22.667,22.814,598852.62910453
2021-05-26 17:00:00,22.814,24.0,22.394,23.931,620218.37989297
2021-05-26 18:00:00,23.926,23.982,23.379,23.947,470675.46772329
2021-05-26 19:00:00,23.946,23.95,22.914,23.538,450062.19523971
2021-05-26 20:00:00,23.535,24.119,23.348,23.879,305730.79238026
2021-05-26 21:00:00,23.879,23.977,23.458,23.802,174022.15542779
2021-05-26 22:00:00,23.811,24.452,23.673,24.404,434351.77930922
2021-05-26 23:00:00,24.413,24.767,23.967,24.526,642030.97289333
2021-05-27 00:00:00,24.526,24.533,23.143,23.558,1035071.79966093
2021-05-27 01:00:00,23.563,23.68,22.251,22.624,889089.38365381
2021-05-27 02:00:00,22.62,22.943,22.322,22.7,758888.1168435
2021-05-27 03:00:00,22.694,22.701,21.73,22.311,924618.54158502
2021-05-27 04:00:00,22.316,22.534,21.97,22.464,729356.51254974
2021-05-27 05:00:00,22.465,22.998,22.115,22.926,562118.75276824
2021-05-27 06:00:00,22.926,23.091,22.639,23.033,403957.86567262
2021-05-27 07:00:00,23.038,23.074,22.623,22.858,382863.18759486
2021-05-27 08:00:00,22.846,23.442,22.44,23.182,720420.73505833
2021-05-27 09:00:00,23.173,23.823,23.152,23.768,477136.78885051
2021-05-27 10:00:00,23.769,24.022,23.547,23.649,505632.48304651
2021-05-27 11:00:00,23.642,24.061,23.636,23.951,538912.23469859
2021-05-27 12:00:00,23.95,24.199,23.305,23.319,649852.72159556
2021-05-27 13:00:00,23.322,24.149,23.318,23.738,536931.01856004
2021-05-27 14:00:00,23.743,24.408,23.743,24.041,499286.78514214
2021-05-27 15:00:00,24.039,24.102,23.5,23.704,632139.70604343
2021-05-27 16:00:00,23.701,23.828,23.137,23.416,616947.81743009
2021-05-27 17:00:00,23.416,24.748,23.277,24.42,746296.40464464
2021-05-27 18:00:00,24.429,24.985,24.261,24.461,691458.13034195
2021-05-27 19:00:00,24.488,24.514,23.588,24.022,512993.56912931
2021-05-27 20:00:00,24.021,24.021,23.437,23.521,428239.11051897
2021-05-27 21:00:00,23.52,24.5,23.211,24.378,361484.21672367
2021-05-27 22:00:00,24.383,24.739,23.921,24.044,465131.32641003
2021-05-27 23:00:00,24.061,24.334,23.5,23.995,445737.21912848
2021-05-28 00:00:00,23.996,24.523,23.42,23.782,668886.77428628
2021-05-28 01:00:00,23.776,24.224,23.443,23.943,558579.35557899
2021-05-28 02:00:00,23.95,24.526,23.809,24.458,433077.76363394
2021-05-28 03:00:00,24.454,26.239,24.102,25.89,828931.65770174
2021-05-28 04:00:00,25.879,26.056,24.014,24.259,1236564.79388502
2021-05-28 05:00:00,24.255,24.738,22.5,22.969,1252379.69777235
2021-05-28 06:00:00,22.955,23.317,22.033,22.817,1120971.91949103
2021-05-28 07:00:00,22.811,23.436,22.342,23.32,969144.27527844
2021-05-28 08:00:00,23.323,23.645,21.51,22.008,1177733.6064793
2021-05-28 09:00:00,22.006,22.03,20.225,21.215,2036222.48393929
2021-05-28 10:00:00,21.208,21.599,20.793,21.122,933380.20784881
2021-05-28 11:00:00,21.115,21.396,20.02,20.445,1105832.62937408
2021-05-28 12:00:00,20.451,22.3,20.211,22.097,1185209.20498159
2021-05-28 13:00:00,22.097,23.18,22.089,22.728,971365.57094821
2021-05-28 14:00:00,22.716,22.795,22.152,22.248,545789.57080823
2021-05-28 15:00:00,22.265,22.768,21.858,22.603,869608.57061765
2021-05-28 16:00:00,22.609,22.786,21.56,21.597,1058664.40150767
2021-05-28 17:00:00,21.6,22.37,21.382,22.051,744042.07668963
2021-05-28 18:00:00,22.049,22.721,21.62,22.513,563226.00678251
2021-05-28 19:00:00,22.521,22.684,21.913,22.214,444282.82549309
2021-05-28 20:00:00,22.222,22.538,21.022,21.075,600774.63543415
2021-05-28 21:00:00,21.075,21.348,20.55,20.808,567812.91300435
2021-05-28 22:00:00,20.795,21.357,20.661,21.059,667340.94279113
2021-05-28 23:00:00,21.065,21.527,20.934,21.368,576975.50789003
2021-05-29 00:00:00,21.372,22.239,21.353,21.992,549698.77499237
2021-05-29 01:00:00,22.001,22.303,21.594,22.055,610472.5559954
2021-05-29 02:00:00,22.055,22.221,21.772,21.872,320162.83055187
2021-05-29 03:00:00,21.872,22.279,21.701,22.01,345131.58083536
2021-05-29 04:00:00,22.0,22.13,21.139,21.303,539071.44925963
2021-05-29 05:00:00,21.295,22.347,21.295,21.982,654798.27096294
2021-05-29 06:00:00,21.994,22.293,21.75,21.798,340199.66825594
2021-05-29 07:00:00,21.788,21.903,21.287,21.35,483292.06461557
2021-05-29 08:00:00,21.344,21.499,20.969,21.154,587826.6737972
2021-05-29 09:00:00,21.149,21.257,20.346,21.058,1151728.42295287
2021-05-29 10:00:00,21.06,21.228,20.805,21.154,583929.12784357
2021-05-29 11:00:00,21.155,21.36,20.508,21.156,764725.54759441
2021-05-29 12:00:00,21.152,21.176,20.41,20.609,606752.86784531
2021-05-29 13:00:00,20.609,20.723,20.001,20.588,1072998.31234043
2021-05-29 14:00:00,20.58,20.887,20.118,20.369,672024.93418407
2021-05-29 15:00:00,20.378,20.378,19.559,20.179,1287685.51204393
2021-05-29 16:00:00,20.177,20.686,19.705,20.517,1000859.89889113
2021-05-29 17:00:00,20.527,20.531,19.003,19.197,1096083.00774697
2021-05-29 18:00:00,19.197,19.601,19.003,19.559,737337.78803948
2021-05-29 19:00:00,19.561,19.561,18.916,19.18,731533.95638062
2021-05-29 20:00:00,19.181,19.44,18.783,19.282,612837.94759448
2021-05-29 21:00:00,19.284,19.834,19.204,19.698,400368.04137457
2021-05-29 22:00:00,19.698,19.762,19.324,19.717,440059.5398333
2021-05-29 23:00:00,19.719,20.098,19.384,19.893,671118.81083984
2021-05-30 00:00:00,19.901,19.921,18.422,18.987,1166157.98699743
2021-05-30 01:00:00,18.985,19.267,18.721,19.081,716754.68997625
2021-05-30 02:00:00,19.071,19.65,18.946,19.574,596299.10414153
2021-05-30 03:00:00,19.585,19.934,19.35,19.717,665731.21801281
2021-05-30 04:00:00,19.724,19.954,19.393,19.529,643559.69499494
2021-05-30 05:00:00,19.533,20.715,19.533,20.679,721378.9897939
2021-05-30 06:00:00,20.68,21.017,20.512,20.878,749011.80260326
2021-05-30 07:00:00,20.883,21.238,20.76,21.086,597761.56109106
2021-05-30 08:00:00,21.092,21.296,20.51,20.754,593650.12659945
2021-05-30 09:00:00,20.757,21.1,20.757,20.877,472342.46265102
2021-05-30 10:00:00,20.885,21.157,20.636,20.721,379430.18897991
2021-05-30 11:00:00,20.721,21.285,20.712,21.265,513459.60465713
2021-05-30 12:00:00,21.265,21.361,20.306,20.509,584902.84918799
2021-05-30 13:00:00,20.497,20.641,20.311,20.579,492099.15769221
2021-05-30 14:00:00,20.572,20.694,19.843,20.024,620922.70664594
2021-05-30 15:00:00,20.021,20.221,19.851,20.132,446957.03676037
2021-05-30 16:00:00,20.134,20.831,19.87,20.754,580624.24048879
2021-05-30 17:00:00,20.752,21.036,20.738,20.852,499607.93127817
2021-05-30 18:00:00,20.853,21.198,20.77,20.979,365222.74726424
2021-05-30 19:00:00,20.993,21.04,20.754,20.794,221223.44066705
2021-05-30 20:00:00,20.796,21.048,20.605,20.892,258073.653192
2021-05-30 21:00:00,20.903,20.903,20.643,20.68,145446.59656453
2021-05-30 22:00:00,20.677,20.786,20.378,20.527,408174.30946732
2021-05-30 23:00:00,20.537,20.706,20.269,20.471,616593.72456548
2021-05-31 00:00:00,20.471,21.072,20.259,20.42,704296.09415109
2021-05-31 01:00:00,20.421,20.55,19.836,19.933,674982.41451689
2021-05-31 02:00:00,19.936,20.068,19.518,19.848,875860.01021718
2021-05-31 03:00:00,19.854,19.869,19.422,19.651,693581.25560257
2021-05-31 04:00:00,19.654,19.761,19.072,19.338,784061.44009096
2021-05-31 05:00:00,19.339,19.641,19.143,19.511,741676.73226723
2021-05-31 06:00:00,19.51,20.331,19.501,20.265,634218.98187852
2021-05-31 07:00:00,20.256,20.837,20.199,20.492,822642.79120915
2021-05-31 08:00:00,20.487,20.959,20.31,20.866,548146.05740056
2021-05-31 09:00:00,20.857,21.046,20.557,20.612,700217.38451642
2021-05-31 10:00:00,20.612,21.794,20.612,21.694,819883.15109491
2021-05-31 11:00:00,21.688,22.036,21.525,21.596,718920.5779575
2021-05-31 12:00:00,21.601,21.999,21.288,21.477,776521.13104783
2021-05-31 13:00:00,21.473,21.779,21.311,21.378,628393.34827154
2021-05-31 14:00:00,21.384,21.506,21.077,21.433,527968.32433703
2021-05-31 15:00:00,21.425,22.051,21.405,21.861,588997.23054958
2021-05-31 16:00:00,21.863,22.776,21.704,22.565,1034513.61286787
2021-05-31 17:00:00,22.57,22.624,21.891,22.195,541971.77115158
2021-05-31 18:00:00,22.2,22.247,21.864,22.008,332708.84574984
2021-05-31 19:00:00,22.009,22.229,21.921,22.201,316908.97495074
2021-05-31 20:00:00,22.197,22.576,22.059,22.222,416030.08639415
2021-05-31 21:00:00,22.23,22.599,22.23,22.405,192686.24100081
2021-05-31 22:00:00,22.399,22.867,22.339,22.709,565976.66262053
2021-05-31 23:00:00,22.712,23.457,22.651,23.272,839225.54137222
2021-06-01 00:00:00,23.27,23.541,23.121,23.195,551073.20637458
2021-06-01 01:00:00,23.203,23.211,22.422,22.456,607091.16768645
2021-06-01 02:00:00,22.461,22.64,22.013,22.547,680194.59175267
2021-06-01 03:00:00,22.552,22.942,22.178,22.463,680735.70446665
2021-06-01 04:00:00,22.457,22.825,22.301,22.551,368076.39514393
2021-06-01 05:00:00,22.551,23.148,22.462,23.072,448022.5031686
2021-06-01 06:00:00,23.072,23.184,22.471,22.679,670349.44882676
2021-06-01 07:00:00,22.674,22.88,22.5,22.739,484338.94064868
2021-06-01 08:00:00,22.733,23.201,21.752,22.096,1168705.26077347
2021-06-01 09:00:00,22.095,22.357,21.965,22.202,512541.37602373
2021-06-01 10:00:00,22.208,22.656,22.089,22.454,518106.27992394
2021-06-01 11:00:00,22.459,22.69,22.263,22.551,291640.41846276
2021-06-01 12:00:00,22.553,22.553,22.053,22.087,448586.86083671
2021-06-01 13:00:00,22.106,22.861,21.69,22.619,1130486.4357481
2021-06-01 14:00:00,22.616,22.796,22.33,22.428,738637.93995821
2021-06-01 15:00:00,22.429,22.429,22.006,22.236,541397.53476527
2021-06-01 16:00:00,22.232,22.595,21.987,22.11,657875.45008544
2021-06-01 17:00:00,22.132,22.347,21.959,22.314,454596.33762368
2021-06-01 18:00:00,22.327,22.519,22.235,22.327,346209.03959491
2021-06-01 19:00:00,22.329,22.332,21.963,22.112,381599.20392116
2021-06-01 20:00:00,22.111,22.434,22.076,22.417,355273.86051813
2021-06-01 21:00:00,22.417,22.806,22.343,22.775,263950.99940448
2021-06-01 22:00:00,22.774,22.848,22.436,22.55,610712.66772213
2021-06-01 23:00:00,22.551,23.014,22.544,22.826,478332.98053204
2021-06-02 00:00:00,22.827,23.485,22.644,23.157,879403.56473311
2021-06-02 01:00:00,23.165,23.452,22.766,23.426,543025.2511566
2021-06-02 02:00:00,23.426,24.0,23.295,23.404,731685.6657297
2021-06-02 03:00:00,23.403,23.923,23.392,23.738,499799.07300766
2021-06-02 04:00:00,23.745,23.919,23.558,23.616,500338.91000895
2021-06-02 05:00:00,23.604,23.941,23.52,23.892,485932.94518017
2021-06-02 06:00:00,23.886,23.999,23.66,23.777,473889.47766753
2021-06-02 07:00:00,23.785,24.34,23.772,24.007,781587.54486387
2021-06-02 08:00:00,23.999,24.438,23.919,24.415,594188.2587475
2021-06-02 09:00:00,24.424,24.453,24.163,24.231,400697.81272641
2021-06-02 10:00:00,24.229,24.32,23.813,23.894,571376.46055012
2021-06-02 11:00:00,23.883,24.558,23.815,24.336,488998.07017729
2021-06-02 12:00:00,24.334,25.376,24.244,25.079,675762.18781465
2021-06-02 13:00:00,25.09,25.858,24.81,25.207,773326.57455415
2021-06-02 14:00:00,25.212,25.517,24.967,25.32,631425.15383486
2021-06-02 15:00:00,25.313,25.968,25.313,25.851,614120.37711014
2021-06-02 16:00:00,25.855,26.007,25.142,25.3,621875.1239986
2021-06-02 17:00:00,25.31,25.799,25.099,25.732,277781.31905246
2021-06-02 18:00:00,25.736,26.863,25.591,26.709,620359.38431057
2021-06-02 19:00:00,26.727,26.797,26.081,26.12,370736.01407304
2021-06-02 20:00:00,26.118,26.145,25.391,26.097,363667.51129685
2021-06-02 21:00:00,26.092,26.681,26.092,26.484,202502.2644135
2021-06-02 22:00:00,26.475,26.622,25.45,26.001,468797.12359418
2021-06-02 23:00:00,25.993,26.447,25.711,25.9,382913.29136374
2021-06-03 00:00:00,25.896,26.387,25.647,25.982,637433.97338759
2021-06-03 01:00:00,25.965,26.357,25.806,25.938,525549.5725076
2021-06-03 02:00:00,25.938,27.147,25.75,26.975,833316.41947323
2021-06-03 03:00:00,26.975,27.819,26.761,27.711,1055004.79087747
2021-06-03 04:00:00,27.716,27.724,27.198,27.65,625832.15268364
2021-06-03 05:00:00,27.675,28.007,27.503,27.73,765684.87783082
2021-06-03 06:00:00,27.731,27.863,27.325,27.791,480413.4289648
2021-06-03 07:00:00,27.803,27.809,27.271,27.328,497025.53418516
2021-06-03 08:00:00,27.328,27.909,27.128,27.731,565668.4809446
2021-06-03 09:00:00,27.722,28.598,27.572,28.529,634586.83608146
2021-06-03 10:00:00,28.531,28.596,27.917,27.944,535089.04619919
2021-06-03 11:00:00,27.937,28.151,27.3,27.381,758239.63450093
2021-06-03 12:00:00,27.381,27.56,26.806,27.556,859441.77171124
2021-06-03 13:00:00,27.561,27.806,26.737,26.962,800560.26299127
2021-06-03 14:00:00,26.954,27.28,26.83,27.129,388530.43238442
2021-06-03 15:00:00,27.125,27.283,26.865,26.97,417607.00156903
2021-06-03 16:00:00,26.965,27.948,26.818,27.724,671458.01953197
2021-06-03 17:00:00,27.718,27.748,27.165,27.311,346719.75436169
2021-06-03 18:00:00,27.311,27.415,27.006,27.151,242789.46921678
2021-06-03 19:00:00,27.117,27.24,26.5,26.565,403700.09297497
2021-06-03 20:00:00,26.575,27.067,26.33,26.963,372405.00192769
2021-06-03 21:00:00,26.964,27.196,26.74,26.777,183303.9642912
2021-06-03 22:00:00,26.778,27.361,26.57,27.219,357789.52817868
2021-06-03 23:00:00,27.222,27.235,26.943,27.006,361157.77065269
2021-06-04 00:00:00,27.009,27.019,26.085,26.245,519702.17518605
2021-06-04 01:00:00,26.248,26.249,24.769,25.366,1778264.56082465
2021-06-04 02:00:00,25.372,25.43,24.5,25.289,892921.74062045
2021-06-04 03:00:00,25.289,25.9,25.036,25.763,636500.97103327
2021-06-04 04:00:00,25.768,25.783,25.0,25.034,602827.45025613
2021-06-04 05:00:00,25.034,25.308,24.485,24.68,1009646.28585377
2021-06-04 06:00:00,24.671,25.016,24.028,24.419,908640.723889
2021-06-04 07:00:00,24.43,24.676,23.772,24.408,1098136.42286034
2021-06-04 08:00:00,24.401,24.787,23.922,24.387,838944.97555523
2021-06-04 09:00:00,24.386,24.84,24.09,24.836,707925.88485152
2021-06-04 10:00:00,24.845,25.096,24.32,24.341,505882.3504042
2021-06-04 11:00:00,24.346,24.638,24.0,24.287,562285.8917817
2021-06-04 12:00:00,24.29,24.914,23.618,24.703,1361550.18046132
2021-06-04 13:00:00,24.702,24.781,24.329,24.403,541929.46727034
2021-06-04 14:00:00,24.393,24.56,23.916,24.355,1001938.20810556
2021-06-04 15:00:00,24.356,24.862,24.356,24.753,589554.25584563
2021-06-04 16:00:00,24.752,25.186,24.51,24.714,739560.78142091
2021-06-04 17:00:00,24.721,25.259,24.641,25.061,473074.27829049
2021-06-04 18:00:00,25.066,25.499,24.975,25.31,378066.05217239
2021-06-04 19:00:00,25.311,25.61,24.789,25.009,509434.49884011
2021-06-04 20:00:00,25.003,25.483,25.003,25.285,284500.64791665
2021-06-04 21:00:00,25.286,25.519,25.215,25.34,253197.68462587
2021-06-04 22:00:00,25.347,25.519,25.013,25.256,388530.15494867
2021-06-04 23:00:00,25.252,25.454,24.543,24.991,690678.48596979
2021-06-05 00:00:00,24.992,25.992,24.76,25.87,744987.66584556
2021-06-05 01:00:00,25.86,26.104,25.635,25.963,518472.66066759
2021-06-05 02:00:00,25.964,26.1,22.6,25.792,1271346.96072635
2021-06-05 03:00:00,25.792,26.044,25.558,25.591,326702.93418943
2021-06-05 04:00:00,25.603,26.011,25.603,25.991,393231.50772288
2021-06-05 05:00:00,25.996,26.003,25.667,25.858,250368.72570403
2021-06-05 06:00:00,25.864,26.016,25.759,25.93,305439.41723777
2021-06-05 07:00:00,25.936,26.4,25.902,26.002,589272.69671746
2021-06-05 08:00:00,25.994,26.24,25.821,26.1,278139.97887566
2021-06-05 09:00:00,26.101,26.177,24.0,24.706,1023835.22215613
2021-06-05 10:00:00,24.698,25.01,24.395,24.673,1008535.83150826
2021-06-05 11:00:00,24.668,24.739,23.775,24.107,1102657.47923137
2021-06-05 12:00:00,24.1,24.594,23.543,24.362,1059335.380236
2021-06-05 13:00:00,24.357,24.405,23.933,24.012,573418.38043434
2021-06-05 14:00:00,24.019,24.42,23.756,23.809,747399.10055493
2021-06-05 15:00:00,23.806,24.382,23.674,24.333,732030.50190757
2021-06-05 16:00:00,24.324,24.324,23.994,24.049,422785.55035094
2021-06-05 17:00:00,24.055,24.344,23.747,23.817,442632.29272891
2021-06-05 18:00:00,23.825,24.147,23.763,23.975,339423.41452538
2021-06-05 19:00:00,23.974,24.142,23.629,23.743,505472.50550573
2021-06-05 20:00:00,23.743,24.16,23.665,23.962,767785.0169724
2021-06-05 21:00:00,23.955,23.955,22.908,23.136,980643.11226942
2021-06-05 22:00:00,23.151,23.542,23.085,23.371,643760.47466265
2021-06-05 23:00:00,23.37,23.869,23.35,23.754,532668.18443497
2021-06-06 00:00:00,23.759,23.946,23.611,23.776,581934.50331958
2021-06-06 01:00:00,23.777,24.369,23.777,24.326,536818.99474811
2021-06-06 02:00:00,24.321,24.335,24.025,24.043,419200.97642173
2021-06-06 03:00:00,24.043,24.176,23.772,23.94,370210.06826517
2021-06-06 04:00:00,23.935,24.304,23.935,24.168,228033.43816628
2021-06-06 05:00:00,24.162,24.23,23.982,24.183,248531.06063077
2021-06-06 06:00:00,24.185,24.349,23.8,23.959,492701.83978134
2021-06-06 07:00:00,23.957,24.264,23.957,24.209,276956.2936172
2021-06-06 08:00:00,24.21,24.355,24.041,24.299,403645.894956
2021-06-06 09:00:00,24.295,24.473,24.186,24.302,270310.61290333
2021-06-06 10:00:00,24.3,24.356,23.934,24.143,348820.04067965
2021-06-06 11:00:00,24.15,24.273,23.909,23.967,294139.17971101
2021-06-06 12:00:00,23.967,24.209,23.925,24.003,299695.98535372
2021-06-06 13:00:00,24.006,24.154,23.615,23.711,610537.29170681
2021-06-06 14:00:00,23.706,24.129,23.547,24.073,479928.81714635
2021-06-06 15:00:00,24.068,24.326,23.986,24.19,458290.93224416
2021-06-06 16:00:00,24.19,24.35,24.146,24.292,334570.23652878
2021-06-06 17:00:00,24.289,24.419,24.045,24.082,372251.13403927
2021-06-06 18:00:00,24.08,24.088,23.876,23.936,230981.8032123
2021-06-06 19:00:00,23.938,23.938,23.753,23.811,284593.90067861
2021-06-06 20:00:00,23.801,24.178,23.685,24.146,323421.6496309
2021-06-06 21:00:00,24.145,24.229,24.033,24.218,120827.58855618
2021-06-06 22:00:00,24.212,24.212,23.583,23.949,609165.68839713
2021-06-06 23:00:00,23.94,24.207,23.866,24.195,354770.37836671
2021-06-07 00:00:00,24.198,24.66,23.918,24.623,898590.46563791
2021-06-07 01:00:00,24.607,25.107,24.527,25.087,634310.34593212
2021-06-07 02:00:00,25.087,25.26,25.079,25.168,396047.18718843
2021-06-07 03:00:00,25.162,25.215,24.705,24.923,498235.22972043
2021-06-07 04:00:00,24.924,25.101,24.7,24.817,320778.71425141
2021-06-07 05:00:00,24.816,24.924,24.651,24.806,264485.12233969
2021-06-07 06:00:00,24.802,24.899,24.5,24.509,426315.49607036
2021-06-07 07:00:00,24.518,24.78,24.37,24.712,399660.31905439
2021-06-07 08:00:00,24.711,24.857,24.453,24.505,237997.3636949
2021-06-07 09:00:00,24.51,24.778,24.396,24.643,257009.87059812
2021-06-07 10:00:00,24.644,25.099,24.644,24.993,354771.16750703
2021-06-07 11:00:00,24.995,25.03,24.785,24.862,236938.00313217
2021-06-07 12:00:00,24.861,25.3,24.818,25.142,353773.668354
2021-06-07 13:00:00,25.143,25.216,24.847,24.885,341023.90993799
2021-06-07 14:00:00,24.892,24.892,24.524,24.654,561266.9478912
2021-06-07 15:00:00,24.653,24.756,24.543,24.729,260960.0627067
2021-06-07 16:00:00,24.724,24.757,24.418,24.453,398963.3428174
2021-06-07 17:00:00,24.456,24.456,23.979,23.988,803641.80182734
2021-06-07 18:00:00,23.987,24.05,23.621,23.76,578847.72570505
2021-06-07 19:00:00,23.764,23.915,23.616,23.839,421992.32549652
2021-06-07 20:00:00,23.837,23.959,22.908,23.082,863670.8192864
2021-06-07 21:00:00,23.085,23.215,21.84,22.506,1247352.28769541
2021-06-07 22:00:00,22.511,22.828,22.055,22.415,962762.11907782
2021-06-07 23:00:00,22.406,22.435,21.246,21.695,1614587.8620601
2021-06-08 00:00:00,21.688,22.282,21.498,21.95,1190172.92603541
2021-06-08 01:00:00,21.954,22.152,21.68,21.968,838937.10486728
2021-06-08 02:00:00,21.969,22.071,20.491,20.855,1761336.0496617
2021-06-08 03:00:00,20.854,21.114,20.494,21.049,1496616.40589174
2021-06-08 04:00:00,21.058,21.388,20.958,21.093,923140.85405118
2021-06-08 05:00:00,21.093,21.29,20.586,21.224,948139.84733579
2021-06-08 06:00:00,21.216,21.287,20.789,20.833,712952.42229224
2021-06-08 07:00:00,20.824,21.51,20.539,21.236,1337442.8766377
2021-06-08 08:00:00,21.232,21.675,21.232,21.295,950249.86081316
2021-06-08 09:00:00,21.296,21.353,21.011,21.066,1005762.2622077
2021-06-08 10:00:00,21.066,21.434,20.981,21.166,890339.17462056
2021-06-08 11:00:00,21.165,21.92,21.056,21.842,1109352.69935977
2021-06-08 12:00:00,21.842,22.04,21.327,21.409,881641.87184282
2021-06-08 13:00:00,21.406,21.55,20.791,20.816,1039190.05446956
2021-06-08 14:00:00,20.811,21.046,20.106,20.381,2068435.56883016
2021-06-08 15:00:00,20.39,20.49,19.614,20.327,2293239.94049201
2021-06-08 16:00:00,20.321,20.969,20.07,20.756,1652551.20871004
2021-06-08 17:00:00,20.756,20.967,20.462,20.939,837202.28617122
2021-06-08 18:00:00,20.935,21.579,20.835,21.432,1126744.33999407
2021-06-08 19:00:00,21.421,21.596,21.239,21.451,832228.22126529
2021-06-08 20:00:00,21.444,21.856,21.283,21.768,863405.51478701
2021-06-08 21:00:00,21.762,21.833,21.496,21.622,404219.5076266
2021-06-08 22:00:00,21.624,21.976,21.578,21.651,468953.76251992
2021-06-08 23:00:00,21.663,21.969,21.642,21.651,544031.84831998
2021-06-09 00:00:00,21.658,21.856,20.846,20.933,936649.75826498
2021-06-09 01:00:00,20.931,21.18,20.625,20.684,761362.96245426
2021-06-09 02:00:00,20.686,21.106,20.373,20.899,874322.48614004
2021-06-09 03:00:00,20.906,21.205,20.702,20.945,584813.24135136
2021-06-09 04:00:00,20.953,21.041,20.451,20.963,852743.50415974
2021-06-09 05:00:00,20.961,21.396,20.892,21.274,691609.40125762
2021-06-09 06:00:00,21.277,21.981,21.195,21.886,932385.85483804
2021-06-09 07:00:00,21.887,22.035,21.519,21.575,816583.27564013
2021-06-09 08:00:00,21.578,21.604,21.134,21.28,801855.83844374
2021-06-09 09:00:00,21.279,21.626,21.201,21.214,584240.36279328
2021-06-09 10:00:00,21.22,21.687,21.082,21.446,592097.57631819
2021-06-09 11:00:00,21.446,21.968,21.262,21.938,632428.42087715
2021-06-09 12:00:00,21.943,22.229,21.635,21.803,945800.22476797
2021-06-09 13:00:00,21.809,21.918,21.543,21.691,500785.01901099
2021-06-09 14:00:00,21.688,21.973,21.361,21.476,703458.34732255
2021-06-09 15:00:00,21.461,22.804,21.458,22.704,1511044.37209949
2021-06-09 16:00:00,22.696,22.9,22.315,22.635,634521.73630678
2021-06-09 17:00:00,22.631,23.129,22.581,22.665,547646.94180276
2021-06-09 18:00:00,22.66,22.941,22.362,22.429,500243.17097335
2021-06-09 19:00:00,22.434,22.555,22.277,22.369,404692.6762633
2021-06-09 20:00:00,22.37,22.68,22.321,22.519,349830.72390928
2021-06-09 21:00:00,22.519,22.83,22.512,22.725,264229.84028106
2021-06-09 22:00:00,22.711,23.283,22.691,23.183,375292.83229401
2021-06-09 23:00:00,23.181,23.341,23.065,23.212,335056.5339542
2021-06-10 00:00:00,23.236,23.401,22.845,23.061,544679.4898158
2021-06-10 01:00:00,23.066,24.596,23.066,23.886,1321896.7487822
2021-06-10 02:00:00,23.88,24.46,23.701,24.099,604991.549977
2021-06-10 03:00:00,24.094,24.459,23.851,23.899,545345.45039225
2021-06-10 04:00:00,23.906,24.191,23.646,23.699,448281.90019328
2021-06-10 05:00:00,23.702,23.886,23.4,23.641,429058.81587583
2021-06-10 06:00:00,23.636,23.927,23.35,23.815,476989.39622784
2021-06-10 07:00:00,23.815,24.113,23.679,23.989,357548.8582671
2021-06-10 08:00:00,23.989,24.015,23.251,23.381,549798.17880554
2021-06-10 09:00:00,23.378,24.09,23.018,23.999,941359.29590436
2021-06-10 10:00:00,23.996,24.363,23.801,23.821,920762.542375
2021-06-10 11:00:00,23.82,24.09,23.744,23.816,470233.85611283
2021-06-10 12:00:00,23.815,24.045,23.483,23.831,566875.14817072
2021-06-10 13:00:00,23.832,23.965,23.575,23.911,324761.31767685
2021-06-10 14:00:00,23.917,24.041,23.08,23.345,830619.9468846
2021-06-10 15:00:00,23.345,23.665,23.223,23.604,396839.12909367
2021-06-10 16:00:00,23.598,23.832,23.171,23.246,498342.27411505
2021-06-10 17:00:00,23.245,23.369,22.574,22.881,892928.535553
2021-06-10 18:00:00,22.881,23.255,22.781,23.116,327577.83702232
2021-06-10 19:00:00,23.113,23.177,22.662,22.783,509063.98040864
2021-06-10 20:00:00,22.794,22.824,22.042,22.586,867007.71190513
2021-06-10 21:00:00,22.599,22.773,22.422,22.647,210970.44856776
2021-06-10 22:00:00,22.657,22.962,22.619,22.798,254083.46647372
2021-06-10 23:00:00,22.799,22.96,22.577,22.699,391728.04293844
2021-06-11 00:00:00,22.707,23.124,22.317,22.363,730340.80943963
2021-06-11 01:00:00,22.363,22.646,22.119,22.489,582461.21169556
2021-06-11 02:00:00,22.483,22.858,22.267,22.81,463561.74502295
2021-06-11 03:00:00,22.817,23.077,22.746,22.932,497675.14638266
2021-06-11 04:00:00,22.931,23.107,22.873,23.043,303239.17543085
2021-06-11 05:00:00,23.06,23.21,22.785,22.806,305736.4381414
2021-06-11 06:00:00,22.822,22.845,22.439,22.487,532149.21028829
2021-06-11 07:00:00,22.492,22.876,22.41,22.681,490912.26452388
2021-06-11 08:00:00,22.682,22.949,22.536,22.611,355757.0335407
2021-06-11 09:00:00,22.612,22.923,22.563,22.597,345894.20118178
2021-06-11 10:00:00,22.597,22.938,22.593,22.746,462838.296217
2021-06-11 11:00:00,22.755,22.798,22.535,22.633,227913.41844141
2021-06-11 12:00:00,22.653,22.708,22.298,22.451,345856.5593615
2021-06-11 13:00:00,22.451,22.786,22.451,22.592,284155.52089664
2021-06-11 14:00:00,22.593,22.631,22.302,22.332,315487.76514242
2021-06-11 15:00:00,22.333,22.333,21.651,21.866,778939.61517581
2021-06-11 16:00:00,21.866,22.062,21.343,21.353,894382.06630748
2021-06-11 17:00:00,21.353,21.618,21.215,21.547,629880.82356235
2021-06-11 18:00:00,21.547,21.56,21.0,21.472,571008.06008794
2021-06-11 19:00:00,21.473,21.703,21.139,21.161,440503.39300676
2021-06-11 20:00:00,21.166,21.413,20.883,20.981,360799.85313932
2021-06-11 21:00:00,20.974,21.099,20.487,20.575,378427.93267323
2021-06-11 22:00:00,20.563,21.143,20.509,20.8,551938.50542663
2021-06-11 23:00:00,20.802,21.151,20.465,20.957,569300.49219556
2021-06-12 00:00:00,20.949,21.08,20.589,20.918,615018.8349343
2021-06-12 01:00:00,20.919,21.14,20.183,20.24,1028143.18563727
2021-06-12 02:00:00,20.233,20.416,19.762,19.825,1461116.59534449
2021-06-12 03:00:00,19.836,20.274,19.688,20.06,911190.89166711
2021-06-12 04:00:00,20.06,20.219,19.501,19.732,823892.0267387
2021-06-12 05:00:00,19.739,20.105,19.622,19.959,680522.37674916
2021-06-12 06:00:00,19.964,20.332,19.898,20.258,556201.18992725
2021-06-12 07:00:00,20.26,20.559,20.26,20.364,624977.12142151
2021-06-12 08:00:00,20.35,20.382,19.959,20.035,564280.10022625
2021-06-12 09:00:00,20.028,20.219,19.928,20.133,478901.94418564
2021-06-12 10:00:00,20.134,20.668,19.71,20.513,1464493.144906
2021-06-12 11:00:00,20.515,20.594,20.278,20.531,544001.73473413
2021-06-12 12:00:00,20.536,21.11,20.414,20.927,661490.65676256
2021-06-12 13:00:00,20.919,21.006,20.725,20.947,404714.84995006
2021-06-12 14:00:00,20.948,20.962,20.547,20.691,648520.6314487
2021-06-12 15:00:00,20.673,20.853,20.531,20.654,472530.626646
2021-06-12 16:00:00,20.65,20.899,20.536,20.677,398364.28929562
2021-06-12 17:00:00,20.674,20.958,20.636,20.878,300972.62696515
2021-06-12 18:00:00,20.88,21.131,20.835,21.04,258290.5099733
2021-06-12 19:00:00,21.043,21.078,20.762,20.823,187997.98063514
2021-06-12 20:00:00,20.822,21.125,20.803,20.866,297437.47970482
2021-06-12 21:00:00,20.863,21.262,20.804,20.952,224631.99208812
2021-06-12 22:00:00,20.962,21.139,20.736,20.893,292716.47013678
2021-06-12 23:00:00,20.896,21.115,20.656,20.726,278617.34046843
2021-06-13 00:00:00,20.729,20.84,20.389,20.738,398823.73074987
2021-06-13 01:00:00,20.734,21.014,20.734,20.994,281517.54881359
2021-06-13 02:00:00,20.994,21.09,20.725,20.747,248230.52786955
2021-06-13 03:00:00,20.744,20.748,20.129,20.186,891538.3257336
2021-06-13 04:00:00,20.19,20.439,20.064,20.379,558859.44233704
2021-06-13 05:00:00,20.377,20.435,20.138,20.228,352484.99910512
2021-06-13 06:00:00,20.228,20.461,20.138,20.439,411062.85837352
2021-06-13 07:00:00,20.447,20.5,20.252,20.288,304903.42316422
2021-06-13 08:00:00,20.283,20.627,20.206,20.44,515552.32727984
2021-06-13 09:00:00,20.439,20.541,20.373,20.525,313689.81638782
2021-06-13 10:00:00,20.521,20.684,20.448,20.584,338500.08890422
2021-06-13 11:00:00,20.583,20.63,20.321,20.42,284180.08778638
2021-06-13 12:00:00,20.419,20.58,20.281,20.293,396703.54521496
2021-06-13 13:00:00,20.288,20.353,20.17,20.224,305923.64880513
2021-06-13 14:00:00,20.227,20.363,19.926,19.945,459406.1596572
2021-06-13 15:00:00,19.945,20.233,19.915,20.197,426352.61376806
2021-06-13 16:00:00,20.206,20.815,20.107,20.791,937546.04452909
2021-06-13 17:00:00,20.795,21.17,20.73,21.099,416689.78868695
2021-06-13 18:00:00,21.101,21.35,21.101,21.32,417994.23731477
2021-06-13 19:00:00,21.32,21.358,21.107,21.29,314685.33860835
2021-06-13 20:00:00,21.292,22.247,21.27,22.203,780875.54206046
2021-06-13 21:00:00,22.208,22.409,21.921,22.279,330633.39178461
2021-06-13 22:00:00,22.285,22.298,21.984,22.039,441021.30860328
2021-06-13 23:00:00,22.039,22.118,21.856,22.035,306856.17123299
2021-06-14 00:00:00,22.035,22.238,21.775,21.812,514844.45784622
2021-06-14 01:00:00,21.837,22.197,21.789,22.1,525918.42807283
2021-06-14 02:00:00,22.105,22.152,21.872,21.915,224673.12740639
2021-06-14 03:00:00,21.915,21.943,21.55,21.716,288565.77571464
2021-06-14 04:00:00,21.727,21.886,21.603,21.782,261461.81403701
2021-06-14 05:00:00,21.786,21.923,21.691,21.876,244345.89129872
2021-06-14 06:00:00,21.88,21.88,21.626,21.763,293057.46640186
2021-06-14 07:00:00,21.762,21.783,21.628,21.745,176850.04962786
2021-06-14 08:00:00,21.75,21.769,21.322,21.364,504316.73557175
2021-06-14 09:00:00,21.368,21.581,21.255,21.309,424167.96729305
2021-06-14 10:00:00,21.3,21.584,21.236,21.574,279281.29104103
2021-06-14 11:00:00,21.573,21.635,21.381,21.438,219135.93261748
2021-06-14 12:00:00,21.441,21.805,21.372,21.722,338832.73830686
2021-06-14 13:00:00,21.724,22.549,21.707,22.383,863445.25132124
2021-06-14 14:00:00,22.374,22.607,22.224,22.476,524539.36008934
2021-06-14 15:00:00,22.484,23.087,22.382,23.03,465715.72000797
2021-06-14 16:00:00,23.03,24.901,22.747,24.52,1680776.25849077
2021-06-14 17:00:00,24.52,25.44,24.181,25.032,1719991.79104217
2021-06-14 18:00:00,25.026,25.156,24.082,24.241,660558.05151187
2021-06-14 19:00:00,24.239,24.967,24.166,24.456,561156.25685341
2021-06-14 20:00:00,24.449,25.263,24.349,24.986,628269.43961113
2021-06-14 21:00:00,24.987,25.419,24.902,25.045,393910.1122711
2021-06-14 22:00:00,25.05,25.096,24.583,24.784,381816.93118934
2021-06-14 23:00:00,24.801,26.042,24.801,25.844,777493.90913392
2021-06-15 00:00:00,25.853,26.01,25.22,25.299,836267.37035033
2021-06-15 01:00:00,25.298,25.464,25.093,25.12,535215.39629433
2021-06-15 02:00:00,25.121,25.346,25.026,25.172,312956.70749638
2021-06-15 03:00:00,25.173,25.315,25.086,25.171,455296.75404962
2021-06-15 04:00:00,25.157,25.568,25.08,25.49,286051.76054637
2021-06-15 05:00:00,25.491,25.511,24.734,24.832,411492.31242831
2021-06-15 06:00:00,24.825,25.154,24.792,24.901,308351.83942649
2021-06-15 07:00:00,24.916,24.998,24.58,24.997,300490.24644409
2021-06-15 08:00:00,24.997,25.082,24.461,24.668,387715.78782477
2021-06-15 09:00:00,24.671,24.882,24.294,24.729,477767.7996745
2021-06-15 10:00:00,24.729,24.841,24.51,24.608,244779.68468891
2021-06-15 11:00:00,24.603,24.739,24.118,24.373,694240.37288287
2021-06-15 12:00:00,24.373,24.615,24.052,24.422,474307.48996997
2021-06-15 13:00:00,24.427,24.448,24.185,24.342,294741.66864075
2021-06-15 14:00:00,24.347,24.486,23.619,23.872,751502.50642741
2021-06-15 15:00:00,23.871,24.184,23.647,24.081,528256.52156401
2021-06-15 16:00:00,24.085,24.598,24.034,24.269,561944.51944343
2021-06-15 17:00:00,24.278,24.338,23.771,24.297,479135.17071301
2021-06-15 18:00:00,24.298,24.802,24.192,24.211,656122.73890999
2021-06-15 19:00:00,24.211,24.3,23.768,23.824,307932.40899998
2021-06-15 20:00:00,23.832,24.138,23.528,23.97,414509.21752254
2021-06-15 21:00:00,23.961,24.242,23.9,24.028,171725.77237217
2021-06-15 22:00:00,24.038,24.507,24.038,24.344,302678.67416262
2021-06-15 23:00:00,24.347,24.437,23.915,23.923,330446.76949331
2021-06-16 00:00:00,23.917,24.108,23.627,23.669,317170.02533176
2021-06-16 01:00:00,23.662,23.863,23.406,23.861,395179.33686809
2021-06-16 02:00:00,23.861,24.053,23.72,23.833,200314.05083935
2021-06-16 03:00:00,23.809,23.919,23.637,23.741,239927.34085065
2021-06-16 04:00:00,23.74,24.107,23.737,24.012,313689.83879296
2021-06-16 05:00:00,23.991,24.395,23.946,24.274,390261.33781352
2021-06-16 06:00:00,24.279,24.39,24.103,24.182,280520.6870573
2021-06-16 07:00:00,24.173,24.398,24.155,24.195,425185.45253671
2021-06-16 08:00:00,24.2,24.584,24.161,24.175,361216.7493669
2021-06-16 09:00:00,24.168,24.259,23.93,24.038,400830.98671112
2021-06-16 10:00:00,24.032,24.117,23.631,23.813,471335.66541165
2021-06-16 11:00:00,23.822,23.822,22.81,22.959,1452814.75922632
2021-06-16 12:00:00,22.955,23.18,22.855,23.035,917667.03678792
2021-06-16 13:00:00,23.024,23.302,22.911,23.171,510740.88606393
2021-06-16 14:00:00,23.171,23.478,22.869,23.017,768316.93212964
2021-06-16 15:00:00,23.009,23.42,22.883,23.333,811929.78249302
2021-06-16 16:00:00,23.321,23.631,22.433,22.715,1200215.075173
2021-06-16 17:00:00,22.719,23.136,22.565,23.07,548671.72664478
2021-06-16 18:00:00,23.072,23.39,22.632,23.235,1285797.89661999
2021-06-16 19:00:00,23.233,23.389,23.136,23.193,428499.76041491
2021-06-16 20:00:00,23.191,23.577,23.148,23.268,497638.20140885
2021-06-16 21:00:00,23.278,23.447,23.15,23.412,215548.73348023
2021-06-16 22:00:00,23.412,23.536,23.031,23.049,408867.20101718
2021-06-16 23:00:00,23.059,23.076,22.758,23.027,456971.5457604
2021-06-17 00:00:00,23.015,23.503,22.982,23.37,496588.65282968
2021-06-17 01:00:00,23.362,23.539,23.321,23.367,424009.34983067
2021-06-17 02:00:00,23.354,23.64,23.354,23.566,358068.34952717
2021-06-17 03:00:00,23.562,23.734,23.531,23.578,180882.22112561
2021-06-17 04:00:00,23.58,23.931,23.58,23.732,384099.70190985
2021-06-17 05:00:00,23.727,23.762,23.534,23.583,360412.63881252
2021-06-17 06:00:00,23.583,23.946,23.576,23.876,347883.49253159
2021-06-17 07:00:00,23.88,23.978,23.784,23.877,339088.19306304
2021-06-17 08:00:00,23.884,23.991,23.603,23.772,656435.50010163
2021-06-17 09:00:00,23.772,23.859,23.613,23.802,414254.03913726
2021-06-17 10:00:00,23.806,23.851,23.684,23.762,207959.85583711
2021-06-17 11:00:00,23.765,23.834,23.565,23.641,264900.7034708
2021-06-17 12:00:00,23.628,23.653,23.151,23.263,697930.46556328
2021-06-17 13:00:00,23.262,23.332,23.063,23.244,309763.92008741
2021-06-17 14:00:00,23.238,23.335,23.029,23.26,457861.46301045
2021-06-17 15:00:00,23.26,23.423,23.136,23.343,326931.68719209
2021-06-17 16:00:00,23.347,23.427,22.684,22.811,695168.21458338
2021-06-17 17:00:00,22.817,22.822,22.22,22.303,1118499.90240494
2021-06-17 18:00:00,22.302,22.448,22.12,22.269,598764.33289311
2021-06-17 19:00:00,22.268,22.312,22.051,22.208,352835.41722227
2021-06-17 20:00:00,22.209,22.338,21.925,22.09,558335.55641297
2021-06-17 21:00:00,22.1,22.288,21.976,22.214,120352.13956435
2021-06-17 22:00:00,22.214,22.3,22.019,22.285,302183.4590125
2021-06-17 23:00:00,22.284,22.54,22.238,22.519,367123.2269308
2021-06-18 00:00:00,22.528,22.567,22.134,22.195,278278.5583829
2021-06-18 01:00:00,22.191,22.327,21.884,21.987,351863.39583496
2021-06-18 02:00:00,21.99,22.279,21.784,22.197,490289.1055162
2021-06-18 03:00:00,22.193,22.31,22.17,22.278,345969.43126293
2021-06-18 04:00:00,22.281,22.47,22.164,22.423,294390.49841752
2021-06-18 05:00:00,22.43,22.487,22.084,22.177,228997.1066273
2021-06-18 06:00:00,22.192,22.332,22.025,22.07,253305.19381838
2021-06-18 07:00:00,22.07,22.377,22.07,22.33,274430.94493579
2021-06-18 08:00:00,22.334,22.424,22.05,22.106,283252.71278226
2021-06-18 09:00:00,22.112,22.126,21.618,21.634,580533.25630728
2021-06-18 10:00:00,21.64,22.02,21.434,21.986,701876.0125512
2021-06-18 11:00:00,21.992,22.143,21.775,21.803,295046.15501019
2021-06-18 12:00:00,21.813,21.884,21.51,21.55,505358.37084749
2021-06-18 13:00:00,21.549,21.697,21.306,21.481,554089.18381832
2021-06-18 14:00:00,21.478,21.591,20.95,21.133,711580.07374785
2021-06-18 15:00:00,21.127,21.316,20.722,20.791,502029.9750005
2021-06-18 16:00:00,20.798,21.268,20.722,21.165,564549.26032914
2021-06-18 17:00:00,21.182,21.182,20.678,20.678,328582.77772885
2021-06-18 18:00:00,20.678,20.888,20.188,20.318,913092.65066106
2021-06-18 19:00:00,20.317,20.548,20.242,20.36,471845.2062815
2021-06-18 20:00:00,20.357,20.78,20.31,20.692,388436.5606593
2021-06-18 21:00:00,20.699,21.187,20.653,21.153,186864.22256932
2021-06-18 22:00:00,21.16,21.273,20.987,21.268,416225.24966568
2021-06-18 23:00:00,21.267,21.581,21.207,21.435,470721.89331389
2021-06-19 00:00:00,21.433,21.624,21.273,21.298,277834.07966898
2021-06-19 01:00:00,21.299,21.619,21.294,21.474,301488.47372571
2021-06-19 02:00:00,21.48,21.538,20.864,20.904,313243.00724824
2021-06-19 03:00:00,20.905,21.016,20.635,20.841,542796.13882376
2021-06-19 04:00:00,20.847,21.023,20.705,20.906,499118.07836885
2021-06-19 05:00:00,20.908,21.235,20.908,21.212,329778.58768322
2021-06-19 06:00:00,21.221,21.403,21.082,21.179,366964.05676431
2021-06-19 07:00:00,21.184,21.32,20.966,21.318,343622.23132025
2021-06-19 08:00:00,21.318,21.357,21.091,21.305,242632.41642549
2021-06-19 09:00:00,21.31,21.332,20.928,20.984,263365.84794077
2021-06-19 10:00:00,20.993,21.156,20.889,21.019,347021.45869038
2021-06-19 11:00:00,21.026,21.16,21.012,21.088,284688.05187917
2021-06-19 12:00:00,21.084,21.374,20.92,20.978,497346.9652506
2021-06-19 13:00:00,20.977,21.048,20.85,21.004,222111.36839155
2021-06-19 14:00:00,21.007,21.297,20.975,21.238,304113.24596661
2021-06-19 15:00:00,21.238,21.3,21.019,21.224,257536.53856809
2021-06-19 16:00:00,21.229,21.296,20.809,20.893,310247.09519134
2021-06-19 17:00:00,20.894,20.943,20.696,20.74,243079.80053618
2021-06-19 18:00:00,20.748,20.763,20.44,20.709,437721.47984583
2021-06-19 19:00:00,20.716,20.885,20.611,20.837,366117.93493716
2021-06-19 20:00:00,20.84,20.898,20.651,20.821,243977.96638708
2021-06-19 21:00:00,20.825,20.978,20.791,20.796,134875.14231289
2021-06-19 22:00:00,20.796,20.814,20.508,20.559,215475.70656317
2021-06-19 23:00:00,20.552,20.691,20.186,20.205,452029.7049527
2021-06-20 00:00:00,20.205,20.313,19.966,20.225,620234.89601789
2021-06-20 01:00:00,20.225,20.533,20.201,20.341,471813.39817239
2021-06-20 02:00:00,20.344,20.344,19.987,20.271,481900.88150105
2021-06-20 03:00:00,20.276,20.399,20.081,20.25,299672.16508618
2021-06-20 04:00:00,20.247,20.512,20.21,20.404,327765.95580719
2021-06-20 05:00:00,20.408,20.503,20.315,20.355,225546.66074362
2021-06-20 06:00:00,20.354,20.515,20.244,20.399,280883.53023508
2021-06-20 07:00:00,20.39,20.461,20.195,20.332,253056.10136123
2021-06-20 08:00:00,20.341,20.45,20.081,20.14,487812.15448904
2021-06-20 09:00:00,20.136,20.235,19.978,20.005,396759.80791738
2021-06-20 10:00:00,20.007,20.055,19.172,19.435,1498291.40772953
2021-06-20 11:00:00,19.435,19.48,18.962,19.127,884957.88081637
2021-06-20 12:00:00,19.116,19.389,18.85,19.299,1206123.7628717
2021-06-20 13:00:00,19.302,19.544,19.179,19.282,595247.57986294
2021-06-20 14:00:00,19.284,19.6,19.175,19.6,424627.98620901
2021-06-20 15:00:00,19.599,19.899,19.516,19.871,579343.32959469
2021-06-20 16:00:00,19.87,19.986,19.701,19.794,614373.14383882
2021-06-20 17:00:00,19.79,20.146,19.666,19.942,535803.91449469
2021-06-20 18:00:00,19.943,20.237,19.846,20.202,272276.36567135
2021-06-20 19:00:00,20.201,20.67,20.171,20.66,530150.94402651
2021-06-20 20:00:00,20.672,20.977,20.571,20.943,543184.56809389
2021-06-20 21:00:00,20.939,20.989,20.629,20.629,382909.51615894
2021-06-20 22:00:00,20.622,20.896,20.622,20.84,346126.63282402
2021-06-20 23:00:00,20.848,20.869,20.55,20.596,230987.54675753
2021-06-21 00:00:00,20.596,20.781,20.313,20.508,321453.52532457
2021-06-21 01:00:00,20.512,20.58,20.131,20.146,278828.77915396
2021-06-21 02:00:00,20.156,20.343,19.751,20.008,615278.47251563
2021-06-21 03:00:00,20.003,20.005,19.413,19.43,644765.8525304
2021-06-21 04:00:00,19.424,19.502,18.876,19.366,1285811.2577322
2021-06-21 05:00:00,19.368,19.55,19.064,19.518,857688.90814223
2021-06-21 06:00:00,19.52,19.642,17.932,18.212,2222472.98068405
2021-06-21 07:00:00,18.22,18.486,17.944,18.169,1279281.30880252
2021-06-21 08:00:00,18.183,18.413,18.031,18.11,715508.90932784
2021-06-21 09:00:00,18.108,18.372,17.467,17.92,2327763.34162587
2021-06-21 10:00:00,17.92,17.966,16.869,17.101,2152949.12245819
2021-06-21 11:00:00,17.104,17.55,16.54,17.478,2771417.81124042
2021-06-21 12:00:00,17.479,17.57,17.026,17.132,1475505.17598128
2021-06-21 13:00:00,17.135,18.238,16.899,18.227,1669108.99999462
2021-06-21 14:00:00,18.227,18.237,17.502,17.863,1165927.72710431
2021-06-21 15:00:00,17.864,18.002,17.351,17.621,880874.25122061
2021-06-21 16:00:00,17.626,17.992,16.61,16.701,1472274.4536757
2021-06-21 17:00:00,16.707,17.2,16.656,16.746,1087498.54786204
2021-06-21 18:00:00,16.748,17.332,16.717,17.277,1004407.15500314
2021-06-21 19:00:00,17.272,17.328,16.707,17.131,904592.32670179
2021-06-21 20:00:00,17.132,17.297,16.987,17.04,794100.88867748
2021-06-21 21:00:00,17.039,17.044,15.793,15.831,1245313.40369033
2021-06-21 22:00:00,15.824,16.476,15.342,15.352,1282285.49661547
2021-06-21 23:00:00,15.354,16.02,15.354,15.691,1292098.56646656
2021-06-22 00:00:00,15.691,15.81,14.972,15.617,1459726.1658234
2021-06-22 01:00:00,15.609,16.7,15.609,16.273,1244390.4482505
2021-06-22 02:00:00,16.282,16.749,16.059,16.712,894306.23212954
2021-06-22 03:00:00,16.711,16.923,16.374,16.692,987943.59532682
2021-06-22 04:00:00,16.698,16.748,16.209,16.468,835447.16511661
2021-06-22 05:00:00,16.475,16.638,15.785,15.824,973306.86003922
2021-06-22 06:00:00,15.829,16.261,15.817,16.243,776389.2571779
2021-06-22 07:00:00,16.242,16.249,15.958,16.067,806055.62885387
2021-06-22 08:00:00,16.079,16.099,15.061,15.237,1478477.67817863
2021-06-22 09:00:00,15.229,15.404,14.901,15.097,1445093.64367533
2021-06-22 10:00:00,15.097,15.392,14.268,15.028,2176595.18267264
2021-06-22 11:00:00,15.038,15.147,14.14,14.161,1401208.44327196
2021-06-22 12:00:00,14.167,14.281,12.976,13.514,3839428.38066152
2021-06-22 13:00:00,13.501,13.945,12.952,13.375,2520552.79659021
2021-06-22 14:00:00,13.368,14.958,13.095,14.675,3167283.33687153
2021-06-22 15:00:00,14.67,15.38,14.392,15.035,2669210.75914026
2021-06-22 16:00:00,15.049,15.749,14.919,15.508,1933807.51070446
2021-06-22 17:00:00,15.507,15.638,15.057,15.414,1287251.5097918
2021-06-22 18:00:00,15.422,15.853,15.162,15.702,1127641.98517333
2021-06-22 19:00:00,15.714,15.769,14.975,14.983,807825.78632179
2021-06-22 20:00:00,14.982,15.465,14.913,15.385,711240.63487346
2021-06-22 21:00:00,15.384,15.426,14.634,14.784,424493.16945027
2021-06-22 22:00:00,14.791,15.202,14.695,14.953,660676.53787895
2021-06-22 23:00:00,14.947,15.041,14.311,14.682,855431.34377939
2021-06-23 00:00:00,14.682,15.596,13.952,15.447,1569255.30535428
2021-06-23 01:00:00,15.449,15.96,15.364,15.915,1269027.30795681
2021-06-23 02:00:00,15.923,16.598,15.923,16.305,843259.59053555
2021-06-23 03:00:00,16.305,16.36,16.055,16.165,790022.67556555
2021-06-23 04:00:00,16.157,16.408,16.013,16.146,647512.89108982
2021-06-23 05:00:00,16.149,16.515,15.843,16.504,779452.49561551
2021-06-23 06:00:00,16.5,16.561,16.132,16.159,544141.8894473
2021-06-23 07:00:00,16.161,16.362,16.07,16.246,403758.54808488
2021-06-23 08:00:00,16.25,16.447,15.767,15.777,633348.29869448
2021-06-23 09:00:00,15.772,16.087,15.717,15.865,519784.53558508
2021-06-23 10:00:00,15.878,16.31,15.854,16.273,429776.0994641
2021-06-23 11:00:00,16.272,16.483,15.932,15.968,532271.5027235
2021-06-23 12:00:00,15.966,16.268,15.903,16.254,440995.65532568
2021-06-23 13:00:00,16.253,16.805,16.104,16.156,1047868.21912372
2021-06-23 14:00:00,16.153,16.515,15.987,16.296,536918.62160491
2021-06-23 15:00:00,16.298,16.33,15.727,15.823,660161.43965373
2021-06-23 16:00:00,15.822,16.287,15.7,16.12,499154.88375227
2021-06-23 17:00:00,16.143,16.186,15.925,15.961,199150.53720452
2021-06-23 18:00:00,15.96,15.96,15.211,15.35,636727.14698897
2021-06-23 19:00:00,15.347,15.557,15.016,15.045,465070.4281935
2021-06-23 20:00:00,15.05,15.441,15.032,15.188,591310.11868416
2021-06-23 21:00:00,15.191,15.579,15.137,15.503,331938.79691964
2021-06-23 22:00:00,15.507,15.748,15.367,15.718,377653.03869542
2021-06-23 23:00:00,15.712,15.933,15.485,15.79,336983.37425012
2021-06-24 00:00:00,15.794,15.993,15.413,15.444,496045.76437964
2021-06-24 01:00:00,15.444,15.488,14.851,14.946,857726.52827457
2021-06-24 02:00:00,14.947,15.074,14.707,14.959,958446.68783195
2021-06-24 03:00:00,14.949,15.332,14.896,15.171,587463.22620114
2021-06-24 04:00:00,15.167,15.391,15.015,15.231,558791.238126
2021-06-24 05:00:00,15.239,15.572,15.163,15.571,417311.12934644
2021-06-24 06:00:00,15.571,15.651,15.302,15.52,442221.01562381
2021-06-24 07:00:00,15.523,15.797,15.444,15.537,459162.01238632
2021-06-24 08:00:00,15.54,15.914,15.536,15.902,476707.90768104
2021-06-24 09:00:00,15.904,15.942,15.634,15.672,393055.93554891
2021-06-24 10:00:00,15.676,15.726,15.5,15.543,234700.68021992
2021-06-24 11:00:00,15.532,16.093,15.529,16.027,490715.20689609
2021-06-24 12:00:00,16.037,16.368,16.002,16.276,534306.59868686
2021-06-24 13:00:00,16.288,16.301,15.921,16.166,275375.83986813
2021-06-24 14:00:00,16.174,16.227,15.955,16.105,243193.25101321
2021-06-24 15:00:00,16.116,16.468,15.973,16.032,764676.08447612
2021-06-24 16:00:00,16.035,16.345,15.881,16.276,620449.77344842
2021-06-24 17:00:00,16.27,16.594,16.227,16.417,721594.4020553
2021-06-24 18:00:00,16.424,16.538,16.249,16.417,326825.25697585
2021-06-24 19:00:00,16.418,16.497,16.251,16.38,258218.63421213
2021-06-24 20:00:00,16.401,16.444,16.126,16.344,218559.94777808
2021-06-24 21:00:00,16.346,16.387,16.152,16.231,147347.69464077
2021-06-24 22:00:00,16.228,16.38,16.092,16.265,259122.44383057
2021-06-24 23:00:00,16.265,16.373,16.098,16.213,207723.76057564
2021-06-25 00:00:00,16.218,16.732,16.172,16.183,613531.71025698
2021-06-25 01:00:00,16.187,16.21,15.814,16.174,583186.77698271
2021-06-25 02:00:00,16.172,16.534,16.166,16.351,657127.06380865
2021-06-25 03:00:00,16.354,16.354,16.021,16.24,303136.13382
2021-06-25 04:00:00,16.231,16.265,15.943,16.042,312192.64102798
2021-06-25 05:00:00,16.053,16.143,15.76,15.865,542212.45743144
2021-06-25 06:00:00,15.853,15.994,15.721,15.89,386959.15008687
2021-06-25 07:00:00,15.895,15.895,15.385,15.55,746745.58001451
2021-06-25 08:00:00,15.55,15.711,15.324,15.632,511263.53516312
2021-06-25 09:00:00,15.62,15.775,15.134,15.181,548736.40736112
2021-06-25 10:00:00,15.186,15.448,15.062,15.319,717361.47277591
2021-06-25 11:00:00,15.315,15.418,15.025,15.163,1117996.90804965
2021-06-25 12:00:00,15.16,15.379,14.981,15.167,1062464.41394748
2021-06-25 13:00:00,15.164,15.315,14.956,15.2,710002.22337559
2021-06-25 14:00:00,15.206,15.564,15.018,15.098,946977.16393779
2021-06-25 15:00:00,15.098,15.181,14.901,15.033,988329.82499294
2021-06-25 16:00:00,15.036,15.164,14.587,14.763,1539454.02825794
2021-06-25 17:00:00,14.753,14.982,14.527,14.558,1192959.36496043
2021-06-25 18:00:00,14.563,14.956,14.478,14.899,1021168.04529232
2021-06-25 19:00:00,14.903,15.015,14.657,14.931,564098.09182609
2021-06-25 20:00:00,14.932,15.008,14.781,14.97,308734.02576838
2021-06-25 21:00:00,14.964,14.969,14.669,14.825,315283.43302435
2021-06-25 22:00:00,14.821,14.954,14.52,14.534,582433.35552425
2021-06-25 23:00:00,14.538,14.771,14.411,14.414,668711.44165001
2021-06-26 00:00:00,14.412,14.821,14.229,14.77,969491.0826116
2021-06-26 01:00:00,14.773,14.804,14.269,14.643,609226.91254718
2021-06-26 02:00:00,14.635,14.704,14.305,14.582,509092.70200887
2021-06-26 03:00:00,14.575,14.735,14.531,14.636,350498.59261536
2021-06-26 04:00:00,14.637,14.85,14.628,14.808,446758.80147144
2021-06-26 05:00:00,14.808,14.982,14.718,14.755,305033.42033055
2021-06-26 06:00:00,14.76,14.87,14.464,14.493,454774.17436385
2021-06-26 07:00:00,14.493,14.55,13.96,14.057,1557049.87326011
2021-06-26 08:00:00,14.063,14.192,13.679,13.848,1487964.95756525
2021-06-26 09:00:00,13.845,14.253,13.776,14.153,1058247.08018152
2021-06-26 10:00:00,14.151,14.253,13.905,14.126,647350.33619417
2021-06-26 11:00:00,14.129,14.49,14.126,14.442,758998.56493067
2021-06-26 12:00:00,14.435,14.568,14.278,14.297,736808.01616465
2021-06-26 13:00:00,14.3,14.51,13.823,13.892,1062207.36494406
2021-06-26 14:00:00,13.891,14.253,13.701,14.14,1076463.92609565
2021-06-26 15:00:00,14.14,14.214,13.893,14.097,778539.75084741
2021-06-26 16:00:00,14.103,14.103,13.602,13.941,903582.20017411
2021-06-26 17:00:00,13.94,14.223,13.707,14.211,707949.65306108
2021-06-26 18:00:00,14.211,14.285,14.053,14.111,435018.99940528
2021-06-26 19:00:00,14.11,14.193,14.027,14.096,283229.03833836
2021-06-26 20:00:00,14.102,14.13,13.762,13.898,447314.43620929
2021-06-26 21:00:00,13.901,14.089,13.742,14.076,247587.52410973
2021-06-26 22:00:00,14.07,14.231,14.06,14.212,364341.56960442
2021-06-26 23:00:00,14.209,14.517,14.125,14.498,417388.21361298
2021-06-27 00:00:00,14.496,14.698,14.343,14.638,532355.5876074
2021-06-27 01:00:00,14.636,14.857,14.62,14.773,584960.50887889
2021-06-27 02:00:00,14.775,14.897,14.645,14.732,347369.18324953
2021-06-27 03:00:00,14.732,14.754,14.541,14.693,313926.83784919
2021-06-27 04:00:00,14.694,14.788,14.613,14.764,347683.48748598
2021-06-27 05:00:00,14.772,14.8,14.562,14.612,269684.67460251
2021-06-27 06:00:00,14.613,14.758,14.511,14.611,273741.1261312
2021-06-27 07:00:00,14.611,14.77,14.606,14.724,223969.90122197
2021-06-27 08:00:00,14.727,14.749,14.561,14.571,289526.60842879
2021-06-27 09:00:00,14.568,14.665,14.328,14.361,653398.3729832
2021-06-27 10:00:00,14.357,14.445,14.269,14.324,544049.92941021
2021-06-27 11:00:00,14.325,14.527,14.251,14.446,440465.20311484
2021-06-27 12:00:00,14.45,14.507,14.342,14.399,290392.38909566
2021-06-27 13:00:00,14.397,14.444,14.247,14.282,370762.94202162
2021-06-27 14:00:00,14.277,14.339,14.019,14.293,649062.40872447
2021-06-27 15:00:00,14.293,14.435,14.238,14.387,352903.84446962
2021-06-27 16:00:00,14.387,14.488,14.233,14.3,385487.29214741
2021-06-27 17:00:00,14.299,14.299,14.162,14.248,250298.81861919
2021-06-27 18:00:00,14.245,14.262,14.062,14.202,320603.2231224
2021-06-27 19:00:00,14.201,14.252,14.096,14.227,159021.07596407
2021-06-27 20:00:00,14.222,14.239,14.119,14.155,287426.88228638
2021-06-27 21:00:00,14.153,14.376,14.144,14.345,167905.00859545
2021-06-27 22:00:00,14.346,14.86,14.322,14.844,941480.79029091
2021-06-27 23:00:00,14.841,15.014,14.734,14.999,408410.11083222
2021-06-28 00:00:00,14.997,15.22,14.879,15.089,349041.11836714
2021-06-28 01:00:00,15.091,15.208,14.9,14.909,344262.93601346
2021-06-28 02:00:00,14.903,15.036,14.861,14.89,241084.91897822
2021-06-28 03:00:00,14.896,14.93,14.751,14.787,208158.12544789
2021-06-28 04:00:00,14.787,14.806,14.654,14.795,274608.64195134
2021-06-28 05:00:00,14.795,14.946,14.784,14.882,276629.08328811
2021-06-28 06:00:00,14.878,14.979,14.844,14.89,128805.61157645
2021-06-28 07:00:00,14.892,15.38,14.82,15.279,573783.22835175
2021-06-28 08:00:00,15.271,15.482,15.106,15.395,311822.53856252
2021-06-28 09:00:00,15.397,15.408,15.115,15.174,272756.39366186
2021-06-28 10:00:00,15.167,15.206,14.864,14.948,620684.48089771
2021-06-28 11:00:00,14.947,15.007,14.593,14.792,1047065.03727798
2021-06-28 12:00:00,14.791,14.985,14.686,14.979,348597.86524937
2021-06-28 13:00:00,14.974,15.015,14.835,14.879,186727.55476204
2021-06-28 14:00:00,14.871,15.148,14.815,15.127,257499.81521313
2021-06-28 15:00:00,15.123,15.838,15.121,15.827,639083.48861582
2021-06-28 16:00:00,15.827,15.864,15.411,15.512,452538.21467476
2021-06-28 17:00:00,15.515,15.549,15.155,15.236,354588.25594754
2021-06-28 18:00:00,15.242,15.368,15.153,15.216,329955.71715894
2021-06-28 19:00:00,15.214,15.814,15.19,15.792,421571.49502281
2021-06-28 20:00:00,15.791,15.791,15.501,15.71,298402.791104
2021-06-28 21:00:00,15.711,16.015,15.701,15.853,267032.51173878
2021-06-28 22:00:00,15.853,15.853,15.548,15.783,510402.64936957
2021-06-28 23:00:00,15.784,15.809,15.58,15.799,308305.60291158
2021-06-29 00:00:00,15.8,16.4,15.711,16.213,696156.15291132
2021-06-29 01:00:00,16.214,16.234,16.017,16.132,442440.21515809
2021-06-29 02:00:00,16.131,16.3,15.911,15.919,362142.64508346
2021-06-29 03:00:00,15.936,16.187,15.9,16.038,252479.09343312
2021-06-29 04:00:00,16.04,16.324,16.032,16.115,321346.24156145
2021-06-29 05:00:00,16.122,16.181,15.918,16.106,328203.29370479
2021-06-29 06:00:00,16.103,16.379,16.091,16.305,351663.86080146
2021-06-29 07:00:00,16.299,16.397,16.112,16.188,452753.79651511
2021-06-29 08:00:00,16.187,16.504,16.059,16.396,487028.75415852
2021-06-29 09:00:00,16.397,16.47,16.211,16.289,433179.94043387
2021-06-29 10:00:00,16.288,16.503,16.217,16.478,383105.08824615
2021-06-29 11:00:00,16.475,16.591,16.335,16.533,338136.79206462
2021-06-29 12:00:00,16.533,16.63,16.355,16.411,595531.83020911
2021-06-29 13:00:00,16.413,17.016,16.301,16.908,973697.78113796
2021-06-29 14:00:00,16.908,16.99,16.811,16.835,492995.92191999
2021-06-29 15:00:00,16.833,16.865,16.444,16.728,416150.57868023
2021-06-29 16:00:00,16.727,16.995,16.516,16.925,621677.68608182
2021-06-29 17:00:00,16.925,17.026,16.778,16.812,524836.76685069
2021-06-29 18:00:00,16.816,16.846,16.486,16.533,491606.15023432
2021-06-29 19:00:00,16.537,16.614,16.326,16.548,448742.9540901
2021-06-29 20:00:00,16.546,16.594,16.151,16.193,446456.75918776
2021-06-29 21:00:00,16.193,16.536,16.168,16.489,275851.95560566
2021-06-29 22:00:00,16.5,16.505,16.021,16.054,479923.87435582
2021-06-29 23:00:00,16.057,16.376,16.037,16.301,612368.1669335
2021-06-30 00:00:00,16.304,16.497,16.007,16.354,481015.30089198
2021-06-30 01:00:00,16.354,16.419,16.071,16.419,363765.44345616
2021-06-30 02:00:00,16.403,16.625,16.251,16.549,340776.0434366
2021-06-30 03:00:00,16.552,16.557,16.034,16.082,515677.85074637
2021-06-30 04:00:00,16.084,16.169,15.616,15.663,795806.47420396
2021-06-30 05:00:00,15.664,15.799,15.598,15.71,610993.09185424
2021-06-30 06:00:00,15.71,15.924,15.677,15.8,404492.83380677
2021-06-30 07:00:00,15.804,15.988,15.57,15.946,499380.22717679
2021-06-30 08:00:00,15.958,15.959,15.534,15.586,496266.39557649
2021-06-30 09:00:00,15.582,15.772,15.457,15.581,585305.94985361
2021-06-30 10:00:00,15.574,15.673,15.475,15.601,446636.54619115
2021-06-30 11:00:00,15.601,15.699,15.43,15.564,474157.75576815
2021-06-30 12:00:00,15.571,15.659,15.428,15.454,394980.45849319
2021-06-30 13:00:00,15.454,15.55,15.184,15.531,696436.55663506
2021-06-30 14:00:00,15.531,15.602,15.305,15.356,404579.70616942
2021-06-30 15:00:00,15.356,15.377,15.08,15.172,821821.66994548
2021-06-30 16:00:00,15.169,15.403,15.11,15.214,494842.61767979
2021-06-30 17:00:00,15.212,15.652,15.206,15.645,536772.01926263
2021-06-30 18:00:00,15.644,15.795,15.546,15.783,407150.77250776
2021-06-30 19:00:00,15.784,15.99,15.723,15.898,508205.02154405
2021-06-30 20:00:00,15.896,16.272,15.869,16.076,823452.29348276
2021-06-30 21:00:00,16.069,16.305,16.064,16.112,311123.92261279
2021-06-30 22:00:00,16.118,16.279,15.966,16.178,419761.95533098
2021-06-30 23:00:00,16.179,16.435,16.142,16.392,335388.92918052
2021-07-01 00:00:00,16.391,16.399,16.103,16.109,379225.25219727
2021-07-01 01:00:00,16.105,16.275,16.105,16.195,210713.10588445
2021-07-01 02:00:00,16.196,16.214,15.696,15.752,484752.99500176
2021-07-01 03:00:00,15.739,15.839,15.512,15.536,292603.07435862
2021-07-01 04:00:00,15.535,15.766,15.511,15.748,357478.93059372
2021-07-01 05:00:00,15.751,15.805,15.565,15.73,231639.60606069
2021-07-01 06:00:00,15.722,15.856,15.234,15.279,702815.8613768
2021-07-01 07:00:00,15.272,15.431,15.16,15.211,852910.64690626
2021-07-01 08:00:00,15.212,15.374,15.159,15.374,607044.10469657
2021-07-01 09:00:00,15.366,15.392,15.141,15.275,477350.54832918
2021-07-01 10:00:00,15.276,15.383,15.162,15.255,346901.88202594
2021-07-01 11:00:00,15.255,15.619,15.245,15.576,508652.96548216
2021-07-01 12:00:00,15.576,15.634,15.388,15.564,419298.91792035
2021-07-01 13:00:00,15.569,15.598,15.281,15.281,281103.862445
2021-07-01 14:00:00,15.28,15.444,15.165,15.255,470353.58044424
2021-07-01 15:00:00,15.254,15.512,15.218,15.364,424860.06164301
2021-07-01 16:00:00,15.35,15.408,15.121,15.139,477008.76914332
2021-07-01 17:00:00,15.14,15.402,15.096,15.37,454166.48544381
2021-07-01 18:00:00,15.37,15.524,15.319,15.367,312693.74563201
2021-07-01 19:00:00,15.367,15.396,14.834,14.983,716377.78924592
2021-07-01 20:00:00,14.982,15.143,14.897,15.045,485087.65872307
2021-07-01 21:00:00,15.042,15.297,15.002,15.282,266173.2673023
2021-07-01 22:00:00,15.274,15.352,15.232,15.3,250226.6474541
2021-07-01 23:00:00,15.309,15.335,15.123,15.167,228942.6774231
2021-07-02 00:00:00,15.163,15.446,15.134,15.437,333815.74382447
2021-07-02 01:00:00,15.446,15.45,15.005,15.02,208731.20025256
2021-07-02 02:00:00,15.03,15.168,15.0,15.075,282645.79499282
2021-07-02 03:00:00,15.078,15.079,14.674,14.749,529846.02247135
2021-07-02 04:00:00,14.745,14.937,14.715,14.864,308443.63207516
2021-07-02 05:00:00,14.865,14.896,14.631,14.733,310136.2013932
2021-07-02 06:00:00,14.732,14.799,14.61,14.749,390200.23056059
2021-07-02 07:00:00,14.749,14.995,14.683,14.961,317969.34985087
2021-07-02 08:00:00,14.958,15.061,14.881,14.914,388981.50570245
2021-07-02 09:00:00,14.916,14.926,14.654,14.715,430801.99145367
2021-07-02 10:00:00,14.716,14.837,14.644,14.759,356778.729338
2021-07-02 11:00:00,14.764,14.892,14.676,14.77,489991.6092015
2021-07-02 12:00:00,14.767,14.924,14.712,14.908,444541.86006229
2021-07-02 13:00:00,14.907,15.123,14.847,15.08,505856.97528579
2021-07-02 14:00:00,15.075,15.301,14.971,15.267,446220.93071351
2021-07-02 15:00:00,15.27,15.306,15.112,15.26,276156.83633142
2021-07-02 16:00:00,15.262,15.265,15.113,15.19,222896.32377125
2021-07-02 17:00:00,15.189,15.22,15.051,15.119,153173.77197647
2021-07-02 18:00:00,15.124,15.124,14.932,15.007,260901.92908454
2021-07-02 19:00:00,15.008,15.113,14.988,15.097,176811.33045243
2021-07-02 20:00:00,15.103,15.111,14.866,14.925,259165.31323194
2021-07-02 21:00:00,14.932,15.193,14.921,15.157,118623.72608815
2021-07-02 22:00:00,15.152,15.299,15.131,15.292,258961.57853059
2021-07-02 23:00:00,15.293,15.325,15.204,15.284,239967.3360554
2021-07-03 00:00:00,15.282,15.336,15.067,15.122,197847.84970888
2021-07-03 01:00:00,15.119,15.2,15.063,15.155,179488.97680482
2021-07-03 02:00:00,15.152,15.241,15.107,15.157,174572.30300516
2021-07-03 03:00:00,15.158,15.189,15.04,15.146,257307.57973887
2021-07-03 04:00:00,15.146,15.155,15.01,15.086,205420.14888062
2021-07-03 05:00:00,15.084,15.151,15.027,15.143,132559.83722581
2021-07-03 06:00:00,15.146,15.158,15.085,15.11,142440.51413882
2021-07-03 07:00:00,15.116,15.545,15.059,15.447,578363.05592718
2021-07-03 08:00:00,15.445,15.548,15.338,15.521,354188.98542923
2021-07-03 09:00:00,15.517,15.613,15.461,15.584,261590.11643299
2021-07-03 10:00:00,15.584,15.64,15.534,15.587,217657.24914043
2021-07-03 11:00:00,15.587,15.601,15.442,15.553,212361.30511109
2021-07-03 12:00:00,15.55,15.642,15.504,15.534,234751.38355416
2021-07-03 13:00:00,15.528,15.602,15.473,15.6,280992.35460004
2021-07-03 14:00:00,15.599,15.644,15.491,15.637,211964.12090923
2021-07-03 15:00:00,15.631,15.749,15.556,15.64,222160.67068012
2021-07-03 16:00:00,15.649,15.671,15.56,15.569,171395.43150196
2021-07-03 17:00:00,15.566,15.723,15.566,15.674,196098.40137074
2021-07-03 18:00:00,15.668,15.692,15.511,15.526,117267.07646234
2021-07-03 19:00:00,15.528,15.649,15.516,15.605,100365.1731764
2021-07-03 20:00:00,15.596,15.609,15.511,15.597,145721.24734436
2021-07-03 21:00:00,15.596,15.689,15.485,15.493,160345.19800772
2021-07-03 22:00:00,15.491,15.518,15.302,15.427,342866.31773972
2021-07-03 23:00:00,15.429,15.531,15.25,15.522,280984.07984483
2021-07-04 00:00:00,15.522,15.536,15.321,15.335,175689.83465316
2021-07-04 01:00:00,15.332,15.37,15.175,15.206,254931.4554057
2021-07-04 02:00:00,15.204,15.343,15.159,15.304,127887.44111094
2021-07-04 03:00:00,15.293,15.347,15.266,15.274,129018.55584433
2021-07-04 04:00:00,15.273,15.432,15.268,15.416,129502.45828116
2021-07-04 05:00:00,15.423,15.857,15.383,15.785,378879.60688786
2021-07-04 06:00:00,15.785,15.866,15.719,15.816,309803.69708016
2021-07-04 07:00:00,15.819,15.997,15.818,15.926,337311.72012617
2021-07-04 08:00:00,15.94,15.989,15.791,15.873,306271.84444365
2021-07-04 09:00:00,15.874,15.895,15.675,15.782,228205.58248701
2021-07-04 10:00:00,15.782,15.903,15.751,15.88,173387.10048064
2021-07-04 11:00:00,15.881,15.896,15.754,15.837,128585.92437782
2021-07-04 12:00:00,15.835,15.863,15.62,15.646,190840.85346683
2021-07-04 13:00:00,15.647,15.79,15.647,15.726,158115.15286291
2021-07-04 14:00:00,15.726,15.882,15.701,15.861,199701.53850225
2021-07-04 15:00:00,15.856,15.961,15.822,15.95,165465.78364175
2021-07-04 16:00:00,15.955,16.182,15.862,16.078,385212.2056018
2021-07-04 17:00:00,16.077,16.367,16.008,16.274,303211.67789329
2021-07-04 18:00:00,16.273,16.276,16.151,16.224,180034.49007149
2021-07-04 19:00:00,16.234,16.296,16.193,16.268,156069.24458731
2021-07-04 20:00:00,16.268,16.479,16.23,16.391,335463.04420775
2021-07-04 21:00:00,16.387,16.577,16.361,16.545,211704.26368155
2021-07-04 22:00:00,16.54,16.54,16.021,16.057,458027.71770664
2021-07-04 23:00:00,16.053,16.143,15.949,15.986,365788.494335
2021-07-05 00:00:00,15.974,15.974,15.765,15.781,500844.70658675
2021-07-05 01:00:00,15.779,15.874,15.643,15.684,433998.26189149
2021-07-05 02:00:00,15.681,15.763,15.539,15.624,435840.18797957
2021-07-05 03:00:00,15.62,15.693,15.5,15.558,317491.04069429
2021-07-05 04:00:00,15.558,15.608,15.366,15.452,446121.55122904
2021-07-05 05:00:00,15.451,15.543,15.361,15.516,375476.8767604
2021-07-05 06:00:00,15.515,15.643,15.437,15.576,225930.90161292
2021-07-05 07:00:00,15.573,15.573,15.413,15.531,208142.35755688
2021-07-05 08:00:00,15.533,15.569,15.397,15.493,276235.28317553
2021-07-05 09:00:00,15.493,15.596,15.48,15.533,171717.20386249
2021-07-05 10:00:00,15.53,15.746,15.5,15.728,243030.22886936
2021-07-05 11:00:00,15.733,15.733,14.74,14.878,1448885.0672366
2021-07-05 12:00:00,14.878,14.987,14.816,14.842,546347.32470385
2021-07-05 13:00:00,14.841,15.123,14.816,15.034,408719.72970108
2021-07-05 14:00:00,15.034,15.151,14.982,15.106,227374.94201708
2021-07-05 15:00:00,15.105,15.14,14.905,14.951,368569.56722467
2021-07-05 16:00:00,14.94,15.104,14.915,15.049,272875.77088229
2021-07-05 17:00:00,15.048,15.331,14.797,15.26,622802.22802629
2021-07-05 18:00:00,15.259,15.416,15.252,15.291,495001.88973705
2021-07-05 19:00:00,15.291,15.511,15.278,15.486,354532.53098903
2021-07-05 20:00:00,15.491,15.52,15.301,15.338,308708.06753532
2021-07-05 21:00:00,15.337,15.529,15.337,15.514,151005.05635548
2021-07-05 22:00:00,15.518,15.556,15.377,15.378,228681.16782776
2021-07-05 23:00:00,15.379,15.468,15.194,15.212,224087.22069661
2021-07-06 00:00:00,15.219,15.539,15.178,15.455,302021.54473279
2021-07-06 01:00:00,15.443,15.476,15.3,15.303,225289.10482454
2021-07-06 02:00:00,15.303,15.37,15.299,15.359,241982.10532101
2021-07-06 03:00:00,15.361,15.48,15.341,15.462,161105.21897251
2021-07-06 04:00:00,15.474,15.785,15.468,15.774,578241.13154979
2021-07-06 05:00:00,15.778,16.096,15.778,15.936,524963.22869826
2021-07-06 06:00:00,15.948,16.115,15.858,15.895,309819.38781826
2021-07-06 07:00:00,15.913,15.999,15.87,15.89,261140.72011837
2021-07-06 08:00:00,15.89,16.186,15.84,16.129,388548.58651604
2021-07-06 09:00:00,16.129,16.142,15.266,15.48,1231125.2701354
2021-07-06 10:00:00,15.479,15.502,15.251,15.379,612816.26446312
2021-07-06 11:00:00,15.378,15.589,15.263,15.46,377290.35049881
2021-07-06 12:00:00,15.451,15.733,15.311,15.68,608482.00564288
2021-07-06 13:00:00,15.68,15.766,15.55,15.648,503739.92934126
2021-07-06 14:00:00,15.647,15.747,15.556,15.672,316695.30855563
2021-07-06 15:00:00,15.661,15.665,15.546,15.584,297894.42917615
2021-07-06 16:00:00,15.587,15.711,15.468,15.662,414369.32239158
2021-07-06 17:00:00,15.665,15.764,15.381,15.742,506867.75512984
2021-07-06 18:00:00,15.746,16.052,15.704,15.82,424896.46329787
2021-07-06 19:00:00,15.82,15.875,15.73,15.825,150178.84238368
2021-07-06 20:00:00,15.829,15.98,15.644,15.711,269070.59298359
2021-07-06 21:00:00,15.707,15.707,15.456,15.586,229598.76450409
2021-07-06 22:00:00,15.588,15.852,15.541,15.807,155921.60832783
2021-07-06 23:00:00,15.795,16.15,15.747,16.139,297065.29386616
2021-07-07 00:00:00,16.131,16.476,16.087,16.369,872540.02420691
2021-07-07 01:00:00,16.37,16.493,16.173,16.297,474650.05593302
2021-07-07 02:00:00,16.306,16.395,16.132,16.395,429279.41144472
2021-07-07 03:00:00,16.396,16.697,16.283,16.633,563933.36452272
2021-07-07 04:00:00,16.628,16.917,16.55,16.877,587570.60235127
2021-07-07 05:00:00,16.888,16.955,16.674,16.804,465945.17659257
2021-07-07 06:00:00,16.801,16.929,16.683,16.698,494937.46956564
2021-07-07 07:00:00,16.699,16.885,16.516,16.65,536134.57824834
2021-07-07 08:00:00,16.648,16.765,16.568,16.645,409400.66405097
2021-07-07 09:00:00,16.647,17.02,16.628,16.843,655431.79467083
2021-07-07 10:00:00,16.841,16.87,16.558,16.665,518176.1873348
2021-07-07 11:00:00,16.661,16.905,16.656,16.846,515616.26413152
2021-07-07 12:00:00,16.843,16.93,16.771,16.896,558138.69133604
2021-07-07 13:00:00,16.9,17.291,16.9,17.223,794332.70860743
2021-07-07 14:00:00,17.223,17.271,16.838,16.884,683242.16806515
2021-07-07 15:00:00,16.883,16.969,16.692,16.818,458498.36837823
2021-07-07 16:00:00,16.819,16.994,16.686,16.951,411224.53235777
2021-07-07 17:00:00,16.945,17.103,16.714,17.103,357513.16056242
2021-07-07 18:00:00,17.105,17.468,16.999,17.429,581314.94498147
2021-07-07 19:00:00,17.424,17.65,17.379,17.56,441669.10679017
2021-07-07 20:00:00,17.563,17.563,17.153,17.301,360112.73915288
2021-07-07 21:00:00,17.301,17.317,16.86,17.069,381120.36949139
2021-07-07 22:00:00,17.065,17.127,16.831,16.986,569935.89243442
2021-07-07 23:00:00,16.989,16.991,16.751,16.868,757260.96601091
2021-07-08 00:00:00,16.862,16.898,16.109,16.169,1398656.34167754
2021-07-08 01:00:00,16.169,16.415,16.141,16.2,534503.90644654
2021-07-08 02:00:00,16.203,16.333,16.157,16.297,319680.86369638
2021-07-08 03:00:00,16.3,16.321,15.949,16.2,1012795.93560888
2021-07-08 04:00:00,16.189,16.189,15.862,16.041,644530.37025453
2021-07-08 05:00:00,16.037,16.147,15.716,15.724,453607.15817815
2021-07-08 06:00:00,15.725,16.067,15.696,15.823,859097.7754683
2021-07-08 07:00:00,15.823,15.975,15.316,15.501,1208680.2046699
2021-07-08 08:00:00,15.494,15.601,15.286,15.515,825900.73392464
2021-07-08 09:00:00,15.509,15.584,15.406,15.497,686180.25328759
2021-07-08 10:00:00,15.482,15.562,15.376,15.385,557025.43954942
2021-07-08 11:00:00,15.384,15.616,15.154,15.583,985058.33201932
2021-07-08 12:00:00,15.588,15.625,15.438,15.471,618893.41553318
2021-07-08 13:00:00,15.478,15.498,15.244,15.378,510629.84107857
2021-07-08 14:00:00,15.377,15.505,15.355,15.495,637462.02835223
2021-07-08 15:00:00,15.494,15.597,15.419,15.582,439093.85476921
2021-07-08 16:00:00,15.582,15.617,15.432,15.576,409869.73305526
2021-07-08 17:00:00,15.569,15.607,15.457,15.56,420517.88886552
2021-07-08 18:00:00,15.556,15.595,15.349,15.419,309602.9647529
2021-07-08 19:00:00,15.422,15.626,15.304,15.593,530918.6139954
2021-07-08 20:00:00,15.595,15.613,15.392,15.411,197080.99004863
2021-07-08 21:00:00,15.41,15.556,15.292,15.299,226468.18472627
2021-07-08 22:00:00,15.298,15.356,14.981,15.008,456658.43610136
2021-07-08 23:00:00,15.012,15.417,15.012,15.308,315042.83295813
2021-07-09 00:00:00,15.309,15.33,14.904,14.935,980193.04185166
2021-07-09 01:00:00,14.939,15.056,14.808,15.026,761328.31384659
2021-07-09 02:00:00,15.031,15.319,14.946,15.314,485874.29314573
2021-07-09 03:00:00,15.311,15.398,15.245,15.332,464715.45759437
2021-07-09 04:00:00,15.331,15.528,15.304,15.485,332949.89693046
2021-07-09 05:00:00,15.486,15.53,15.378,15.386,377075.64455351
2021-07-09 06:00:00,15.389,15.392,15.236,15.309,369304.09427588
2021-07-09 07:00:00,15.309,15.357,15.251,15.329,259946.24336978
2021-07-09 08:00:00,15.328,15.366,15.115,15.314,557328.02001206
2021-07-09 09:00:00,15.313,15.587,15.309,15.467,531382.63105489
2021-07-09 10:00:00,15.467,15.527,15.309,15.389,349929.67137101
2021-07-09 11:00:00,15.386,15.391,15.204,15.246,357027.72187585
2021-07-09 12:00:00,15.253,15.488,15.126,15.484,541383.26975129
2021-07-09 13:00:00,15.483,15.624,15.446,15.521,737837.87870469
2021-07-09 14:00:00,15.521,15.723,15.46,15.632,708656.56007303
2021-07-09 15:00:00,15.633,15.738,15.569,15.702,430539.89220604
2021-07-09 16:00:00,15.707,15.798,15.531,15.62,379023.48708248
2021-07-09 17:00:00,15.62,15.625,15.455,15.502,273091.86363644
2021-07-09 18:00:00,15.51,15.522,15.401,15.427,195603.18815121
2021-07-09 19:00:00,15.422,15.51,15.374,15.476,210865.03106947
2021-07-09 20:00:00,15.473,15.625,15.46,15.592,209378.90846186
2021-07-09 21:00:00,15.597,15.795,15.516,15.685,166320.90672949
2021-07-09 22:00:00,15.684,15.916,15.637,15.802,345941.84799993
2021-07-09 23:00:00,15.802,15.85,15.659,15.685,273431.68243036
2021-07-10 00:00:00,15.685,15.997,15.636,15.849,504287.38867575
2021-07-10 01:00:00,15.853,15.877,15.565,15.595,527507.25957581
2021-07-10 02:00:00,15.593,15.619,15.304,15.407,826913.04028355
2021-07-10 03:00:00,15.414,15.548,15.384,15.473,303176.00451688
2021-07-10 04:00:00,15.466,15.504,15.25,15.296,447496.00400904
2021-07-10 05:00:00,15.294,15.413,15.202,15.344,456480.21660945
2021-07-10 06:00:00,15.34,15.579,15.327,15.525,303456.13848327
2021-07-10 07:00:00,15.527,15.53,15.381,15.467,375823.10315099
2021-07-10 08:00:00,15.464,15.57,15.391,15.454,287791.39125642
2021-07-10 09:00:00,15.45,15.487,15.33,15.344,213627.90680996
2021-07-10 10:00:00,15.338,15.464,15.251,15.268,402767.94226656
2021-07-10 11:00:00,15.264,15.503,15.258,15.364,398281.70331508
2021-07-10 12:00:00,15.357,15.445,15.306,15.417,236654.13760987
2021-07-10 13:00:00,15.416,15.441,15.224,15.273,265195.59233409
2021-07-10 14:00:00,15.277,15.318,15.222,15.309,306219.96292927
2021-07-10 15:00:00,15.309,15.369,15.279,15.347,251696.99093548
2021-07-10 16:00:00,15.337,15.572,15.312,15.473,458050.76464898
2021-07-10 17:00:00,15.471,15.471,15.072,15.191,696589.5151807
2021-07-10 18:00:00,15.175,15.232,15.113,15.232,242406.82898605
2021-07-10 19:00:00,15.234,15.295,15.161,15.177,340444.81702983
2021-07-10 20:00:00,15.178,15.191,15.031,15.14,562563.10377269
2021-07-10 21:00:00,15.141,15.268,15.101,15.24,244694.82461853
2021-07-10 22:00:00,15.239,15.388,15.239,15.363,365248.18150172
2021-07-10 23:00:00,15.362,15.385,15.25,15.283,278476.95964496
2021-07-11 00:00:00,15.284,15.448,15.247,15.397,401437.24875711
2021-07-11 01:00:00,15.393,15.453,15.326,15.347,365866.06961096
2021-07-11 02:00:00,15.347,15.398,15.284,15.299,224298.1779695
2021-07-11 03:00:00,15.299,15.344,15.194,15.242,218651.42218957
2021-07-11 04:00:00,15.246,15.267,15.146,15.228,301093.62586098
2021-07-11 05:00:00,15.231,15.392,15.194,15.336,256203.10331585
2021-07-11 06:00:00,15.339,15.409,15.29,15.366,314627.39987429
2021-07-11 07:00:00,15.366,15.426,15.308,15.385,301343.26766878
2021-07-11 08:00:00,15.387,15.488,15.321,15.44,417916.55984859
2021-07-11 09:00:00,15.441,15.496,15.387,15.419,331917.25352218
2021-07-11 10:00:00,15.426,15.485,15.323,15.416,295931.82024599
2021-07-11 11:00:00,15.422,15.445,15.362,15.438,227559.85755503
2021-07-11 12:00:00,15.435,15.467,15.381,15.427,209710.65085682
2021-07-11 13:00:00,15.426,15.43,15.368,15.422,304794.06863717
2021-07-11 14:00:00,15.42,15.53,15.388,15.518,575095.31809917
2021-07-11 15:00:00,15.518,15.637,15.482,15.591,418648.28742051
2021-07-11 16:00:00,15.591,15.702,15.525,15.591,476361.34573064
2021-07-11 17:00:00,15.594,15.62,15.503,15.508,271944.57274193
2021-07-11 18:00:00,15.51,15.57,15.467,15.543,259058.70151099
2021-07-11 19:00:00,15.55,15.568,15.418,15.469,237270.08193042
2021-07-11 20:00:00,15.473,15.499,15.419,15.422,147569.96908282
2021-07-11 21:00:00,15.426,15.687,15.36,15.636,472352.01016826
2021-07-11 22:00:00,15.642,15.699,15.506,15.545,431089.58179326
2021-07-11 23:00:00,15.549,15.558,15.461,15.499,284264.60875772
2021-07-12 00:00:00,15.5,15.534,15.401,15.463,274910.16902634
2021-07-12 01:00:00,15.461,15.571,15.417,15.497,250897.0232931
2021-07-12 02:00:00,15.501,15.515,15.441,15.487,288435.71599496
2021-07-12 03:00:00,15.491,15.632,15.476,15.561,412407.43728635
2021-07-12 04:00:00,15.581,15.625,15.495,15.502,312753.61845615
2021-07-12 05:00:00,15.501,15.561,15.43,15.561,263998.7592098
2021-07-12 06:00:00,15.56,15.649,15.491,15.602,272874.41407263
2021-07-12 07:00:00,15.603,15.635,15.536,15.573,323346.99499246
2021-07-12 08:00:00,15.577,15.642,15.531,15.548,231461.03874797
2021-07-12 09:00:00,15.547,15.59,15.336,15.344,410375.07631984
2021-07-12 10:00:00,15.346,15.346,15.087,15.171,667992.48308489
2021-07-12 11:00:00,15.171,15.209,15.11,15.133,283167.42196663
2021-07-12 12:00:00,15.13,15.21,15.114,15.201,331527.85316439
2021-07-12 13:00:00,15.198,15.215,15.153,15.201,536303.99485881
2021-07-12 14:00:00,15.196,15.205,15.107,15.142,402784.48681339
2021-07-12 15:00:00,15.138,15.199,15.051,15.09,315456.63930985
2021-07-12 16:00:00,15.086,15.168,14.669,14.807,983649.00460706
2021-07-12 17:00:00,14.805,14.866,14.713,14.744,417556.53662249
2021-07-12 18:00:00,14.743,14.81,14.582,14.67,371670.48972224
2021-07-12 19:00:00,14.673,14.833,14.441,14.539,520253.4529904
2021-07-12 20:00:00,14.529,14.617,14.399,14.579,557615.1618093
2021-07-12 21:00:00,14.579,14.75,14.577,14.736,151138.5869975
2021-07-12 22:00:00,14.741,14.906,14.731,14.878,480266.72162805
2021-07-12 23:00:00,14.885,14.94,14.823,14.847,445339.48894388
2021-07-13 00:00:00,14.839,15.1,14.7,15.02,620746.31566293
2021-07-13 01:00:00,15.026,15.026,14.805,14.915,350623.26207127
2021-07-13 02:00:00,14.921,14.958,14.88,14.931,329532.51698697
2021-07-13 03:00:00,14.931,15.004,14.844,14.858,227677.66538082
2021-07-13 04:00:00,14.858,14.907,14.818,14.844,202547.60453516
2021-07-13 05:00:00,14.844,14.865,14.388,14.419,541682.16851797
2021-07-13 06:00:00,14.419,14.738,14.419,14.605,347180.23676117
2021-07-13 07:00:00,14.605,14.782,14.605,14.722,386446.05741099
2021-07-13 08:00:00,14.728,14.786,14.683,14.752,278597.40333948
2021-07-13 09:00:00,14.753,14.764,14.638,14.752,216821.3186261
2021-07-13 10:00:00,14.752,14.812,14.577,14.636,266539.70137047
2021-07-13 11:00:00,14.643,14.696,14.511,14.581,283409.68900815
2021-07-13 12:00:00,14.581,14.605,14.169,14.172,754598.90798897
2021-07-13 13:00:00,14.18,14.358,14.126,14.308,530564.21549048
2021-07-13 14:00:00,14.301,14.344,14.236,14.31,249922.26325026
2021-07-13 15:00:00,14.312,14.498,14.271,14.435,411644.38675404
2021-07-13 16:00:00,14.438,14.48,14.358,14.463,329157.25564922
2021-07-13 17:00:00,14.46,14.527,14.324,14.405,308236.09431522
2021-07-13 18:00:00,14.4,14.412,14.222,14.229,229116.05004796
2021-07-13 19:00:00,14.232,14.334,14.017,14.062,418089.41288822
2021-07-13 20:00:00,14.066,14.136,14.003,14.108,295575.4687469
2021-07-13 21:00:00,14.103,14.196,14.06,14.172,109727.8427702
2021-07-13 22:00:00,14.17,14.256,14.075,14.179,364818.74583143
2021-07-13 23:00:00,14.18,14.245,14.079,14.189,346985.57795992
2021-07-14 00:00:00,14.183,14.198,13.595,13.664,949379.16986915
2021-07-14 01:00:00,13.662,13.789,13.41,13.654,861926.24534002
2021-07-14 02:00:00,13.658,13.782,13.625,13.763,355502.8481975
2021-07-14 03:00:00,13.759,13.786,13.181,13.286,983780.23284151
2021-07-14 04:00:00,13.282,13.471,13.258,13.406,458865.2227133
2021-07-14 05:00:00,13.4,13.418,13.154,13.213,598396.03661017
2021-07-14 06:00:00,13.217,13.411,13.16,13.25,595650.14885727
2021-07-14 07:00:00,13.25,13.467,13.239,13.415,488332.47249444
2021-07-14 08:00:00,13.417,13.497,13.266,13.287,495488.07778029
2021-07-14 09:00:00,13.283,13.758,13.206,13.508,1180368.10417801
2021-07-14 10:00:00,13.512,13.706,13.479,13.603,613615.39100283
2021-07-14 11:00:00,13.601,13.717,13.569,13.641,303269.333217
2021-07-14 12:00:00,13.644,13.693,13.556,13.572,261186.49053215
2021-07-14 13:00:00,13.572,14.157,13.572,14.087,957851.06321542
2021-07-14 14:00:00,14.089,14.197,14.02,14.12,650093.77107803
2021-07-14 15:00:00,14.122,14.227,13.912,13.969,519960.04268521
2021-07-14 16:00:00,13.969,14.026,13.832,14.003,420790.97075959
2021-07-14 17:00:00,14.003,14.084,13.987,14.044,189675.3090682
2021-07-14 18:00:00,14.036,14.116,13.771,13.783,495585.11672811
2021-07-14 19:00:00,13.791,13.858,13.533,13.585,669840.563481
2021-07-14 20:00:00,13.588,13.771,13.587,13.694,261432.19443649
2021-07-14 21:00:00,13.694,13.846,13.694,13.814,71947.63446319
2021-07-14 22:00:00,13.812,13.962,13.744,13.883,221235.00252593
2021-07-14 23:00:00,13.885,13.886,13.694,13.793,158666.9219324
2021-07-15 00:00:00,13.787,13.995,13.567,13.982,299656.34966986
2021-07-15 01:00:00,13.984,14.106,13.782,13.798,321760.87755037
2021-07-15 02:00:00,13.797,13.89,13.731,13.781,159134.67659314
2021-07-15 03:00:00,13.78,13.78,13.656,13.695,154025.38570057
2021-07-15 04:00:00,13.687,13.739,13.568,13.664,324902.03984529
2021-07-15 05:00:00,13.67,13.67,13.479,13.574,234670.79981042
2021-07-15 06:00:00,13.575,13.616,13.397,13.416,442667.53091209
2021-07-15 07:00:00,13.415,13.479,13.321,13.427,230667.54396003
2021-07-15 08:00:00,13.427,13.572,13.371,13.494,340790.68887718
2021-07-15 09:00:00,13.487,13.64,13.438,13.554,257690.92302692
2021-07-15 10:00:00,13.567,13.618,13.092,13.162,770454.97809698
2021-07-15 11:00:00,13.163,13.212,13.121,13.164,342983.98150004
2021-07-15 12:00:00,13.153,13.317,12.804,12.903,1229303.43452598
2021-07-15 13:00:00,12.895,13.183,12.752,13.094,842160.48395708
2021-07-15 14:00:00,13.093,13.163,12.967,13.074,350270.5397538
2021-07-15 15:00:00,13.067,13.198,13.046,13.077,270562.64868145
2021-07-15 16:00:00,13.077,13.132,12.869,13.003,416495.65362365
2021-07-15 17:00:00,13.008,13.008,12.728,12.811,609018.90624059
2021-07-15 18:00:00,12.82,13.057,12.778,12.997,378516.91366852
2021-07-15 19:00:00,12.993,13.179,12.967,13.086,274719.01641556
2021-07-15 20:00:00,13.087,13.204,13.087,13.156,211691.30776415
2021-07-15 21:00:00,13.156,13.196,13.113,13.117,93470.26173737
2021-07-15 22:00:00,13.116,13.218,13.07,13.118,249916.99987607
2021-07-15 23:00:00,13.117,13.182,12.954,13.091,308387.88909456
2021-07-16 00:00:00,13.095,13.128,12.829,12.927,369305.48180188
2021-07-16 01:00:00,12.934,13.141,12.934,13.106,277743.66361141
2021-07-16 02:00:00,13.105,13.221,13.105,13.133,328009.99412641
2021-07-16 03:00:00,13.138,13.311,13.138,13.215,213403.53418264
2021-07-16 04:00:00,13.214,13.301,13.164,13.184,194420.80883298
2021-07-16 05:00:00,13.181,13.224,12.983,13.011,240467.66787642
2021-07-16 06:00:00,13.014,13.016,12.829,12.838,249967.4324498
2021-07-16 07:00:00,12.842,12.933,12.621,12.754,426082.12023613
2021-07-16 08:00:00,12.757,12.762,12.419,12.493,786192.17277806
2021-07-16 09:00:00,12.492,12.579,12.327,12.401,550313.82538087
2021-07-16 10:00:00,12.399,12.456,12.142,12.308,729773.21240232
2021-07-16 11:00:00,12.298,12.339,12.189,12.239,412875.5912751
2021-07-16 12:00:00,12.231,12.679,12.222,12.629,778822.67835582
2021-07-16 13:00:00,12.628,12.817,12.525,12.601,816885.74465531
2021-07-16 14:00:00,12.593,12.712,12.592,12.664,358713.10163445
2021-07-16 15:00:00,12.66,12.943,12.605,12.89,502801.26362131
2021-07-16 16:00:00,12.892,12.901,12.655,12.74,558608.95729489
2021-07-16 17:00:00,12.739,12.795,12.631,12.639,250712.75337663
2021-07-16 18:00:00,12.648,12.651,12.413,12.428,357691.05368932
2021-07-16 19:00:00,12.417,12.514,12.328,12.371,352951.51600774
2021-07-16 20:00:00,12.368,12.449,12.301,12.309,257058.98751774
2021-07-16 21:00:00,12.304,12.557,12.256,12.342,379913.5778194
2021-07-16 22:00:00,12.344,12.439,12.165,12.184,405186.51295384
2021-07-16 23:00:00,12.181,12.231,11.983,12.014,679768.73674366
2021-07-17 00:00:00,12.015,12.129,11.751,12.128,1237017.06596605
2021-07-17 01:00:00,12.127,12.133,11.699,11.796,623051.67536536
2021-07-17 02:00:00,11.795,11.927,11.712,11.828,546620.87614588
2021-07-17 03:00:00,11.829,11.954,11.774,11.869,362296.19076587
2021-07-17 04:00:00,11.861,11.999,11.821,11.981,318772.75508801
2021-07-17 05:00:00,11.98,12.215,11.96,12.085,490649.77508279
2021-07-17 06:00:00,12.089,12.386,12.034,12.287,607273.01673516
2021-07-17 07:00:00,12.284,12.292,12.038,12.096,334195.05132478
2021-07-17 08:00:00,12.1,12.389,11.931,12.226,820449.69683217
2021-07-17 09:00:00,12.228,12.28,12.088,12.109,541798.51134917
2021-07-17 10:00:00,12.109,12.109,11.873,11.877,623136.35838739
2021-07-17 11:00:00,11.873,12.078,11.846,12.02,619943.82413368
2021-07-17 12:00:00,12.027,12.16,11.974,12.099,345846.5928657
2021-07-17 13:00:00,12.096,12.217,11.952,12.105,600884.2826089
2021-07-17 14:00:00,12.099,12.171,12.074,12.106,261214.73406881
2021-07-17 15:00:00,12.107,12.162,12.014,12.149,416203.27790829
2021-07-17 16:00:00,12.141,12.365,12.033,12.098,890816.58529097
2021-07-17 17:00:00,12.101,12.236,12.053,12.211,343077.3722269
2021-07-17 18:00:00,12.21,12.306,12.127,12.227,288421.83784699
2021-07-17 19:00:00,12.225,12.726,12.225,12.653,923758.62560206
2021-07-17 20:00:00,12.663,12.74,12.403,12.404,342966.07987505
2021-07-17 21:00:00,12.404,12.575,12.371,12.529,303674.84000988
2021-07-17 22:00:00,12.532,12.532,12.334,12.354,307554.44175406
2021-07-17 23:00:00,12.353,12.385,12.218,12.29,501540.35925257
2021-07-18 00:00:00,12.292,12.753,12.253,12.7,698478.43742657
2021-07-18 01:00:00,12.702,12.919,12.644,12.79,776222.12687757
2021-07-18 02:00:00,12.799,12.829,12.72,12.752,339314.02621662
2021-07-18 03:00:00,12.752,12.768,12.577,12.732,369077.76018006
2021-07-18 04:00:00,12.73,12.747,12.593,12.621,252840.2839448
2021-07-18 05:00:00,12.622,12.667,12.595,12.622,163466.70888096
2021-07-18 06:00:00,12.622,12.643,12.494,12.52,332511.02767859
2021-07-18 07:00:00,12.529,12.578,12.49,12.565,320741.16508453
2021-07-18 08:00:00,12.561,12.781,12.535,12.698,520200.22604863
2021-07-18 09:00:00,12.697,12.846,12.619,12.773,343437.99671678
2021-07-18 10:00:00,12.771,12.785,12.66,12.771,296409.62109497
2021-07-18 11:00:00,12.772,12.928,12.724,12.856,383596.49968261
2021-07-18 12:00:00,12.856,12.885,12.72,12.792,441627.69642198
2021-07-18 13:00:00,12.792,12.842,12.581,12.631,379352.37326133
2021-07-18 14:00:00,12.625,12.727,12.281,12.411,1014902.22089424
2021-07-18 15:00:00,12.404,12.478,12.307,12.378,599265.50085827
2021-07-18 16:00:00,12.379,12.496,12.314,12.417,422766.56217524
2021-07-18 17:00:00,12.416,12.587,12.391,12.514,301392.86799883
2021-07-18 18:00:00,12.515,12.587,12.514,12.556,256151.0689676
2021-07-18 19:00:00,12.555,12.619,12.467,12.49,164740.3403164
2021-07-18 20:00:00,12.478,12.576,12.463,12.486,185862.87762334
2021-07-18 21:00:00,12.487,12.755,12.462,12.712,298013.61526053
2021-07-18 22:00:00,12.714,12.803,12.509,12.548,614103.23769293
2021-07-18 23:00:00,12.547,12.761,12.519,12.645,279466.26829747
2021-07-19 00:00:00,12.645,12.732,12.355,12.408,600067.35954191
2021-07-19 01:00:00,12.407,12.407,12.164,12.279,534538.45136208
2021-07-19 02:00:00,12.269,12.381,12.237,12.25,396284.15317695
2021-07-19 03:00:00,12.25,12.334,12.227,12.273,147962.81610543
2021-07-19 04:00:00,12.271,12.335,12.204,12.309,351056.60210109
2021-07-19 05:00:00,12.309,12.463,12.289,12.443,387803.46974943
2021-07-19 06:00:00,12.442,12.493,12.372,12.45,250686.46770917
2021-07-19 07:00:00,12.449,12.505,12.303,12.351,311731.71075947
2021-07-19 08:00:00,12.351,12.436,12.256,12.263,270636.17535576
2021-07-19 09:00:00,12.263,12.349,12.215,12.236,389958.20100052
2021-07-19 10:00:00,12.233,12.265,11.966,11.99,599831.69362779
2021-07-19 11:00:00,11.99,12.089,11.808,11.843,600316.19502786
2021-07-19 12:00:00,11.841,11.899,11.394,11.51,1604340.70573453
2021-07-19 13:00:00,11.506,11.566,11.345,11.41,1494273.73209708
2021-07-19 14:00:00,11.409,11.623,11.372,11.604,1021691.55285503
2021-07-19 15:00:00,11.597,11.65,11.443,11.482,768364.87290242
2021-07-19 16:00:00,11.485,11.535,11.418,11.45,511592.13796375
2021-07-19 17:00:00,11.454,11.589,11.44,11.548,334454.24036891
2021-07-19 18:00:00,11.551,11.579,11.385,11.411,350323.86023593
2021-07-19 19:00:00,11.417,11.52,11.382,11.501,412737.65259406
2021-07-19 20:00:00,11.504,11.564,11.432,11.495,237151.2997511
2021-07-19 21:00:00,11.496,11.564,11.401,11.414,136270.8336688
2021-07-19 22:00:00,11.415,11.626,11.414,11.525,332969.5197582
2021-07-19 23:00:00,11.527,11.594,11.402,11.449,260233.99194034
2021-07-20 00:00:00,11.454,11.548,11.313,11.317,573698.48237109
2021-07-20 01:00:00,11.318,11.345,10.908,10.969,1203770.84245709
2021-07-20 02:00:00,10.964,11.071,10.722,10.735,1460613.27091324
2021-07-20 03:00:00,10.735,10.807,10.469,10.572,1604239.58373863
2021-07-20 04:00:00,10.571,10.729,10.52,10.617,776310.4034817
2021-07-20 05:00:00,10.616,10.705,10.598,10.696,523741.93126701
2021-07-20 06:00:00,10.689,10.712,10.626,10.673,368894.62411617
2021-07-20 07:00:00,10.672,10.8,10.667,10.77,477856.84956636
2021-07-20 08:00:00,10.767,10.812,10.577,10.58,508205.04290718
2021-07-20 09:00:00,10.581,10.719,10.387,10.449,760414.34984821
2021-07-20 10:00:00,10.447,10.695,10.352,10.673,799971.77787448
2021-07-20 11:00:00,10.671,10.794,10.625,10.775,598198.54385303
2021-07-20 12:00:00,10.776,10.888,10.752,10.848,447371.37551731
2021-07-20 13:00:00,10.849,10.874,10.596,10.688,554505.30591931
2021-07-20 14:00:00,10.689,10.926,10.621,10.861,1001081.10824203
2021-07-20 15:00:00,10.862,11.087,10.837,11.0,824176.05303767
2021-07-20 16:00:00,10.997,11.071,10.872,10.874,403941.71524837
2021-07-20 17:00:00,10.869,10.981,10.864,10.952,341124.10362882
2021-07-20 18:00:00,10.952,11.093,10.901,11.049,273308.52791635
2021-07-20 19:00:00,11.05,11.134,10.987,11.069,263555.85313609
2021-07-20 20:00:00,11.069,11.185,11.055,11.064,323509.30367998
2021-07-20 21:00:00,11.066,11.086,10.95,11.008,239583.79647551
2021-07-20 22:00:00,11.004,11.047,10.8,10.838,390631.63025416
2021-07-20 23:00:00,10.835,11.05,10.826,10.947,345278.33510634
2021-07-21 00:00:00,10.959,11.021,10.669,10.688,567395.72925082
2021-07-21 01:00:00,10.692,10.949,10.656,10.899,527397.31703576
2021-07-21 02:00:00,10.896,11.162,10.896,11.121,715536.11067242
2021-07-21 03:00:00,11.128,11.207,11.055,11.133,373397.73494898
2021-07-21 04:00:00,11.136,11.646,11.081,11.503,1503479.93103417
2021-07-21 05:00:00,11.504,11.603,11.408,11.567,604930.50567694
2021-07-21 06:00:00,11.564,11.795,11.528,11.749,692977.96614243
2021-07-21 07:00:00,11.749,11.787,11.55,11.606,522387.24204214
2021-07-21 08:00:00,11.6,11.619,11.471,11.531,461924.00624394
2021-07-21 09:00:00,11.531,11.781,11.531,11.738,566298.72518186
2021-07-21 10:00:00,11.736,12.092,11.716,12.087,935026.94446246
2021-07-21 11:00:00,12.092,12.342,12.024,12.177,821169.7805517
2021-07-21 12:00:00,12.177,12.395,12.09,12.114,770341.07583457
2021-07-21 13:00:00,12.115,12.251,12.115,12.154,372155.96625444
2021-07-21 14:00:00,12.155,12.347,12.149,12.284,700800.34459433
2021-07-21 15:00:00,12.28,12.508,12.239,12.439,799284.96487437
2021-07-21 16:00:00,12.446,12.849,12.376,12.561,1020156.82363954
2021-07-21 17:00:00,12.563,12.587,12.351,12.475,905796.57156335
2021-07-21 18:00:00,12.47,12.796,12.229,12.261,1834981.81515378
2021-07-21 19:00:00,12.262,12.394,12.122,12.141,1115004.96132907
2021-07-21 20:00:00,12.133,12.246,12.08,12.2,661539.01450936
2021-07-21 21:00:00,12.196,12.24,12.109,12.217,192601.72863466
2021-07-21 22:00:00,12.216,12.483,12.204,12.462,362703.3666171
2021-07-21 23:00:00,12.464,12.542,12.205,12.33,430067.61903432
2021-07-22 00:00:00,12.333,12.463,12.08,12.098,665003.01094325
2021-07-22 01:00:00,12.097,12.113,11.793,11.912,850887.40970465
2021-07-22 02:00:00,11.916,12.029,11.875,11.914,427770.13432028
2021-07-22 03:00:00,11.914,12.157,11.899,12.008,659681.49005755
2021-07-22 04:00:00,12.006,12.304,11.988,12.16,624123.62894459
2021-07-22 05:00:00,12.161,12.199,11.911,11.917,456089.22760855
2021-07-22 06:00:00,11.919,12.184,11.848,12.129,488954.08383238
2021-07-22 07:00:00,12.133,12.369,12.103,12.302,714491.20199463
2021-07-22 08:00:00,12.3,12.48,12.249,12.352,611367.29714595
2021-07-22 09:00:00,12.35,12.423,12.054,12.162,660892.89943243
2021-07-22 10:00:00,12.16,12.742,12.135,12.531,776717.91741094
2021-07-22 11:00:00,12.531,12.57,12.304,12.453,726847.00827345
2021-07-22 12:00:00,12.453,12.627,12.153,12.592,839627.22883116
2021-07-22 13:00:00,12.585,12.634,12.426,12.447,425428.98524738
2021-07-22 14:00:00,12.446,12.696,12.43,12.663,483392.18459304
2021-07-22 15:00:00,12.66,12.961,12.603,12.944,774159.79088128
2021-07-22 16:00:00,12.944,13.283,12.898,13.189,936231.37544564
2021-07-22 17:00:00,13.192,13.315,13.181,13.274,436657.38533475
2021-07-22 18:00:00,13.274,13.301,13.037,13.136,522230.49373425
2021-07-22 19:00:00,13.141,13.229,13.087,13.19,205273.90800324
2021-07-22 20:00:00,13.194,13.202,13.067,13.135,137999.60998568
2021-07-22 21:00:00,13.133,13.368,13.051,13.051,239014.13275344
2021-07-22 22:00:00,13.059,13.18,12.9,13.011,429427.08396269
2021-07-22 23:00:00,13.011,13.271,12.94,13.139,374181.30346497
2021-07-23 00:00:00,13.14,13.443,13.033,13.385,628781.47504834
2021-07-23 01:00:00,13.39,13.51,13.297,13.366,501404.03455883
2021-07-23 02:00:00,13.366,13.468,13.332,13.435,410378.58214755
2021-07-23 03:00:00,13.429,13.456,13.143,13.187,311187.38876629
2021-07-23 04:00:00,13.183,13.329,13.11,13.242,373359.99815369
2021-07-23 05:00:00,13.251,13.374,13.183,13.223,353957.4576879
2021-07-23 06:00:00,13.223,13.271,13.101,13.256,183062.43396292
2021-07-23 07:00:00,13.26,13.281,13.063,13.174,467823.75929825
2021-07-23 08:00:00,13.175,13.195,12.945,12.973,312265.83112848
2021-07-23 09:00:00,12.972,13.136,12.905,13.007,286237.14733024
2021-07-23 10:00:00,13.008,13.036,12.861,12.93,407165.87569896
2021-07-23 11:00:00,12.929,13.016,12.76,12.77,453210.73821835
2021-07-23 12:00:00,12.769,12.845,12.657,12.823,506958.2087144
2021-07-23 13:00:00,12.829,12.992,12.796,12.923,388708.65366486
2021-07-23 14:00:00,12.924,12.943,12.81,12.824,409252.4236125
2021-07-23 15:00:00,12.824,12.833,12.605,12.625,468806.86630252
2021-07-23 16:00:00,12.632,12.639,12.307,12.425,951154.20174046
2021-07-23 17:00:00,12.432,12.546,12.362,12.526,353603.83037229
2021-07-23 18:00:00,12.526,12.629,12.478,12.517,409596.86159834
2021-07-23 19:00:00,12.515,12.647,12.505,12.619,229947.17686184
2021-07-23 20:00:00,12.616,12.798,12.584,12.768,414116.35751542
2021-07-23 21:00:00,12.77,12.869,12.696,12.842,258834.55317459
2021-07-23 22:00:00,12.839,13.184,12.839,13.113,624063.86345535
2021-07-23 23:00:00,13.114,13.413,12.974,13.378,709277.44595189
2021-07-24 00:00:00,13.385,13.4,13.168,13.183,690894.83630099
2021-07-24 01:00:00,13.182,13.309,13.108,13.276,391628.81996354
2021-07-24 02:00:00,13.277,13.344,13.23,13.322,288261.80275765
2021-07-24 03:00:00,13.321,13.383,13.215,13.366,288773.23941669
2021-07-24 04:00:00,13.372,13.475,13.279,13.366,406130.10864224
2021-07-24 05:00:00,13.365,13.432,13.245,13.391,284193.81117583
2021-07-24 06:00:00,13.39,13.661,13.362,13.661,586139.37819887
2021-07-24 07:00:00,13.66,13.712,13.427,13.513,534101.57305821
2021-07-24 08:00:00,13.511,13.558,13.299,13.358,455068.90656542
2021-07-24 09:00:00,13.357,13.61,13.357,13.57,392856.97558154
2021-07-24 10:00:00,13.562,13.706,13.407,13.611,469123.39642749
2021-07-24 11:00:00,13.618,13.764,13.463,13.633,713320.78292508
2021-07-24 12:00:00,13.635,13.737,13.565,13.723,273794.18430334
2021-07-24 13:00:00,13.728,13.728,13.537,13.566,241076.41010661
2021-07-24 14:00:00,13.565,13.659,13.436,13.582,353157.08550111
2021-07-24 15:00:00,13.586,13.687,13.506,13.521,268400.58001814
2021-07-24 16:00:00,13.517,13.946,13.485,13.912,881709.98583435
2021-07-24 17:00:00,13.911,14.047,13.781,13.963,483955.14234816
2021-07-24 18:00:00,13.959,14.011,13.827,13.846,264204.82559976
2021-07-24 19:00:00,13.843,13.843,13.49,13.552,491094.47911087
2021-07-24 20:00:00,13.549,13.685,13.465,13.66,441868.94740217
2021-07-24 21:00:00,13.659,13.773,13.528,13.77,169936.01627795
2021-07-24 22:00:00,13.77,13.77,13.586,13.717,316866.54950538
2021-07-24 23:00:00,13.721,13.832,13.632,13.755,228838.02170486
2021-07-25 00:00:00,13.757,13.802,13.251,13.287,732375.49115936
2021-07-25 01:00:00,13.286,13.37,13.112,13.137,515397.96502261
2021-07-25 02:00:00,13.144,13.457,13.134,13.448,364109.07691983
2021-07-25 03:00:00,13.447,13.478,13.315,13.336,256580.51701515
2021-07-25 04:00:00,13.338,13.571,13.241,13.488,461181.4654143
2021-07-25 05:00:00,13.488,13.58,13.395,13.422,322110.2964038
2021-07-25 06:00:00,13.42,13.563,13.399,13.548,190624.36418002
2021-07-25 07:00:00,13.552,13.823,13.552,13.742,485809.63397151
2021-07-25 08:00:00,13.739,13.753,13.409,13.495,463731.31104143
2021-07-25 09:00:00,13.493,13.639,13.407,13.612,366200.52949401
2021-07-25 10:00:00,13.612,13.68,13.388,13.437,342259.03930305
2021-07-25 11:00:00,13.436,13.533,13.356,13.438,279972.94630368
2021-07-25 12:00:00,13.442,13.454,13.325,13.37,340787.96056577
2021-07-25 13:00:00,13.37,13.427,13.176,13.313,541005.47963234
2021-07-25 14:00:00,13.316,13.334,13.077,13.233,595316.97893372
2021-07-25 15:00:00,13.227,13.373,13.109,13.312,476092.57258889
2021-07-25 16:00:00,13.304,13.314,13.162,13.267,243033.53132914
2021-07-25 17:00:00,13.273,13.48,13.236,13.474,490484.10099759
2021-07-25 18:00:00,13.478,13.537,13.366,13.382,218658.81776437
2021-07-25 19:00:00,13.385,13.474,13.283,13.357,319324.15834191
2021-07-25 20:00:00,13.355,13.421,13.252,13.404,225654.18417957
2021-07-25 21:00:00,13.409,13.482,13.376,13.456,132104.77742517
2021-07-25 22:00:00,13.463,13.529,13.337,13.525,208922.54947485
2021-07-25 23:00:00,13.523,13.751,13.491,13.733,444948.93966783
2021-07-26 00:00:00,13.733,14.187,13.63,14.132,1000241.73719157
2021-07-26 01:00:00,14.132,15.017,14.005,14.735,2846130.54980749
2021-07-26 02:00:00,14.737,14.981,14.525,14.725,954848.74884604
2021-07-26 03:00:00,14.733,14.901,14.655,14.85,612172.32103772
2021-07-26 04:00:00,14.848,15.059,14.799,14.876,710507.03367185
2021-07-26 05:00:00,14.873,15.022,14.808,15.013,499233.79478389
2021-07-26 06:00:00,15.011,15.237,14.833,14.864,860378.53839816
2021-07-26 07:00:00,14.878,15.082,14.529,14.647,891297.82475114
2021-07-26 08:00:00,14.648,14.731,14.416,14.697,791208.65761127
2021-07-26 09:00:00,14.703,14.852,14.577,14.727,390301.28811378
2021-07-26 10:00:00,14.725,14.896,14.705,14.826,347566.08092307
2021-07-26 11:00:00,14.813,14.87,14.689,14.806,283105.84810163
2021-07-26 12:00:00,14.805,14.898,14.631,14.746,383816.43386367
2021-07-26 13:00:00,14.742,14.742,14.433,14.585,801649.53731112
2021-07-26 14:00:00,14.571,14.725,14.492,14.547,355538.15135964
2021-07-26 15:00:00,14.545,14.788,14.522,14.745,308287.35002983
2021-07-26 16:00:00,14.737,14.905,14.639,14.769,817679.21275245
2021-07-26 17:00:00,14.774,14.928,14.641,14.877,449046.55831926
2021-07-26 18:00:00,14.872,15.12,14.822,14.996,813654.79485487
2021-07-26 19:00:00,14.994,15.288,14.811,14.811,1015577.90480288
2021-07-26 20:00:00,14.811,14.861,14.179,14.339,2043975.76977829
2021-07-26 21:00:00,14.34,14.372,13.98,14.181,1126478.77032945
2021-07-26 22:00:00,14.181,14.283,13.956,14.183,822106.4283609
2021-07-26 23:00:00,14.188,14.191,13.905,13.925,680241.8853337
2021-07-27 00:00:00,13.926,14.189,13.867,14.053,752448.1297248
2021-07-27 01:00:00,14.053,14.092,13.371,13.441,1331156.60105046
2021-07-27 02:00:00,13.441,13.692,13.391,13.505,1065146.12875338
2021-07-27 03:00:00,13.5,13.725,13.44,13.654,645963.77228057
2021-07-27 04:00:00,13.653,13.805,13.593,13.643,520926.805645
2021-07-27 05:00:00,13.642,13.735,13.609,13.711,544765.78533217
2021-07-27 06:00:00,13.711,13.749,13.598,13.621,478174.670107
2021-07-27 07:00:00,13.614,13.724,13.57,13.625,547773.881959
2021-07-27 08:00:00,13.626,13.739,13.532,13.723,494490.54385429
2021-07-27 09:00:00,13.723,13.86,13.639,13.845,405506.96336201
2021-07-27 10:00:00,13.842,13.981,13.787,13.976,364577.11233741
2021-07-27 11:00:00,13.975,14.228,13.92,14.207,468991.02109467
2021-07-27 12:00:00,14.211,14.417,14.101,14.366,570783.23487722
2021-07-27 13:00:00,14.366,14.534,14.284,14.405,732248.45829469
2021-07-27 14:00:00,14.404,14.481,13.969,14.148,1010933.06642028
2021-07-27 15:00:00,14.149,14.285,13.994,14.043,673310.30061763
2021-07-27 16:00:00,14.037,14.107,13.655,13.673,1009459.04072319
2021-07-27 17:00:00,13.664,13.888,13.62,13.863,543643.2098021
2021-07-27 18:00:00,13.864,13.981,13.677,13.824,703760.0620148
2021-07-27 19:00:00,13.829,13.914,13.767,13.793,331752.30981761
2021-07-27 20:00:00,13.799,13.979,13.797,13.931,397614.47561323
2021-07-27 21:00:00,13.931,14.055,13.88,14.028,229691.48295588
2021-07-27 22:00:00,14.032,14.516,13.915,14.378,672005.86999762
2021-07-27 23:00:00,14.381,14.416,14.184,14.361,520801.60435563
2021-07-28 00:00:00,14.358,14.433,14.059,14.101,592632.11479371
2021-07-28 01:00:00,14.094,14.491,13.991,14.476,465138.91522625
2021-07-28 02:00:00,14.479,14.592,14.323,14.36,659195.77588013
2021-07-28 03:00:00,14.371,14.493,14.219,14.224,661033.55761844
2021-07-28 04:00:00,14.221,14.3,14.13,14.132,514901.34016394
2021-07-28 05:00:00,14.131,14.386,14.125,14.292,420138.15439401
2021-07-28 06:00:00,14.292,14.292,13.905,13.995,517082.22076896
2021-07-28 07:00:00,13.992,14.669,13.958,14.551,819942.34751599
2021-07-28 08:00:00,14.555,14.64,14.26,14.321,669303.88277521
2021-07-28 09:00:00,14.338,14.55,14.315,14.54,388287.01012545
2021-07-28 10:00:00,14.541,14.609,14.428,14.462,467648.39354065
2021-07-28 11:00:00,14.463,14.758,14.444,14.665,672313.11075569
2021-07-28 12:00:00,14.658,14.695,14.29,14.312,686629.68426874
2021-07-28 13:00:00,14.311,14.413,14.237,14.369,601299.85603911
2021-07-28 14:00:00,14.373,14.468,14.278,14.397,478955.95750688
2021-07-28 15:00:00,14.389,14.629,14.33,14.512,438234.65647199
2021-07-28 16:00:00,14.512,14.617,14.365,14.571,532353.87958472
2021-07-28 17:00:00,14.573,14.619,14.106,14.131,822194.5910296
2021-07-28 18:00:00,14.128,14.734,14.079,14.607,969287.34258099
2021-07-28 19:00:00,14.611,14.671,14.431,14.472,787747.14903657
2021-07-28 20:00:00,14.471,14.491,14.306,14.308,717463.3648882
2021-07-28 21:00:00,14.31,14.509,14.292,14.464,239108.74716071
2021-07-28 22:00:00,14.466,14.598,14.325,14.39,365426.66713958
2021-07-28 23:00:00,14.392,14.588,14.329,14.526,462372.11506965
2021-07-29 00:00:00,14.525,14.58,14.259,14.271,4874179.13594588
2021-07-29 01:00:00,14.265,14.505,14.25,14.36,520394.529235
2021-07-29 02:00:00,14.359,14.544,14.312,14.445,278623.88619966
2021-07-29 03:00:00,14.444,14.53,14.366,14.426,257778.51281312
2021-07-29 04:00:00,14.426,14.909,14.37,14.712,532068.68963423
2021-07-29 05:00:00,14.717,15.044,14.609,15.04,895974.5153358
2021-07-29 06:00:00,15.042,15.048,14.757,14.776,410820.58787587
2021-07-29 07:00:00,14.776,14.874,14.736,14.791,286101.85512719
2021-07-29 08:00:00,14.792,14.835,14.704,14.74,271546.45347223
2021-07-29 09:00:00,14.741,14.938,14.741,14.873,450247.2024612
2021-07-29 10:00:00,14.872,14.914,14.662,14.75,503529.02736439
2021-07-29 11:00:00,14.749,14.889,14.562,14.651,593196.0172602
2021-07-29 12:00:00,14.655,14.749,14.531,14.671,528603.81351839
2021-07-29 13:00:00,14.667,14.884,14.636,14.874,324598.25526493
2021-07-29 14:00:00,14.874,15.217,14.71,15.141,931767.74298065
2021-07-29 15:00:00,15.146,15.205,15.032,15.077,310592.55847583
2021-07-29 16:00:00,15.071,15.2,14.976,15.072,436881.9561998
2021-07-29 17:00:00,15.076,15.125,14.951,14.97,253240.18271725
2021-07-29 18:00:00,14.971,15.022,14.867,14.932,328074.7363827
2021-07-29 19:00:00,14.933,15.134,14.883,15.072,267330.06467412
2021-07-29 20:00:00,15.07,15.189,15.027,15.057,295128.84972223
2021-07-29 21:00:00,15.057,15.114,14.861,14.908,175488.70328233
2021-07-29 22:00:00,14.911,15.059,14.896,14.922,221345.19685498
2021-07-29 23:00:00,14.93,15.391,14.915,15.248,739270.702656
2021-07-30 00:00:00,15.254,15.292,15.087,15.163,429229.55062316
2021-07-30 01:00:00,15.163,15.55,15.12,15.522,459254.10595424
2021-07-30 02:00:00,15.527,15.6,15.358,15.369,289454.93091726
2021-07-30 03:00:00,15.365,15.554,15.365,15.506,243132.2913471
2021-07-30 04:00:00,15.511,15.603,15.232,15.359,459880.52591307
2021-07-30 05:00:00,15.362,15.389,15.247,15.278,307924.13870304
2021-07-30 06:00:00,15.281,15.373,15.2,15.34,229443.39548142
2021-07-30 07:00:00,15.343,15.348,15.228,15.294,178388.09506277
2021-07-30 08:00:00,15.294,15.301,14.615,14.747,1289678.52656315
2021-07-30 09:00:00,14.746,14.757,14.528,14.752,856055.97152561
2021-07-30 10:00:00,14.74,14.803,14.565,14.768,396759.6585046
2021-07-30 11:00:00,14.759,14.78,14.594,14.627,256509.76034857
2021-07-30 12:00:00,14.624,14.708,14.408,14.434,510083.77075421
2021-07-30 13:00:00,14.432,14.593,14.406,14.503,463247.44865873
2021-07-30 14:00:00,14.506,14.746,14.502,14.652,493497.45548546
2021-07-30 15:00:00,14.652,14.746,14.584,14.743,370321.48547736
2021-07-30 16:00:00,14.745,14.763,14.61,14.689,327310.11059223
2021-07-30 17:00:00,14.684,15.205,14.684,15.171,438224.30903244
2021-07-30 18:00:00,15.179,15.215,15.011,15.184,324972.49763942
2021-07-30 19:00:00,15.185,15.361,15.144,15.361,287354.19812118
2021-07-30 20:00:00,15.356,15.643,15.292,15.423,637216.89752075
2021-07-30 21:00:00,15.423,15.737,15.418,15.609,342080.36215846
2021-07-30 22:00:00,15.608,15.736,15.406,15.687,421837.7901506
2021-07-30 23:00:00,15.681,15.848,15.574,15.791,635624.99583495
2021-07-31 00:00:00,15.79,16.089,15.577,15.937,668035.29477194
2021-07-31 01:00:00,15.937,16.078,15.79,15.92,386084.28686381
2021-07-31 02:00:00,15.92,16.012,15.82,15.852,389923.51096834
2021-07-31 03:00:00,15.855,16.079,15.855,16.028,328168.64353433
2021-07-31 04:00:00,16.027,16.1,15.823,15.944,254627.93580869
2021-07-31 05:00:00,15.943,15.95,15.585,15.79,595246.84621259
2021-07-31 06:00:00,15.793,15.811,15.654,15.728,278033.68579186
2021-07-31 07:00:00,15.732,15.95,15.715,15.926,318007.19608445
2021-07-31 08:00:00,15.929,16.449,15.908,16.328,526568.80357978
2021-07-31 09:00:00,16.329,16.343,16.035,16.172,402492.97449317
2021-07-31 10:00:00,16.175,16.52,16.153,16.43,385014.1710059
2021-07-31 11:00:00,16.424,16.598,16.231,16.321,510638.86819554
2021-07-31 12:00:00,16.32,16.507,16.254,16.468,261360.54353969
2021-07-31 13:00:00,16.47,16.498,16.204,16.246,397683.73771706
2021-07-31 14:00:00,16.248,16.349,16.101,16.233,395701.39043433
2021-07-31 15:00:00,16.233,16.55,16.201,16.539,383619.16975442
2021-07-31 16:00:00,16.539,16.659,16.163,16.219,667295.45413494
2021-07-31 17:00:00,16.218,16.323,16.143,16.242,292010.21531589
2021-07-31 18:00:00,16.233,16.491,16.216,16.437,202865.5949369
2021-07-31 19:00:00,16.435,16.5,16.346,16.422,194666.54634149
2021-07-31 20:00:00,16.417,16.839,16.347,16.689,336004.79240894
2021-07-31 21:00:00,16.692,16.989,16.686,16.981,292435.90099815
2021-07-31 22:00:00,16.981,17.013,16.843,16.953,318335.67373339
2021-07-31 23:00:00,16.955,16.976,16.716,16.767,307319.12044677
2021-08-01 00:00:00,16.777,19.712,16.531,18.433,2536757.62610178
2021-08-01 01:00:00,18.438,18.765,18.21,18.553,939983.94166453
2021-08-01 02:00:00,18.57,18.724,18.365,18.541,526033.00568714
2021-08-01 03:00:00,18.534,18.798,18.419,18.702,563369.16423575
2021-08-01 04:00:00,18.704,19.041,18.6,18.819,728809.30959865
2021-08-01 05:00:00,18.817,18.856,18.419,18.514,615395.48931277
2021-08-01 06:00:00,18.507,18.605,18.331,18.341,353061.46725796
2021-08-01 07:00:00,18.338,18.576,18.201,18.225,363096.25153473
2021-08-01 08:00:00,18.225,18.483,18.138,18.362,448726.80346136
2021-08-01 09:00:00,18.354,18.554,18.327,18.521,279110.94918877
2021-08-01 10:00:00,18.52,18.521,17.847,17.98,773046.60394717
2021-08-01 11:00:00,17.977,18.182,17.725,18.159,752605.71758541
2021-08-01 12:00:00,18.143,18.386,18.091,18.127,410681.24968903
2021-08-01 13:00:00,18.127,18.229,17.914,18.155,481734.48588
2021-08-01 14:00:00,18.149,19.096,18.101,19.018,1079463.65834279
2021-08-01 15:00:00,19.032,19.492,18.805,19.085,1120817.93785932
2021-08-01 16:00:00,19.087,19.707,18.56,19.594,1772153.89675376
2021-08-01 17:00:00,19.598,19.908,19.193,19.61,1439400.52029877
2021-08-01 18:00:00,19.61,19.688,19.342,19.486,408576.60374609
2021-08-01 19:00:00,19.491,19.646,19.048,19.49,724633.51488834
2021-08-01 20:00:00,19.491,19.546,19.237,19.389,491786.67780494
2021-08-01 21:00:00,19.387,19.404,19.125,19.176,153743.09507545
2021-08-01 22:00:00,19.18,19.357,18.55,18.811,849440.86857648
2021-08-01 23:00:00,18.807,19.03,17.997,18.414,1160009.58560144
2021-08-02 00:00:00,18.411,18.682,17.942,17.958,897367.22078341
2021-08-02 01:00:00,17.959,18.303,17.849,18.06,578919.14838688
2021-08-02 02:00:00,18.055,18.347,17.998,18.313,485971.08690302
2021-08-02 03:00:00,18.311,18.383,18.053,18.076,341067.80942018
2021-08-02 04:00:00,18.08,18.197,17.694,17.777,549581.81201269
2021-08-02 05:00:00,17.776,17.87,17.527,17.68,569900.04513617
2021-08-02 06:00:00,17.683,18.699,17.623,18.621,1199694.10194138
2021-08-02 07:00:00,18.614,18.958,18.404,18.544,903397.1655474
2021-08-02 08:00:00,18.548,18.598,17.998,18.172,1022824.07641867
2021-08-02 09:00:00,18.156,18.362,18.018,18.25,612164.2874283
2021-08-02 10:00:00,18.254,18.446,18.164,18.371,482916.74565281
2021-08-02 11:00:00,18.368,18.38,18.079,18.244,416402.54411709
2021-08-02 12:00:00,18.244,18.376,17.737,18.078,991294.33065725
2021-08-02 13:00:00,18.094,18.278,17.99,18.218,550388.56321277
2021-08-02 14:00:00,18.218,18.586,18.068,18.169,738939.80870412
2021-08-02 15:00:00,18.176,18.436,18.169,18.273,408863.45279994
2021-08-02 16:00:00,18.278,18.693,18.183,18.641,744041.21111904
2021-08-02 17:00:00,18.642,18.68,18.371,18.452,464906.19671903
2021-08-02 18:00:00,18.441,18.599,18.361,18.518,237203.72462073
2021-08-02 19:00:00,18.525,18.604,18.081,18.165,572997.38019332
2021-08-02 20:00:00,18.169,18.219,17.905,17.961,770442.25659848
2021-08-02 21:00:00,17.955,18.205,17.909,18.107,186785.10019951
2021-08-02 22:00:00,18.107,18.444,18.072,18.299,495512.78310127
2021-08-02 23:00:00,18.3,18.402,17.959,17.993,394221.74926452
2021-08-03 00:00:00,17.987,18.539,17.868,18.351,707565.90401002
2021-08-03 01:00:00,18.341,18.38,17.988,18.025,814582.53448475
2021-08-03 02:00:00,18.023,18.286,17.984,18.067,350997.29260613
2021-08-03 03:00:00,18.056,18.17,17.813,17.916,416369.81909866
2021-08-03 04:00:00,17.927,18.046,17.532,17.587,604781.72301537
2021-08-03 05:00:00,17.581,17.582,17.151,17.351,1109786.37869632
2021-08-03 06:00:00,17.351,17.479,17.28,17.292,363016.12185024
2021-08-03 07:00:00,17.29,17.487,17.125,17.425,632153.88099648
2021-08-03 08:00:00,17.427,17.429,17.194,17.204,439235.97331949
2021-08-03 09:00:00,17.204,17.222,16.948,17.218,762237.07754784
2021-08-03 10:00:00,17.219,17.358,17.04,17.246,576702.99042533
2021-08-03 11:00:00,17.242,17.358,17.091,17.131,386700.86183371
2021-08-03 12:00:00,17.134,17.372,16.802,17.325,1351668.84783541
2021-08-03 13:00:00,17.325,17.574,17.32,17.372,552081.57687423
2021-08-03 14:00:00,17.372,17.642,17.347,17.427,497079.86450206
2021-08-03 15:00:00,17.421,17.595,17.269,17.439,611063.28394012
2021-08-03 16:00:00,17.443,17.505,17.119,17.325,604438.19932291
2021-08-03 17:00:00,17.319,17.468,17.128,17.136,357957.7471409
2021-08-03 18:00:00,17.141,17.32,17.034,17.301,466673.80023781
2021-08-03 19:00:00,17.306,17.363,17.168,17.206,264910.15351948
2021-08-03 20:00:00,17.195,17.303,17.022,17.213,402130.39840602
2021-08-03 21:00:00,17.21,17.426,17.176,17.327,183110.14524101
2021-08-03 22:00:00,17.327,17.495,17.313,17.466,284876.13416878
2021-08-03 23:00:00,17.466,17.578,17.297,17.419,313976.39670931
2021-08-04 00:00:00,17.427,17.491,17.109,17.386,398694.15573681
2021-08-04 01:00:00,17.402,17.771,17.298,17.571,513831.34122716
2021-08-04 02:00:00,17.571,17.774,17.45,17.562,506284.0787878
2021-08-04 03:00:00,17.569,17.649,17.405,17.437,291900.47991956
2021-08-04 04:00:00,17.434,17.569,17.322,17.487,297637.66096159
2021-08-04 05:00:00,17.484,17.666,17.484,17.515,255380.16783901
2021-08-04 06:00:00,17.512,17.625,17.357,17.39,350911.15521899
2021-08-04 07:00:00,17.401,17.457,17.179,17.3,439441.29445763
2021-08-04 08:00:00,17.304,17.366,17.091,17.27,464039.14989256
2021-08-04 09:00:00,17.265,17.345,17.208,17.293,242719.65680751
2021-08-04 10:00:00,17.284,17.46,17.206,17.447,294640.54934265
2021-08-04 11:00:00,17.444,17.606,17.424,17.501,304906.26171858
2021-08-04 12:00:00,17.502,18.459,17.5,18.366,1107998.92597065
2021-08-04 13:00:00,18.371,18.648,18.105,18.447,970362.57402956
2021-08-04 14:00:00,18.453,18.578,18.311,18.566,503356.39812265
2021-08-04 15:00:00,18.56,18.865,18.552,18.797,893989.68496875
2021-08-04 16:00:00,18.795,19.307,18.739,19.307,736933.03583655
2021-08-04 17:00:00,19.303,19.52,18.955,19.302,857323.92866013
2021-08-04 18:00:00,19.302,19.611,19.11,19.198,575902.45200036
2021-08-04 19:00:00,19.193,19.319,19.014,19.156,367852.16459241
2021-08-04 20:00:00,19.166,19.382,19.086,19.302,265460.69834407
2021-08-04 21:00:00,19.295,19.344,19.099,19.145,203117.80791477
2021-08-04 22:00:00,19.146,19.264,18.92,19.092,505355.93301114
2021-08-04 23:00:00,19.089,19.335,18.932,19.151,432297.94018902
2021-08-05 00:00:00,19.148,19.354,19.004,19.02,384674.60219996
2021-08-05 01:00:00,19.02,19.072,18.691,18.996,642573.77064261
2021-08-05 02:00:00,18.994,19.256,18.908,19.167,425932.25518829
2021-08-05 03:00:00,19.155,19.291,19.125,19.193,334308.46168628
2021-08-05 04:00:00,19.182,19.456,19.137,19.194,496730.11718663
2021-08-05 05:00:00,19.201,19.301,19.081,19.126,269157.25789605
2021-08-05 06:00:00,19.121,19.121,18.837,19.05,422167.67191472
2021-08-05 07:00:00,19.043,19.067,18.729,18.887,480712.97413174
2021-08-05 08:00:00,18.881,18.995,18.575,18.628,513432.71148126
2021-08-05 09:00:00,18.628,18.702,18.136,18.323,1216236.73395204
2021-08-05 10:00:00,18.315,18.488,18.256,18.425,572306.679086
2021-08-05 11:00:00,18.431,18.68,18.297,18.332,506273.49710804
2021-08-05 12:00:00,18.331,18.511,17.83,18.394,1202423.06562013
2021-08-05 13:00:00,18.4,18.45,18.159,18.424,758337.50452639
2021-08-05 14:00:00,18.419,19.172,18.259,19.08,1313019.28922721
2021-08-05 15:00:00,19.08,19.234,18.833,18.928,857912.60736413
2021-08-05 16:00:00,18.928,19.146,18.835,19.038,494789.55152676
2021-08-05 17:00:00,19.039,19.32,18.934,19.299,648726.91688196
2021-08-05 18:00:00,19.301,19.309,19.035,19.19,497475.40146601
2021-08-05 19:00:00,19.19,19.296,19.01,19.026,375616.36376226
2021-08-05 20:00:00,19.027,19.258,19.027,19.195,183563.87181909
2021-08-05 21:00:00,19.2,19.416,19.061,19.214,269437.71430159
2021-08-05 22:00:00,19.215,19.25,19.068,19.133,254050.08758801
2021-08-05 23:00:00,19.135,19.25,19.084,19.129,199671.11217421
2021-08-06 00:00:00,19.131,19.239,18.673,18.755,627466.69823353
2021-08-06 01:00:00,18.761,18.88,18.625,18.846,537907.64857666
2021-08-06 02:00:00,18.836,18.852,18.515,18.635,334951.10757486
2021-08-06 03:00:00,18.635,18.759,18.57,18.607,309230.56325255
2021-08-06 04:00:00,18.604,18.719,18.531,18.713,223768.24507313
2021-08-06 05:00:00,18.722,18.823,18.685,18.818,278802.60555643
2021-08-06 06:00:00,18.817,19.101,18.774,18.977,497646.89304474
2021-08-06 07:00:00,18.974,19.039,18.809,18.865,289609.94764374
2021-08-06 08:00:00,18.863,19.094,18.738,19.043,320320.283395
2021-08-06 09:00:00,19.041,19.199,18.922,18.987,285932.95606879
2021-08-06 10:00:00,18.982,19.08,18.865,19.005,283775.4869236
2021-08-06 11:00:00,18.995,19.146,18.928,18.973,294925.64517358
2021-08-06 12:00:00,18.958,19.92,18.821,19.807,927069.56957554
2021-08-06 13:00:00,19.806,20.23,19.6,19.722,1025766.09691898
2021-08-06 14:00:00,19.722,19.811,19.631,19.74,379849.85986191
2021-08-06 15:00:00,19.741,20.093,19.694,20.076,905665.85560906
2021-08-06 16:00:00,20.083,20.659,20.081,20.349,1196708.12072526
2021-08-06 17:00:00,20.362,20.783,20.338,20.745,534484.09008702
2021-08-06 18:00:00,20.749,20.811,20.399,20.472,380125.79941299
2021-08-06 19:00:00,20.47,20.785,20.47,20.626,435637.23452848
2021-08-06 20:00:00,20.628,20.714,20.327,20.437,456431.67836713
2021-08-06 21:00:00,20.437,20.542,20.268,20.268,307842.9927005
2021-08-06 22:00:00,20.266,20.557,20.12,20.498,502444.40550216
2021-08-06 23:00:00,20.497,20.508,20.257,20.416,240757.34192044
2021-08-07 00:00:00,20.425,20.641,20.193,20.641,429000.77111653
2021-08-07 01:00:00,20.64,20.64,20.264,20.345,404002.85492464
2021-08-07 02:00:00,20.34,20.888,20.309,20.81,502490.9009495
2021-08-07 03:00:00,20.815,20.976,20.64,20.867,515485.04752557
2021-08-07 04:00:00,20.873,21.425,20.826,20.925,788507.99290446
2021-08-07 05:00:00,20.928,21.17,20.852,21.086,504283.01217462
2021-08-07 06:00:00,21.091,21.146,20.723,20.874,519918.34697476
2021-08-07 07:00:00,20.876,20.997,20.773,20.853,267893.99722046
2021-08-07 08:00:00,20.853,20.965,20.726,20.957,238228.94738518
2021-08-07 09:00:00,20.957,21.346,20.87,21.23,591672.38558755
2021-08-07 10:00:00,21.227,21.537,21.198,21.404,496679.93269775
2021-08-07 11:00:00,21.404,21.404,21.192,21.348,386921.69278834
2021-08-07 12:00:00,21.349,21.705,20.736,20.943,1228914.37003188
2021-08-07 13:00:00,20.937,21.12,20.561,20.587,963295.8559973
2021-08-07 14:00:00,20.593,21.026,20.591,20.933,448523.25302376
2021-08-07 15:00:00,20.933,21.03,20.669,20.707,462165.72404664
2021-08-07 16:00:00,20.695,20.735,20.041,20.723,1118288.24043423
2021-08-07 17:00:00,20.722,20.735,20.235,20.338,384508.00788657
2021-08-07 18:00:00,20.335,20.543,20.176,20.431,266975.87402061
2021-08-07 19:00:00,20.426,20.516,20.221,20.45,220982.15753506
2021-08-07 20:00:00,20.445,20.714,20.344,20.632,287793.48296036
2021-08-07 21:00:00,20.642,20.877,20.352,20.428,366423.1253979
2021-08-07 22:00:00,20.429,20.784,20.429,20.625,399952.34788312
2021-08-07 23:00:00,20.621,21.095,20.621,20.988,514050.53484529
2021-08-08 00:00:00,20.988,21.247,20.756,20.912,679510.86031254
2021-08-08 01:00:00,20.907,20.936,20.351,20.445,515161.64764727
2021-08-08 02:00:00,20.443,20.463,20.23,20.39,385412.38144579
2021-08-08 03:00:00,20.387,20.651,20.352,20.577,289042.34192687
2021-08-08 04:00:00,20.578,20.686,20.324,20.423,267568.14274741
2021-08-08 05:00:00,20.424,20.657,20.329,20.587,339669.76312589
2021-08-08 06:00:00,20.595,21.172,20.595,21.003,734561.83409952
2021-08-08 07:00:00,21.003,21.019,20.611,20.649,489985.95142518
2021-08-08 08:00:00,20.65,20.84,20.45,20.474,461612.79789784
2021-08-08 09:00:00,20.48,20.834,20.453,20.664,379506.43511708
2021-08-08 10:00:00,20.664,20.76,20.312,20.413,395732.7623114
2021-08-08 11:00:00,20.409,20.644,20.35,20.442,431622.27728866
2021-08-08 12:00:00,20.443,20.744,20.413,20.7,331974.01234652
2021-08-08 13:00:00,20.703,20.792,20.503,20.615,301398.57949732
2021-08-08 14:00:00,20.617,20.664,20.109,20.121,590806.84194597
2021-08-08 15:00:00,20.121,20.254,19.868,19.993,603796.15462055
2021-08-08 16:00:00,20.0,20.133,19.567,19.625,589427.5662215
2021-08-08 17:00:00,19.624,19.76,19.324,19.54,635054.98092116
2021-08-08 18:00:00,19.54,19.714,19.39,19.503,365195.03177907
2021-08-08 19:00:00,19.506,19.617,19.211,19.511,487214.61955942
2021-08-08 20:00:00,19.505,19.782,19.321,19.655,455679.22122197
2021-08-08 21:00:00,19.668,20.001,19.611,19.961,166640.90776428
2021-08-08 22:00:00,19.959,20.254,19.921,20.075,399173.99462755
2021-08-08 23:00:00,20.074,20.218,19.606,19.669,588803.03256912
2021-08-09 00:00:00,19.665,19.801,19.011,19.072,992582.27200721
2021-08-09 01:00:00,19.081,19.27,18.716,19.121,848940.40859247
2021-08-09 02:00:00,19.126,19.414,19.031,19.375,336708.43662833
2021-08-09 03:00:00,19.373,19.407,19.196,19.323,293890.04398774
2021-08-09 04:00:00,19.32,19.406,19.081,19.371,429084.44479776
2021-08-09 05:00:00,19.364,19.497,19.217,19.376,268411.106047
2021-08-09 06:00:00,19.388,19.477,19.126,19.312,356019.56254552
2021-08-09 07:00:00,19.311,19.65,19.261,19.618,391906.60992344
2021-08-09 08:00:00,19.61,19.694,19.437,19.611,410454.09395031
2021-08-09 09:00:00,19.616,20.476,19.586,20.37,907586.65247113
2021-08-09 10:00:00,20.371,20.609,20.176,20.595,699208.21650856
2021-08-09 11:00:00,20.594,20.761,20.502,20.699,636769.35954973
2021-08-09 12:00:00,20.698,20.812,20.462,20.612,386177.60189217
2021-08-09 13:00:00,20.609,20.725,20.29,20.374,386570.66363241
2021-08-09 14:00:00,20.366,20.84,20.358,20.536,541527.63452528
2021-08-09 15:00:00,20.537,21.028,20.537,20.848,473504.55563934
2021-08-09 16:00:00,20.848,21.299,20.767,20.971,587276.31602381
2021-08-09 17:00:00,20.972,21.072,20.801,20.814,198663.52825692
2021-08-09 18:00:00,20.814,21.133,20.814,20.958,295646.7461209
2021-08-09 19:00:00,20.964,21.099,20.622,20.692,325242.77989822
2021-08-09 20:00:00,20.706,20.899,20.327,20.351,604347.87069241
2021-08-09 21:00:00,20.359,20.529,20.137,20.355,500815.58643637
2021-08-09 22:00:00,20.353,20.755,20.302,20.738,539544.51932684
2021-08-09 23:00:00,20.735,20.831,20.439,20.582,350371.89158664
2021-08-10 00:00:00,20.578,20.827,20.318,20.545,557695.92888365
2021-08-10 01:00:00,20.533,20.596,20.342,20.548,300172.8622971
2021-08-10 02:00:00,20.549,20.63,20.373,20.593,194987.42298746
2021-08-10 03:00:00,20.592,20.841,20.347,20.354,352106.51055184
2021-08-10 04:00:00,20.353,20.635,20.289,20.341,353396.06018887
2021-08-10 05:00:00,20.341,20.583,20.258,20.356,370695.28308018
2021-08-10 06:00:00,20.353,20.474,20.235,20.409,348702.12130453
2021-08-10 07:00:00,20.412,20.681,20.287,20.649,314863.1854902
2021-08-10 08:00:00,20.655,20.925,20.535,20.885,367461.40677343
2021-08-10 09:00:00,20.882,20.902,20.603,20.757,313072.36209774
2021-08-10 10:00:00,20.764,20.85,20.365,20.443,492074.1852379
2021-08-10 11:00:00,20.457,20.741,20.391,20.599,407618.9081081
2021-08-10 12:00:00,20.595,21.394,20.491,21.375,866655.68949473
2021-08-10 13:00:00,21.375,21.443,20.546,20.954,986555.17200292
2021-08-10 14:00:00,20.952,21.113,20.566,20.76,594711.84348725
2021-08-10 15:00:00,20.781,20.858,20.455,20.608,552888.0858773
2021-08-10 16:00:00,20.607,20.656,20.109,20.258,738540.23280968
2021-08-10 17:00:00,20.253,20.597,20.238,20.576,282767.10733767
2021-08-10 18:00:00,20.573,20.735,20.489,20.686,286373.69597757
2021-08-10 19:00:00,20.691,20.745,20.588,20.658,200629.05063195
2021-08-10 20:00:00,20.651,20.861,20.633,20.828,328173.46117032
2021-08-10 21:00:00,20.825,21.02,20.758,20.902,270078.441609
2021-08-10 22:00:00,20.901,21.028,20.415,20.49,406904.50407896
2021-08-10 23:00:00,20.472,20.675,20.462,20.625,283064.1062003
2021-08-11 00:00:00,20.628,20.918,20.565,20.886,342577.26006843
2021-08-11 01:00:00,20.891,21.132,20.764,21.025,286825.62097368
2021-08-11 02:00:00,21.022,21.15,20.745,20.9,335095.51165728
2021-08-11 03:00:00,20.904,21.156,20.813,21.088,241230.98786502
2021-08-11 04:00:00,21.088,21.218,20.939,21.142,265432.68755244
2021-08-11 05:00:00,21.154,21.358,21.145,21.315,339938.09828681
2021-08-11 06:00:00,21.307,21.599,21.256,21.519,700488.47117178
2021-08-11 07:00:00,21.526,21.725,21.45,21.503,739035.23206803
2021-08-11 08:00:00,21.503,21.621,21.193,21.471,501128.96498289
2021-08-11 09:00:00,21.472,22.0,21.35,21.721,571385.48553037
2021-08-11 10:00:00,21.723,21.961,21.525,21.703,596445.22229632
2021-08-11 11:00:00,21.688,22.0,21.541,21.55,457448.42236107
2021-08-11 12:00:00,21.551,21.613,21.141,21.428,610874.09859716
2021-08-11 13:00:00,21.428,21.876,21.204,21.755,632963.35199636
2021-08-11 14:00:00,21.751,22.155,21.696,21.931,586787.90897031
2021-08-11 15:00:00,21.934,22.077,21.64,21.763,509462.71291176
2021-08-11 16:00:00,21.772,22.476,21.737,22.07,790457.62800066
2021-08-11 17:00:00,22.072,22.256,21.967,22.245,330169.2850556
2021-08-11 18:00:00,22.246,22.257,21.796,21.92,393383.90920819
2021-08-11 19:00:00,21.914,22.214,21.82,22.198,246327.49207272
2021-08-11 20:00:00,22.196,22.322,22.003,22.035,325370.23972064
2021-08-11 21:00:00,22.027,22.027,21.5,21.888,591551.89580912
2021-08-11 22:00:00,21.882,21.891,21.001,21.303,1168066.33720987
2021-08-11 23:00:00,21.314,21.487,21.195,21.359,477361.96230627
2021-08-12 00:00:00,21.359,21.791,21.287,21.718,513886.71060716
2021-08-12 01:00:00,21.706,22.25,21.556,22.135,492755.0536405
2021-08-12 02:00:00,22.131,22.335,21.995,22.265,601636.30537265
2021-08-12 03:00:00,22.264,22.266,21.911,21.918,396897.37342893
2021-08-12 04:00:00,21.919,22.035,21.448,21.484,718119.7500203
2021-08-12 05:00:00,21.485,21.539,20.484,21.052,1759747.98082141
2021-08-12 06:00:00,21.058,21.172,20.713,21.046,879682.31088689
2021-08-12 07:00:00,21.046,21.301,20.947,21.278,516283.70741106
2021-08-12 08:00:00,21.279,21.353,21.139,21.224,494596.44234167
2021-08-12 09:00:00,21.211,21.483,20.875,21.324,786460.41402084
2021-08-12 10:00:00,21.326,21.399,21.151,21.165,383624.4107532
2021-08-12 11:00:00,21.164,21.277,20.714,20.763,803688.40008832
2021-08-12 12:00:00,20.761,21.031,20.455,20.73,1150500.37908008
2021-08-12 13:00:00,20.745,20.873,20.625,20.627,574297.59433451
2021-08-12 14:00:00,20.63,20.682,20.164,20.299,1324196.09804048
2021-08-12 15:00:00,20.299,20.635,20.256,20.404,612916.57125012
2021-08-12 16:00:00,20.41,20.5,19.928,20.136,1067333.26599992
2021-08-12 17:00:00,20.144,20.57,20.056,20.401,477234.58259622
2021-08-12 18:00:00,20.404,20.765,20.365,20.732,385934.86141755
2021-08-12 19:00:00,20.734,20.775,20.585,20.66,254710.2991663
2021-08-12 20:00:00,20.656,20.828,20.5,20.761,357954.86581653
2021-08-12 21:00:00,20.763,20.788,20.5,20.564,298604.98491764
2021-08-12 22:00:00,20.569,20.647,20.083,20.208,596509.1429648
2021-08-12 23:00:00,20.199,20.822,20.195,20.778,599123.86924762
2021-08-13 00:00:00,20.78,21.075,20.54,20.939,738803.52886983
2021-08-13 01:00:00,20.947,21.261,20.906,21.157,520143.28906866
2021-08-13 02:00:00,21.152,21.368,21.07,21.322,257989.74324502
2021-08-13 03:00:00,21.323,21.391,21.176,21.176,183334.2406124
2021-08-13 04:00:00,21.174,21.886,21.063,21.681,630169.75112724
2021-08-13 05:00:00,21.674,21.799,21.554,21.577,220283.38051152
2021-08-13 06:00:00,21.573,21.935,21.404,21.812,771367.54019049
2021-08-13 07:00:00,21.82,22.134,21.815,22.009,819669.69699312
2021-08-13 08:00:00,22.009,22.173,21.879,22.066,667877.29105907
2021-08-13 09:00:00,22.068,22.222,21.958,22.049,648923.50015428
2021-08-13 10:00:00,22.046,22.176,21.979,22.061,284064.55178132
2021-08-13 11:00:00,22.061,22.191,21.83,21.843,500919.69260564
2021-08-13 12:00:00,21.841,22.167,21.84,22.056,344817.44864189
2021-08-13 13:00:00,22.059,22.066,21.761,21.902,378278.97147015
2021-08-13 14:00:00,21.899,22.015,21.682,21.715,528348.26789503
2021-08-13 15:00:00,21.715,21.828,21.395,21.589,525546.99917041
2021-08-13 16:00:00,21.584,21.976,21.505,21.961,420491.92352676
2021-08-13 17:00:00,21.964,22.009,21.752,21.949,301015.0406597
2021-08-13 18:00:00,21.949,21.982,21.719,21.841,270960.50549273
2021-08-13 19:00:00,21.842,21.873,21.691,21.836,237132.92580712
2021-08-13 20:00:00,21.836,22.33,21.762,22.23,746366.57748478
2021-08-13 21:00:00,22.229,22.37,22.154,22.248,279026.8397106
2021-08-13 22:00:00,22.257,22.424,22.133,22.368,336679.73329688
2021-08-13 23:00:00,22.357,22.759,22.335,22.752,413612.57915597
2021-08-14 00:00:00,22.753,22.757,22.297,22.555,602821.76687397
2021-08-14 01:00:00,22.57,22.803,22.481,22.492,409683.56078993
2021-08-14 02:00:00,22.499,22.597,22.365,22.48,250075.57756185
2021-08-14 03:00:00,22.475,22.679,22.452,22.628,268113.53875743
2021-08-14 04:00:00,22.629,22.637,22.4,22.437,269963.43227473
2021-08-14 05:00:00,22.441,22.6,22.425,22.583,201239.69626292
2021-08-14 06:00:00,22.573,22.946,22.566,22.778,425423.58988734
2021-08-14 07:00:00,22.782,22.999,22.701,22.881,326784.48734403
2021-08-14 08:00:00,22.881,23.376,22.873,23.148,636428.71944506
2021-08-14 09:00:00,23.148,23.496,22.236,22.6,1032960.43278219
2021-08-14 10:00:00,22.592,22.849,21.83,22.018,1966635.58185326
2021-08-14 11:00:00,22.018,22.441,21.792,22.425,672111.13710717
2021-08-14 12:00:00,22.435,22.499,22.034,22.113,381270.68378446
2021-08-14 13:00:00,22.112,22.382,22.018,22.353,361274.41084447
2021-08-14 14:00:00,22.353,22.917,22.264,22.85,579204.42083378
2021-08-14 15:00:00,22.847,22.871,22.418,22.776,515020.74900187
2021-08-14 16:00:00,22.782,22.837,22.545,22.605,479932.35986686
2021-08-14 17:00:00,22.6,22.688,22.311,22.513,398654.23260039
2021-08-14 18:00:00,22.507,22.642,22.372,22.477,210450.23627368
2021-08-14 19:00:00,22.477,22.79,22.327,22.746,409663.03839654
2021-08-14 20:00:00,22.738,22.738,22.115,22.296,523630.37211275
2021-08-14 21:00:00,22.296,22.67,22.293,22.67,145198.30862214
2021-08-14 22:00:00,22.671,22.837,22.53,22.609,361316.93112618
2021-08-14 23:00:00,22.611,22.985,22.566,22.868,361363.43142968
2021-08-15 00:00:00,22.86,23.012,22.65,22.948,415178.0391385
2021-08-15 01:00:00,22.944,23.193,22.786,23.032,370087.88329762
2021-08-15 02:00:00,23.03,23.339,23.027,23.137,441287.55000406
2021-08-15 03:00:00,23.137,23.182,22.655,22.655,484791.09853379
2021-08-15 04:00:00,22.659,22.675,22.387,22.618,558002.19860751
2021-08-15 05:00:00,22.618,22.849,22.522,22.562,411436.5217379
2021-08-15 06:00:00,22.561,22.72,22.311,22.401,606965.54531327
2021-08-15 07:00:00,22.401,22.44,21.815,22.041,998041.6991233
2021-08-15 08:00:00,22.033,22.263,21.915,22.153,541798.91116072
2021-08-15 09:00:00,22.155,22.4,22.068,22.238,429420.32931662
2021-08-15 10:00:00,22.24,22.365,22.081,22.248,376396.6338778
2021-08-15 11:00:00,22.24,22.325,21.962,22.203,436625.20741278
2021-08-15 12:00:00,22.195,22.305,22.0,22.077,357356.20421534
2021-08-15 13:00:00,22.071,22.213,21.855,22.141,533743.00022721
2021-08-15 14:00:00,22.143,22.441,22.0,22.013,661141.95015781
2021-08-15 15:00:00,22.01,22.186,21.976,22.155,264980.14161251
2021-08-15 16:00:00,22.153,22.287,22.005,22.036,248334.57886065
2021-08-15 17:00:00,22.038,22.243,21.892,22.234,367244.99699168
2021-08-15 18:00:00,22.233,22.498,22.147,22.457,353389.91693935
2021-08-15 19:00:00,22.455,22.8,22.352,22.715,467906.944922
2021-08-15 20:00:00,22.721,23.0,22.713,22.973,287056.81837542
2021-08-15 21:00:00,22.974,23.034,22.661,22.911,238800.91082135
2021-08-15 22:00:00,22.908,23.241,22.908,23.215,391468.39464524
2021-08-15 23:00:00,23.215,23.363,23.046,23.178,435284.85490797
2021-08-16 00:00:00,23.177,23.446,22.839,23.219,1050533.98838362
2021-08-16 01:00:00,23.214,23.475,23.107,23.413,436479.68568642
2021-08-16 02:00:00,23.417,23.522,23.321,23.471,434804.40525332
2021-08-16 03:00:00,23.474,23.493,22.929,22.946,502314.16914799
2021-08-16 04:00:00,22.94,23.458,22.94,23.377,430619.69504896
2021-08-16 05:00:00,23.378,24.489,23.375,24.439,1306337.06336965
2021-08-16 06:00:00,24.432,24.461,24.03,24.215,735642.86481002
2021-08-16 07:00:00,24.217,24.539,24.161,24.273,408329.97140638
2021-08-16 08:00:00,24.274,24.444,24.011,24.14,551985.13230237
2021-08-16 09:00:00,24.129,24.949,24.068,24.87,824623.93124037
2021-08-16 10:00:00,24.868,24.95,24.642,24.891,679825.63230604
2021-08-16 11:00:00,24.89,25.463,24.806,25.256,822955.14456753
2021-08-16 12:00:00,25.257,25.314,24.87,25.071,806890.98449991
2021-08-16 13:00:00,25.072,25.129,24.018,24.392,1399136.95928166
2021-08-16 14:00:00,24.392,24.7,24.117,24.141,888906.78108222
2021-08-16 15:00:00,24.14,24.769,24.067,24.764,831175.22848303
2021-08-16 16:00:00,24.76,25.577,24.658,25.49,1135946.72146595
2021-08-16 17:00:00,25.49,25.714,25.254,25.378,833643.20985371
2021-08-16 18:00:00,25.373,25.662,25.262,25.446,460981.78684742
2021-08-16 19:00:00,25.448,25.557,24.621,24.705,745091.16434762
2021-08-16 20:00:00,24.717,24.747,24.062,24.721,1210780.61482499
2021-08-16 21:00:00,24.722,25.248,24.494,24.834,321001.68600018
2021-08-16 22:00:00,24.836,25.157,24.696,24.951,278314.51655265
2021-08-16 23:00:00,24.957,24.957,24.295,24.441,559613.99169981
2021-08-17 00:00:00,24.436,24.626,23.38,24.031,1625534.15459392
2021-08-17 01:00:00,24.036,26.38,24.001,26.359,1595416.40661706
2021-08-17 02:00:00,26.36,26.585,25.725,26.242,1383691.00849533
2021-08-17 03:00:00,26.252,27.43,26.127,26.807,1180356.99631777
2021-08-17 04:00:00,26.812,27.116,26.352,26.513,676460.84248837
2021-08-17 05:00:00,26.512,26.657,26.012,26.143,692671.90713989
2021-08-17 06:00:00,26.147,26.605,25.913,25.98,924911.87711184
2021-08-17 07:00:00,25.98,26.365,25.718,26.311,780118.01381555
2021-08-17 08:00:00,26.319,26.74,26.276,26.304,649961.1769431
2021-08-17 09:00:00,26.307,26.821,26.296,26.604,586096.77115291
2021-08-17 10:00:00,26.627,26.731,25.878,25.907,647865.17547648
2021-08-17 11:00:00,25.908,26.546,25.908,26.423,746565.63878122
2021-08-17 12:00:00,26.41,26.785,26.0,26.018,782252.94185002
2021-08-17 13:00:00,26.021,26.229,25.654,25.927,780822.74718398
2021-08-17 14:00:00,25.925,26.024,25.424,25.695,697465.62919767
2021-08-17 15:00:00,25.692,25.758,25.1,25.2,852108.26910857
2021-08-17 16:00:00,25.203,25.635,25.052,25.122,841949.89585378
2021-08-17 17:00:00,25.122,25.614,25.1,25.456,630422.91010977
2021-08-17 18:00:00,25.461,25.869,25.376,25.455,432758.46455378
2021-08-17 19:00:00,25.452,25.516,24.645,24.727,924291.10119222
2021-08-17 20:00:00,24.729,24.903,23.35,24.093,1876033.21052087
2021-08-17 21:00:00,24.07,24.085,23.65,23.697,487748.62747141
2021-08-17 22:00:00,23.694,24.222,22.972,24.211,1400832.43789477
2021-08-17 23:00:00,24.215,24.215,23.364,23.565,685741.87212613
2021-08-18 00:00:00,23.564,24.727,23.126,23.771,1495551.59733357
2021-08-18 01:00:00,23.77,24.194,22.475,24.194,1930092.5499804
2021-08-18 02:00:00,24.194,24.308,23.576,23.812,1110045.61357153
2021-08-18 03:00:00,23.815,23.917,23.213,23.917,708838.87658284
2021-08-18 04:00:00,23.918,24.19,23.665,24.013,640725.9078583
2021-08-18 05:00:00,24.013,24.518,23.879,24.435,543125.75658534
2021-08-18 06:00:00,24.446,24.5,24.101,24.216,571697.78108395
2021-08-18 07:00:00,24.212,24.299,23.549,23.644,650977.95103287
2021-08-18 08:00:00,23.633,23.924,23.411,23.764,479367.85620419
2021-08-18 09:00:00,23.767,24.292,23.659,24.112,420811.931253
2021-08-18 10:00:00,24.11,24.31,23.732,23.82,542716.24841413
2021-08-18 11:00:00,23.829,24.106,23.303,23.37,747232.39222164
2021-08-18 12:00:00,23.368,24.006,23.351,23.979,763495.05849675
2021-08-18 13:00:00,23.986,24.235,23.786,23.943,449883.92044198
2021-08-18 14:00:00,23.933,24.484,23.904,24.434,564385.0456967
2021-08-18 15:00:00,24.434,24.871,24.088,24.833,705652.02275452
2021-08-18 16:00:00,24.844,25.172,24.667,25.052,1131320.42749567
2021-08-18 17:00:00,25.07,25.179,24.822,24.897,433914.55877697
2021-08-18 18:00:00,24.907,25.024,24.343,24.572,675635.834628
2021-08-18 19:00:00,24.551,24.769,23.707,23.783,918888.12495227
2021-08-18 20:00:00,23.777,23.96,23.345,23.415,567993.69374157
2021-08-18 21:00:00,23.41,23.75,23.34,23.671,318514.98054221
2021-08-18 22:00:00,23.679,24.039,23.571,23.985,410948.04345204
2021-08-18 23:00:00,23.978,24.489,23.854,23.883,493012.39133323
2021-08-19 00:00:00,23.888,24.397,23.517,24.348,775393.81723597
2021-08-19 01:00:00,24.341,24.575,24.022,24.256,552325.83488522
2021-08-19 02:00:00,24.256,24.479,23.984,24.162,457070.35689425
2021-08-19 03:00:00,24.156,24.169,23.644,23.712,589420.16693764
2021-08-19 04:00:00,23.707,24.019,23.542,23.871,491371.02637873
2021-08-19 05:00:00,23.869,24.235,23.662,24.148,459085.30998472
2021-08-19 06:00:00,24.145,24.172,23.825,23.939,438652.66338309
2021-08-19 07:00:00,23.945,24.2,23.709,24.024,419088.2514585
2021-08-19 08:00:00,24.031,24.238,23.819,24.03,535365.59205598
2021-08-19 09:00:00,24.048,24.284,23.957,24.124,302389.11757753
2021-08-19 10:00:00,24.121,24.221,23.702,23.715,319721.63530898
2021-08-19 11:00:00,23.715,24.016,23.661,23.673,421842.60519847
2021-08-19 12:00:00,23.678,23.992,23.45,23.924,447843.79745861
2021-08-19 13:00:00,23.935,24.99,23.928,24.937,933626.41115737
2021-08-19 14:00:00,24.929,25.581,24.929,25.243,1398837.39976586
2021-08-19 15:00:00,25.243,25.874,25.243,25.784,694178.99707018
2021-08-19 16:00:00,25.781,25.878,25.055,25.067,620557.8126116
2021-08-19 17:00:00,25.076,25.752,25.044,25.654,487696.11898164
2021-08-19 18:00:00,25.662,26.382,25.616,26.343,881892.30621726
2021-08-19 19:00:00,26.353,26.855,26.3,26.705,746673.76067143
2021-08-19 20:00:00,26.714,26.807,26.228,26.44,438013.13845643
2021-08-19 21:00:00,26.437,26.597,26.311,26.423,162156.37520045
2021-08-19 22:00:00,26.42,26.574,26.149,26.517,281345.6257118
2021-08-19 23:00:00,26.512,26.675,26.302,26.593,383904.55863446
2021-08-20 00:00:00,26.601,27.047,26.35,26.734,712784.20761416
2021-08-20 01:00:00,26.742,27.081,26.381,27.029,354598.94213388
2021-08-20 02:00:00,27.034,27.166,26.681,26.781,310138.96880176
2021-08-20 03:00:00,26.772,26.941,26.52,26.746,290573.40980498
2021-08-20 04:00:00,26.747,26.896,26.572,26.808,202067.1508958
2021-08-20 05:00:00,26.808,27.029,26.554,26.91,351372.38082918
2021-08-20 06:00:00,26.92,26.988,26.721,26.791,338551.64417121
2021-08-20 07:00:00,26.784,26.819,26.221,26.39,632995.95103174
2021-08-20 08:00:00,26.386,26.734,26.086,26.692,532853.34462205
2021-08-20 09:00:00,26.703,26.813,26.583,26.691,338514.58776606
2021-08-20 10:00:00,26.698,28.11,26.589,27.8,1126140.65513896
2021-08-20 11:00:00,27.807,27.82,27.457,27.64,545324.64405233
2021-08-20 12:00:00,27.629,28.383,27.62,27.991,736932.0544342
2021-08-20 13:00:00,27.981,28.254,27.813,28.017,601195.16072381
2021-08-20 14:00:00,28.021,28.465,27.896,28.377,754309.44017942
2021-08-20 15:00:00,28.374,28.38,27.96,28.04,531263.81903398
2021-08-20 16:00:00,28.044,28.173,27.569,27.718,828331.84150996
2021-08-20 17:00:00,27.705,28.088,27.565,27.945,371756.15048802
2021-08-20 18:00:00,27.942,28.5,27.681,27.838,542324.75769852
2021-08-20 19:00:00,27.847,28.26,27.847,28.055,317906.23031625
2021-08-20 20:00:00,28.067,28.273,27.948,28.115,194113.04592913
2021-08-20 21:00:00,28.108,28.298,27.9,28.242,225025.68464201
2021-08-20 22:00:00,28.244,28.344,27.728,28.026,353795.10869467
2021-08-20 23:00:00,28.035,28.264,27.901,28.171,395009.46177134
2021-08-21 00:00:00,28.188,28.231,27.577,27.664,375080.65627439
2021-08-21 01:00:00,27.671,27.96,27.528,27.919,235462.21165188
2021-08-21 02:00:00,27.931,28.322,27.879,27.998,458854.62523858
2021-08-21 03:00:00,27.993,29.07,27.86,28.923,759960.39120208
2021-08-21 04:00:00,28.923,29.212,28.545,28.748,701995.04337147
2021-08-21 05:00:00,28.748,29.4,28.735,29.325,455228.54494138
2021-08-21 06:00:00,29.325,29.325,28.771,28.921,382325.62062123
2021-08-21 07:00:00,28.92,29.058,28.81,28.962,254971.08672548
2021-08-21 08:00:00,28.969,29.17,28.703,28.893,325675.5742931
2021-08-21 09:00:00,28.903,28.918,28.416,28.67,368624.111084
2021-08-21 10:00:00,28.668,29.013,28.601,28.898,323067.84090485
2021-08-21 11:00:00,28.892,28.94,27.489,28.1,1208817.06198538
2021-08-21 12:00:00,28.092,29.106,28.021,28.906,677620.87878324
2021-08-21 13:00:00,28.912,29.008,28.541,28.607,514598.73777222
2021-08-21 14:00:00,28.607,28.727,28.17,28.238,520927.07312832
2021-08-21 15:00:00,28.239,28.733,28.235,28.6,392857.22085368
2021-08-21 16:00:00,28.582,29.018,28.457,28.765,457708.76703623
2021-08-21 17:00:00,28.774,28.931,28.249,28.315,405281.38230165
2021-08-21 18:00:00,28.315,28.446,27.824,28.36,734835.51678612
2021-08-21 19:00:00,28.344,28.357,27.601,27.777,532668.33211308
2021-08-21 20:00:00,27.782,28.022,27.715,27.895,241854.71289242
2021-08-21 21:00:00,27.912,28.24,27.804,28.106,169641.84504127
2021-08-21 22:00:00,28.109,28.53,28.109,28.4,183316.13117636
2021-08-21 23:00:00,28.408,28.554,27.868,27.896,347539.80596451
2021-08-22 00:00:00,27.884,28.523,27.878,28.416,373115.02311184
2021-08-22 01:00:00,28.417,28.57,28.129,28.445,216678.92760813
2021-08-22 02:00:00,28.439,28.447,27.74,27.91,424440.06490164
2021-08-22 03:00:00,27.896,27.996,27.579,27.632,420340.89088549
2021-08-22 04:00:00,27.627,27.994,27.627,27.853,346167.54752379
2021-08-22 05:00:00,27.858,27.918,27.616,27.74,323002.74473175
2021-08-22 06:00:00,27.762,28.036,27.74,27.927,321000.38894097
2021-08-22 07:00:00,27.933,28.195,27.926,28.107,269659.89211468
2021-08-22 08:00:00,28.108,28.226,27.901,27.932,347326.87618263
2021-08-22 09:00:00,27.931,28.336,27.921,28.222,229770.06430578
2021-08-22 10:00:00,28.22,28.282,27.749,27.826,328198.36557852
2021-08-22 11:00:00,27.834,28.05,27.802,28.038,155642.8858363
2021-08-22 12:00:00,28.042,28.112,27.638,27.656,333953.95089118
2021-08-22 13:00:00,27.661,27.749,27.184,27.604,753800.88161718
2021-08-22 14:00:00,27.604,27.685,26.691,26.812,935821.99098507
2021-08-22 15:00:00,26.812,27.244,26.556,27.156,765128.30311373
2021-08-22 16:00:00,27.163,27.354,26.85,27.137,523710.83843838
2021-08-22 17:00:00,27.144,27.314,26.967,27.077,249873.71013921
2021-08-22 18:00:00,27.073,27.073,26.609,26.887,413583.44478579
2021-08-22 19:00:00,26.884,27.148,26.863,27.11,198915.56089881
2021-08-22 20:00:00,27.094,27.094,26.558,26.778,282952.83309184
2021-08-22 21:00:00,26.77,27.097,26.582,27.058,171275.02492944
2021-08-22 22:00:00,27.03,27.498,26.877,27.481,417300.63325454
2021-08-22 23:00:00,27.472,28.02,27.449,27.722,587549.69954378
2021-08-23 00:00:00,27.722,28.269,27.692,28.022,567181.29592846
2021-08-23 01:00:00,28.014,28.366,27.86,28.168,521622.4420363
2021-08-23 02:00:00,28.147,28.485,28.046,28.419,658932.74824516
2021-08-23 03:00:00,28.412,28.688,28.263,28.607,559684.98765481
2021-08-23 04:00:00,28.621,28.653,28.292,28.542,406416.96958981
2021-08-23 05:00:00,28.532,28.635,28.31,28.39,290322.41468561
2021-08-23 06:00:00,28.388,28.553,28.228,28.294,333473.70154639
2021-08-23 07:00:00,28.294,28.339,28.053,28.087,348408.18442854
2021-08-23 08:00:00,28.088,28.181,27.964,28.11,333473.6206355
2021-08-23 09:00:00,28.109,28.36,28.08,28.228,228404.2435291
2021-08-23 10:00:00,28.228,28.281,27.736,27.82,439773.6946434
2021-08-23 11:00:00,27.832,28.107,27.727,28.061,398819.94467292
2021-08-23 12:00:00,28.07,28.173,27.953,28.024,260470.51754784
2021-08-23 13:00:00,28.024,28.054,27.839,27.941,261604.46937364
2021-08-23 14:00:00,27.943,28.289,27.301,27.533,1000849.83722993
2021-08-23 15:00:00,27.529,27.889,27.441,27.68,581210.67770364
2021-08-23 16:00:00,27.683,28.108,27.521,27.957,427940.38927596
2021-08-23 17:00:00,27.965,28.026,27.619,27.636,250687.40147058
2021-08-23 18:00:00,27.631,27.799,27.531,27.687,193531.69421749
2021-08-23 19:00:00,27.694,27.694,27.405,27.553,274450.58924625
2021-08-23 20:00:00,27.558,27.942,27.357,27.904,242032.12279297
2021-08-23 21:00:00,27.904,27.94,27.715,27.837,94278.18222362
2021-08-23 22:00:00,27.837,28.084,27.774,28.019,237160.68294617
2021-08-23 23:00:00,28.025,28.262,27.864,27.9,317184.48815619
2021-08-24 00:00:00,27.9,28.21,27.212,27.479,632193.68877141
2021-08-24 01:00:00,27.483,27.524,27.137,27.293,389181.60915147
2021-08-24 02:00:00,27.27,27.496,27.253,27.479,187839.56046076
2021-08-24 03:00:00,27.477,27.884,27.477,27.612,373693.23387076
2021-08-24 04:00:00,27.623,27.774,27.388,27.72,277577.21557092
2021-08-24 05:00:00,27.724,27.794,27.603,27.711,186030.6203044
2021-08-24 06:00:00,27.711,27.905,27.674,27.866,242243.30279035
2021-08-24 07:00:00,27.864,27.925,27.713,27.776,211418.9514102
2021-08-24 08:00:00,27.775,27.791,27.561,27.566,322833.67551993
2021-08-24 09:00:00,27.561,27.656,27.415,27.557,193109.26729868
2021-08-24 10:00:00,27.575,27.791,27.361,27.388,299919.05711038
2021-08-24 11:00:00,27.372,27.55,27.258,27.55,357521.57286722
2021-08-24 12:00:00,27.55,27.555,27.125,27.36,399003.76434171
2021-08-24 13:00:00,27.355,27.384,26.615,26.806,952664.1103839
2021-08-24 14:00:00,26.806,26.808,25.417,26.309,1556617.30996506
2021-08-24 15:00:00,26.314,26.428,25.74,25.936,828145.87459261
2021-08-24 16:00:00,25.935,25.936,24.161,25.192,2140381.94342163
2021-08-24 17:00:00,25.177,25.717,25.04,25.463,650794.36245098
2021-08-24 18:00:00,25.475,25.574,25.171,25.474,726896.04131498
2021-08-24 19:00:00,25.469,25.626,24.896,25.348,626596.92603557
2021-08-24 20:00:00,25.345,25.902,25.131,25.837,394285.06839468
2021-08-24 21:00:00,25.842,25.963,25.318,25.527,313748.60515233
2021-08-24 22:00:00,25.526,25.864,25.404,25.829,270745.80250912
2021-08-24 23:00:00,25.832,25.849,25.041,25.09,377784.66171332
2021-08-25 00:00:00,25.09,25.741,25.074,25.606,614500.97159205
2021-08-25 01:00:00,25.609,25.971,25.289,25.953,477070.57273547
2021-08-25 02:00:00,25.944,26.539,25.809,26.386,549580.03747905
2021-08-25 03:00:00,26.392,26.44,25.827,25.843,452474.35350346
2021-08-25 04:00:00,25.814,26.096,25.673,25.813,401783.83314898
2021-08-25 05:00:00,25.825,26.394,25.825,26.384,398985.88813313
2021-08-25 06:00:00,26.388,26.46,26.116,26.19,301589.2504907
2021-08-25 07:00:00,26.181,26.368,25.829,25.933,360707.60587158
2021-08-25 08:00:00,25.933,25.971,24.744,24.772,1072848.08283079
2021-08-25 09:00:00,24.777,25.171,24.515,24.877,921691.92808482
2021-08-25 10:00:00,24.867,25.276,24.743,25.129,367300.1873551
2021-08-25 11:00:00,25.133,25.223,24.828,25.114,348080.1841523
2021-08-25 12:00:00,25.114,25.55,24.925,25.406,494198.28240415
2021-08-25 13:00:00,25.401,25.705,25.147,25.204,455840.45487649
2021-08-25 14:00:00,25.207,26.148,24.487,25.947,1312640.83702121
2021-08-25 15:00:00,25.956,26.324,25.728,26.241,678024.5283442
2021-08-25 16:00:00,26.235,26.53,26.032,26.277,615442.01419283
2021-08-25 17:00:00,26.264,26.467,26.031,26.406,408386.61978079
2021-08-25 18:00:00,26.411,26.566,26.288,26.33,258162.62475917
2021-08-25 19:00:00,26.316,26.54,25.821,25.972,337531.88802876
2021-08-25 20:00:00,25.979,26.33,25.881,25.924,207164.46901596
2021-08-25 21:00:00,25.923,26.297,25.919,26.254,163081.63068192
2021-08-25 22:00:00,26.239,26.367,25.677,25.788,355427.19853502
2021-08-25 23:00:00,25.791,26.23,25.689,26.019,306013.4751369
2021-08-26 00:00:00,26.011,26.432,25.765,26.303,415752.46993811
2021-08-26 01:00:00,26.308,26.372,25.738,25.738,235329.77311575
2021-08-26 02:00:00,25.738,26.015,25.694,25.873,228025.37197063
2021-08-26 03:00:00,25.854,25.887,25.128,25.345,714453.29001769
2021-08-26 04:00:00,25.334,25.498,25.062,25.339,352050.58506185
2021-08-26 05:00:00,25.343,25.429,24.7,24.831,946691.69255539
2021-08-26 06:00:00,24.825,25.05,24.567,24.624,740136.43864066
2021-08-26 07:00:00,24.606,24.873,24.334,24.683,761270.4979515
2021-08-26 08:00:00,24.69,24.905,24.47,24.735,550721.77345102
2021-08-26 09:00:00,24.739,24.896,24.411,24.465,368265.08101731
2021-08-26 10:00:00,24.458,24.845,24.365,24.566,472121.75784118
2021-08-26 11:00:00,24.57,24.838,24.433,24.441,497483.59766468
2021-08-26 12:00:00,24.45,24.737,23.838,24.31,1495964.93814519
2021-08-26 13:00:00,24.311,24.62,24.22,24.578,490627.50692625
2021-08-26 14:00:00,24.578,24.84,24.238,24.245,482460.68486718
2021-08-26 15:00:00,24.252,24.534,23.979,24.079,465031.19490055
2021-08-26 16:00:00,24.085,24.225,23.434,23.948,980125.68807958
2021-08-26 17:00:00,23.937,24.217,23.84,23.868,548520.93480582
2021-08-26 18:00:00,23.859,24.074,23.522,23.96,568774.58273517
2021-08-26 19:00:00,23.943,24.017,23.569,23.904,353869.59214358
2021-08-26 20:00:00,23.916,24.173,23.844,24.153,384688.3311087
2021-08-26 21:00:00,24.157,24.429,24.149,24.331,200920.10966955
2021-08-26 22:00:00,24.331,24.484,24.185,24.259,371741.94257014
2021-08-26 23:00:00,24.27,24.514,23.9,23.925,366569.31278176
2021-08-27 00:00:00,23.928,24.42,23.465,24.31,779047.33507715
2021-08-27 01:00:00,24.319,25.033,24.311,24.947,739154.52493345
2021-08-27 02:00:00,24.949,25.019,24.564,24.601,310244.95087934
2021-08-27 03:00:00,24.596,24.803,24.2,24.694,712830.56252404
2021-08-27 04:00:00,24.696,24.814,24.203,24.475,429203.26786516
2021-08-27 05:00:00,24.481,24.994,24.44,24.831,385349.17087888
2021-08-27 06:00:00,24.834,24.971,24.664,24.818,310670.47036327
2021-08-27 07:00:00,24.832,24.99,24.514,24.942,551453.04274972
2021-08-27 08:00:00,24.935,24.935,24.59,24.698,283015.35224372
2021-08-27 09:00:00,24.692,24.858,24.557,24.738,277192.57411607
2021-08-27 10:00:00,24.742,24.913,24.601,24.858,325663.67439685
2021-08-27 11:00:00,24.859,25.46,24.814,25.214,675485.45777887
2021-08-27 12:00:00,25.21,25.398,25.071,25.108,410738.40491707
2021-08-27 13:00:00,25.114,25.148,24.831,25.022,449129.80217082
2021-08-27 14:00:00,25.02,26.05,24.953,25.993,1093970.38568357
2021-08-27 15:00:00,25.994,26.099,25.681,25.887,655867.42343811
2021-08-27 16:00:00,25.882,25.985,25.598,25.833,354932.68176696
2021-08-27 17:00:00,25.833,25.979,25.801,25.897,196044.91910304
2021-08-27 18:00:00,25.89,25.961,25.76,25.893,178433.80891367
2021-08-27 19:00:00,25.901,26.021,25.787,25.837,188585.82231034
2021-08-27 20:00:00,25.831,26.267,25.651,26.193,403759.69964575
2021-08-27 21:00:00,26.199,26.367,26.109,26.259,190296.80601417
2021-08-27 22:00:00,26.257,26.462,25.989,26.438,247461.86655884
2021-08-27 23:00:00,26.445,26.798,26.403,26.529,483144.27998948
2021-08-28 00:00:00,26.536,26.765,26.36,26.518,416321.54434753
2021-08-28 01:00:00,26.515,26.548,26.258,26.398,196132.1293119
2021-08-28 02:00:00,26.381,26.381,26.037,26.175,201642.28563615
2021-08-28 03:00:00,26.178,26.262,26.052,26.06,224483.4746097
2021-08-28 04:00:00,26.065,26.186,26.027,26.1,209982.59861086
2021-08-28 05:00:00,26.1,26.122,25.76,25.915,261621.02055276
2021-08-28 06:00:00,25.91,26.138,25.712,26.092,362621.8321142
2021-08-28 07:00:00,26.091,26.118,25.862,25.923,161449.44389883
2021-08-28 08:00:00,25.923,26.249,25.912,26.054,228328.00329733
2021-08-28 09:00:00,26.058,26.366,26.031,26.221,314970.86960729
2021-08-28 10:00:00,26.218,26.338,26.12,26.156,199148.27631888
2021-08-28 11:00:00,26.156,26.209,25.819,25.896,332031.8620463
2021-08-28 12:00:00,25.895,26.494,25.852,26.278,517990.56542438
2021-08-28 13:00:00,26.278,26.287,25.985,26.003,364887.63409961
2021-08-28 14:00:00,26.007,26.007,25.537,25.827,539507.85032618
2021-08-28 15:00:00,25.826,25.909,25.638,25.835,330817.03060043
2021-08-28 16:00:00,25.836,26.152,25.674,25.858,455586.33137131
2021-08-28 17:00:00,25.861,25.915,25.677,25.766,189609.58408248
2021-08-28 18:00:00,25.766,25.932,25.722,25.748,156692.34791428
2021-08-28 19:00:00,25.729,25.734,25.42,25.595,305943.20860244
2021-08-28 20:00:00,25.595,25.744,25.514,25.715,207579.07850084
2021-08-28 21:00:00,25.714,26.035,25.685,25.989,174029.45136754
2021-08-28 22:00:00,26.006,26.052,25.713,25.773,239956.32694309
2021-08-28 23:00:00,25.769,26.122,25.769,25.979,257773.11221443
2021-08-29 00:00:00,25.988,26.418,25.874,26.418,492094.57030865
2021-08-29 01:00:00,26.417,26.484,26.282,26.311,287061.71789757
2021-08-29 02:00:00,26.309,26.385,25.75,25.867,385070.70185241
2021-08-29 03:00:00,25.87,25.932,25.501,25.535,519871.88032626
2021-08-29 04:00:00,25.543,25.649,25.243,25.538,551727.41786254
2021-08-29 05:00:00,25.533,25.794,25.502,25.713,205729.59811719
2021-08-29 06:00:00,25.718,25.912,25.641,25.841,215930.11444863
2021-08-29 07:00:00,25.836,25.949,25.735,25.857,172361.18675722
2021-08-29 08:00:00,25.848,26.1,25.757,26.092,356750.71206506
2021-08-29 09:00:00,26.087,26.154,25.854,26.042,273342.99936344
2021-08-29 10:00:00,26.044,26.111,25.874,25.939,194296.40111159
2021-08-29 11:00:00,25.935,26.051,25.631,25.675,280244.4715283
2021-08-29 12:00:00,25.668,26.01,25.627,25.903,230968.15736188
2021-08-29 13:00:00,25.885,26.101,25.793,25.826,188149.69335972
2021-08-29 14:00:00,25.815,26.027,25.603,25.619,250101.52511513
2021-08-29 15:00:00,25.618,25.798,25.539,25.74,238402.07809544
2021-08-29 16:00:00,25.737,25.913,25.65,25.883,261239.75059154
2021-08-29 17:00:00,25.886,25.913,25.64,25.707,178329.05240569
2021-08-29 18:00:00,25.707,25.787,25.661,25.759,137030.12222003
2021-08-29 19:00:00,25.761,25.968,25.72,25.914,174510.81200945
2021-08-29 20:00:00,25.924,26.015,25.844,25.977,193624.81040083
2021-08-29 21:00:00,25.975,25.99,25.682,25.892,161222.7692432
2021-08-29 22:00:00,25.895,26.167,25.884,25.987,372019.3287903
2021-08-29 23:00:00,25.986,26.067,25.708,25.741,291345.09122795
2021-08-30 00:00:00,25.739,25.782,25.25,25.346,485730.32668424
2021-08-30 01:00:00,25.347,25.631,25.282,25.412,276970.75835345
2021-08-30 02:00:00,25.41,25.619,25.381,25.424,242228.31538853
2021-08-30 03:00:00,25.422,25.484,25.011,25.126,546277.74768702
2021-08-30 04:00:00,25.132,25.343,25.025,25.106,388580.72478902
2021-08-30 05:00:00,25.106,25.248,25.04,25.203,291253.03172946
2021-08-30 06:00:00,25.203,25.203,24.738,24.999,579773.12586971
2021-08-30 07:00:00,24.995,25.161,24.946,25.056,359368.16301086
2021-08-30 08:00:00,25.056,25.197,24.96,25.158,310465.94315137
2021-08-30 09:00:00,25.154,25.199,25.033,25.055,251857.63393163
2021-08-30 10:00:00,25.054,25.094,24.972,25.029,221658.75356894
2021-08-30 11:00:00,25.025,25.036,24.769,24.847,329523.18836464
2021-08-30 12:00:00,24.848,24.853,24.354,24.557,786520.74553892
2021-08-30 13:00:00,24.556,24.872,24.321,24.872,775481.75479066
2021-08-30 14:00:00,24.872,24.969,24.597,24.643,281568.44932075
2021-08-30 15:00:00,24.649,25.154,24.621,25.129,294180.29904806
2021-08-30 16:00:00,25.128,25.53,25.014,25.53,362111.57055418
2021-08-30 17:00:00,25.533,25.547,25.338,25.512,281981.0026502
2021-08-30 18:00:00,25.512,26.318,25.323,26.297,681459.52684951
2021-08-30 19:00:00,26.298,27.491,26.298,27.302,1200502.21777804
2021-08-30 20:00:00,27.311,27.59,27.065,27.445,698427.89460887
2021-08-30 21:00:00,27.444,27.5,26.866,27.306,434255.20574348
2021-08-30 22:00:00,27.303,27.399,26.401,26.769,956263.5249869
2021-08-30 23:00:00,26.772,26.772,25.685,26.043,1423504.85342778
2021-08-31 00:00:00,26.043,26.47,25.637,26.214,1482777.80050108
2021-08-31 01:00:00,26.207,26.361,25.888,26.149,759432.98933016
2021-08-31 02:00:00,26.154,26.407,25.837,26.385,556217.0375158
2021-08-31 03:00:00,26.395,26.871,26.218,26.689,706559.74126297
2021-08-31 04:00:00,26.691,27.628,26.625,26.896,1172350.24199793
2021-08-31 05:00:00,26.891,27.363,26.835,26.961,653217.90964863
2021-08-31 06:00:00,26.959,27.278,26.629,26.801,959807.8931358
2021-08-31 07:00:00,26.801,27.868,26.66,27.604,1517433.3762299
2021-08-31 08:00:00,27.606,27.858,27.361,27.781,932150.94452044
2021-08-31 09:00:00,27.785,28.148,27.554,27.867,1197165.42101066
2021-08-31 10:00:00,27.88,28.086,27.462,27.925,776214.4917734
2021-08-31 11:00:00,27.929,28.9,27.856,28.771,1551732.26289609
2021-08-31 12:00:00,28.759,30.151,28.54,29.837,2061634.24435784
2021-08-31 13:00:00,29.84,30.797,29.771,29.99,2126288.07314897
2021-08-31 14:00:00,29.992,30.32,29.002,29.155,1774217.59099162
2021-08-31 15:00:00,29.149,31.08,29.141,30.982,1884832.57212285
2021-08-31 16:00:00,30.976,31.702,30.33,30.836,2618795.09090693
2021-08-31 17:00:00,30.847,30.975,29.471,30.108,1619567.59501316
2021-08-31 18:00:00,30.107,30.566,29.64,30.428,1003491.25761517
2021-08-31 19:00:00,30.424,30.755,29.892,30.337,924936.67689388
2021-08-31 20:00:00,30.337,30.846,29.92,30.163,850986.48677161
2021-08-31 21:00:00,30.167,30.518,29.744,30.14,640303.81764087
2021-08-31 22:00:00,30.125,30.57,29.383,30.147,986292.77787758
2021-08-31 23:00:00,30.167,31.964,29.859,31.355,1375247.87918866
2021-09-01 00:00:00,31.349,32.159,30.475,30.567,2246584.8110468
2021-09-01 01:00:00,30.56,31.269,30.307,30.84,1007715.61249299
2021-09-01 02:00:00,30.833,31.093,30.064,30.151,989178.65819446
2021-09-01 03:00:00,30.127,30.312,29.783,30.156,682745.43775063
2021-09-01 04:00:00,30.168,30.384,29.905,30.383,504164.00320648
2021-09-01 05:00:00,30.383,30.8,30.29,30.71,686833.50560421
2021-09-01 06:00:00,30.709,30.753,30.145,30.362,610719.00079641
2021-09-01 07:00:00,30.344,30.705,30.165,30.276,467503.67404059
2021-09-01 08:00:00,30.273,30.492,30.074,30.287,509006.67454806
2021-09-01 09:00:00,30.288,30.594,30.119,30.173,596700.89330069
2021-09-01 10:00:00,30.173,30.523,30.128,30.192,416353.27270957
2021-09-01 11:00:00,30.198,30.412,29.781,29.846,589333.03221221
2021-09-01 12:00:00,29.849,30.364,29.813,30.177,540848.55560834
2021-09-01 13:00:00,30.178,30.298,29.64,29.723,636302.50051377
2021-09-01 14:00:00,29.725,30.037,29.68,29.818,500037.78906019
2021-09-01 15:00:00,29.817,30.422,29.784,30.175,612971.19167683
2021-09-01 16:00:00,30.163,30.947,29.958,30.691,1277040.74936875
2021-09-01 17:00:00,30.707,30.871,30.313,30.711,1028843.66287032
2021-09-01 18:00:00,30.712,32.079,30.676,31.678,1129732.54181693
2021-09-01 19:00:00,31.679,32.857,31.679,32.616,1593520.00120706
2021-09-01 20:00:00,32.615,32.919,32.177,32.485,760306.74402949
2021-09-01 21:00:00,32.484,33.848,32.4,33.598,693684.38646751
2021-09-01 22:00:00,33.597,33.622,32.786,33.134,766324.12781493
2021-09-01 23:00:00,33.131,33.502,32.794,33.197,842192.44408563
2021-09-02 00:00:00,33.197,33.217,32.429,32.6,850193.37172328
2021-09-02 01:00:00,32.599,32.967,32.345,32.481,859668.57444309
2021-09-02 02:00:00,32.483,32.859,32.352,32.473,452210.42578665
2021-09-02 03:00:00,32.469,32.609,32.206,32.351,329290.45835436
2021-09-02 04:00:00,32.349,32.373,32.034,32.309,391139.22057728
2021-09-02 05:00:00,32.302,32.364,31.843,31.952,473829.65985549
2021-09-02 06:00:00,31.953,32.345,31.875,32.32,590060.99394579
2021-09-02 07:00:00,32.318,32.632,31.948,32.083,659221.9737087
2021-09-02 08:00:00,32.082,32.449,32.003,32.194,409509.49372239
2021-09-02 09:00:00,32.192,32.556,32.029,32.436,322262.78930794
2021-09-02 10:00:00,32.431,32.742,32.241,32.605,329791.01920535
2021-09-02 11:00:00,32.601,32.916,32.44,32.667,278644.54673853
2021-09-02 12:00:00,32.666,32.674,32.312,32.428,343140.13332769
2021-09-02 13:00:00,32.428,32.83,32.375,32.694,413541.38837058
2021-09-02 14:00:00,32.693,32.811,31.551,31.767,1171887.08215093
2021-09-02 15:00:00,31.757,31.989,31.272,31.657,948442.43948585
2021-09-02 16:00:00,31.657,32.669,31.657,32.458,797345.02582216
2021-09-02 17:00:00,32.473,32.483,32.032,32.376,503798.84943533
2021-09-02 18:00:00,32.376,32.571,32.053,32.246,419322.13356668
2021-09-02 19:00:00,32.258,32.495,32.202,32.305,291511.92577091
2021-09-02 20:00:00,32.304,32.654,32.214,32.3,385459.25850686
2021-09-02 21:00:00,32.298,32.51,32.2,32.227,173189.66439793
2021-09-02 22:00:00,32.227,32.485,32.151,32.442,330867.64544314
2021-09-02 23:00:00,32.434,32.434,31.791,31.81,598056.81513823
2021-09-03 00:00:00,31.804,32.201,31.001,31.31,1114850.18715057
2021-09-03 01:00:00,31.31,31.496,31.005,31.363,893895.92512104
2021-09-03 02:00:00,31.367,32.283,31.288,32.28,751447.47149107
2021-09-03 03:00:00,32.278,32.814,32.149,32.756,891329.73961929
2021-09-03 04:00:00,32.759,33.527,32.759,33.455,886704.77844248
2021-09-03 05:00:00,33.45,33.673,33.002,33.31,744680.41546428
2021-09-03 06:00:00,33.31,33.523,33.007,33.181,418234.12468569
2021-09-03 07:00:00,33.186,33.307,32.806,33.02,539195.84301094
2021-09-03 08:00:00,33.024,33.343,32.862,33.244,587507.31491521
2021-09-03 09:00:00,33.245,33.254,32.743,32.912,742366.91784025
2021-09-03 10:00:00,32.911,33.227,32.618,32.754,541165.16676281
2021-09-03 11:00:00,32.754,32.874,32.415,32.801,401026.95480383
2021-09-03 12:00:00,32.806,33.056,32.5,32.946,452315.41235276
2021-09-03 13:00:00,32.947,33.401,32.843,32.989,424528.72771157
2021-09-03 14:00:00,32.984,33.101,32.58,32.678,878285.13821881
2021-09-03 15:00:00,32.678,33.031,32.621,32.881,414956.17469225
2021-09-03 16:00:00,32.882,33.993,32.762,33.949,780370.87400057
2021-09-03 17:00:00,33.952,34.093,33.269,33.482,932145.64766513
2021-09-03 18:00:00,33.467,33.694,33.329,33.569,400863.01430838
2021-09-03 19:00:00,33.566,33.911,33.371,33.771,290323.05484626
2021-09-03 20:00:00,33.768,33.958,33.381,33.503,436309.35207194
2021-09-03 21:00:00,33.5,33.8,33.452,33.779,181505.72696443
2021-09-03 22:00:00,33.779,33.779,33.037,33.084,527134.67700449
2021-09-03 23:00:00,33.082,33.712,32.923,33.623,500083.27925341
2021-09-04 00:00:00,33.627,34.21,33.393,33.868,722572.74796309
2021-09-04 01:00:00,33.868,33.871,33.336,33.359,425716.10913115
2021-09-04 02:00:00,33.363,33.699,33.126,33.641,428421.44751464
2021-09-04 03:00:00,33.641,33.643,33.337,33.546,302174.82009021
2021-09-04 04:00:00,33.532,33.56,33.27,33.283,204196.63000103
2021-09-04 05:00:00,33.282,33.415,33.141,33.261,266608.55856395
2021-09-04 06:00:00,33.252,33.445,33.15,33.414,197457.04090034
2021-09-04 07:00:00,33.412,33.521,33.21,33.303,233122.38898434
2021-09-04 08:00:00,33.308,33.448,33.084,33.348,321451.98635995
2021-09-04 09:00:00,33.35,33.474,33.22,33.367,258313.63557444
2021-09-04 10:00:00,33.361,33.498,32.876,32.883,355879.48863507
2021-09-04 11:00:00,32.884,33.175,32.85,33.066,319012.76237716
2021-09-04 12:00:00,33.063,33.457,33.034,33.314,365958.21960811
2021-09-04 13:00:00,33.322,33.396,33.031,33.082,300553.96103324
2021-09-04 14:00:00,33.086,33.122,32.84,32.982,306042.70983446
2021-09-04 15:00:00,32.985,33.406,32.978,33.086,364018.72926037
2021-09-04 16:00:00,33.088,33.204,32.783,32.811,322065.55835239
2021-09-04 17:00:00,32.811,32.849,32.015,32.613,879097.70749869
2021-09-04 18:00:00,32.613,32.918,32.471,32.534,417830.24532367
2021-09-04 19:00:00,32.534,32.534,32.208,32.451,523155.72319293
2021-09-04 20:00:00,32.454,32.699,32.425,32.671,280231.26131258
2021-09-04 21:00:00,32.667,32.841,32.63,32.837,97035.6788642
2021-09-04 22:00:00,32.833,32.904,32.504,32.563,270761.80500094
2021-09-04 23:00:00,32.573,32.723,32.34,32.455,388092.02220833
2021-09-05 00:00:00,32.458,32.722,32.162,32.66,485858.70529617
2021-09-05 01:00:00,32.662,32.83,32.28,32.419,320162.49014132
2021-09-05 02:00:00,32.419,32.7,32.404,32.569,278379.71648416
2021-09-05 03:00:00,32.564,32.614,32.163,32.201,381190.77525648
2021-09-05 04:00:00,32.207,32.453,32.18,32.402,286524.59544902
2021-09-05 05:00:00,32.416,32.455,32.149,32.186,174621.53113188
2021-09-05 06:00:00,32.179,32.325,32.025,32.257,245685.02286513
2021-09-05 07:00:00,32.27,32.434,32.211,32.233,223498.6114541
2021-09-05 08:00:00,32.233,32.584,32.17,32.583,338213.34586973
2021-09-05 09:00:00,32.579,32.69,32.423,32.508,319019.66706221
2021-09-05 10:00:00,32.512,32.86,32.494,32.612,321537.97353015
2021-09-05 11:00:00,32.619,32.831,32.502,32.726,319245.61025169
2021-09-05 12:00:00,32.727,33.06,32.605,32.892,237034.23668793
2021-09-05 13:00:00,32.893,34.059,32.874,33.869,569487.89846153
2021-09-05 14:00:00,33.87,33.988,33.509,33.617,734457.39035188
2021-09-05 15:00:00,33.633,33.728,33.06,33.308,585949.4612574
2021-09-05 16:00:00,33.308,33.699,33.26,33.493,415701.33097578
2021-09-05 17:00:00,33.497,33.744,33.398,33.596,272954.03479208
2021-09-05 18:00:00,33.593,33.658,33.323,33.536,331330.3158713
2021-09-05 19:00:00,33.54,34.149,33.535,33.942,618673.49381222
2021-09-05 20:00:00,33.939,34.7,33.863,34.639,668012.80718857
2021-09-05 21:00:00,34.652,34.817,34.368,34.494,488222.79281195
2021-09-05 22:00:00,34.492,34.633,34.148,34.205,421501.37496526
2021-09-05 23:00:00,34.209,34.5,34.128,34.477,385896.79708849
2021-09-06 00:00:00,34.472,34.598,34.021,34.286,521254.26126175
2021-09-06 01:00:00,34.274,34.311,33.941,34.101,308608.59742137
2021-09-06 02:00:00,34.104,34.145,33.847,33.864,247480.43105545
2021-09-06 03:00:00,33.863,33.927,33.616,33.746,467776.77659915
2021-09-06 04:00:00,33.74,34.288,33.67,34.16,332680.16804169
2021-09-06 05:00:00,34.151,34.371,34.062,34.26,350271.95446798
2021-09-06 06:00:00,34.253,34.586,34.235,34.428,363076.18464302
2021-09-06 07:00:00,34.424,34.75,34.251,34.48,587781.97666902
2021-09-06 08:00:00,34.48,34.659,34.201,34.52,319951.95181007
2021-09-06 09:00:00,34.519,34.88,34.457,34.824,372496.86357135
2021-09-06 10:00:00,34.824,35.112,34.559,34.995,458390.75592731
2021-09-06 11:00:00,34.995,35.093,33.901,34.035,1008202.29087571
2021-09-06 12:00:00,34.041,34.043,32.342,33.489,1799080.31219968
2021-09-06 13:00:00,33.502,34.09,33.336,33.983,557798.41788153
2021-09-06 14:00:00,33.987,34.622,33.885,34.357,714091.29450293
2021-09-06 15:00:00,34.351,34.351,33.937,33.967,364908.67132456
2021-09-06 16:00:00,33.961,35.146,33.704,34.332,1166636.4263892
2021-09-06 17:00:00,34.325,34.652,34.228,34.254,277295.00339031
2021-09-06 18:00:00,34.265,34.52,34.167,34.448,246821.1371646
2021-09-06 19:00:00,34.433,34.452,34.176,34.267,316492.73822003
2021-09-06 20:00:00,34.269,34.35,33.867,34.31,410946.33138007
2021-09-06 21:00:00,34.303,34.719,34.303,34.646,222781.57457769
2021-09-06 22:00:00,34.645,34.795,34.274,34.323,429477.41304047
2021-09-06 23:00:00,34.323,34.434,33.874,34.405,495017.3086435
2021-09-07 00:00:00,34.406,34.5,33.762,33.904,487712.4941789
2021-09-07 01:00:00,33.904,34.189,33.857,34.026,227761.51551423
2021-09-07 02:00:00,34.025,34.99,34.01,34.9,554583.19508166
2021-09-07 03:00:00,34.9,35.067,34.525,34.645,472309.95435865
2021-09-07 04:00:00,34.642,35.713,34.527,35.652,766605.67002393
2021-09-07 05:00:00,35.648,35.735,35.093,35.427,760130.17247444
2021-09-07 06:00:00,35.431,35.684,34.652,34.684,600866.39651357
2021-09-07 07:00:00,34.681,35.343,34.2,35.173,981250.35677493
2021-09-07 08:00:00,35.168,35.294,33.195,33.238,1995618.16769283
2021-09-07 09:00:00,33.249,33.732,30.752,32.099,1750598.36759636
2021-09-07 10:00:00,32.092,32.816,32.042,32.695,984712.39626302
2021-09-07 11:00:00,32.7,32.86,32.316,32.388,644224.04373175
2021-09-07 12:00:00,32.391,32.65,31.905,32.514,716557.98924062
2021-09-07 13:00:00,32.514,32.837,32.011,32.041,552696.58270471
2021-09-07 14:00:00,32.04,32.427,25.54,26.4,4723422.94443381
2021-09-07 15:00:00,26.415,29.134,21.501,28.365,7754470.68757274
2021-09-07 16:00:00,28.346,29.909,27.641,29.512,2973357.11383683
2021-09-07 17:00:00,29.515,29.612,27.178,27.249,3396525.58508425
2021-09-07 18:00:00,27.249,27.849,25.453,27.229,3616623.61121879
2021-09-07 19:00:00,27.223,27.992,27.093,27.264,1695290.92893544
2021-09-07 20:00:00,27.261,27.948,26.654,27.305,1665883.52103015
2021-09-07 21:00:00,27.3,27.458,26.529,27.149,678243.90514951
2021-09-07 22:00:00,27.152,28.144,26.815,28.013,978233.43580841
2021-09-07 23:00:00,28.013,28.351,27.419,27.979,1469318.85423726
2021-09-08 00:00:00,27.98,28.456,27.17,28.402,1238655.84984494
2021-09-08 01:00:00,28.395,28.55,27.771,28.492,579263.4151321
2021-09-08 02:00:00,28.494,28.872,28.292,28.321,559152.42036549
2021-09-08 03:00:00,28.331,28.502,27.505,27.607,729940.65619996
2021-09-08 04:00:00,27.626,28.583,27.517,27.997,601558.84622428
2021-09-08 05:00:00,28.009,28.311,27.305,27.353,704919.77529996
2021-09-08 06:00:00,27.349,27.624,25.822,26.057,2285013.7520416
2021-09-08 07:00:00,26.061,26.64,25.545,25.617,1084785.62493852
2021-09-08 08:00:00,25.627,27.125,25.211,27.121,1531922.79380776
2021-09-08 09:00:00,27.117,27.854,26.776,27.639,601108.81878375
2021-09-08 10:00:00,27.637,27.66,26.855,27.374,639171.46887827
2021-09-08 11:00:00,27.371,27.99,27.154,27.371,746410.11658491
2021-09-08 12:00:00,27.374,28.55,27.368,27.756,867085.35415009
2021-09-08 13:00:00,27.769,28.653,27.424,28.073,1347644.20436093
2021-09-08 14:00:00,28.069,28.222,27.27,27.472,696560.10312205
2021-09-08 15:00:00,27.466,28.282,27.466,27.943,716324.84300605
2021-09-08 16:00:00,27.954,28.475,27.672,28.348,685659.6412377
2021-09-08 17:00:00,28.354,28.432,27.835,28.282,382472.75859665
2021-09-08 18:00:00,28.28,28.599,28.118,28.593,321688.7924755
2021-09-08 19:00:00,28.589,28.618,28.162,28.313,375894.04151913
2021-09-08 20:00:00,28.313,28.324,27.697,27.835,484803.12940152
2021-09-08 21:00:00,27.83,27.973,26.917,26.963,725806.08735391
2021-09-08 22:00:00,26.976,28.219,26.828,28.047,1177291.204025
2021-09-08 23:00:00,28.036,28.174,27.404,27.793,552057.62643367
2021-09-09 00:00:00,27.785,28.062,27.365,27.984,818807.59714434
2021-09-09 01:00:00,27.973,27.999,27.362,27.591,493460.63423205
2021-09-09 02:00:00,27.595,27.775,27.053,27.211,426765.63373041
2021-09-09 03:00:00,27.195,27.7,27.001,27.608,449397.45494835
2021-09-09 04:00:00,27.628,28.133,27.439,28.0,474986.76904119
2021-09-09 05:00:00,28.009,29.343,27.831,29.148,821315.60210073
2021-09-09 06:00:00,29.152,29.348,28.579,28.836,447459.34147506
2021-09-09 07:00:00,28.825,29.026,28.357,28.955,582632.65768244
2021-09-09 08:00:00,28.945,29.716,28.835,29.184,808991.55015032
2021-09-09 09:00:00,29.192,29.406,28.851,28.898,443884.63583289
2021-09-09 10:00:00,28.895,28.895,28.146,28.807,485049.76866852
2021-09-09 11:00:00,28.798,29.347,28.698,29.075,465497.94374412
2021-09-09 12:00:00,29.067,29.374,27.472,28.812,1804187.52150063
2021-09-09 13:00:00,28.824,29.526,28.802,29.042,1172932.13865472
2021-09-09 14:00:00,29.059,29.899,29.059,29.708,594157.39894296
2021-09-09 15:00:00,29.725,30.324,29.294,30.237,594109.29898218
2021-09-09 16:00:00,30.236,31.762,29.89,31.365,1067744.41067593
2021-09-09 17:00:00,31.363,31.851,31.006,31.052,735422.00369743
2021-09-09 18:00:00,31.06,31.33,30.211,30.273,853886.76879716
2021-09-09 19:00:00,30.27,30.481,29.898,30.152,731747.21772895
2021-09-09 20:00:00,30.139,30.295,29.635,29.841,663690.88277176
2021-09-09 21:00:00,29.837,30.557,29.759,30.387,223423.50079449
2021-09-09 22:00:00,30.383,30.653,29.877,30.062,531922.76047873
2021-09-09 23:00:00,30.062,30.275,29.411,29.838,573704.58578994
2021-09-10 00:00:00,29.826,32.353,29.757,31.769,1244027.36159066
2021-09-10 01:00:00,31.775,32.574,31.56,32.551,1019711.65128078
2021-09-10 02:00:00,32.548,32.703,31.638,31.971,964474.61903378
2021-09-10 03:00:00,31.973,32.074,31.488,31.722,525939.58452944
2021-09-10 04:00:00,31.744,32.225,31.6,31.694,457119.13343971
2021-09-10 05:00:00,31.696,32.165,31.244,32.013,702789.02638707
2021-09-10 06:00:00,32.014,32.15,31.469,31.495,455160.52694601
2021-09-10 07:00:00,31.502,31.669,30.562,30.849,957806.92495429
2021-09-10 08:00:00,30.849,31.279,30.0,30.747,1338657.15299377
2021-09-10 09:00:00,30.757,32.191,30.26,31.887,1230806.54197822
2021-09-10 10:00:00,31.887,32.1,31.36,31.46,617091.05958279
2021-09-10 11:00:00,31.452,31.452,30.69,31.409,747413.43552749
2021-09-10 12:00:00,31.405,31.609,30.435,30.555,649891.28787729
2021-09-10 13:00:00,30.546,31.007,30.2,30.244,1183821.23480913
2021-09-10 14:00:00,30.238,30.338,28.208,28.698,3630726.10136661
2021-09-10 15:00:00,28.699,29.665,28.1,29.511,1600608.97870822
2021-09-10 16:00:00,29.532,29.686,28.86,28.922,771937.17456915
2021-09-10 17:00:00,28.924,29.694,28.751,29.694,499224.49187324
2021-09-10 18:00:00,29.679,29.999,29.416,29.712,443865.34680321
2021-09-10 19:00:00,29.711,29.762,29.399,29.566,362311.99712399
2021-09-10 20:00:00,29.555,29.935,28.729,28.848,738100.21597206
2021-09-10 21:00:00,28.834,29.164,27.954,28.467,690592.63115268
2021-09-10 22:00:00,28.467,28.915,28.205,28.408,686686.41175552
2021-09-10 23:00:00,28.421,29.26,28.173,29.203,585409.88168082
2021-09-11 00:00:00,29.193,29.487,28.994,29.124,580474.09585633
2021-09-11 01:00:00,29.124,29.83,29.022,29.459,419787.86545582
2021-09-11 02:00:00,29.459,29.71,29.074,29.138,352885.4382204
2021-09-11 03:00:00,29.142,29.201,28.266,28.665,536328.85423589
2021-09-11 04:00:00,28.662,29.335,28.638,29.17,464463.36368906
2021-09-11 05:00:00,29.172,29.262,28.484,29.058,586340.30429042
2021-09-11 06:00:00,29.058,29.262,28.801,29.103,327194.42048281
2021-09-11 07:00:00,29.109,29.189,28.406,28.909,458206.4782019
2021-09-11 08:00:00,28.917,29.078,28.477,28.999,365055.52114702
2021-09-11 09:00:00,29.003,29.49,28.666,29.388,470233.54915709
2021-09-11 10:00:00,29.382,30.247,29.215,30.068,665357.23905231
2021-09-11 11:00:00,30.068,30.147,29.646,29.89,482641.08477435
2021-09-11 12:00:00,29.9,30.777,29.802,30.309,685609.68334174
2021-09-11 13:00:00,30.308,30.856,30.233,30.799,509048.01434584
2021-09-11 14:00:00,30.799,30.989,30.465,30.598,487587.14704464
2021-09-11 15:00:00,30.583,30.629,30.327,30.556,270637.5176404
2021-09-11 16:00:00,30.563,31.012,30.054,30.878,645979.46552217
2021-09-11 17:00:00,30.885,31.562,30.791,31.225,566654.78631338
2021-09-11 18:00:00,31.227,31.383,30.921,31.374,262682.95939569
2021-09-11 19:00:00,31.382,31.968,31.336,31.573,563393.64284088
2021-09-11 20:00:00,31.564,32.018,31.171,31.804,565603.65890689
2021-09-11 21:00:00,31.804,32.11,31.705,31.76,253412.93099776
2021-09-11 22:00:00,31.752,31.772,31.208,31.254,489757.8335686
2021-09-11 23:00:00,31.248,31.592,30.849,31.567,515892.26058899
2021-09-12 00:00:00,31.575,32.791,31.254,31.711,1237380.60002959
2021-09-12 01:00:00,31.709,32.024,30.575,31.61,871977.43154
2021-09-12 02:00:00,31.606,31.955,31.243,31.843,522535.68781152
2021-09-12 03:00:00,31.84,31.847,31.361,31.616,284308.73507596
2021-09-12 04:00:00,31.639,32.088,31.388,31.814,278285.61964125
2021-09-12 05:00:00,31.814,32.08,31.659,31.733,239244.68117935
2021-09-12 06:00:00,31.732,31.805,31.092,31.097,252423.58039308
2021-09-12 07:00:00,31.095,31.546,31.027,31.504,268722.63280527
2021-09-12 08:00:00,31.502,32.329,31.192,32.293,635191.10431693
2021-09-12 09:00:00,32.296,32.4,31.73,31.733,365089.0390965
2021-09-12 10:00:00,31.741,32.366,31.632,32.127,320566.46624261
2021-09-12 11:00:00,32.126,33.217,32.119,33.077,588214.68071624
2021-09-12 12:00:00,33.092,33.406,32.71,32.975,660598.31192738
2021-09-12 13:00:00,32.973,33.88,32.939,33.821,804862.98955425
2021-09-12 14:00:00,33.834,34.154,33.337,33.957,700051.77080061
2021-09-12 15:00:00,33.949,34.979,33.949,34.402,919691.12946848
2021-09-12 16:00:00,34.403,34.98,33.951,34.557,944410.28914007
2021-09-12 17:00:00,34.545,34.71,34.092,34.383,417648.49992177
2021-09-12 18:00:00,34.378,34.594,33.62,34.397,517999.82538345
2021-09-12 19:00:00,34.421,34.681,33.904,34.563,373345.01676851
2021-09-12 20:00:00,34.563,35.053,32.771,32.95,1183869.00044244
2021-09-12 21:00:00,32.949,34.072,32.653,33.97,719269.21566438
2021-09-12 22:00:00,33.98,35.966,33.883,35.819,1038999.85631487
2021-09-12 23:00:00,35.808,36.468,35.5,35.785,756898.53090994
2021-09-13 00:00:00,35.802,37.6,35.783,36.74,937250.62907174
2021-09-13 01:00:00,36.737,37.194,35.538,36.776,996873.2317613
2021-09-13 02:00:00,36.772,37.981,35.616,35.981,1614945.01406334
2021-09-13 03:00:00,35.981,36.857,34.262,34.632,1504793.9160937
2021-09-13 04:00:00,34.641,36.039,34.483,35.933,993622.07079725
2021-09-13 05:00:00,35.931,36.018,34.752,35.622,740682.36552707
2021-09-13 06:00:00,35.567,35.674,34.816,35.482,636830.18413986
2021-09-13 07:00:00,35.471,35.864,32.991,33.811,1606287.83791832
2021-09-13 08:00:00,33.797,34.117,32.771,33.571,1194880.636645
2021-09-13 09:00:00,33.586,34.731,33.548,33.957,943756.62417497
2021-09-13 10:00:00,33.956,34.641,33.314,33.87,752316.08808953
2021-09-13 11:00:00,33.876,34.657,32.767,34.483,1086912.25397786
2021-09-13 12:00:00,34.475,34.831,34.003,34.207,803579.45118759
2021-09-13 13:00:00,34.216,36.421,34.021,35.321,1611649.05980143
2021-09-13 14:00:00,35.32,35.483,31.267,33.428,2443221.97668313
2021-09-13 15:00:00,33.423,36.239,33.312,36.036,1300459.05795762
2021-09-13 16:00:00,36.039,37.043,35.475,35.716,1706381.45085745
2021-09-13 17:00:00,35.716,36.413,35.226,36.162,826072.63772544
2021-09-13 18:00:00,36.161,36.43,35.789,35.987,772020.50003233
2021-09-13 19:00:00,35.986,36.025,35.231,35.432,428979.54065695
2021-09-13 20:00:00,35.433,35.836,35.063,35.648,479247.60181655
2021-09-13 21:00:00,35.657,36.159,35.448,35.488,368368.57249004
2021-09-13 22:00:00,35.498,35.811,34.592,34.789,523351.26943802
2021-09-13 23:00:00,34.791,35.097,34.21,34.835,463392.7840705
2021-09-14 00:00:00,34.836,35.541,34.338,34.918,764702.0062283
2021-09-14 01:00:00,34.921,35.082,34.391,34.538,460852.25736858
2021-09-14 02:00:00,34.558,34.7,34.078,34.334,426016.76509375
2021-09-14 03:00:00,34.342,35.498,34.316,35.212,681317.7995938
2021-09-14 04:00:00,35.201,35.956,35.079,35.346,681602.927383
2021-09-14 05:00:00,35.346,35.823,35.336,35.815,367986.28244759
2021-09-14 06:00:00,35.806,36.772,35.61,36.649,984999.64719904
2021-09-14 07:00:00,36.649,36.864,36.069,36.302,688988.69667618
2021-09-14 08:00:00,36.308,37.433,36.308,37.179,824016.95435271
2021-09-14 09:00:00,37.182,37.339,36.689,37.086,588825.07566908
2021-09-14 10:00:00,37.094,37.279,36.38,36.569,482943.69765774
2021-09-14 11:00:00,36.569,36.779,36.009,36.293,386697.91949688
2021-09-14 12:00:00,36.294,37.381,35.745,37.182,1027412.08814064
2021-09-14 13:00:00,37.182,38.731,36.861,38.113,1347672.42633617
2021-09-14 14:00:00,38.121,38.34,37.537,37.749,778277.32510408
2021-09-14 15:00:00,37.749,38.191,37.286,37.42,770650.01231849
2021-09-14 16:00:00,37.415,37.511,36.615,36.899,580430.36607813
2021-09-14 17:00:00,36.889,37.284,36.601,37.071,529104.76921978
2021-09-14 18:00:00,37.067,37.167,36.36,36.678,453423.52990205
2021-09-14 19:00:00,36.673,37.319,36.51,37.199,307824.58644398
2021-09-14 20:00:00,37.202,37.816,36.93,37.476,347021.25916501
2021-09-14 21:00:00,37.469,37.569,36.634,37.055,380345.38046056
2021-09-14 22:00:00,37.047,38.2,36.947,37.891,770026.53319555
2021-09-14 23:00:00,37.899,38.189,37.254,37.372,497048.91566193
2021-09-15 00:00:00,37.377,38.026,36.772,36.88,626854.14393141
2021-09-15 01:00:00,36.887,37.096,36.524,36.668,456742.77515563
2021-09-15 02:00:00,36.662,37.342,36.611,36.992,407690.67861955
2021-09-15 03:00:00,36.983,37.085,36.653,36.725,387613.85512056
2021-09-15 04:00:00,36.716,37.043,36.4,36.467,323303.26748177
2021-09-15 05:00:00,36.46,36.945,36.234,36.787,309928.80257153
2021-09-15 06:00:00,36.784,36.847,36.133,36.388,349925.66627446
2021-09-15 07:00:00,36.394,36.979,36.269,36.898,285680.43794321
2021-09-15 08:00:00,36.886,37.142,36.356,36.451,403556.85697455
2021-09-15 09:00:00,36.445,36.657,36.203,36.247,298999.40050189
2021-09-15 10:00:00,36.247,36.806,36.206,36.522,447897.60224287
2021-09-15 11:00:00,36.521,36.699,36.235,36.317,377858.10362959
2021-09-15 12:00:00,36.317,36.463,35.546,35.785,604313.39833859
2021-09-15 13:00:00,35.786,36.102,35.66,36.009,388144.81036355
2021-09-15 14:00:00,36.014,36.279,35.764,35.953,455609.48326537
2021-09-15 15:00:00,35.956,36.753,35.888,36.735,657780.03080449
2021-09-15 16:00:00,36.735,36.779,36.518,36.562,298141.04072787
2021-09-15 17:00:00,36.563,37.36,36.558,36.746,345281.32173867
2021-09-15 18:00:00,36.746,36.838,36.479,36.655,234157.55122795
2021-09-15 19:00:00,36.654,36.766,36.383,36.561,225247.34277542
2021-09-15 20:00:00,36.56,36.768,36.124,36.138,261873.93107773
2021-09-15 21:00:00,36.137,36.58,36.126,36.498,144708.44771368
2021-09-15 22:00:00,36.499,36.627,36.334,36.517,209406.73881847
2021-09-15 23:00:00,36.513,36.712,36.231,36.513,252001.43795527
2021-09-16 00:00:00,36.517,37.019,36.106,36.143,550126.13135034
2021-09-16 01:00:00,36.132,36.398,35.942,36.044,301491.35860133
2021-09-16 02:00:00,36.043,36.19,35.565,35.872,496141.2147198
2021-09-16 03:00:00,35.867,35.988,35.137,35.517,735792.04619752
2021-09-16 04:00:00,35.517,36.183,35.464,36.044,754953.52435079
2021-09-16 05:00:00,36.044,36.132,35.848,35.887,260365.9731999
2021-09-16 06:00:00,35.887,36.042,35.668,35.691,273857.1554788
2021-09-16 07:00:00,35.69,36.12,35.69,35.919,235711.79116958
2021-09-16 08:00:00,35.925,36.065,35.52,35.584,415270.80200269
2021-09-16 09:00:00,35.573,35.942,35.427,35.724,363128.40946565
2021-09-16 10:00:00,35.713,35.901,35.308,35.428,368753.18770709
2021-09-16 11:00:00,35.434,35.866,35.427,35.701,202726.58275819
2021-09-16 12:00:00,35.7,36.042,35.392,35.771,452405.10917388
2021-09-16 13:00:00,35.769,35.931,34.201,34.629,994072.63688704
2021-09-16 14:00:00,34.635,35.017,34.249,34.858,860942.26317452
2021-09-16 15:00:00,34.859,35.359,34.512,34.966,754635.82342348
2021-09-16 16:00:00,34.966,35.188,34.664,34.811,288530.92355847
2021-09-16 17:00:00,34.811,35.256,34.59,34.641,408287.01554956
2021-09-16 18:00:00,34.639,34.862,34.405,34.763,352139.1398481
2021-09-16 19:00:00,34.763,35.21,34.673,34.985,272292.69910246
2021-09-16 20:00:00,34.99,35.247,34.0,34.291,673498.00941887
2021-09-16 21:00:00,34.284,35.076,34.199,35.064,280888.09094059
2021-09-16 22:00:00,35.069,35.488,34.866,35.446,361770.19688954
2021-09-16 23:00:00,35.435,35.693,35.258,35.53,346623.17049408
2021-09-17 00:00:00,35.526,35.853,35.2,35.205,433588.28106256
2021-09-17 01:00:00,35.201,36.575,35.082,36.491,633627.61704457
2021-09-17 02:00:00,36.491,36.565,35.853,35.886,346160.30938323
2021-09-17 03:00:00,35.898,36.97,35.865,36.886,464059.35168707
2021-09-17 04:00:00,36.889,36.966,36.367,36.749,385901.80114729
2021-09-17 05:00:00,36.731,36.93,36.451,36.773,327636.7130922
2021-09-17 06:00:00,36.771,36.803,36.12,36.39,393184.57670403
2021-09-17 07:00:00,36.391,36.504,35.637,35.735,415877.94989881
2021-09-17 08:00:00,35.725,36.267,35.556,36.132,379298.61200452
2021-09-17 09:00:00,36.135,36.241,35.163,35.24,445235.53069716
2021-09-17 10:00:00,35.239,35.282,34.018,34.399,935878.52102679
2021-09-17 11:00:00,34.394,34.78,32.78,33.573,861756.50155333
2021-09-17 12:00:00,33.56,33.926,32.988,33.819,536369.62719767
2021-09-17 13:00:00,33.815,33.84,33.301,33.543,387095.16456872
2021-09-17 14:00:00,33.539,34.147,33.51,33.815,447667.62755355
2021-09-17 15:00:00,33.807,34.273,33.621,33.975,415995.45142634
2021-09-17 16:00:00,33.97,34.36,33.662,34.329,223363.37640265
2021-09-17 17:00:00,34.336,34.357,33.657,33.721,281726.42663169
2021-09-17 18:00:00,33.72,33.864,33.101,33.635,451932.83318944
2021-09-17 19:00:00,33.643,33.993,33.506,33.893,150630.13986574
2021-09-17 20:00:00,33.882,33.938,33.248,33.261,173511.45974132
2021-09-17 21:00:00,33.258,33.427,32.913,33.361,220826.26246178
2021-09-17 22:00:00,33.361,33.588,32.0,32.324,828853.97083136
2021-09-17 23:00:00,32.323,33.087,32.261,33.057,510968.4177936
2021-09-18 00:00:00,33.062,33.303,32.509,33.295,583355.93957284
2021-09-18 01:00:00,33.293,33.574,33.116,33.555,425322.08479589
2021-09-18 02:00:00,33.558,33.914,33.372,33.585,241337.52865502
2021-09-18 03:00:00,33.585,34.201,33.585,34.021,326398.65401093
2021-09-18 04:00:00,34.022,34.542,33.946,34.523,401724.50699694
2021-09-18 05:00:00,34.522,35.299,34.507,35.181,606567.4668007
2021-09-18 06:00:00,35.192,35.275,34.758,35.08,373154.42923105
2021-09-18 07:00:00,35.08,35.194,34.846,35.02,191660.51154099
2021-09-18 08:00:00,35.046,35.248,34.845,34.953,237893.22608317
2021-09-18 09:00:00,34.954,35.005,34.57,34.838,314006.91766083
2021-09-18 10:00:00,34.838,35.5,34.804,35.054,241436.13145279
2021-09-18 11:00:00,35.057,35.35,34.635,34.727,204560.16419244
2021-09-18 12:00:00,34.735,35.149,34.542,34.988,237457.42643302
2021-09-18 13:00:00,34.989,35.925,34.989,35.394,459830.7277162
2021-09-18 14:00:00,35.396,35.7,35.214,35.325,218408.079109
2021-09-18 15:00:00,35.321,35.436,34.874,34.997,192332.82298662
2021-09-18 16:00:00,35.0,35.177,34.701,34.745,340193.56757543
2021-09-18 17:00:00,34.744,35.162,34.592,35.069,247073.95309651
2021-09-18 18:00:00,35.062,35.064,34.715,34.867,143374.86905021
2021-09-18 19:00:00,34.85,35.018,34.56,35.018,179167.98687111
2021-09-18 20:00:00,35.008,35.015,34.3,34.587,339290.48023689
2021-09-18 21:00:00,34.583,35.199,34.509,34.827,120188.7222112
2021-09-18 22:00:00,34.824,35.229,34.678,35.002,231538.94675286
2021-09-18 23:00:00,34.998,35.182,34.773,34.893,319308.70039926
2021-09-19 00:00:00,34.895,34.921,33.846,33.91,460948.87158295
2021-09-19 01:00:00,33.91,34.33,33.627,34.271,380429.80464249
2021-09-19 02:00:00,34.257,34.257,33.872,34.051,265457.43491793
2021-09-19 03:00:00,34.054,34.17,33.772,33.921,227356.73455586
2021-09-19 04:00:00,33.916,34.193,33.784,33.98,268516.25919974
2021-09-19 05:00:00,33.983,34.18,33.85,34.149,184096.07385521
2021-09-19 06:00:00,34.144,34.211,33.976,34.111,211968.35991902
2021-09-19 07:00:00,34.119,34.3,33.952,34.128,189256.63939895
2021-09-19 08:00:00,34.141,34.508,34.051,34.328,182787.68130746
2021-09-19 09:00:00,34.321,34.373,34.023,34.083,177718.28594933
2021-09-19 10:00:00,34.076,34.131,33.847,33.881,178337.33081178
2021-09-19 11:00:00,33.889,33.93,33.014,33.234,619761.94034298
2021-09-19 12:00:00,33.229,33.594,33.054,33.471,384304.01364676
2021-09-19 13:00:00,33.472,33.95,33.339,33.738,209512.96607221
2021-09-19 14:00:00,33.731,33.965,33.653,33.724,199500.23330124
2021-09-19 15:00:00,33.716,34.144,33.69,33.898,168534.16564659
2021-09-19 16:00:00,33.898,34.471,33.746,34.052,332984.91407892
2021-09-19 17:00:00,34.051,34.336,33.807,34.036,257470.01013233
2021-09-19 18:00:00,34.024,34.597,33.904,34.538,265242.39757491
2021-09-19 19:00:00,34.541,34.572,34.0,34.058,188735.12212892
2021-09-19 20:00:00,34.052,34.433,33.902,34.301,200374.37474575
2021-09-19 21:00:00,34.283,34.445,33.802,34.054,178956.54701641
2021-09-19 22:00:00,34.055,34.141,33.106,33.281,502557.70152435
2021-09-19 23:00:00,33.277,33.879,33.202,33.879,302174.71166823
2021-09-20 00:00:00,33.879,33.943,32.492,32.985,889459.11505338
2021-09-20 01:00:00,32.986,33.458,32.835,33.366,302372.99890632
2021-09-20 02:00:00,33.356,33.387,31.909,32.02,1260804.48452965
2021-09-20 03:00:00,32.014,32.219,30.6,31.405,1364195.27098567
2021-09-20 04:00:00,31.398,31.884,30.943,31.7,660089.5505455
2021-09-20 05:00:00,31.699,31.991,31.462,31.646,404500.71943602
2021-09-20 06:00:00,31.649,31.795,31.247,31.528,499814.50601203
2021-09-20 07:00:00,31.529,31.755,30.14,30.681,1509082.74830419
2021-09-20 08:00:00,30.678,31.041,30.451,30.917,696477.92280297
2021-09-20 09:00:00,30.911,31.089,30.382,30.499,410371.08344572
2021-09-20 10:00:00,30.499,30.847,29.61,29.786,1434542.59915049
2021-09-20 11:00:00,29.8,29.886,28.117,28.861,2444539.60820774
2021-09-20 12:00:00,28.852,29.343,26.474,28.935,2899634.15606654
2021-09-20 13:00:00,28.935,29.928,28.451,29.784,2231677.86726157
2021-09-20 14:00:00,29.783,29.803,29.112,29.414,1049927.80391077
2021-09-20 15:00:00,29.413,29.908,28.94,29.401,997467.30323567
2021-09-20 16:00:00,29.397,29.851,29.093,29.424,852183.30954929
2021-09-20 17:00:00,29.424,29.755,29.232,29.641,434362.8540365
2021-09-20 18:00:00,29.641,29.757,28.35,28.559,876014.75647897
2021-09-20 19:00:00,28.559,28.975,27.8,28.846,1334980.89659953
2021-09-20 20:00:00,28.844,29.014,28.157,28.536,680026.04222886
2021-09-20 21:00:00,28.536,29.242,28.383,28.893,372896.74556513
2021-09-20 22:00:00,28.905,29.475,28.552,28.714,512142.127674
2021-09-20 23:00:00,28.714,29.036,27.723,28.328,943631.55689076
2021-09-21 00:00:00,28.323,28.357,26.4,27.386,1607551.36270324
2021-09-21 01:00:00,27.393,29.08,27.282,29.013,678502.24526697
2021-09-21 02:00:00,29.022,29.712,28.78,29.472,980989.76734508
2021-09-21 03:00:00,29.462,29.604,28.666,28.738,505937.51326168
2021-09-21 04:00:00,28.759,29.083,28.25,28.511,620328.00564058
2021-09-21 05:00:00,28.512,28.928,27.968,28.703,642821.30535677
2021-09-21 06:00:00,28.711,29.472,28.674,29.257,482139.38568764
2021-09-21 07:00:00,29.26,29.589,28.901,29.579,437430.8015072
2021-09-21 08:00:00,29.579,30.365,29.342,30.152,471734.61403006
2021-09-21 09:00:00,30.149,30.264,29.55,29.688,450845.57484686
2021-09-21 10:00:00,29.697,30.143,29.292,29.952,729353.91840658
2021-09-21 11:00:00,29.948,30.193,29.617,29.694,273136.69576708
2021-09-21 12:00:00,29.681,30.081,29.2,29.266,468623.69009155
2021-09-21 13:00:00,29.276,29.706,29.005,29.275,463654.30606733
2021-09-21 14:00:00,29.275,29.349,28.191,28.462,767162.85987865
2021-09-21 15:00:00,28.458,29.162,28.356,29.095,601850.35225113
2021-09-21 16:00:00,29.095,29.29,28.288,28.335,665849.32926718
2021-09-21 17:00:00,28.335,28.524,27.537,27.624,848044.69408986
2021-09-21 18:00:00,27.623,28.124,27.541,27.731,817159.23454291
2021-09-21 19:00:00,27.731,27.984,27.439,27.508,552131.45338736
2021-09-21 20:00:00,27.51,27.751,26.274,26.437,1145995.55981147
2021-09-21 21:00:00,26.44,27.309,25.475,26.956,1130324.63913577
2021-09-21 22:00:00,26.956,27.327,26.114,26.188,1233024.49056505
2021-09-21 23:00:00,26.189,26.542,25.664,26.394,1382344.67575635
2021-09-22 00:00:00,26.388,27.133,25.892,26.682,1277036.06374753
2021-09-22 01:00:00,26.69,27.76,26.34,27.649,1253985.12219585
2021-09-22 02:00:00,27.658,27.789,27.196,27.35,523470.5372348
2021-09-22 03:00:00,27.348,27.676,27.269,27.331,496571.97856352
2021-09-22 04:00:00,27.334,27.527,26.934,27.033,432361.93423694
2021-09-22 05:00:00,27.033,27.765,27.033,27.536,513685.05082908
2021-09-22 06:00:00,27.552,28.012,27.142,27.931,568719.35161071
2021-09-22 07:00:00,27.923,28.781,27.853,28.553,640869.74625877
2021-09-22 08:00:00,28.553,28.573,28.016,28.182,350706.98678288
2021-09-22 09:00:00,28.178,28.658,28.054,28.581,332525.00052959
2021-09-22 10:00:00,28.576,28.835,28.156,28.54,372873.11569098
2021-09-22 11:00:00,28.528,28.754,27.79,27.962,457390.66963174
2021-09-22 12:00:00,27.967,28.704,27.921,28.64,291860.52894955
2021-09-22 13:00:00,28.634,29.259,28.499,29.144,563216.64771246
2021-09-22 14:00:00,29.145,29.985,29.04,29.656,442977.15549815
2021-09-22 15:00:00,29.655,30.46,29.655,30.362,591683.60685971
2021-09-22 16:00:00,30.362,31.32,30.194,31.266,566589.59600043
2021-09-22 17:00:00,31.263,31.36,30.388,30.66,530087.43495369
2021-09-22 18:00:00,30.658,31.85,30.486,30.755,938319.77127656
2021-09-22 19:00:00,30.747,31.795,30.669,31.449,412446.54955682
2021-09-22 20:00:00,31.438,31.845,31.219,31.817,246394.97188366
2021-09-22 21:00:00,31.824,31.891,30.892,31.245,178273.67802511
2021-09-22 22:00:00,31.263,31.999,31.139,31.422,347158.14951715
2021-09-22 23:00:00,31.438,31.637,31.121,31.587,209623.97282699
2021-09-23 00:00:00,31.587,31.827,31.04,31.12,526243.87522722
2021-09-23 01:00:00,31.12,31.443,30.769,31.353,307966.92434829
2021-09-23 02:00:00,31.359,31.558,31.153,31.41,187965.61489004
2021-09-23 03:00:00,31.411,32.065,31.182,31.986,389886.5570938
2021-09-23 04:00:00,31.986,32.562,31.8,32.201,394234.95544897
2021-09-23 05:00:00,32.18,32.307,31.508,31.524,402100.67034141
2021-09-23 06:00:00,31.527,32.066,31.513,32.059,225082.95143298
2021-09-23 07:00:00,32.033,32.051,31.692,31.855,261390.40974943
2021-09-23 08:00:00,31.849,31.931,31.167,31.285,324469.85146158
2021-09-23 09:00:00,31.292,31.575,31.11,31.251,348488.32781874
2021-09-23 10:00:00,31.25,31.472,30.587,30.981,596940.77672264
2021-09-23 11:00:00,30.975,30.975,30.388,30.657,350061.37229117
2021-09-23 12:00:00,30.652,31.443,30.485,30.992,481110.04086607
2021-09-23 13:00:00,31.0,31.63,30.806,31.406,525293.01636069
2021-09-23 14:00:00,31.433,31.799,31.306,31.716,310201.4941815
2021-09-23 15:00:00,31.709,31.77,31.077,31.232,343609.31420429
2021-09-23 16:00:00,31.23,31.467,31.074,31.365,285232.8047392
2021-09-23 17:00:00,31.369,32.818,31.359,32.515,811693.96276224
2021-09-23 18:00:00,32.513,32.645,32.114,32.351,461658.25346994
2021-09-23 19:00:00,32.376,32.806,32.376,32.764,255914.1914556
2021-09-23 20:00:00,32.763,32.957,32.517,32.643,226679.29334981
2021-09-23 21:00:00,32.653,32.787,32.335,32.696,124402.70456494
2021-09-23 22:00:00,32.704,32.997,32.461,32.848,291452.09520109
2021-09-23 23:00:00,32.848,33.581,32.65,33.395,434577.62869121
2021-09-24 00:00:00,33.393,33.52,32.803,32.858,428359.58205367
2021-09-24 01:00:00,32.869,33.285,32.555,32.637,319169.84346062
2021-09-24 02:00:00,32.642,32.758,31.933,32.107,513688.6589797
2021-09-24 03:00:00,32.11,32.523,32.024,32.151,207607.63238921
2021-09-24 04:00:00,32.165,32.316,31.803,32.043,274425.88194183
2021-09-24 05:00:00,32.033,32.217,31.5,32.163,363127.99592346
2021-09-24 06:00:00,32.178,32.859,32.028,32.029,361786.36125791
2021-09-24 07:00:00,32.03,32.933,32.013,32.724,661725.96951794
2021-09-24 08:00:00,32.721,33.202,32.251,32.371,425404.04561805
2021-09-24 09:00:00,32.382,32.401,28.872,28.995,2290437.70700952
2021-09-24 10:00:00,28.995,29.817,28.562,28.97,2026805.3270482
2021-09-24 11:00:00,28.978,29.536,27.864,29.422,2205381.08872512
2021-09-24 12:00:00,29.426,29.516,28.848,29.004,1094858.78605922
2021-09-24 13:00:00,29.007,30.186,28.6,30.078,1219703.52918314
2021-09-24 14:00:00,30.078,31.218,30.001,30.775,1181716.61645635
2021-09-24 15:00:00,30.771,30.806,29.807,30.145,822581.12498007
2021-09-24 16:00:00,30.142,30.626,29.931,30.294,599125.25076881
2021-09-24 17:00:00,30.287,30.367,29.727,30.047,482339.88271718
2021-09-24 18:00:00,30.044,30.361,29.815,29.987,301454.85457413
2021-09-24 19:00:00,29.983,30.736,29.95,30.29,408074.69752108
2021-09-24 20:00:00,30.309,30.896,30.308,30.767,508966.1304555
2021-09-24 21:00:00,30.756,31.421,30.718,31.049,392737.19835487
2021-09-24 22:00:00,31.049,31.385,30.909,31.263,398288.47983107
2021-09-24 23:00:00,31.263,31.326,30.481,30.785,522252.24188853
2021-09-25 00:00:00,30.785,32.229,30.645,31.793,793186.50795552
2021-09-25 01:00:00,31.793,31.856,30.576,31.451,622785.46107962
2021-09-25 02:00:00,31.457,31.662,30.899,30.997,448668.48242739
2021-09-25 03:00:00,30.996,31.687,30.986,31.383,492569.29745284
2021-09-25 04:00:00,31.402,31.94,31.388,31.388,551154.63234029
2021-09-25 05:00:00,31.382,31.578,30.943,30.972,405070.13271198
2021-09-25 06:00:00,30.968,31.394,30.943,31.303,258558.10173277
2021-09-25 07:00:00,31.306,31.338,30.128,30.362,571408.76304356
2021-09-25 08:00:00,30.37,30.608,29.424,30.442,1353869.89322496
2021-09-25 09:00:00,30.441,31.08,30.29,30.779,694132.89090981
2021-09-25 10:00:00,30.782,31.112,30.585,30.699,443434.78421895
2021-09-25 11:00:00,30.7,30.7,30.099,30.556,488919.47187073
2021-09-25 12:00:00,30.555,30.799,30.282,30.346,359482.0949224
2021-09-25 13:00:00,30.353,30.819,30.172,30.385,449764.17944609
2021-09-25 14:00:00,30.386,30.396,29.826,29.961,511981.85015842
2021-09-25 15:00:00,29.95,30.606,29.745,30.278,555498.56034886
2021-09-25 16:00:00,30.259,30.431,29.872,30.145,528422.55357863
2021-09-25 17:00:00,30.153,30.399,30.009,30.119,272942.1576524
2021-09-25 18:00:00,30.116,30.432,29.744,29.91,454824.94640688
2021-09-25 19:00:00,29.904,30.361,29.792,30.24,275683.94784851
2021-09-25 20:00:00,30.244,30.272,29.76,29.99,396888.97469614
2021-09-25 21:00:00,29.991,30.046,29.459,29.797,386430.17042355
2021-09-25 22:00:00,29.798,30.217,29.712,29.952,360410.43625937
2021-09-25 23:00:00,29.959,30.076,29.638,29.839,382409.84488826
2021-09-26 00:00:00,29.839,30.016,28.645,28.973,838844.08830904
2021-09-26 01:00:00,28.967,29.062,28.505,28.874,758994.79993293
2021-09-26 02:00:00,28.874,28.927,28.307,28.661,755685.55595518
2021-09-26 03:00:00,28.66,29.172,28.455,28.971,433999.68571619
2021-09-26 04:00:00,28.975,29.051,28.51,29.047,531979.51190292
2021-09-26 05:00:00,29.04,29.134,28.638,28.731,489663.66145686
2021-09-26 06:00:00,28.731,28.931,28.505,28.561,461959.42173221
2021-09-26 07:00:00,28.56,28.746,26.884,27.337,1957477.60886624
2021-09-26 08:00:00,27.333,27.733,26.765,27.337,1558106.73020808
2021-09-26 09:00:00,27.349,30.103,27.251,29.288,2021275.93391209
2021-09-26 10:00:00,29.287,29.58,28.603,28.782,1212095.99120587
2021-09-26 11:00:00,28.781,29.508,28.776,29.171,424527.03009704
2021-09-26 12:00:00,29.172,29.816,29.172,29.443,610238.57358181
2021-09-26 13:00:00,29.443,29.565,29.107,29.295,389326.16742262
2021-09-26 14:00:00,29.303,29.512,29.072,29.402,521601.23836341
2021-09-26 15:00:00,29.403,29.85,29.292,29.649,456872.96671123
2021-09-26 16:00:00,29.653,29.767,29.083,29.212,559288.87258119
2021-09-26 17:00:00,29.206,29.48,29.093,29.299,372750.21723383
2021-09-26 18:00:00,29.299,29.375,28.982,29.037,318777.43185978
2021-09-26 19:00:00,29.039,29.23,28.909,29.065,301862.74732295
2021-09-26 20:00:00,29.07,29.65,29.047,29.451,451727.58831489
2021-09-26 21:00:00,29.46,29.516,29.238,29.37,125306.19439258
2021-09-26 22:00:00,29.37,29.694,28.578,28.713,481656.39640294
2021-09-26 23:00:00,28.713,28.903,28.429,28.839,818488.60994671
2021-09-27 00:00:00,28.83,29.339,28.292,29.228,884758.4204682
2021-09-27 01:00:00,29.238,30.0,29.137,29.924,489269.95369636
2021-09-27 02:00:00,29.936,29.985,29.492,29.737,462588.24909052
2021-09-27 03:00:00,29.736,30.241,29.45,29.631,461646.38358525
2021-09-27 04:00:00,29.643,29.815,29.418,29.518,239115.34175612
2021-09-27 05:00:00,29.515,29.999,29.496,29.885,327635.13036279
2021-09-27 06:00:00,29.901,30.01,29.342,29.342,339027.41181964
2021-09-27 07:00:00,29.353,29.621,29.24,29.308,397974.95600705
2021-09-27 08:00:00,29.312,29.613,29.291,29.534,227611.71015212
2021-09-27 09:00:00,29.535,29.833,28.959,29.094,648468.03459384
2021-09-27 10:00:00,29.072,29.494,29.018,29.125,292714.06841224
2021-09-27 11:00:00,29.126,29.347,29.008,29.212,310556.28487959
2021-09-27 12:00:00,29.214,29.332,28.701,28.886,507309.10926707
2021-09-27 13:00:00,28.896,29.067,28.666,28.807,462957.30025121
2021-09-27 14:00:00,28.806,29.423,28.441,28.606,818017.2384515
2021-09-27 15:00:00,28.602,28.757,28.401,28.662,604999.00077141
2021-09-27 16:00:00,28.666,28.683,27.804,28.214,702656.51391012
2021-09-27 17:00:00,28.223,28.388,27.822,27.994,629144.93041934
2021-09-27 18:00:00,28.001,28.184,27.834,28.03,325586.16086842
2021-09-27 19:00:00,28.03,28.104,27.792,27.862,328277.6907036
2021-09-27 20:00:00,27.863,28.161,27.569,27.727,583123.19479761
2021-09-27 21:00:00,27.719,28.349,27.637,28.281,282455.64375769
2021-09-27 22:00:00,28.281,28.641,28.142,28.267,446814.11292365
2021-09-27 23:00:00,28.267,28.335,27.613,27.707,706808.51203777
2021-09-28 00:00:00,27.707,28.172,27.507,27.781,446490.58824035
2021-09-28 01:00:00,27.772,27.977,27.386,27.911,352457.53521416
2021-09-28 02:00:00,27.912,28.11,27.64,27.808,254385.41817873
2021-09-28 03:00:00,27.806,28.235,27.711,28.095,265138.35483362
2021-09-28 04:00:00,28.088,28.374,28.01,28.119,275839.22920938
2021-09-28 05:00:00,28.121,28.287,27.907,27.938,251862.49176374
2021-09-28 06:00:00,27.937,28.091,27.525,27.807,431837.00433461
2021-09-28 07:00:00,27.801,27.878,27.216,27.399,503733.80614648
2021-09-28 08:00:00,27.401,27.76,27.229,27.625,528609.80773693
2021-09-28 09:00:00,27.618,27.846,27.378,27.631,272976.79764866
2021-09-28 10:00:00,27.631,27.744,27.371,27.586,302330.472728
2021-09-28 11:00:00,27.58,28.048,27.466,27.902,306911.42322084
2021-09-28 12:00:00,27.909,28.033,27.492,27.576,260561.11517727
2021-09-28 13:00:00,27.567,28.144,27.514,27.691,818688.17636899
2021-09-28 14:00:00,27.681,27.862,27.06,27.244,830862.07927571
2021-09-28 15:00:00,27.249,27.269,26.923,26.934,402542.56841955
2021-09-28 16:00:00,26.935,27.222,26.6,26.616,541462.83880567
2021-09-28 17:00:00,26.622,26.73,26.368,26.688,344207.37327052
2021-09-28 18:00:00,26.688,26.927,26.432,26.77,487164.29609955
2021-09-28 19:00:00,26.769,26.949,26.43,26.651,387150.5301029
2021-09-28 20:00:00,26.656,26.985,26.639,26.806,484311.95116658
2021-09-28 21:00:00,26.808,27.029,26.795,27.024,133328.34328437
2021-09-28 22:00:00,27.037,27.063,26.521,26.537,321157.98359614
2021-09-28 23:00:00,26.537,27.073,26.142,26.317,666355.22463998
2021-09-29 00:00:00,26.313,26.981,26.118,26.87,909777.16396269
2021-09-29 01:00:00,26.866,27.185,26.666,26.939,346441.05668374
2021-09-29 02:00:00,26.945,27.273,26.945,27.046,315158.65489814
2021-09-29 03:00:00,27.059,27.5,26.938,27.469,378189.3703266
2021-09-29 04:00:00,27.466,27.715,27.401,27.51,413932.08128304
2021-09-29 05:00:00,27.51,27.6,27.233,27.486,391894.34593783
2021-09-29 06:00:00,27.493,27.846,27.383,27.758,273807.61267344
2021-09-29 07:00:00,27.767,27.798,27.693,27.762,121313.37087603
2021-09-29 08:00:00,27.762,27.776,27.599,27.711,119553.51389474
2021-09-29 09:00:00,27.706,27.706,27.405,27.576,290171.94662498
2021-09-29 10:00:00,27.576,28.585,27.548,28.369,680560.39073729
2021-09-29 11:00:00,28.365,28.4,28.034,28.33,357898.88826574
2021-09-29 12:00:00,28.327,28.5,27.882,27.983,616346.46420945
2021-09-29 13:00:00,27.983,28.349,27.821,28.263,556925.30787641
2021-09-29 14:00:00,28.262,28.431,28.117,28.232,481091.85186121
2021-09-29 15:00:00,28.232,28.362,27.508,27.635,567939.69859957
2021-09-29 16:00:00,27.631,27.796,27.318,27.427,573151.07251927
2021-09-29 17:00:00,27.426,27.488,27.016,27.047,415174.64561251
2021-09-29 18:00:00,27.046,27.284,26.827,26.945,631297.0461325
2021-09-29 19:00:00,26.944,27.139,26.737,26.831,401880.26779773
2021-09-29 20:00:00,26.834,26.834,26.433,26.649,496797.1963773
2021-09-29 21:00:00,26.651,26.843,26.52,26.814,184890.69521475
2021-09-29 22:00:00,26.814,27.135,26.631,27.071,364518.566317
2021-09-29 23:00:00,27.072,27.306,26.963,27.275,285534.25543482
2021-09-30 00:00:00,27.274,28.021,27.139,27.98,588474.16167939
2021-09-30 01:00:00,27.983,28.4,27.83,28.173,670323.13359735
2021-09-30 02:00:00,28.181,28.246,27.931,28.206,489065.87956913
2021-09-30 03:00:00,28.213,28.345,27.983,28.319,479090.86169786
2021-09-30 04:00:00,28.308,28.484,28.203,28.203,325284.61618304
2021-09-30 05:00:00,28.204,28.295,27.966,28.187,252392.71075083
2021-09-30 06:00:00,28.186,28.315,28.013,28.017,161630.07366359
2021-09-30 07:00:00,28.017,28.067,27.727,27.819,304078.00625465
2021-09-30 08:00:00,27.819,28.027,27.532,27.698,504593.08773849
2021-09-30 09:00:00,27.698,28.112,27.698,27.988,248029.37879663
2021-09-30 10:00:00,27.989,28.17,27.634,27.718,290758.9711353
2021-09-30 11:00:00,27.727,27.933,27.672,27.839,223889.5468815
2021-09-30 12:00:00,27.844,28.394,27.815,28.122,469972.46075399
2021-09-30 13:00:00,28.117,28.339,27.888,27.894,352301.16305887
2021-09-30 14:00:00,27.891,27.992,27.717,27.985,364344.09969263
2021-09-30 15:00:00,27.991,28.325,27.899,28.08,457038.55708245
2021-09-30 16:00:00,28.086,28.144,27.846,28.035,357228.99833084
2021-09-30 17:00:00,28.035,28.247,27.936,28.091,331581.69704111
2021-09-30 18:00:00,28.099,28.788,28.056,28.771,521843.11789951
2021-09-30 19:00:00,28.773,28.986,28.401,28.409,352489.75569489
2021-09-30 20:00:00,28.412,28.553,28.102,28.298,328816.90845122
2021-09-30 21:00:00,28.297,28.689,28.259,28.619,143001.3006725
2021-09-30 22:00:00,28.616,28.66,28.428,28.562,224444.56133997
2021-09-30 23:00:00,28.574,28.642,28.361,28.605,245325.16932873
2021-10-01 00:00:00,28.612,29.323,28.592,29.002,519875.34001227
2021-10-01 01:00:00,29.009,29.193,28.816,29.004,413968.58674843
2021-10-01 02:00:00,28.997,29.029,28.501,28.601,296391.35762646
2021-10-01 03:00:00,28.602,28.912,28.563,28.719,316752.9502621
2021-10-01 04:00:00,28.72,28.876,28.562,28.666,222550.38699286
2021-10-01 05:00:00,28.662,28.95,28.597,28.874,285211.11092224
2021-10-01 06:00:00,28.875,29.116,28.687,28.967,384361.54740604
2021-10-01 07:00:00,28.961,29.428,28.878,29.414,661571.90077747
2021-10-01 08:00:00,29.414,29.744,29.366,29.655,507119.44215973
2021-10-01 09:00:00,29.655,29.941,29.507,29.752,555718.44982419
2021-10-01 10:00:00,29.753,31.019,29.575,30.538,1787248.52062919
2021-10-01 11:00:00,30.538,30.991,30.358,30.98,560443.08499621
2021-10-01 12:00:00,30.98,31.425,30.755,30.8,983739.47019739
2021-10-01 13:00:00,30.804,31.1,30.641,30.661,324982.80240302
2021-10-01 14:00:00,30.661,30.9,30.399,30.705,455445.20899253
2021-10-01 15:00:00,30.718,31.39,30.718,31.386,495484.63463643
2021-10-01 16:00:00,31.385,31.638,31.118,31.522,412201.0314139
2021-10-01 17:00:00,31.531,31.916,31.323,31.826,287997.20761644
2021-10-01 18:00:00,31.818,31.997,31.523,31.742,287424.60750166
2021-10-01 19:00:00,31.733,32.347,31.705,32.132,373332.19483798
2021-10-01 20:00:00,32.135,32.159,31.602,32.001,218282.98550362
2021-10-01 21:00:00,32.001,32.097,31.827,32.056,164395.29235274
2021-10-01 22:00:00,32.061,32.311,31.363,31.637,494871.65649835
2021-10-01 23:00:00,31.654,32.038,31.654,31.97,205507.98280111
2021-10-02 00:00:00,31.973,32.243,31.531,32.224,431865.12347074
2021-10-02 01:00:00,32.224,32.725,32.038,32.195,514999.29767388
2021-10-02 02:00:00,32.194,32.725,32.02,32.446,373726.8109116
2021-10-02 03:00:00,32.446,32.565,31.71,31.824,418355.02709855
2021-10-02 04:00:00,31.816,32.101,31.675,31.96,301848.64601844
2021-10-02 05:00:00,31.965,32.23,31.839,31.933,262485.37155305
2021-10-02 06:00:00,31.934,32.296,31.855,32.255,268344.04328715
2021-10-02 07:00:00,32.261,32.261,31.962,32.048,238622.66578706
2021-10-02 08:00:00,32.048,32.37,31.74,32.307,293007.44117075
2021-10-02 09:00:00,32.313,32.514,32.156,32.245,301144.91952457
2021-10-02 10:00:00,32.25,32.317,31.967,32.032,252980.66692472
2021-10-02 11:00:00,32.045,32.278,31.809,32.196,285645.33202943
2021-10-02 12:00:00,32.2,32.302,32.075,32.089,249341.76182402
2021-10-02 13:00:00,32.089,32.712,32.078,32.435,617421.02363875
2021-10-02 14:00:00,32.434,32.924,32.399,32.869,803130.49836782
2021-10-02 15:00:00,32.873,33.017,32.741,32.964,397038.19721083
2021-10-02 16:00:00,32.96,33.309,32.534,33.213,572895.71144675
2021-10-02 17:00:00,33.205,33.431,32.909,33.061,362755.18575483
2021-10-02 18:00:00,33.06,33.204,32.887,33.06,246996.50853943
2021-10-02 19:00:00,33.063,33.312,32.99,33.101,236869.4533349
2021-10-02 20:00:00,33.102,33.122,32.663,32.707,284572.76052989
2021-10-02 21:00:00,32.707,32.98,32.663,32.811,201893.08369512
2021-10-02 22:00:00,32.828,33.049,32.62,32.626,218062.09541962
2021-10-02 23:00:00,32.625,32.832,31.846,32.03,624182.41863338
2021-10-03 00:00:00,32.038,32.401,31.245,31.526,733491.02075518
2021-10-03 01:00:00,31.527,31.958,31.344,31.847,372855.40019452
2021-10-03 02:00:00,31.832,32.167,31.733,31.751,315767.33413344
2021-10-03 03:00:00,31.758,32.186,31.681,32.173,244396.89947839
2021-10-03 04:00:00,32.176,32.209,31.941,31.977,199172.58406027
2021-10-03 05:00:00,31.983,32.305,31.927,32.218,236988.11777458
2021-10-03 06:00:00,32.217,32.409,32.041,32.236,220412.75286578
2021-10-03 07:00:00,32.235,32.264,31.949,31.98,151565.29767955
2021-10-03 08:00:00,31.98,32.132,31.829,31.851,132800.6091172
2021-10-03 09:00:00,31.842,31.909,31.533,31.831,345634.31209435
2021-10-03 10:00:00,31.83,32.07,31.68,31.82,313785.71754926
2021-10-03 11:00:00,31.82,32.187,31.755,32.134,240268.84134299
2021-10-03 12:00:00,32.118,32.234,31.868,32.074,241000.18371947
2021-10-03 13:00:00,32.071,32.65,31.935,32.639,414919.8348402
2021-10-03 14:00:00,32.64,32.719,32.206,32.239,357566.61897741
2021-10-03 15:00:00,32.244,32.373,31.865,31.977,290819.3999699
2021-10-03 16:00:00,31.997,32.161,31.906,32.007,252549.523368
2021-10-03 17:00:00,32.008,32.469,31.524,32.413,813325.13090428
2021-10-03 18:00:00,32.412,32.696,32.213,32.408,610683.17168331
2021-10-03 19:00:00,32.409,32.593,32.374,32.405,217405.64087876
2021-10-03 20:00:00,32.408,32.478,31.981,32.027,234967.37086869
2021-10-03 21:00:00,32.026,32.085,31.627,31.719,377077.4254943
2021-10-03 22:00:00,31.727,32.203,31.689,31.93,399799.53108311
2021-10-03 23:00:00,31.935,32.263,31.836,32.141,296784.74578791
2021-10-04 00:00:00,32.145,32.145,31.535,31.541,421302.90769815
2021-10-04 01:00:00,31.54,31.888,31.4,31.666,371626.36953343
2021-10-04 02:00:00,31.665,31.665,31.1,31.162,372576.11231794
2021-10-04 03:00:00,31.161,31.322,30.807,30.938,468618.12425449
2021-10-04 04:00:00,30.942,31.2,30.661,31.148,418611.99382131
2021-10-04 05:00:00,31.148,31.272,31.084,31.185,197785.24517521
2021-10-04 06:00:00,31.178,31.185,30.877,31.015,235710.63805265
2021-10-04 07:00:00,31.015,31.37,30.86,31.363,234053.13153599
2021-10-04 08:00:00,31.358,31.358,30.765,31.0,343507.38853142
2021-10-04 09:00:00,30.996,31.16,30.838,31.144,191989.82597814
2021-10-04 10:00:00,31.144,31.161,30.8,30.938,217903.37249067
2021-10-04 11:00:00,30.941,30.996,30.479,30.816,359426.07404906
2021-10-04 12:00:00,30.823,31.26,30.664,31.193,265735.55463851
2021-10-04 13:00:00,31.193,31.482,31.045,31.293,460176.16412017
2021-10-04 14:00:00,31.29,31.586,30.354,30.55,931984.83164511
2021-10-04 15:00:00,30.553,30.966,30.063,30.909,1000357.41830784
2021-10-04 16:00:00,30.904,31.476,30.805,31.046,782683.308424
2021-10-04 17:00:00,31.051,31.583,30.786,31.5,826657.11542586
2021-10-04 18:00:00,31.504,31.62,31.262,31.365,461167.14292046
2021-10-04 19:00:00,31.369,31.499,31.175,31.366,352662.23613841
2021-10-04 20:00:00,31.36,31.515,30.832,30.934,336278.65631425
2021-10-04 21:00:00,30.934,31.09,30.829,31.053,168595.00739184
2021-10-04 22:00:00,31.053,31.17,30.855,30.916,260921.28542095
2021-10-04 23:00:00,30.916,31.315,30.862,31.186,404460.72559433
2021-10-05 00:00:00,31.182,31.439,30.85,31.376,479950.66776891
2021-10-05 01:00:00,31.383,31.712,31.23,31.291,366713.24092908
2021-10-05 02:00:00,31.292,31.339,31.087,31.156,226028.04692493
2021-10-05 03:00:00,31.155,31.619,31.12,31.616,253374.80571081
2021-10-05 04:00:00,31.616,31.625,31.136,31.191,173075.45955923
2021-10-05 05:00:00,31.177,31.493,31.155,31.405,195651.72678413
2021-10-05 06:00:00,31.401,31.512,31.303,31.323,154815.8207191
2021-10-05 07:00:00,31.324,31.58,31.278,31.411,231427.29373702
2021-10-05 08:00:00,31.411,31.7,31.332,31.595,391558.6185539
2021-10-05 09:00:00,31.586,32.046,31.331,31.947,612208.57515504
2021-10-05 10:00:00,31.947,32.181,31.817,31.889,343980.62059751
2021-10-05 11:00:00,31.882,32.076,31.777,31.798,178569.75832754
2021-10-05 12:00:00,31.798,31.84,31.673,31.699,257594.46552852
2021-10-05 13:00:00,31.699,31.72,31.361,31.475,570578.11756132
2021-10-05 14:00:00,31.471,31.545,30.46,30.867,912632.76612899
2021-10-05 15:00:00,30.864,31.078,30.728,30.859,359977.66564726
2021-10-05 16:00:00,30.859,30.993,30.728,30.972,273579.00600697
2021-10-05 17:00:00,30.972,31.003,30.88,30.984,171149.82263474
2021-10-05 18:00:00,30.992,31.295,30.991,31.174,339176.88784671
2021-10-05 19:00:00,31.174,31.524,31.136,31.422,327254.35673174
2021-10-05 20:00:00,31.429,31.869,31.388,31.492,458823.58621531
2021-10-05 21:00:00,31.487,31.823,31.453,31.616,199408.18972319
2021-10-05 22:00:00,31.603,31.75,31.485,31.538,314364.63558084
2021-10-05 23:00:00,31.538,31.665,31.38,31.408,248167.70939843
2021-10-06 00:00:00,31.423,31.443,31.156,31.228,390001.44283633
2021-10-06 01:00:00,31.227,31.227,30.893,31.118,367578.63841649
2021-10-06 02:00:00,31.107,31.143,30.894,31.07,233651.70907092
2021-10-06 03:00:00,31.073,31.127,30.667,30.743,377284.24407937
2021-10-06 04:00:00,30.743,30.807,30.5,30.627,306488.15067928
2021-10-06 05:00:00,30.627,30.869,30.566,30.741,331397.3983702
2021-10-06 06:00:00,30.736,30.885,30.632,30.633,219818.12692203
2021-10-06 07:00:00,30.637,30.639,30.163,30.342,393075.902892
2021-10-06 08:00:00,30.342,30.429,29.124,29.509,1240122.45793283
2021-10-06 09:00:00,29.509,29.623,29.152,29.55,511587.75834893
2021-10-06 10:00:00,29.551,30.084,29.464,29.785,495866.47197617
2021-10-06 11:00:00,29.786,29.994,29.7,29.741,217167.48400529
2021-10-06 12:00:00,29.741,30.469,29.628,30.464,772982.14152508
2021-10-06 13:00:00,30.471,31.908,30.328,31.435,2054331.4578948
2021-10-06 14:00:00,31.451,31.82,31.124,31.751,543079.76441596
2021-10-06 15:00:00,31.75,32.035,31.53,31.884,602360.79942524
2021-10-06 16:00:00,31.879,32.866,31.826,32.622,837078.55216528
2021-10-06 17:00:00,32.623,32.714,32.155,32.298,338796.2971204
2021-10-06 18:00:00,32.299,32.526,32.094,32.309,385934.23994415
2021-10-06 19:00:00,32.308,32.631,32.304,32.465,275207.52924653
2021-10-06 20:00:00,32.463,33.084,32.397,32.679,455893.34297265
2021-10-06 21:00:00,32.68,32.812,32.37,32.626,145311.95048249
2021-10-06 22:00:00,32.628,32.847,32.397,32.648,251343.96390563
2021-10-06 23:00:00,32.653,32.73,30.877,32.2,761256.83933186
2021-10-07 00:00:00,32.207,32.219,31.242,31.573,846935.4665306
2021-10-07 01:00:00,31.566,31.746,30.92,31.407,761192.87470806
2021-10-07 02:00:00,31.407,31.804,31.298,31.525,433071.87228838
2021-10-07 03:00:00,31.519,31.617,31.263,31.361,271785.2440494
2021-10-07 04:00:00,31.361,31.819,31.322,31.569,324331.19372841
2021-10-07 05:00:00,31.568,31.595,31.153,31.595,320770.5387907
2021-10-07 06:00:00,31.599,32.138,31.51,31.587,375645.92799703
2021-10-07 07:00:00,31.595,32.495,31.4,32.444,579429.07066603
2021-10-07 08:00:00,32.443,33.788,32.379,33.671,1183204.71472436
2021-10-07 09:00:00,33.663,34.046,32.851,33.48,1338719.65246169
2021-10-07 10:00:00,33.485,33.69,33.018,33.29,614453.45387376
2021-10-07 11:00:00,33.293,34.716,33.269,34.625,1105229.6968014
2021-10-07 12:00:00,34.625,34.635,33.58,34.042,1070410.43231823
2021-10-07 13:00:00,34.041,34.572,33.828,34.531,737740.80515972
2021-10-07 14:00:00,34.531,34.612,33.174,33.938,1142327.78192879
2021-10-07 15:00:00,33.947,35.361,33.863,35.045,1214615.82147806
2021-10-07 16:00:00,35.046,35.105,34.297,34.829,885087.94524791
2021-10-07 17:00:00,34.827,34.903,34.289,34.369,466186.85273677
2021-10-07 18:00:00,34.374,34.441,34.134,34.291,322877.74768944
2021-10-07 19:00:00,34.277,34.7,34.274,34.332,327310.51791884
2021-10-07 20:00:00,34.333,34.679,34.052,34.282,293993.8310889
2021-10-07 21:00:00,34.288,34.737,34.181,34.235,208357.93980217
2021-10-07 22:00:00,34.228,34.228,33.677,34.095,526221.36381071
2021-10-07 23:00:00,34.09,34.112,33.515,34.028,426633.32829787
2021-10-08 00:00:00,34.031,34.306,33.826,34.073,322120.70866111
2021-10-08 01:00:00,34.064,34.195,33.621,33.722,295550.93546674
2021-10-08 02:00:00,33.718,33.8,33.429,33.499,457111.84490456
2021-10-08 03:00:00,33.489,33.555,33.252,33.555,371306.72142613
2021-10-08 04:00:00,33.555,33.801,33.334,33.624,308520.82624418
2021-10-08 05:00:00,33.623,34.151,33.389,34.001,366642.2910929
2021-10-08 06:00:00,34.001,34.011,33.669,33.864,303626.72467059
2021-10-08 07:00:00,33.864,34.275,33.731,34.141,520042.72971906
2021-10-08 08:00:00,34.152,34.534,33.905,34.318,885231.06678116
2021-10-08 09:00:00,34.325,34.337,33.68,33.717,498368.35456025
2021-10-08 10:00:00,33.722,33.908,33.409,33.621,354488.05945512
2021-10-08 11:00:00,33.615,33.927,33.502,33.518,341233.01931266
2021-10-08 12:00:00,33.519,33.879,33.061,33.563,698806.60529185
2021-10-08 13:00:00,33.57,33.687,33.25,33.438,551752.07593417
2021-10-08 14:00:00,33.441,33.906,33.417,33.698,432933.75972444
2021-10-08 15:00:00,33.698,33.913,33.524,33.875,385871.71152354
2021-10-08 16:00:00,33.88,34.462,33.665,33.784,698549.54968766
2021-10-08 17:00:00,33.796,33.89,33.559,33.72,270456.53717414
2021-10-08 18:00:00,33.715,33.998,33.694,33.947,184200.3706494
2021-10-08 19:00:00,33.947,34.137,33.801,33.881,259699.972694
2021-10-08 20:00:00,33.888,33.945,33.31,33.342,273056.69363985
2021-10-08 21:00:00,33.342,33.479,33.243,33.44,142026.32830247
2021-10-08 22:00:00,33.435,33.763,33.332,33.628,200712.87037392
2021-10-08 23:00:00,33.624,33.624,33.198,33.393,266784.66945925
2021-10-09 00:00:00,33.393,33.591,33.109,33.513,339306.78165183
2021-10-09 01:00:00,33.515,33.568,33.121,33.23,274529.83634289
2021-10-09 02:00:00,33.23,33.424,33.01,33.401,370450.47491993
2021-10-09 03:00:00,33.404,33.631,33.31,33.473,336795.51929081
2021-10-09 04:00:00,33.471,33.686,33.431,33.638,254231.76383283
2021-10-09 05:00:00,33.646,33.797,33.458,33.548,298689.3989316
2021-10-09 06:00:00,33.552,34.039,33.552,33.976,520231.56405591
2021-10-09 07:00:00,33.977,34.321,33.851,34.196,345077.47640812
2021-10-09 08:00:00,34.196,34.204,33.663,33.81,446405.86504808
2021-10-09 09:00:00,33.81,34.289,33.775,34.267,348327.03148095
2021-10-09 10:00:00,34.267,34.809,34.211,34.797,688671.16456889
2021-10-09 11:00:00,34.791,34.883,34.406,34.5,601085.26426121
2021-10-09 12:00:00,34.5,34.775,34.5,34.578,307310.24156707
2021-10-09 13:00:00,34.571,34.878,34.49,34.827,380054.77275704
2021-10-09 14:00:00,34.819,35.516,34.819,35.474,677219.70006772
2021-10-09 15:00:00,35.474,35.829,35.085,35.419,617450.82560174
2021-10-09 16:00:00,35.413,36.322,35.407,36.239,803948.16766525
2021-10-09 17:00:00,36.24,36.6,35.926,36.41,597732.10224536
2021-10-09 18:00:00,36.413,36.663,36.137,36.486,320581.6148547
2021-10-09 19:00:00,36.478,36.492,36.013,36.136,202183.80597058
2021-10-09 20:00:00,36.141,36.583,35.834,36.49,297402.25342739
2021-10-09 21:00:00,36.491,36.914,36.229,36.903,213746.35030665
2021-10-09 22:00:00,36.891,36.911,36.426,36.581,168140.00436048
2021-10-09 23:00:00,36.583,36.792,36.274,36.371,252528.14929705
2021-10-10 00:00:00,36.371,36.421,35.66,35.749,396160.03405553
2021-10-10 01:00:00,35.744,36.743,35.353,36.665,823063.53784235
2021-10-10 02:00:00,36.658,37.488,36.341,37.221,979295.2774796
2021-10-10 03:00:00,37.217,37.307,36.902,37.111,429279.84004859
2021-10-10 04:00:00,37.111,37.25,36.707,36.955,564416.15637665
2021-10-10 05:00:00,36.952,37.086,36.449,36.552,401032.96543624
2021-10-10 06:00:00,36.551,36.935,36.409,36.666,400024.38699059
2021-10-10 07:00:00,36.67,36.784,36.104,36.273,379545.41426723
2021-10-10 08:00:00,36.273,36.342,36.051,36.298,306292.51025398
2021-10-10 09:00:00,36.301,36.32,35.62,36.02,679791.1384214
2021-10-10 10:00:00,36.014,36.18,35.818,36.049,314763.83504508
2021-10-10 11:00:00,36.054,36.224,35.791,36.13,245670.24094619
2021-10-10 12:00:00,36.129,36.187,35.804,36.086,282010.23912549
2021-10-10 13:00:00,36.084,36.576,35.83,36.239,524561.60145157
2021-10-10 14:00:00,36.239,36.525,36.168,36.168,257128.84768519
2021-10-10 15:00:00,36.168,36.219,35.959,36.112,254536.33934707
2021-10-10 16:00:00,36.11,36.191,35.537,35.693,331764.938131
2021-10-10 17:00:00,35.695,35.867,35.36,35.759,350151.87883907
2021-10-10 18:00:00,35.759,35.797,35.503,35.732,235532.69206906
2021-10-10 19:00:00,35.732,35.909,35.665,35.668,154831.26266665
2021-10-10 20:00:00,35.664,36.25,35.394,35.445,763704.0077536
2021-10-10 21:00:00,35.445,35.445,34.207,34.782,927273.52166562
2021-10-10 22:00:00,34.782,35.017,34.45,34.962,506510.62826939
2021-10-10 23:00:00,34.965,35.039,34.085,34.433,505803.18541794
2021-10-11 00:00:00,34.43,35.135,34.001,35.026,679375.82705189
2021-10-11 01:00:00,35.029,35.24,34.753,34.762,514192.76291324
2021-10-11 02:00:00,34.763,35.04,34.763,35.039,281103.86923059
2021-10-11 03:00:00,35.032,35.113,34.563,34.814,609708.16550296
2021-10-11 04:00:00,34.819,35.5,34.753,35.054,465833.06636131
2021-10-11 05:00:00,35.053,35.108,34.701,34.772,343855.78113457
2021-10-11 06:00:00,34.782,35.097,34.782,34.999,270151.49934332
2021-10-11 07:00:00,34.991,35.537,34.974,35.378,509272.01195635
2021-10-11 08:00:00,35.378,36.118,35.378,35.929,717890.4536121
2021-10-11 09:00:00,35.929,35.977,35.515,35.664,343199.6387953
2021-10-11 10:00:00,35.664,36.101,35.578,35.644,431074.36938033
2021-10-11 11:00:00,35.645,35.784,34.892,35.259,824288.49009784
2021-10-11 12:00:00,35.263,35.489,34.895,34.996,604461.03765313
2021-10-11 13:00:00,35.004,35.296,34.767,35.157,627095.69822962
2021-10-11 14:00:00,35.164,35.39,34.696,35.218,612956.52011731
2021-10-11 15:00:00,35.22,35.24,34.8,34.93,404897.24447632
2021-10-11 16:00:00,34.93,35.111,34.744,34.851,392024.53342698
2021-10-11 17:00:00,34.848,35.024,34.556,34.57,241002.52831186
2021-10-11 18:00:00,34.573,34.622,34.133,34.212,380281.13790721
2021-10-11 19:00:00,34.21,34.437,33.62,33.654,533708.41629291
2021-10-11 20:00:00,33.66,33.784,33.362,33.431,683775.86086396
2021-10-11 21:00:00,33.434,33.814,33.258,33.776,254989.6960612
2021-10-11 22:00:00,33.775,34.135,33.706,33.883,308684.07326268
2021-10-11 23:00:00,33.889,34.266,33.703,34.14,325617.14083595
2021-10-12 00:00:00,34.146,34.187,33.31,33.711,584291.7982818
2021-10-12 01:00:00,33.712,33.927,33.424,33.771,292046.53880231
2021-10-12 02:00:00,33.771,33.857,33.057,33.189,473838.65732181
2021-10-12 03:00:00,33.188,33.249,32.625,33.058,695299.83231723
2021-10-12 04:00:00,33.061,33.424,32.821,33.315,325268.56826113
2021-10-12 05:00:00,33.316,33.496,32.692,33.412,499168.63025182
2021-10-12 06:00:00,33.414,33.622,33.032,33.079,458720.66616961
2021-10-12 07:00:00,33.078,33.462,32.99,33.296,436899.73841891
2021-10-12 08:00:00,33.305,33.9,33.099,33.648,607010.72682194
2021-10-12 09:00:00,33.647,33.706,32.227,32.606,813399.71664495
2021-10-12 10:00:00,32.604,32.878,32.295,32.83,747959.29950382
2021-10-12 11:00:00,32.83,32.896,32.583,32.816,307913.16844453
2021-10-12 12:00:00,32.816,32.877,32.091,32.305,666172.9602424
2021-10-12 13:00:00,32.304,33.615,32.304,33.375,1207361.46140465
2021-10-12 14:00:00,33.379,33.763,32.79,33.08,886048.09328003
2021-10-12 15:00:00,33.089,33.998,32.76,33.9,742765.03677636
2021-10-12 16:00:00,33.895,34.11,33.612,33.88,661385.49073049
2021-10-12 17:00:00,33.869,33.971,33.401,33.524,440446.08719365
2021-10-12 18:00:00,33.518,34.71,33.518,34.652,397880.33393728
2021-10-12 19:00:00,34.653,34.66,33.92,34.028,451233.06211468
2021-10-12 20:00:00,34.029,35.165,33.768,34.865,957090.54891983
2021-10-12 21:00:00,34.895,35.299,34.832,34.936,281617.5270896
2021-10-12 22:00:00,34.937,35.302,34.858,35.226,225971.03905709
2021-10-12 23:00:00,35.225,35.442,34.958,35.176,269603.03380291
2021-10-13 00:00:00,35.179,35.784,34.936,35.627,456488.16465247
2021-10-13 01:00:00,35.627,35.681,35.331,35.412,268982.96509889
2021-10-13 02:00:00,35.408,35.795,35.36,35.748,296572.72485162
2021-10-13 03:00:00,35.744,35.784,35.065,35.104,280161.463776
2021-10-13 04:00:00,35.104,35.298,34.879,35.198,277108.72412422
2021-10-13 05:00:00,35.201,35.319,33.716,33.718,878251.94512561
2021-10-13 06:00:00,33.711,34.36,33.567,34.271,578264.7948724
2021-10-13 07:00:00,34.262,34.687,34.148,34.285,450070.70035153
2021-10-13 08:00:00,34.285,35.524,34.263,34.896,794779.22385166
2021-10-13 09:00:00,34.898,35.212,34.544,34.884,534339.65028947
2021-10-13 10:00:00,34.883,35.225,34.605,34.717,286710.21780559
2021-10-13 11:00:00,34.714,35.142,34.652,34.955,295030.46254506
2021-10-13 12:00:00,34.961,35.471,34.874,35.393,409761.81454269
2021-10-13 13:00:00,35.381,35.415,34.701,34.824,322295.8814568
2021-10-13 14:00:00,34.824,35.222,34.521,34.834,644123.05284422
2021-10-13 15:00:00,34.833,35.261,34.801,34.837,401090.42216546
2021-10-13 16:00:00,34.842,37.5,34.842,37.334,1745984.59654517
2021-10-13 17:00:00,37.346,38.9,37.346,38.862,1057440.61824478
2021-10-13 18:00:00,38.844,41.795,38.774,41.135,2895833.63672706
2021-10-13 19:00:00,41.136,42.67,40.345,42.374,2392771.50085172
2021-10-13 20:00:00,42.376,43.266,40.799,41.19,3365287.56277638
2021-10-13 21:00:00,41.191,42.258,41.091,41.241,868902.95772887
2021-10-13 22:00:00,41.241,43.155,40.963,42.932,2294794.13502092
2021-10-13 23:00:00,42.932,43.114,41.366,41.771,1059732.46183138
2021-10-14 00:00:00,41.763,42.288,40.693,41.1,1111765.11577449
2021-10-14 01:00:00,41.091,41.5,40.555,41.159,793655.33907652
2021-10-14 02:00:00,41.159,41.987,40.808,41.231,535446.86273762
2021-10-14 03:00:00,41.232,41.67,41.221,41.549,367746.19559982
2021-10-14 04:00:00,41.55,42.418,41.27,41.275,636103.98035262
2021-10-14 05:00:00,41.267,42.031,41.267,41.407,386263.82351031
2021-10-14 06:00:00,41.403,41.515,40.936,41.066,440718.91425749
2021-10-14 07:00:00,41.075,41.328,40.791,41.029,324378.95251505
2021-10-14 08:00:00,41.009,41.79,41.003,41.329,454233.02164028
2021-10-14 09:00:00,41.326,42.564,40.901,42.337,643121.0098031
2021-10-14 10:00:00,42.331,42.52,41.196,41.427,596189.62470102
2021-10-14 11:00:00,41.419,41.916,41.233,41.636,378365.81032485
2021-10-14 12:00:00,41.63,41.67,40.946,40.992,445749.03707862
2021-10-14 13:00:00,40.991,41.449,40.003,40.457,626759.26046463
2021-10-14 14:00:00,40.458,40.944,40.358,40.715,487520.3380951
2021-10-14 15:00:00,40.711,40.853,40.132,40.666,458847.11177865
2021-10-14 16:00:00,40.688,40.846,39.58,39.916,668439.31068477
2021-10-14 17:00:00,39.907,40.447,39.831,40.084,265642.67182606
2021-10-14 18:00:00,40.081,40.366,39.663,40.21,338022.87052775
2021-10-14 19:00:00,40.206,40.206,39.319,40.007,406318.91687013
2021-10-14 20:00:00,40.01,40.304,39.573,40.186,249133.15055118
2021-10-14 21:00:00,40.175,40.68,40.092,40.386,235307.16245608
2021-10-14 22:00:00,40.386,40.737,40.148,40.488,211332.26863863
2021-10-14 23:00:00,40.488,40.942,40.286,40.706,441697.33833815
2021-10-15 00:00:00,40.707,40.942,40.002,40.046,435403.67764727
2021-10-15 01:00:00,40.049,40.245,39.576,40.101,452144.8190063
2021-10-15 02:00:00,40.115,40.815,39.857,40.664,926227.71447932
2021-10-15 03:00:00,40.652,41.526,40.566,40.903,718565.90173098
2021-10-15 04:00:00,40.903,41.021,40.149,40.603,520141.60082623
2021-10-15 05:00:00,40.604,42.058,40.554,41.313,1551536.51865428
2021-10-15 06:00:00,41.314,41.375,40.89,41.259,386672.72269975
2021-10-15 07:00:00,41.248,41.444,40.76,40.815,416615.03663264
2021-10-15 08:00:00,40.812,40.931,39.786,39.797,990085.18486513
2021-10-15 09:00:00,39.798,40.187,39.46,39.931,684395.96697069
2021-10-15 10:00:00,39.942,40.05,39.488,39.994,518286.66989428
2021-10-15 11:00:00,39.993,40.257,39.838,39.929,366339.41365189
2021-10-15 12:00:00,39.92,40.11,39.586,39.647,563981.94613463
2021-10-15 13:00:00,39.647,40.081,39.608,40.036,549899.28333958
2021-10-15 14:00:00,40.032,40.505,39.773,40.12,627123.14397683
2021-10-15 15:00:00,40.113,40.615,40.063,40.228,569123.59536761
2021-10-15 16:00:00,40.223,40.6,39.977,40.564,712593.49150196
2021-10-15 17:00:00,40.561,42.231,40.429,41.986,1328270.29741367
2021-10-15 18:00:00,41.986,42.67,41.697,42.106,833039.0696507
2021-10-15 19:00:00,42.105,43.969,42.091,43.757,1204616.10091023
2021-10-15 20:00:00,43.755,43.863,42.766,43.235,826344.91124816
2021-10-15 21:00:00,43.237,43.809,42.731,43.794,286361.5435316
2021-10-15 22:00:00,43.79,43.911,43.136,43.632,604425.32088975
2021-10-15 23:00:00,43.63,44.24,43.032,43.309,772966.91906173
2021-10-16 00:00:00,43.295,44.456,43.22,44.111,824715.64220317
2021-10-16 01:00:00,44.103,44.77,43.579,44.042,744305.51827098
2021-10-16 02:00:00,44.046,44.365,43.708,44.349,470303.82885055
2021-10-16 03:00:00,44.348,44.348,43.387,43.649,618667.10732755
2021-10-16 04:00:00,43.654,43.858,43.309,43.686,393706.26114046
2021-10-16 05:00:00,43.686,43.85,43.4,43.514,304597.78411576
2021-10-16 06:00:00,43.516,43.532,43.1,43.271,451277.74663269
2021-10-16 07:00:00,43.27,43.534,42.7,43.35,367544.09706589
2021-10-16 08:00:00,43.346,43.888,43.224,43.774,506310.42569465
2021-10-16 09:00:00,43.774,43.786,43.273,43.346,256409.99277868
2021-10-16 10:00:00,43.35,43.429,43.11,43.32,258725.61303352
2021-10-16 11:00:00,43.319,43.577,43.038,43.108,289452.87401243
2021-10-16 12:00:00,43.107,43.254,42.0,42.355,950480.60416941
2021-10-16 13:00:00,42.365,42.89,42.204,42.89,561132.4364629
2021-10-16 14:00:00,42.891,42.9,42.3,42.475,464437.73375528
2021-10-16 15:00:00,42.474,42.656,42.213,42.53,313627.71718367
2021-10-16 16:00:00,42.536,43.289,42.329,42.585,445303.38478971
2021-10-16 17:00:00,42.584,42.584,41.518,42.083,654657.03990831
2021-10-16 18:00:00,42.082,42.138,41.718,41.832,367051.59339618
2021-10-16 19:00:00,41.821,42.038,41.56,41.581,189883.45053162
2021-10-16 20:00:00,41.585,41.976,41.208,41.885,345896.9157987
2021-10-16 21:00:00,41.882,41.891,41.414,41.417,129839.26025253
2021-10-16 22:00:00,41.416,42.04,41.349,41.89,198860.19191738
2021-10-16 23:00:00,41.907,42.227,41.652,41.764,254354.59285147
2021-10-17 00:00:00,41.774,41.849,41.137,41.739,358485.43934988
2021-10-17 01:00:00,41.757,42.311,41.679,42.136,404232.27669265
2021-10-17 02:00:00,42.14,42.687,42.031,42.351,282776.42458238
2021-10-17 03:00:00,42.358,42.745,42.193,42.732,333374.52710049
2021-10-17 04:00:00,42.733,42.906,42.391,42.596,360801.14120646
2021-10-17 05:00:00,42.603,42.863,42.447,42.501,338831.40264251
2021-10-17 06:00:00,42.511,42.747,42.419,42.419,258447.36543731
2021-10-17 07:00:00,42.421,42.81,42.265,42.275,278228.43784696
2021-10-17 08:00:00,42.277,42.547,42.136,42.177,328808.03551058
2021-10-17 09:00:00,42.171,42.449,42.079,42.245,314942.39981693
2021-10-17 10:00:00,42.238,42.406,42.102,42.253,308405.37928366
2021-10-17 11:00:00,42.248,42.471,41.862,41.889,351472.63336676
2021-10-17 12:00:00,41.889,41.992,41.6,41.873,323256.19492366
2021-10-17 13:00:00,41.875,42.655,41.751,42.626,337900.34584931
2021-10-17 14:00:00,42.63,42.678,41.718,41.884,329689.85132668
2021-10-17 15:00:00,41.886,42.004,40.988,41.23,595523.90278866
2021-10-17 16:00:00,41.229,41.562,41.181,41.508,305178.57406287
2021-10-17 17:00:00,41.507,41.661,41.336,41.341,131763.495058
2021-10-17 18:00:00,41.352,42.028,41.313,41.807,188243.94905911
2021-10-17 19:00:00,41.813,41.824,41.138,41.389,209706.53266543
2021-10-17 20:00:00,41.389,41.389,39.5,40.376,1082644.33946309
2021-10-17 21:00:00,40.375,41.399,40.235,41.399,344801.76288575
2021-10-17 22:00:00,41.399,42.3,41.379,41.801,672693.044371
2021-10-17 23:00:00,41.787,42.208,41.711,42.162,435701.39822909
2021-10-18 00:00:00,42.149,42.728,42.114,42.56,592057.06957187
2021-10-18 01:00:00,42.563,43.266,42.329,42.704,645633.81559259
2021-10-18 02:00:00,42.711,43.146,42.685,42.898,366618.54291302
2021-10-18 03:00:00,42.899,42.986,42.323,42.549,263020.34510038
2021-10-18 04:00:00,42.562,42.6,42.269,42.585,282729.76873576
2021-10-18 05:00:00,42.576,42.721,42.375,42.565,152194.22410864
2021-10-18 06:00:00,42.554,42.685,42.342,42.643,131271.19183873
2021-10-18 07:00:00,42.637,43.008,42.515,42.576,422899.42056882
2021-10-18 08:00:00,42.58,43.125,42.423,42.798,497089.24953174
2021-10-18 09:00:00,42.805,42.805,41.439,41.812,498869.30197221
2021-10-18 10:00:00,41.81,42.162,41.271,42.002,525804.4113821
2021-10-18 11:00:00,41.99,42.007,41.295,41.539,388518.9345374
2021-10-18 12:00:00,41.536,41.872,41.153,41.406,386295.24027797
2021-10-18 13:00:00,41.4,41.905,40.719,41.711,650716.73171519
2021-10-18 14:00:00,41.715,42.015,41.101,41.384,547080.92353484
2021-10-18 15:00:00,41.394,41.413,40.851,41.19,369556.87302513
2021-10-18 16:00:00,41.191,41.309,40.501,40.752,350493.75430752
2021-10-18 17:00:00,40.764,40.886,40.396,40.462,230662.16547025
2021-10-18 18:00:00,40.463,40.869,40.319,40.791,166424.38319464
2021-10-18 19:00:00,40.785,40.799,40.27,40.688,325824.51373782
2021-10-18 20:00:00,40.697,41.173,40.384,40.948,252523.70940716
2021-10-18 21:00:00,40.948,41.177,40.816,41.045,89141.43677666
2021-10-18 22:00:00,41.043,41.162,40.73,41.109,231492.15904953
2021-10-18 23:00:00,41.109,41.25,40.971,41.199,190851.33013116
2021-10-19 00:00:00,41.196,41.299,40.725,40.76,262528.47144245
2021-10-19 01:00:00,40.762,41.064,40.567,40.99,256627.76496847
2021-10-19 02:00:00,41.004,41.189,40.949,41.063,229054.13667853
2021-10-19 03:00:00,41.072,41.543,40.837,41.319,526837.70233733
2021-10-19 04:00:00,41.312,41.62,41.201,41.206,288795.49825103
2021-10-19 05:00:00,41.217,41.387,41.009,41.207,237075.77027845
2021-10-19 06:00:00,41.2,41.269,40.857,40.951,205750.83927488
2021-10-19 07:00:00,40.953,41.258,40.864,41.141,111467.41433739
2021-10-19 08:00:00,41.142,41.149,40.718,41.074,192865.38190022
2021-10-19 09:00:00,41.081,41.263,40.801,41.179,231435.59059165
2021-10-19 10:00:00,41.181,41.254,41.0,41.087,158430.76751366
2021-10-19 11:00:00,41.091,41.152,40.947,41.019,111740.80527756
2021-10-19 12:00:00,41.019,41.179,40.882,40.991,189842.06973625
2021-10-19 13:00:00,40.991,41.255,40.709,40.765,458849.04138277
2021-10-19 14:00:00,40.751,40.789,40.0,40.625,654433.04831869
2021-10-19 15:00:00,40.631,40.7,40.209,40.229,269414.96335973
2021-10-19 16:00:00,40.24,40.532,40.214,40.491,186745.64589741
2021-10-19 17:00:00,40.496,41.74,40.45,41.31,363709.40343862
2021-10-19 18:00:00,41.3,41.499,41.083,41.229,230678.09020563
2021-10-19 19:00:00,41.227,41.363,40.74,40.8,335257.25131541
2021-10-19 20:00:00,40.787,40.921,40.653,40.771,138852.11566238
2021-10-19 21:00:00,40.779,41.12,40.676,41.081,150475.65786069
2021-10-19 22:00:00,41.072,41.602,41.055,41.504,382292.33646922
2021-10-19 23:00:00,41.505,41.604,41.3,41.392,204918.77931527
2021-10-20 00:00:00,41.385,41.501,41.115,41.332,199517.65115678
2021-10-20 01:00:00,41.329,42.019,41.169,41.542,442731.87521332
2021-10-20 02:00:00,41.542,41.703,41.3,41.384,226371.7708989
2021-10-20 03:00:00,41.384,41.577,41.242,41.246,229677.6252933
2021-10-20 04:00:00,41.246,41.418,41.214,41.418,141396.29001781
2021-10-20 05:00:00,41.419,41.68,41.236,41.399,218772.18927502
2021-10-20 06:00:00,41.398,41.568,41.273,41.314,169461.41421158
2021-10-20 07:00:00,41.315,41.66,41.297,41.588,155742.17943433
2021-10-20 08:00:00,41.584,41.708,41.484,41.533,198879.38659628
2021-10-20 09:00:00,41.539,41.625,41.301,41.32,247083.07379428
2021-10-20 10:00:00,41.31,41.376,41.167,41.207,189567.35678944
2021-10-20 11:00:00,41.206,41.357,41.128,41.35,124850.60858381
2021-10-20 12:00:00,41.35,42.107,41.325,42.107,503565.468642
2021-10-20 13:00:00,42.109,42.467,41.787,42.344,905072.2880665
2021-10-20 14:00:00,42.341,43.2,42.243,42.859,1061946.54812598
2021-10-20 15:00:00,42.859,44.035,42.527,43.968,1043078.2928686
2021-10-20 16:00:00,43.967,44.983,43.833,44.421,1369046.38149738
2021-10-20 17:00:00,44.421,44.792,44.015,44.464,579988.21059114
2021-10-20 18:00:00,44.461,44.909,44.4,44.53,337165.68723455
2021-10-20 19:00:00,44.529,45.304,44.529,44.914,523108.99401275
2021-10-20 20:00:00,44.911,45.01,44.348,44.635,425405.94848124
2021-10-20 21:00:00,44.635,44.659,44.214,44.382,120205.84692323
2021-10-20 22:00:00,44.366,44.537,44.176,44.335,191698.15604763
2021-10-20 23:00:00,44.335,44.664,44.312,44.459,288883.16664857
2021-10-21 00:00:00,44.457,45.54,44.215,45.195,390600.5188471
2021-10-21 01:00:00,45.188,45.617,44.21,44.588,621170.14646705
2021-10-21 02:00:00,44.596,44.86,43.121,44.045,1011697.43925664
2021-10-21 03:00:00,44.043,44.095,43.418,44.017,497174.30258169
2021-10-21 04:00:00,44.023,44.159,43.672,44.051,271318.08707015
2021-10-21 05:00:00,44.057,44.228,43.75,43.765,246030.25653913
2021-10-21 06:00:00,43.761,44.238,43.524,43.81,483527.07157152
2021-10-21 07:00:00,43.813,44.043,43.57,43.945,199201.8376626
2021-10-21 08:00:00,43.944,44.612,43.914,44.253,518318.09106237
2021-10-21 09:00:00,44.262,44.853,44.201,44.809,353617.42698855
2021-10-21 10:00:00,44.808,44.834,44.202,44.586,464518.86838066
2021-10-21 11:00:00,44.614,44.97,43.302,43.63,838751.70187032
2021-10-21 12:00:00,43.631,43.991,42.911,43.952,550689.78009807
2021-10-21 13:00:00,43.951,44.409,43.734,43.926,458654.20323966
2021-10-21 14:00:00,43.926,44.313,42.655,42.81,837437.22543751
2021-10-21 15:00:00,42.811,43.152,41.98,42.75,930346.81494868
2021-10-21 16:00:00,42.737,43.342,42.448,42.552,565942.79786833
2021-10-21 17:00:00,42.544,43.127,42.356,42.533,336311.41054609
2021-10-21 18:00:00,42.534,43.179,42.534,42.866,221118.85293217
2021-10-21 19:00:00,42.873,43.348,42.743,42.911,302152.76291109
2021-10-21 20:00:00,42.911,42.98,42.568,42.757,170977.04603933
2021-10-21 21:00:00,42.763,43.449,42.748,42.882,180140.68617567
2021-10-21 22:00:00,42.878,43.366,42.671,42.709,199652.03942713
2021-10-21 23:00:00,42.716,43.345,42.633,42.846,372811.02496544
2021-10-22 00:00:00,42.846,43.75,42.702,43.539,780686.7834905
2021-10-22 01:00:00,43.547,43.897,43.441,43.512,312287.76675444
2021-10-22 02:00:00,43.507,43.959,43.461,43.781,256629.14475451
2021-10-22 03:00:00,43.782,45.485,43.782,45.09,694426.37826956
2021-10-22 04:00:00,45.091,45.497,44.63,45.084,475699.63634787
2021-10-22 05:00:00,45.079,45.385,44.823,45.226,360919.48814894
2021-10-22 06:00:00,45.221,45.757,44.9,44.948,583577.28008686
2021-10-22 07:00:00,44.948,45.288,44.748,45.259,290936.89412489
2021-10-22 08:00:00,45.262,45.819,45.056,45.63,323737.31124873
2021-10-22 09:00:00,45.63,45.712,45.12,45.378,322801.65177732
2021-10-22 10:00:00,45.377,45.541,44.923,45.372,284122.51928735
2021-10-22 11:00:00,45.375,46.433,45.256,46.183,629693.34647726
2021-10-22 12:00:00,46.188,46.261,45.507,45.656,460684.80177428
2021-10-22 13:00:00,45.662,45.911,44.9,44.972,760931.53519351
2021-10-22 14:00:00,44.971,45.038,43.874,44.939,1148676.75712163
2021-10-22 15:00:00,44.945,45.345,44.313,44.352,697362.80724466
2021-10-22 16:00:00,44.352,44.526,43.299,44.231,811992.92182181
2021-10-22 17:00:00,44.225,44.355,43.753,43.785,271024.6970176
2021-10-22 18:00:00,43.767,44.073,43.15,43.374,983051.69619457
2021-10-22 19:00:00,43.377,43.612,42.967,43.553,373296.23884219
2021-10-22 20:00:00,43.556,43.892,43.394,43.704,198579.09527589
2021-10-22 21:00:00,43.699,43.872,43.021,43.094,157684.95226782
2021-10-22 22:00:00,43.105,43.763,43.04,43.682,222358.41125577
2021-10-22 23:00:00,43.682,43.858,43.482,43.547,129584.86828662
2021-10-23 00:00:00,43.539,44.2,43.192,44.199,236356.1764994
2021-10-23 01:00:00,44.2,44.2,43.852,44.142,143656.53063979
2021-10-23 02:00:00,44.142,44.36,44.057,44.138,238501.24521341
2021-10-23 03:00:00,44.14,44.588,44.14,44.533,289388.69720968
2021-10-23 04:00:00,44.541,44.802,44.315,44.443,234845.19213756
2021-10-23 05:00:00,44.443,44.551,43.964,44.049,279271.85160819
2021-10-23 06:00:00,44.036,44.516,43.93,44.485,159687.84854349
2021-10-23 07:00:00,44.485,44.523,44.061,44.296,175527.46533141
2021-10-23 08:00:00,44.296,44.777,44.287,44.461,216523.84697939
2021-10-23 09:00:00,44.461,44.615,43.924,44.206,285455.27051078
2021-10-23 10:00:00,44.21,44.386,43.401,43.417,265449.15295241
2021-10-23 11:00:00,43.416,44.41,43.11,44.309,603067.085811
2021-10-23 12:00:00,44.322,44.343,44.116,44.164,133176.83994832
2021-10-23 13:00:00,44.169,44.169,43.761,43.811,184454.11385038
2021-10-23 14:00:00,43.815,44.131,43.704,43.865,113118.25803568
2021-10-23 15:00:00,43.853,44.3,43.586,44.043,284121.12928853
2021-10-23 16:00:00,44.048,44.245,43.608,43.708,185903.37484156
2021-10-23 17:00:00,43.703,43.925,43.605,43.637,125601.22676937
2021-10-23 18:00:00,43.64,43.699,43.264,43.408,193014.1756665
2021-10-23 19:00:00,43.404,43.419,43.155,43.192,79825.31545982
2021-10-23 20:00:00,43.192,43.464,43.12,43.438,72275.91083699
2021-10-23 21:00:00,43.443,43.727,43.273,43.593,63187.02312405
2021-10-23 22:00:00,43.592,43.925,43.52,43.716,114915.07732007
2021-10-23 23:00:00,43.711,44.04,43.54,43.967,161633.89267386
2021-10-24 00:00:00,43.965,44.194,43.791,43.895,211252.42959657
2021-10-24 01:00:00,43.888,44.115,43.803,43.97,135465.68953699
2021-10-24 02:00:00,43.96,44.12,43.765,43.91,192993.55680428
2021-10-24 03:00:00,43.906,43.96,43.721,43.745,81782.38199918
2021-10-24 04:00:00,43.745,43.77,43.47,43.5,119946.25920372
2021-10-24 05:00:00,43.499,43.71,43.475,43.479,111911.13770411
2021-10-24 06:00:00,43.48,43.574,43.266,43.431,121587.26695442
2021-10-24 07:00:00,43.44,44.086,43.339,43.966,160558.76394397
2021-10-24 08:00:00,43.977,44.065,43.359,43.37,341791.90186934
2021-10-24 09:00:00,43.375,43.811,43.3,43.425,174205.95597786
2021-10-24 10:00:00,43.429,43.704,43.423,43.5,77695.78537389
2021-10-24 11:00:00,43.498,43.532,42.451,42.561,504022.76408155
2021-10-24 12:00:00,42.56,42.885,42.1,42.493,657725.27619179
2021-10-24 13:00:00,42.492,42.827,42.41,42.518,299671.99566273
2021-10-24 14:00:00,42.517,42.597,42.15,42.217,221807.26953877
2021-10-24 15:00:00,42.221,42.34,41.6,41.762,740376.48909176
2021-10-24 16:00:00,41.762,42.233,41.231,42.186,501580.33637684
2021-10-24 17:00:00,42.185,42.38,41.971,42.12,156322.86099545
2021-10-24 18:00:00,42.119,42.119,41.34,41.626,249787.21308176
2021-10-24 19:00:00,41.622,42.189,41.593,42.136,220137.69243602
2021-10-24 20:00:00,42.135,42.65,42.052,42.626,234792.65876372
2021-10-24 21:00:00,42.631,42.781,42.451,42.545,201676.42910763
2021-10-24 22:00:00,42.555,42.807,42.459,42.558,184849.54430742
2021-10-24 23:00:00,42.564,42.654,42.207,42.338,237000.02300802
2021-10-25 00:00:00,42.335,42.935,42.159,42.934,314241.85184825
2021-10-25 01:00:00,42.935,43.249,42.773,43.037,347494.09561553
2021-10-25 02:00:00,43.038,43.394,42.888,43.382,204928.8947034
2021-10-25 03:00:00,43.382,43.782,43.232,43.329,395264.30235847
2021-10-25 04:00:00,43.329,43.611,43.206,43.477,209953.00901721
2021-10-25 05:00:00,43.473,43.67,43.309,43.644,176704.57212886
2021-10-25 06:00:00,43.644,43.879,43.358,43.493,344846.9334226
2021-10-25 07:00:00,43.493,43.917,43.371,43.59,286587.53246268
2021-10-25 08:00:00,43.59,43.998,43.59,43.821,289323.42947878
2021-10-25 09:00:00,43.821,43.991,43.525,43.724,246792.35009991
2021-10-25 10:00:00,43.725,43.748,43.334,43.646,258403.74091735
2021-10-25 11:00:00,43.641,43.733,43.457,43.598,137585.33571882
2021-10-25 12:00:00,43.598,43.683,43.369,43.466,138322.79551646
2021-10-25 13:00:00,43.47,43.762,43.369,43.725,236784.64287806
2021-10-25 14:00:00,43.722,43.808,43.442,43.624,138967.45156141
2021-10-25 15:00:00,43.624,43.854,43.41,43.779,205053.68556546
2021-10-25 16:00:00,43.776,43.85,43.616,43.64,192225.56587237
2021-10-25 17:00:00,43.632,44.556,43.537,44.127,498090.49796962
2021-10-25 18:00:00,44.142,44.763,43.861,44.747,301925.43713013
2021-10-25 19:00:00,44.744,44.744,44.073,44.328,165256.80888322
2021-10-25 20:00:00,44.333,44.596,44.251,44.427,179060.72324241
2021-10-25 21:00:00,44.42,44.699,44.299,44.519,107006.8572361
2021-10-25 22:00:00,44.524,44.811,44.303,44.621,153233.81132078
2021-10-25 23:00:00,44.621,44.64,44.364,44.57,109889.72419165
2021-10-26 00:00:00,44.574,44.61,44.184,44.378,176088.67334813
2021-10-26 01:00:00,44.38,44.38,43.782,43.857,277803.48955747
2021-10-26 02:00:00,43.857,44.39,43.855,44.314,174023.05200352
2021-10-26 03:00:00,44.313,44.319,43.936,44.035,186349.54448481
2021-10-26 04:00:00,44.035,44.289,43.686,43.988,360538.88935704
2021-10-26 05:00:00,43.986,44.133,43.897,43.926,97408.50735259
2021-10-26 06:00:00,43.926,43.974,43.665,43.776,134713.40414371
2021-10-26 07:00:00,43.777,43.839,43.607,43.759,134488.9096293
2021-10-26 08:00:00,43.758,44.214,43.75,44.042,193602.19661021
2021-10-26 09:00:00,44.042,44.092,43.76,43.833,121548.23191564
2021-10-26 10:00:00,43.834,44.151,43.756,44.132,128672.90856565
2021-10-26 11:00:00,44.129,44.146,43.833,43.947,121889.72062268
2021-10-26 12:00:00,43.947,44.182,43.75,43.908,165334.85062601
2021-10-26 13:00:00,43.905,44.303,43.789,44.092,200842.67013985
2021-10-26 14:00:00,44.103,44.106,43.155,43.593,510222.16915167
2021-10-26 15:00:00,43.594,43.994,43.482,43.888,296459.71306444
2021-10-26 16:00:00,43.885,44.078,43.542,43.878,302648.93105564
2021-10-26 17:00:00,43.88,44.745,43.781,44.649,394772.13240493
2021-10-26 18:00:00,44.65,44.968,44.282,44.471,303310.65124312
2021-10-26 19:00:00,44.471,44.849,44.416,44.583,315516.60092714
2021-10-26 20:00:00,44.588,45.777,44.57,45.771,471211.47527025
2021-10-26 21:00:00,45.777,46.029,44.762,44.998,509768.27901475
2021-10-26 22:00:00,44.998,45.276,43.7,44.39,929368.87385149
2021-10-26 23:00:00,44.39,45.292,44.102,44.974,456717.11612985
2021-10-27 00:00:00,44.981,45.213,44.541,44.641,334717.00429429
2021-10-27 01:00:00,44.647,45.03,44.54,44.607,204993.10386316
2021-10-27 02:00:00,44.602,44.825,44.356,44.642,425311.94888
2021-10-27 03:00:00,44.642,45.17,44.622,44.899,244578.2159894
2021-10-27 04:00:00,44.9,45.473,44.757,45.336,539772.44532739
2021-10-27 05:00:00,45.315,45.828,45.22,45.388,372941.97376691
2021-10-27 06:00:00,45.393,45.549,44.456,44.481,415676.56083271
2021-10-27 07:00:00,44.48,44.488,43.228,43.238,823544.8891395
2021-10-27 08:00:00,43.242,43.253,37.549,42.03,3759488.23745343
2021-10-27 09:00:00,42.024,42.192,40.764,41.831,1240600.51757437
2021-10-27 10:00:00,41.835,42.298,41.203,42.068,827511.3232938
2021-10-27 11:00:00,42.071,42.777,41.605,41.743,742404.39961959
2021-10-27 12:00:00,41.735,42.158,41.391,42.109,503475.95503646
2021-10-27 13:00:00,42.09,42.347,41.614,41.683,346326.81197804
2021-10-27 14:00:00,41.672,42.317,41.364,41.869,506192.27454224
2021-10-27 15:00:00,41.87,42.151,41.4,41.542,423086.64663916
2021-10-27 16:00:00,41.526,41.742,40.942,41.385,564320.95993895
2021-10-27 17:00:00,41.371,41.733,40.883,40.963,355807.25340009
2021-10-27 18:00:00,40.964,41.39,40.661,40.695,523845.0833555
2021-10-27 19:00:00,40.703,41.038,40.059,41.0,681027.24556402
2021-10-27 20:00:00,41.02,41.254,40.059,40.612,450874.41012888
2021-10-27 21:00:00,40.612,41.226,40.605,41.083,120522.4840729
2021-10-27 22:00:00,41.099,41.373,40.801,41.238,182386.6142742
2021-10-27 23:00:00,41.246,41.426,40.335,40.47,306809.7018223
2021-10-28 00:00:00,40.492,41.268,40.009,40.027,609408.17211274
2021-10-28 01:00:00,40.025,40.909,39.825,40.755,596930.53583349
2021-10-28 02:00:00,40.765,40.786,40.361,40.716,193390.7969115
2021-10-28 03:00:00,40.721,41.207,40.721,41.03,198223.65575833
2021-10-28 04:00:00,41.031,41.678,40.921,41.009,411758.13682843
2021-10-28 05:00:00,40.974,41.425,40.862,41.122,283969.78819016
2021-10-28 06:00:00,41.101,41.259,40.15,41.238,571707.91187998
2021-10-28 07:00:00,41.237,41.576,41.025,41.237,333097.06200099
2021-10-28 08:00:00,41.244,43.029,41.241,43.021,654356.56662987
2021-10-28 09:00:00,43.018,43.091,42.371,43.047,478976.7456021
2021-10-28 10:00:00,43.045,43.153,42.74,42.889,266208.90312448
2021-10-28 11:00:00,42.883,42.98,42.3,42.43,312918.80996688
2021-10-28 12:00:00,42.437,42.817,42.31,42.773,190500.94835964
2021-10-28 13:00:00,42.773,42.952,42.52,42.875,263373.31270127
2021-10-28 14:00:00,42.875,42.89,42.419,42.86,256717.24393893
2021-10-28 15:00:00,42.861,42.879,42.441,42.532,204022.54855425
2021-10-28 16:00:00,42.522,42.937,42.436,42.553,224587.53117513
2021-10-28 17:00:00,42.554,42.827,42.445,42.679,255534.77353704
2021-10-28 18:00:00,42.686,42.698,41.349,41.953,890976.43643153
2021-10-28 19:00:00,41.949,42.796,41.561,42.673,351750.52613757
2021-10-28 20:00:00,42.668,43.1,42.354,42.439,433121.72414118
2021-10-28 21:00:00,42.441,42.543,41.978,42.016,230872.82850882
2021-10-28 22:00:00,42.029,42.441,41.971,42.163,216213.42477304
2021-10-28 23:00:00,42.19,42.42,41.779,41.851,304050.99060399
2021-10-29 00:00:00,41.852,42.551,41.563,42.448,474310.67330382
2021-10-29 01:00:00,42.433,43.574,42.351,43.049,658485.54547469
2021-10-29 02:00:00,43.039,43.408,43.017,43.191,267705.53053881
2021-10-29 03:00:00,43.205,43.816,43.191,43.585,469892.03194911
2021-10-29 04:00:00,43.575,43.778,43.246,43.259,278482.73236693
2021-10-29 05:00:00,43.26,43.46,42.714,42.929,399065.24715982
2021-10-29 06:00:00,42.95,43.203,42.767,42.976,268316.6825355
2021-10-29 07:00:00,42.968,43.064,42.542,42.58,241159.10058444
2021-10-29 08:00:00,42.585,43.174,42.38,43.122,294413.62283607
2021-10-29 09:00:00,43.122,43.215,42.78,42.866,147450.21988233
2021-10-29 10:00:00,42.856,43.009,42.442,42.703,324783.83464956
2021-10-29 11:00:00,42.7,43.059,42.406,42.711,333716.83296784
2021-10-29 12:00:00,42.712,42.847,42.375,42.461,318811.34890663
2021-10-29 13:00:00,42.471,42.8,42.301,42.764,222761.67794268
2021-10-29 14:00:00,42.757,42.791,42.395,42.469,208213.89990234
2021-10-29 15:00:00,42.453,43.44,42.414,43.355,402290.33362628
2021-10-29 16:00:00,43.365,43.788,43.353,43.723,493433.60969017
2021-10-29 17:00:00,43.705,44.326,43.572,44.319,246887.83545773
2021-10-29 18:00:00,44.31,44.37,43.919,44.184,297924.26214798
2021-10-29 19:00:00,44.199,44.372,43.849,44.123,199907.93885144
2021-10-29 20:00:00,44.135,44.273,44.01,44.213,107073.53904182
2021-10-29 21:00:00,44.2,44.38,44.132,44.38,94507.6953544
2021-10-29 22:00:00,44.38,44.414,44.03,44.179,187234.98834418
2021-10-29 23:00:00,44.184,44.226,43.9,44.222,217343.65276471
2021-10-30 00:00:00,44.223,44.346,43.627,43.745,303299.01396889
2021-10-30 01:00:00,43.746,44.011,43.521,43.602,156577.03378692
2021-10-30 02:00:00,43.6,43.709,43.372,43.485,173879.19011026
2021-10-30 03:00:00,43.476,43.584,43.1,43.194,200910.867065
2021-10-30 04:00:00,43.194,43.456,42.98,43.037,178114.70611291
2021-10-30 05:00:00,43.035,43.277,42.954,43.269,149480.27957922
2021-10-30 06:00:00,43.271,43.388,43.033,43.308,138034.11875884
2021-10-30 07:00:00,43.308,43.491,43.209,43.321,110316.73373249
2021-10-30 08:00:00,43.323,43.399,42.754,42.946,258475.18003579
2021-10-30 09:00:00,42.96,43.269,42.789,43.04,138987.185615
2021-10-30 10:00:00,43.04,43.514,42.961,43.434,213203.57378633
2021-10-30 11:00:00,43.447,43.626,43.281,43.486,123875.50679995
2021-10-30 12:00:00,43.485,43.501,43.187,43.283,140270.00342398
2021-10-30 13:00:00,43.283,43.45,42.884,43.117,280141.67303134
2021-10-30 14:00:00,43.112,43.141,42.377,42.771,467804.13387786
2021-10-30 15:00:00,42.763,43.104,42.614,43.103,192346.34295007
2021-10-30 16:00:00,43.103,43.129,42.661,42.813,185784.90755341
2021-10-30 17:00:00,42.823,43.05,42.727,42.894,197976.44301057
2021-10-30 18:00:00,42.899,43.258,42.891,43.207,107369.53471201
2021-10-30 19:00:00,43.202,43.365,43.167,43.339,76666.12538154
2021-10-30 20:00:00,43.34,43.457,43.077,43.126,108898.15629722
2021-10-30 21:00:00,43.103,43.116,42.786,42.859,66939.87130086
2021-10-30 22:00:00,42.853,42.973,42.136,42.552,263753.99292744
2021-10-30 23:00:00,42.55,42.881,42.431,42.787,152471.72165834
2021-10-31 00:00:00,42.796,43.441,42.611,43.235,271074.74561387
2021-10-31 01:00:00,43.235,43.288,42.644,42.701,134158.94583795
2021-10-31 02:00:00,42.708,42.888,42.326,42.447,336172.83060591
2021-10-31 03:00:00,42.436,42.506,41.931,42.183,213646.09990898
2021-10-31 04:00:00,42.192,42.277,41.818,41.865,239082.52209476
2021-10-31 05:00:00,41.865,42.108,41.68,41.905,239610.67324777
2021-10-31 06:00:00,41.904,41.941,41.23,41.735,314989.90303693
2021-10-31 07:00:00,41.743,42.064,41.644,42.063,150573.04166705
2021-10-31 08:00:00,42.063,42.063,41.439,41.694,262859.95529382
2021-10-31 09:00:00,41.695,41.95,41.521,41.849,130008.04697262
2021-10-31 10:00:00,41.844,42.053,41.383,41.767,289389.18036402
2021-10-31 11:00:00,41.76,41.926,41.388,41.53,216766.35166012
2021-10-31 12:00:00,41.534,41.84,41.189,41.455,311785.48203697
2021-10-31 13:00:00,41.445,41.719,41.053,41.531,279222.40001221
2021-10-31 14:00:00,41.524,41.894,41.254,41.646,268791.41620744
2021-10-31 15:00:00,41.655,42.361,41.53,42.206,308443.43732857
2021-10-31 16:00:00,42.205,42.397,41.876,42.264,204560.47282881
2021-10-31 17:00:00,42.264,42.587,42.131,42.404,170500.61178727
2021-10-31 18:00:00,42.404,42.554,42.122,42.443,147465.3458664
2021-10-31 19:00:00,42.461,42.57,42.231,42.395,82268.00418313
2021-10-31 20:00:00,42.4,42.65,42.169,42.602,112921.30952807
2021-10-31 21:00:00,42.603,43.135,42.603,43.097,120402.87619452
2021-10-31 22:00:00,43.098,43.135,42.853,42.991,147228.50110122
2021-10-31 23:00:00,42.992,43.128,42.75,42.812,120414.49954608
2021-11-01 00:00:00,42.812,43.451,42.558,43.44,284370.36620807
2021-11-01 01:00:00,43.427,43.56,43.119,43.157,213577.35908651
2021-11-01 02:00:00,43.157,43.414,42.216,42.701,546285.36538128
2021-11-01 03:00:00,42.704,42.795,42.043,42.211,271456.06845792
2021-11-01 04:00:00,42.226,42.593,41.768,42.33,322207.72727241
2021-11-01 05:00:00,42.33,42.755,42.319,42.574,160746.01826031
2021-11-01 06:00:00,42.574,42.956,42.349,42.95,162880.98674326
2021-11-01 07:00:00,42.95,43.562,42.932,43.543,426023.12591263
2021-11-01 08:00:00,43.543,43.898,43.358,43.474,382958.48639747
2021-11-01 09:00:00,43.485,44.658,43.48,44.2,580887.80644825
2021-11-01 10:00:00,44.201,45.0,44.201,44.888,424849.53852433
2021-11-01 11:00:00,44.873,45.17,44.622,44.908,417181.68130755
2021-11-01 12:00:00,44.908,45.5,44.78,45.43,448301.23679673
2021-11-01 13:00:00,45.431,48.245,45.2,47.943,1252588.10442976
2021-11-01 14:00:00,47.952,49.05,47.205,47.623,1560023.29709
2021-11-01 15:00:00,47.633,49.075,47.626,48.879,794826.9166879
2021-11-01 16:00:00,48.871,49.45,47.87,48.093,966589.81064056
2021-11-01 17:00:00,48.095,49.022,47.77,48.593,674739.5785956
2021-11-01 18:00:00,48.584,48.859,48.117,48.439,327972.12404227
2021-11-01 19:00:00,48.439,49.627,48.191,49.189,748160.70267038
2021-11-01 20:00:00,49.181,51.639,48.83,51.241,1414280.27645785
2021-11-01 21:00:00,51.254,51.343,49.776,50.107,587724.72401932
2021-11-01 22:00:00,50.107,50.464,49.545,49.704,376724.28541521
2021-11-01 23:00:00,49.707,50.809,49.69,50.036,454037.24264263
2021-11-02 00:00:00,50.04,50.107,48.5,48.876,783989.9837204
2021-11-02 01:00:00,48.887,49.633,48.649,48.9,469687.98820343
2021-11-02 02:00:00,48.903,49.314,48.686,49.078,227595.55670192
2021-11-02 03:00:00,49.079,49.74,48.927,49.465,317226.68670566
2021-11-02 04:00:00,49.46,49.946,49.189,49.277,307707.00208112
2021-11-02 05:00:00,49.277,49.278,48.512,48.715,325857.10061235
2021-11-02 06:00:00,48.715,48.938,48.403,48.794,250671.41004514
2021-11-02 07:00:00,48.805,48.849,48.111,48.297,289507.56054407
2021-11-02 08:00:00,48.298,49.401,48.241,49.265,328498.46243207
2021-11-02 09:00:00,49.259,49.84,48.617,49.732,736185.9178762
2021-11-02 10:00:00,49.732,53.024,49.522,52.838,1906750.56595183
2021-11-02 11:00:00,52.837,53.458,51.813,52.126,1293829.17682773
2021-11-02 12:00:00,52.121,52.884,51.918,52.019,502543.02609161
2021-11-02 13:00:00,52.019,52.558,51.22,51.993,658362.43166445
2021-11-02 14:00:00,51.975,52.223,50.772,51.07,646157.86231193
2021-11-02 15:00:00,51.09,52.472,51.066,51.449,706207.81038321
2021-11-02 16:00:00,51.446,52.393,51.172,51.248,459841.4497331
2021-11-02 17:00:00,51.257,52.05,51.201,51.81,254340.79159227
2021-11-02 18:00:00,51.81,52.362,51.685,51.806,314900.22162458
2021-11-02 19:00:00,51.816,52.648,51.552,52.36,280352.54864829
2021-11-02 20:00:00,52.373,52.422,51.228,51.252,373241.06615068
2021-11-02 21:00:00,51.266,51.779,51.191,51.608,107109.45608219
2021-11-02 22:00:00,51.635,52.152,51.44,51.783,192055.06934012
2021-11-02 23:00:00,51.784,52.228,50.884,51.756,544006.4909505
2021-11-03 00:00:00,51.753,51.876,50.765,50.775,328302.84754134
2021-11-03 01:00:00,50.781,50.878,49.851,50.35,541171.9973043
2021-11-03 02:00:00,50.35,50.888,50.043,50.875,285860.19473437
2021-11-03 03:00:00,50.875,50.877,50.419,50.66,298972.92325276
2021-11-03 04:00:00,50.671,50.736,49.836,49.898,345173.74205134
2021-11-03 05:00:00,49.89,50.445,49.664,50.163,403800.28750256
2021-11-03 06:00:00,50.166,51.885,50.101,51.127,493828.60002146
2021-11-03 07:00:00,51.109,51.469,50.933,51.469,261525.20707011
2021-11-03 08:00:00,51.469,51.676,51.03,51.199,257093.96739499
2021-11-03 09:00:00,51.2,52.068,51.121,51.937,326342.02990424
2021-11-03 10:00:00,51.926,52.588,51.631,51.642,408934.22749325
2021-11-03 11:00:00,51.652,51.822,51.125,51.312,283063.50313919
2021-11-03 12:00:00,51.311,51.615,49.788,50.214,796758.24526084
2021-11-03 13:00:00,50.238,50.871,49.079,49.708,748853.64241951
2021-11-03 14:00:00,49.705,50.622,49.16,50.467,521329.27235191
2021-11-03 15:00:00,50.466,53.54,50.189,53.419,1333224.64849016
2021-11-03 16:00:00,53.426,53.63,52.158,52.503,1095680.2124994
2021-11-03 17:00:00,52.482,53.255,52.411,53.052,571167.6914663
2021-11-03 18:00:00,53.052,54.464,52.11,54.147,1232231.4395903
2021-11-03 19:00:00,54.132,54.647,53.725,54.211,560034.94719828
2021-11-03 20:00:00,54.205,54.308,53.636,53.98,189288.92640218
2021-11-03 21:00:00,53.965,54.41,53.773,54.074,141663.47316828
2021-11-03 22:00:00,54.069,54.088,53.173,53.354,257614.520499
2021-11-03 23:00:00,53.354,53.574,53.164,53.421,170435.56741003
2021-11-04 00:00:00,53.421,53.475,52.264,52.666,379184.31856832
2021-11-04 01:00:00,52.661,52.91,52.395,52.71,188957.5595887
2021-11-04 02:00:00,52.711,53.411,52.689,53.096,203710.01707564
2021-11-04 03:00:00,53.108,53.406,52.828,53.346,145727.37524505
2021-11-04 04:00:00,53.325,53.688,53.151,53.685,190638.4615501
2021-11-04 05:00:00,53.672,53.68,53.157,53.268,181259.82005343
2021-11-04 06:00:00,53.268,53.642,53.206,53.579,196352.23161711
2021-11-04 07:00:00,53.596,53.661,52.419,52.638,370004.75296341
2021-11-04 08:00:00,52.667,53.453,52.615,52.723,410943.70840316
2021-11-04 09:00:00,52.733,53.241,52.525,53.058,311950.31475283
2021-11-04 10:00:00,53.04,53.17,52.674,53.101,211532.15152348
2021-11-04 11:00:00,53.102,53.309,52.3,52.495,369412.20955459
2021-11-04 12:00:00,52.487,53.326,52.344,53.281,282939.74571019
2021-11-04 13:00:00,53.281,55.216,53.272,55.139,1087287.70042426
2021-11-04 14:00:00,55.121,55.183,53.882,53.942,610240.1424274
2021-11-04 15:00:00,53.941,54.163,52.399,52.991,1132439.54224609
2021-11-04 16:00:00,52.999,54.0,52.576,53.546,571900.9465793
2021-11-04 17:00:00,53.528,53.694,52.822,52.822,337330.09082416
2021-11-04 18:00:00,52.813,53.899,52.547,53.074,395664.71700406
2021-11-04 19:00:00,53.065,53.89,53.031,53.701,184358.77609933
2021-11-04 20:00:00,53.718,54.062,53.245,53.916,204738.77211637
2021-11-04 21:00:00,53.916,54.477,53.916,54.079,179394.30303255
2021-11-04 22:00:00,54.08,54.176,53.55,53.787,177956.21865135
2021-11-04 23:00:00,53.793,54.361,53.749,53.894,220580.74590961
2021-11-05 00:00:00,53.893,53.996,52.587,52.628,301930.46520108
2021-11-05 01:00:00,52.627,53.261,52.403,53.227,321907.53189147
2021-11-05 02:00:00,53.222,53.261,52.672,52.69,171365.52612701
2021-11-05 03:00:00,52.69,53.261,52.679,52.862,217295.37230341
2021-11-05 04:00:00,52.854,52.917,52.551,52.9,159211.54790411
2021-11-05 05:00:00,52.896,52.959,52.459,52.937,219953.39064822
2021-11-05 06:00:00,52.936,53.223,52.52,52.642,346290.29507113
2021-11-05 07:00:00,52.643,52.978,52.633,52.877,155312.11623537
2021-11-05 08:00:00,52.877,52.954,52.661,52.864,115655.52910102
2021-11-05 09:00:00,52.864,52.942,52.097,52.419,275350.13292823
2021-11-05 10:00:00,52.419,52.834,51.555,51.94,534351.87489871
2021-11-05 11:00:00,51.94,52.514,51.857,51.962,279234.52780264
2021-11-05 12:00:00,51.947,52.218,51.812,51.926,187745.16120133
2021-11-05 13:00:00,51.92,52.667,51.877,52.444,216563.98538236
2021-11-05 14:00:00,52.458,52.53,50.971,51.221,425689.67985947
2021-11-05 15:00:00,51.212,51.478,50.733,50.977,469527.28383768
2021-11-05 16:00:00,50.991,51.332,50.642,51.332,290456.9289928
2021-11-05 17:00:00,51.331,51.475,51.002,51.329,200083.66972796
2021-11-05 18:00:00,51.314,51.767,51.269,51.742,148520.8144522
2021-11-05 19:00:00,51.747,51.747,51.013,51.383,103696.73869553
2021-11-05 20:00:00,51.381,51.382,50.831,50.86,127349.1161782
2021-11-05 21:00:00,50.833,51.8,50.831,51.409,89004.00895036
2021-11-05 22:00:00,51.418,52.015,51.307,51.967,110867.06678905
2021-11-05 23:00:00,51.949,52.032,51.412,51.818,180893.99910734
2021-11-06 00:00:00,51.796,52.45,51.418,52.356,403068.24866794
2021-11-06 01:00:00,52.353,52.437,51.839,52.0,173760.19331081
2021-11-06 02:00:00,52.002,52.069,50.978,51.155,289933.15088109
2021-11-06 03:00:00,51.154,51.374,50.912,51.325,173215.33636224
2021-11-06 04:00:00,51.316,51.45,50.863,51.224,238961.35895062
2021-11-06 05:00:00,51.218,51.649,51.152,51.565,94992.38685936
2021-11-06 06:00:00,51.575,51.62,51.15,51.236,120272.03446684
2021-11-06 07:00:00,51.236,51.502,50.526,50.811,236226.94167403
2021-11-06 08:00:00,50.817,51.167,50.59,50.864,192879.90269192
2021-11-06 09:00:00,50.864,51.198,50.694,50.793,124370.68505869
2021-11-06 10:00:00,50.792,50.927,49.696,49.97,436611.22621202
2021-11-06 11:00:00,49.971,50.378,49.041,49.712,556666.58968706
2021-11-06 12:00:00,49.724,49.961,49.045,49.512,418539.38049131
2021-11-06 13:00:00,49.501,50.046,49.301,49.934,214288.57563761
2021-11-06 14:00:00,49.934,50.603,49.756,50.53,269937.64960518
2021-11-06 15:00:00,50.52,50.747,50.277,50.422,166542.64014059
2021-11-06 16:00:00,50.433,50.819,50.341,50.703,143973.93946037
2021-11-06 17:00:00,50.706,51.103,50.48,50.636,194690.63194784
2021-11-06 18:00:00,50.624,50.736,50.372,50.648,120307.02488007
2021-11-06 19:00:00,50.656,51.477,50.528,51.438,144053.47900578
2021-11-06 20:00:00,51.452,51.99,51.242,51.582,265428.4559962
2021-11-06 21:00:00,51.569,52.166,51.565,51.911,156354.46425531
2021-11-06 22:00:00,51.912,52.2,51.885,51.927,125825.38668454
2021-11-06 23:00:00,51.927,52.151,51.825,52.052,127439.63126793
2021-11-07 00:00:00,52.052,52.052,51.34,51.827,214356.5092244
2021-11-07 01:00:00,51.834,52.253,51.675,51.703,284299.16194655
2021-11-07 02:00:00,51.703,52.174,51.641,52.034,97748.79493449
2021-11-07 03:00:00,52.03,52.162,51.973,52.121,91910.64391419
2021-11-07 04:00:00,52.121,52.187,51.811,51.934,117496.60318981
2021-11-07 05:00:00,51.948,51.953,51.584,51.71,117742.45547534
2021-11-07 06:00:00,51.716,52.059,51.708,51.773,150567.59951424
2021-11-07 07:00:00,51.777,52.175,51.77,51.945,136118.19646178
2021-11-07 08:00:00,51.935,53.593,51.909,53.051,780796.36890736
2021-11-07 09:00:00,53.051,53.326,52.5,53.166,275627.29811072
2021-11-07 10:00:00,53.177,53.474,52.746,52.994,286410.79894949
2021-11-07 11:00:00,52.995,53.064,52.672,53.031,145579.88613419
2021-11-07 12:00:00,53.03,53.06,52.688,52.754,145468.67897971
2021-11-07 13:00:00,52.763,53.393,52.596,53.281,294978.3013765
2021-11-07 14:00:00,53.272,53.526,53.062,53.209,253144.89245666
2021-11-07 15:00:00,53.204,53.413,52.9,53.047,149750.36466289
2021-11-07 16:00:00,53.048,53.155,52.45,52.673,208682.3682535
2021-11-07 17:00:00,52.684,52.847,52.318,52.341,170575.01389804
2021-11-07 18:00:00,52.342,52.569,52.175,52.28,196596.25976311
2021-11-07 19:00:00,52.28,52.349,51.841,51.984,213642.97455188
2021-11-07 20:00:00,51.992,52.25,51.705,52.194,174323.26532808
2021-11-07 21:00:00,52.194,52.373,52.059,52.29,156997.47128316
2021-11-07 22:00:00,52.29,52.306,51.835,51.932,92858.48962141
2021-11-07 23:00:00,51.935,52.366,51.915,52.302,122615.22798888
2021-11-08 00:00:00,52.299,52.967,51.733,52.818,500409.71328414
2021-11-08 01:00:00,52.818,53.046,52.261,52.511,398040.88375657
2021-11-08 02:00:00,52.511,52.77,52.407,52.656,151926.98128134
2021-11-08 03:00:00,52.656,53.276,52.557,52.907,216209.68693758
2021-11-08 04:00:00,52.912,53.06,52.64,52.712,180051.66733009
2021-11-08 05:00:00,52.704,52.78,52.417,52.428,187411.8636876
2021-11-08 06:00:00,52.428,53.175,52.347,53.058,220957.93266829
2021-11-08 07:00:00,53.052,53.148,52.66,52.91,216846.40475712
2021-11-08 08:00:00,52.927,53.336,52.506,52.839,250235.10441102
2021-11-08 09:00:00,52.84,53.072,52.505,52.999,187995.59889778
2021-11-08 10:00:00,52.987,53.63,52.904,53.114,265921.65549192
2021-11-08 11:00:00,53.114,53.797,52.932,53.604,223651.39921974
2021-11-08 12:00:00,53.588,53.764,53.1,53.116,260388.13845334
2021-11-08 13:00:00,53.116,53.353,52.523,52.661,335053.34354432
2021-11-08 14:00:00,52.661,52.924,52.578,52.847,200549.80574019
2021-11-08 15:00:00,52.853,53.287,52.721,53.247,199394.71972387
2021-11-08 16:00:00,53.246,53.435,52.867,53.266,302504.44488955
2021-11-08 17:00:00,53.266,53.899,53.259,53.822,393373.39446097
2021-11-08 18:00:00,53.822,53.835,53.371,53.668,215471.03073295
2021-11-08 19:00:00,53.662,53.885,53.248,53.523,177610.00479741
2021-11-08 20:00:00,53.536,53.579,53.142,53.261,228968.9890778
2021-11-08 21:00:00,53.262,53.521,53.119,53.203,182919.99576812
2021-11-08 22:00:00,53.207,53.235,53.013,53.192,88843.23907955
2021-11-08 23:00:00,53.194,53.608,53.165,53.436,385808.26137137
2021-11-09 00:00:00,53.429,53.535,52.85,52.946,306995.96878065
2021-11-09 01:00:00,52.946,53.058,52.633,52.779,313642.92733603
2021-11-09 02:00:00,52.772,53.09,52.634,52.897,354661.99569147
2021-11-09 03:00:00,52.89,53.322,52.82,53.104,292707.18222835
2021-11-09 04:00:00,53.107,53.119,52.902,52.987,270008.76523858
2021-11-09 05:00:00,52.987,53.27,52.9,53.043,257822.98804911
2021-11-09 06:00:00,53.045,53.045,52.721,52.884,199526.83240725
2021-11-09 07:00:00,52.881,52.997,52.707,52.794,247448.43432289
2021-11-09 08:00:00,52.793,52.954,52.567,52.844,289339.77643375
2021-11-09 09:00:00,52.844,53.028,52.72,52.937,229821.54126128
2021-11-09 10:00:00,52.934,52.999,52.606,52.61,213444.71904393
2021-11-09 11:00:00,52.611,52.739,51.625,52.18,613781.72566112
2021-11-09 12:00:00,52.188,52.328,51.716,51.786,370223.83864681
2021-11-09 13:00:00,51.784,52.101,51.671,52.097,294754.36756702
2021-11-09 14:00:00,52.096,52.232,51.3,51.459,480770.18458739
2021-11-09 15:00:00,51.459,51.78,50.506,51.158,910617.68911127
2021-11-09 16:00:00,51.159,51.492,50.6,51.208,440847.33056512
2021-11-09 17:00:00,51.213,51.343,50.512,51.149,440012.79152106
2021-11-09 18:00:00,51.153,51.649,50.856,50.863,223331.45361527
2021-11-09 19:00:00,50.862,51.042,50.653,50.946,173045.07903537
2021-11-09 20:00:00,50.95,51.214,50.738,50.913,167418.34584444
2021-11-09 21:00:00,50.927,51.413,50.753,51.274,117860.78358006
2021-11-09 22:00:00,51.274,51.295,50.83,50.934,93626.66483183
2021-11-09 23:00:00,50.938,51.225,50.693,50.789,136463.88164882
2021-11-10 00:00:00,50.797,50.993,50.1,50.349,393120.85571474
2021-11-10 01:00:00,50.348,50.774,50.249,50.598,233781.16017399
2021-11-10 02:00:00,50.601,50.889,50.538,50.692,145897.08388107
2021-11-10 03:00:00,50.696,50.696,50.142,50.352,284533.81553495
2021-11-10 04:00:00,50.351,50.789,50.067,50.724,239796.11048025
2021-11-10 05:00:00,50.725,50.819,50.262,50.279,265681.19644864
2021-11-10 06:00:00,50.279,50.564,50.279,50.46,224364.20233574
2021-11-10 07:00:00,50.466,50.746,50.321,50.554,204721.04711387
2021-11-10 08:00:00,50.56,51.812,50.56,51.405,420877.3611507
2021-11-10 09:00:00,51.406,51.736,51.316,51.458,272390.80400623
2021-11-10 10:00:00,51.463,52.036,51.3,51.992,294123.41906503
2021-11-10 11:00:00,51.981,52.055,50.889,50.916,319790.12243529
2021-11-10 12:00:00,50.916,51.114,50.011,50.177,547498.55012933
2021-11-10 13:00:00,50.184,51.171,50.047,51.102,531601.29482812
2021-11-10 14:00:00,51.1,51.528,50.91,51.009,461800.15445286
2021-11-10 15:00:00,51.01,51.342,50.933,51.28,172569.57764431
2021-11-10 16:00:00,51.279,51.879,51.213,51.807,275073.27479662
2021-11-10 17:00:00,51.806,51.806,50.825,51.069,310415.92234495
2021-11-10 18:00:00,51.069,51.3,50.541,50.702,227087.59832539
2021-11-10 19:00:00,50.699,51.032,49.1,49.269,595729.52225424
2021-11-10 20:00:00,49.269,49.272,45.132,46.972,2312765.92910536
2021-11-10 21:00:00,46.979,47.701,41.501,45.39,2917547.38219597
2021-11-10 22:00:00,45.391,47.671,44.555,47.385,727072.9055743
2021-11-10 23:00:00,47.385,47.385,46.183,46.755,672181.01297392
2021-11-11 00:00:00,46.75,46.779,45.531,46.539,653551.81794425
2021-11-11 01:00:00,46.528,46.633,45.822,46.349,292069.46413406
2021-11-11 02:00:00,46.349,46.512,45.731,46.512,294843.04061506
2021-11-11 03:00:00,46.512,48.144,46.219,47.956,684087.51009339
2021-11-11 04:00:00,47.957,47.969,47.34,47.837,291983.75520847
2021-11-11 05:00:00,47.831,48.74,47.78,48.655,393250.09053326
2021-11-11 06:00:00,48.655,48.922,48.133,48.823,264384.63657989
2021-11-11 07:00:00,48.857,49.426,48.741,49.107,281922.33935531
2021-11-11 08:00:00,49.108,49.37,47.881,49.018,462323.95757873
2021-11-11 09:00:00,49.019,49.483,48.599,49.383,403192.48423151
2021-11-11 10:00:00,49.383,49.451,48.763,48.887,207073.78508868
2021-11-11 11:00:00,48.888,49.366,48.738,49.34,232884.73600062
2021-11-11 12:00:00,49.34,49.469,48.262,48.587,423378.06531899
2021-11-11 13:00:00,48.588,48.716,48.043,48.318,341067.02951108
2021-11-11 14:00:00,48.331,48.566,47.391,48.261,486071.06439813
2021-11-11 15:00:00,48.28,48.301,47.302,47.91,488555.39143486
2021-11-11 16:00:00,47.906,48.227,47.724,48.223,204712.65056555
2021-11-11 17:00:00,48.22,48.41,48.01,48.077,130077.93330117
2021-11-11 18:00:00,48.07,48.343,47.599,47.926,174121.77368475
2021-11-11 19:00:00,47.926,48.698,47.906,48.64,145757.7679082
2021-11-11 20:00:00,48.657,48.711,48.102,48.102,123011.59080259
2021-11-11 21:00:00,48.101,48.337,48.036,48.296,102850.58604667
2021-11-11 22:00:00,48.301,48.301,47.886,48.061,147830.39479626
2021-11-11 23:00:00,48.06,48.277,47.451,47.463,123043.79595616
2021-11-12 00:00:00,47.463,47.748,47.21,47.638,197413.11426091
2021-11-12 01:00:00,47.635,47.711,45.801,47.172,796192.38571397
2021-11-12 02:00:00,47.172,47.517,47.08,47.098,233360.11575442
2021-11-12 03:00:00,47.098,47.16,46.47,47.008,325605.70331278
2021-11-12 04:00:00,47.018,47.291,46.821,47.127,174859.89575694
2021-11-12 05:00:00,47.119,47.155,46.519,46.545,156470.18170542
2021-11-12 06:00:00,46.545,47.446,46.411,46.664,355016.29077778
2021-11-12 07:00:00,46.664,46.917,45.8,46.191,388980.03975408
2021-11-12 08:00:00,46.209,46.766,45.793,46.562,247145.40986453
2021-11-12 09:00:00,46.562,46.643,45.009,45.201,748107.83848948
2021-11-12 10:00:00,45.212,45.64,44.64,44.979,629868.94746452
2021-11-12 11:00:00,44.989,45.787,44.779,45.414,502628.50813351
2021-11-12 12:00:00,45.423,46.276,44.98,46.03,480539.13158634
2021-11-12 13:00:00,46.036,46.278,45.265,45.916,547629.6833802
2021-11-12 14:00:00,45.922,45.99,45.001,45.008,450192.38291163
2021-11-12 15:00:00,45.008,45.522,44.567,45.034,434807.34702952
2021-11-12 16:00:00,45.045,45.329,44.03,44.934,838838.06906407
2021-11-12 17:00:00,44.925,45.719,44.639,45.711,330784.31832067
2021-11-12 18:00:00,45.711,46.341,45.579,45.797,405287.21441795
2021-11-12 19:00:00,45.798,45.876,44.937,44.988,260537.82381882
2021-11-12 20:00:00,44.991,45.763,44.991,45.691,156983.93974491
2021-11-12 21:00:00,45.696,46.133,45.653,45.783,160786.76532449
2021-11-12 22:00:00,45.761,46.016,45.532,45.855,81408.16413459
2021-11-12 23:00:00,45.849,46.183,45.71,45.899,155021.85344293
2021-11-13 00:00:00,45.9,46.452,45.9,46.394,151844.26920386
2021-11-13 01:00:00,46.403,46.811,46.153,46.182,168936.196785
2021-11-13 02:00:00,46.203,46.446,45.785,45.849,182125.51146274
2021-11-13 03:00:00,45.849,46.095,45.711,45.866,140852.7927684
2021-11-13 04:00:00,45.851,45.954,45.508,45.649,118125.17193335
2021-11-13 05:00:00,45.655,45.664,45.372,45.541,133535.84609232
2021-11-13 06:00:00,45.555,46.08,45.532,46.048,149432.18071351
2021-11-13 07:00:00,46.049,46.287,45.809,46.228,130539.7989201
2021-11-13 08:00:00,46.222,46.301,45.918,45.931,108138.43119128
2021-11-13 09:00:00,45.94,46.077,45.2,45.34,198400.23743598
2021-11-13 10:00:00,45.336,45.681,45.306,45.641,113287.00189508
2021-11-13 11:00:00,45.632,45.709,45.481,45.547,60156.85513383
2021-11-13 12:00:00,45.527,45.786,44.851,45.127,490045.8074225
2021-11-13 13:00:00,45.127,45.391,44.906,45.164,139608.71612118
2021-11-13 14:00:00,45.164,46.579,45.126,46.336,515469.91336437
2021-11-13 15:00:00,46.338,46.788,46.152,46.769,233437.88731937
2021-11-13 16:00:00,46.769,47.322,46.756,47.141,305476.81892825
2021-11-13 17:00:00,47.141,47.558,46.994,47.487,177054.24270134
2021-11-13 18:00:00,47.483,47.497,46.554,46.854,301715.91501317
2021-11-13 19:00:00,46.854,47.146,46.512,46.832,222549.92889214
2021-11-13 20:00:00,46.825,47.202,46.69,47.17,120828.27361478
2021-11-13 21:00:00,47.162,47.168,46.784,46.968,51819.65109118
2021-11-13 22:00:00,46.97,47.14,46.801,46.927,106003.70929693
2021-11-13 23:00:00,46.927,47.219,46.907,47.087,61523.66363459
2021-11-14 00:00:00,47.076,47.864,47.076,47.201,318619.88110156
2021-11-14 01:00:00,47.195,47.318,46.712,46.948,146629.66159403
2021-11-14 02:00:00,46.937,47.082,46.637,46.677,167258.60067688
2021-11-14 03:00:00,46.673,46.772,46.59,46.64,92302.24169267
2021-11-14 04:00:00,46.641,47.043,46.616,46.791,154182.99455349
2021-11-14 05:00:00,46.783,46.884,46.554,46.715,113437.58015326
2021-11-14 06:00:00,46.7,47.033,46.653,46.728,188576.7276112
2021-11-14 07:00:00,46.728,46.858,46.201,46.335,228303.64875526
2021-11-14 08:00:00,46.351,46.482,45.802,46.095,376735.09950697
2021-11-14 09:00:00,46.085,46.204,45.832,46.077,122225.7993639
2021-11-14 10:00:00,46.061,46.756,46.013,46.687,267096.34147789
2021-11-14 11:00:00,46.687,46.771,46.432,46.663,100045.7197802
2021-11-14 12:00:00,46.65,46.805,46.387,46.681,218970.23756648
2021-11-14 13:00:00,46.676,46.729,46.088,46.282,195421.97369617
2021-11-14 14:00:00,46.281,46.311,45.887,46.0,225128.49688238
2021-11-14 15:00:00,46.0,46.0,45.608,45.737,241987.75848107
2021-11-14 16:00:00,45.737,45.837,45.07,45.142,388273.69489299
2021-11-14 17:00:00,45.143,45.663,45.023,45.598,216897.40117825
2021-11-14 18:00:00,45.598,45.763,45.235,45.59,192542.14326379
2021-11-14 19:00:00,45.589,45.674,45.329,45.657,129884.04828233
2021-11-14 20:00:00,45.657,45.792,45.542,45.699,92191.73859538
2021-11-14 21:00:00,45.699,45.966,45.588,45.868,162797.08775001
2021-11-14 22:00:00,45.874,46.188,45.834,45.91,141702.44541494
2021-11-14 23:00:00,45.91,46.446,45.672,46.416,220594.98965873
2021-11-15 00:00:00,46.417,47.233,46.417,46.956,486213.29838593
2021-11-15 01:00:00,46.948,47.211,46.746,47.055,221576.18082362
2021-11-15 02:00:00,47.053,47.264,46.809,46.81,266503.2876151
2021-11-15 03:00:00,46.811,46.974,46.667,46.751,144925.46440993
2021-11-15 04:00:00,46.733,46.919,46.715,46.794,92552.22661295
2021-11-15 05:00:00,46.812,46.987,46.681,46.712,86532.65449664
2021-11-15 06:00:00,46.729,46.901,46.666,46.851,65388.67990378
2021-11-15 07:00:00,46.864,46.976,46.5,46.599,114750.72056238
2021-11-15 08:00:00,46.594,46.696,46.209,46.617,272922.17689862
2021-11-15 09:00:00,46.616,47.268,46.513,46.938,362899.71324768
2021-11-15 10:00:00,46.938,47.021,46.705,46.912,99073.44648817
2021-11-15 11:00:00,46.917,47.157,46.78,46.92,136562.73969423
2021-11-15 12:00:00,46.921,47.495,46.78,47.247,315392.36843662
2021-11-15 13:00:00,47.24,47.523,46.925,47.131,311845.69775392
2021-11-15 14:00:00,47.131,47.131,46.405,46.438,276844.77622949
2021-11-15 15:00:00,46.438,46.449,45.53,45.716,711741.2118291
2021-11-15 16:00:00,45.715,45.841,45.274,45.484,369656.97620164
2021-11-15 17:00:00,45.487,45.877,45.403,45.518,323398.02073548
2021-11-15 18:00:00,45.521,45.583,45.0,45.238,256362.7808142
2021-11-15 19:00:00,45.237,45.788,45.106,45.74,176671.17808693
2021-11-15 20:00:00,45.738,45.738,45.101,45.142,266783.71371266
2021-11-15 21:00:00,45.145,45.206,44.501,45.066,350837.44775682
2021-11-15 22:00:00,45.054,45.401,44.597,45.343,197660.52745428
2021-11-15 23:00:00,45.343,45.343,44.663,44.791,174518.53931469
2021-11-16 00:00:00,44.777,44.785,42.899,43.304,1155506.79847195
2021-11-16 01:00:00,43.306,43.41,40.5,42.943,1474597.04582377
2021-11-16 02:00:00,42.935,42.997,41.78,42.066,624999.43956048
2021-11-16 03:00:00,42.061,42.406,41.142,41.778,920253.02284117
2021-11-16 04:00:00,41.785,42.3,40.755,42.053,847940.69053162
2021-11-16 05:00:00,42.053,42.447,41.757,41.9,486022.83541957
2021-11-16 06:00:00,41.907,42.344,41.704,42.26,491301.83313037
2021-11-16 07:00:00,42.261,42.466,41.993,42.302,330567.45655606
2021-11-16 08:00:00,42.305,42.413,41.819,42.373,384653.36975387
2021-11-16 09:00:00,42.374,42.604,41.684,41.763,667374.48103238
2021-11-16 10:00:00,41.759,41.841,36.704,40.566,2952919.56804229
2021-11-16 11:00:00,40.562,41.29,40.401,41.25,689272.57727101
2021-11-16 12:00:00,41.26,41.487,40.597,40.708,745589.4337641
2021-11-16 13:00:00,40.702,41.539,40.702,41.311,606044.56085622
2021-11-16 14:00:00,41.31,42.781,41.233,42.414,906692.45384041
2021-11-16 15:00:00,42.413,42.518,41.885,42.027,474967.5342027
2021-11-16 16:00:00,42.027,42.399,41.907,41.942,537332.35900792
2021-11-16 17:00:00,41.942,42.45,41.871,41.929,616636.46764299
2021-11-16 18:00:00,41.929,42.172,41.26,41.26,273605.76883354
2021-11-16 19:00:00,41.264,42.152,41.162,41.598,444871.6757578
2021-11-16 20:00:00,41.594,41.594,40.052,40.542,675267.01865138
2021-11-16 21:00:00,40.549,41.51,40.501,41.353,375415.69591241
2021-11-16 22:00:00,41.36,41.696,41.321,41.364,219219.15478655
2021-11-16 23:00:00,41.374,41.456,40.839,40.864,175189.95538028
2021-11-17 00:00:00,40.865,41.246,40.227,40.427,361660.65545655
2021-11-17 01:00:00,40.436,40.892,39.916,39.992,337726.84265945
2021-11-17 02:00:00,39.993,40.322,39.56,39.681,349495.14179319
2021-11-17 03:00:00,39.689,40.252,38.752,39.462,812250.09867449
2021-11-17 04:00:00,39.468,39.927,38.95,39.719,507596.96476714
2021-11-17 05:00:00,39.732,40.294,39.587,40.101,375861.71301321
2021-11-17 06:00:00,40.101,40.207,39.59,39.968,319405.72627273
2021-11-17 07:00:00,39.969,40.571,39.632,40.164,371532.5346749
2021-11-17 08:00:00,40.164,40.503,39.98,39.98,343089.89893884
2021-11-17 09:00:00,39.98,40.036,39.037,39.183,565609.7781458
2021-11-17 10:00:00,39.19,40.692,38.975,40.647,915516.30073964
2021-11-17 11:00:00,40.65,41.962,40.394,41.918,519531.32289279
2021-11-17 12:00:00,41.918,42.64,41.801,42.167,435733.97034062
2021-11-17 13:00:00,42.165,42.502,41.742,41.759,357514.33430762
2021-11-17 14:00:00,41.757,41.958,40.748,40.748,658594.57472453
2021-11-17 15:00:00,40.754,41.035,40.212,40.879,512705.08253791
2021-11-17 16:00:00,40.878,41.751,40.472,41.734,458693.78205383
2021-11-17 17:00:00,41.733,41.813,41.239,41.666,262309.11522116
2021-11-17 18:00:00,41.667,42.127,41.667,42.025,275072.13116596
2021-11-17 19:00:00,42.027,42.163,41.673,41.966,226329.46446682
2021-11-17 20:00:00,41.967,42.311,41.582,42.002,334200.69083086
2021-11-17 21:00:00,41.99,42.012,41.321,41.896,250063.19552603
2021-11-17 22:00:00,41.895,42.331,41.826,41.941,167661.64921464
2021-11-17 23:00:00,41.953,42.8,41.873,42.768,151320.73779588
2021-11-18 00:00:00,42.773,43.045,42.429,42.936,414355.30572264
2021-11-18 01:00:00,42.936,43.217,42.492,42.989,352351.21723311
2021-11-18 02:00:00,42.99,43.315,42.847,43.211,281553.43043469
2021-11-18 03:00:00,43.21,43.241,42.404,42.404,354492.98437605
2021-11-18 04:00:00,42.411,42.535,40.535,41.116,1068104.21575902
2021-11-18 05:00:00,41.109,41.477,40.891,41.4,420193.20109002
2021-11-18 06:00:00,41.393,41.495,41.044,41.347,305806.12135461
2021-11-18 07:00:00,41.348,41.374,40.902,41.251,277665.78612269
2021-11-18 08:00:00,41.253,41.345,40.822,41.108,294972.13978429
2021-11-18 09:00:00,41.094,41.17,40.266,40.675,587602.52739198
2021-11-18 10:00:00,40.669,41.036,40.156,40.984,401898.27896935
2021-11-18 11:00:00,40.984,41.315,40.21,40.275,393975.07215973
2021-11-18 12:00:00,40.284,41.088,40.084,40.534,616733.68167841
2021-11-18 13:00:00,40.521,40.734,39.636,40.139,724151.20099711
2021-11-18 14:00:00,40.139,40.281,39.257,39.391,663747.09359334
2021-11-18 15:00:00,39.389,40.186,38.315,38.992,1626046.36340376
2021-11-18 16:00:00,38.99,39.325,38.276,38.625,1332400.3711295
2021-11-18 17:00:00,38.624,39.818,37.525,39.229,1798595.23837666
2021-11-18 18:00:00,39.226,39.83,39.013,39.332,641640.7459454
2021-11-18 19:00:00,39.332,40.099,39.285,39.964,450535.10926558
2021-11-18 20:00:00,39.983,40.212,39.581,39.841,442854.95675698
2021-11-18 21:00:00,39.841,40.277,39.201,39.331,443956.79460319
2021-11-18 22:00:00,39.326,39.398,38.49,38.677,555544.16808374
2021-11-18 23:00:00,38.674,39.237,38.469,39.039,438517.93546564
2021-11-19 00:00:00,39.043,40.372,38.538,40.173,791578.51815627
2021-11-19 01:00:00,40.167,40.197,38.965,39.054,613795.68947763
2021-11-19 02:00:00,39.051,39.696,38.472,38.861,650687.57543075
2021-11-19 03:00:00,38.865,39.272,38.367,38.931,524368.03989458
2021-11-19 04:00:00,38.925,39.607,38.854,39.513,282702.71439608
2021-11-19 05:00:00,39.519,39.861,39.201,39.785,272187.02732265
2021-11-19 06:00:00,39.786,39.865,39.301,39.5,238438.83100372
2021-11-19 07:00:00,39.5,39.72,38.942,39.059,304795.93402961
2021-11-19 08:00:00,39.058,40.556,39.052,40.003,574120.02816513
2021-11-19 09:00:00,39.998,40.369,39.931,39.993,295799.44286346
2021-11-19 10:00:00,39.991,40.057,39.682,39.866,229430.5313041
2021-11-19 11:00:00,39.875,40.074,39.405,39.854,287189.74031517
2021-11-19 12:00:00,39.859,40.934,39.787,40.693,503493.2224225
2021-11-19 13:00:00,40.696,41.046,40.386,40.994,536060.15568024
2021-11-19 14:00:00,40.99,41.533,40.876,41.533,443909.01560223
2021-11-19 15:00:00,41.535,41.957,41.353,41.774,504499.38182708
2021-11-19 16:00:00,41.774,42.281,41.4,41.81,759884.15642083
2021-11-19 17:00:00,41.81,42.11,41.52,41.622,422023.83110355
2021-11-19 18:00:00,41.623,41.746,41.189,41.334,415242.94323836
2021-11-19 19:00:00,41.334,41.745,41.258,41.676,228444.18485277
2021-11-19 20:00:00,41.676,41.749,41.198,41.348,412412.91301168
2021-11-19 21:00:00,41.339,41.493,41.014,41.184,361406.57110285
2021-11-19 22:00:00,41.184,41.362,40.854,40.972,343008.9009058
2021-11-19 23:00:00,40.963,41.317,40.825,41.221,216956.00661173
2021-11-20 00:00:00,41.237,41.747,41.2,41.271,319549.74431932
2021-11-20 01:00:00,41.273,41.913,41.213,41.709,211879.17519918
2021-11-20 02:00:00,41.713,41.974,41.57,41.583,153806.13446427
2021-11-20 03:00:00,41.588,41.693,41.321,41.39,132165.60258925
2021-11-20 04:00:00,41.39,41.479,41.063,41.408,209966.09780364
2021-11-20 05:00:00,41.407,41.483,40.97,41.129,167909.86788431
2021-11-20 06:00:00,41.122,41.737,41.097,41.566,241199.48481469
2021-11-20 07:00:00,41.565,41.75,41.263,41.385,146968.0184597
2021-11-20 08:00:00,41.393,41.742,41.356,41.566,165761.38422666
2021-11-20 09:00:00,41.565,41.825,41.417,41.452,165117.70827137
2021-11-20 10:00:00,41.463,41.823,41.373,41.652,187805.77246861
2021-11-20 11:00:00,41.652,41.773,41.44,41.59,95053.08135358
2021-11-20 12:00:00,41.59,42.0,41.564,41.644,179069.31306174
2021-11-20 13:00:00,41.644,41.89,41.388,41.422,250113.4881927
2021-11-20 14:00:00,41.43,41.555,41.092,41.099,201072.04966664
2021-11-20 15:00:00,41.104,41.165,40.039,40.154,949447.27731868
2021-11-20 16:00:00,40.154,40.394,39.809,40.206,392499.43190926
2021-11-20 17:00:00,40.206,40.468,39.975,40.367,270351.82250311
2021-11-20 18:00:00,40.372,41.777,40.258,41.657,597964.06224796
2021-11-20 19:00:00,41.66,41.793,41.429,41.523,111158.02810465
2021-11-20 20:00:00,41.523,41.642,41.434,41.468,74829.75585784
2021-11-20 21:00:00,41.469,41.736,41.469,41.71,59467.08078508
2021-11-20 22:00:00,41.704,41.871,41.594,41.853,56896.80993592
2021-11-20 23:00:00,41.852,42.109,41.713,42.098,167950.86535663
2021-11-21 00:00:00,42.109,42.577,41.889,42.003,241857.1145514
2021-11-21 01:00:00,41.996,42.137,41.697,41.783,139178.98231818
2021-11-21 02:00:00,41.797,41.859,41.107,41.476,310484.51213969
2021-11-21 03:00:00,41.478,41.566,40.956,41.074,254507.36764917
2021-11-21 04:00:00,41.074,41.388,40.974,41.053,241681.06702066
2021-11-21 05:00:00,41.037,41.43,40.987,41.429,149847.78298137
2021-11-21 06:00:00,41.426,41.481,41.062,41.391,219927.40873201
2021-11-21 07:00:00,41.391,41.394,40.835,40.854,119274.82817168
2021-11-21 08:00:00,40.853,42.901,40.645,41.319,1348680.65546454
2021-11-21 09:00:00,41.318,41.997,41.225,41.94,412827.71909133
2021-11-21 10:00:00,41.942,42.0,41.212,41.522,409046.16539639
2021-11-21 11:00:00,41.522,41.875,41.244,41.391,227468.47848794
2021-11-21 12:00:00,41.404,41.757,41.361,41.595,196263.21261064
2021-11-21 13:00:00,41.6,41.717,41.275,41.314,107178.42910735
2021-11-21 14:00:00,41.312,41.339,40.907,40.994,219886.18203461
2021-11-21 15:00:00,40.99,41.667,40.865,41.507,220540.47750106
2021-11-21 16:00:00,41.508,41.747,41.233,41.653,322787.02040001
2021-11-21 17:00:00,41.657,41.836,41.202,41.362,459146.45348057
2021-11-21 18:00:00,41.363,41.641,41.3,41.525,153074.10375429
2021-11-21 19:00:00,41.526,41.68,41.325,41.371,100863.73832573
2021-11-21 20:00:00,41.382,42.028,41.284,41.961,168191.49869589
2021-11-21 21:00:00,41.961,42.975,41.896,42.855,350536.52865932
2021-11-21 22:00:00,42.849,43.616,42.241,43.049,404487.19849551
2021-11-21 23:00:00,43.029,43.178,41.738,41.987,369126.38689644
2021-11-22 00:00:00,41.997,42.198,40.94,41.006,858059.58292003
2021-11-22 01:00:00,41.001,41.337,40.467,41.189,562449.28143087
2021-11-22 02:00:00,41.188,41.295,40.312,40.466,446470.79922844
2021-11-22 03:00:00,40.465,40.59,40.001,40.261,544124.43790915
2021-11-22 04:00:00,40.264,40.443,39.706,39.97,441742.78881364
2021-11-22 05:00:00,39.966,40.093,39.397,40.092,351221.62858937
2021-11-22 06:00:00,40.084,40.095,39.551,39.737,251156.16080624
2021-11-22 07:00:00,39.728,40.322,39.728,39.913,272530.02475969
2021-11-22 08:00:00,39.92,40.319,39.897,40.152,180838.06700066
2021-11-22 09:00:00,40.143,40.593,40.115,40.115,227986.71431402
2021-11-22 10:00:00,40.115,40.363,39.925,40.219,203700.80087932
2021-11-22 11:00:00,40.226,40.341,39.916,39.929,211223.56069638
2021-11-22 12:00:00,39.929,40.284,39.683,39.852,415638.80195802
2021-11-22 13:00:00,39.828,41.127,39.518,40.611,815949.99776889
2021-11-22 14:00:00,40.604,40.837,40.286,40.391,322095.87424492
2021-11-22 15:00:00,40.391,40.591,40.141,40.208,311155.57020826
2021-11-22 16:00:00,40.226,40.468,39.892,40.255,281631.27275601
2021-11-22 17:00:00,40.254,40.534,39.942,40.127,220419.114383
2021-11-22 18:00:00,40.142,40.143,39.387,39.49,273895.5770891
2021-11-22 19:00:00,39.487,39.83,38.918,39.048,765026.33116739
2021-11-22 20:00:00,39.06,39.349,38.917,38.992,293932.11372445
2021-11-22 21:00:00,38.99,39.616,38.835,39.532,460927.67828367
2021-11-22 22:00:00,39.529,39.937,39.356,39.884,170496.53266888
2021-11-22 23:00:00,39.881,39.893,39.362,39.527,193358.75172001
2021-11-23 00:00:00,39.52,39.959,39.142,39.592,398013.72449116
2021-11-23 01:00:00,39.593,39.815,39.377,39.478,242639.31400951
2021-11-23 02:00:00,39.483,39.54,39.165,39.338,244892.9499541
2021-11-23 03:00:00,39.336,39.59,39.248,39.493,293045.18463748
2021-11-23 04:00:00,39.491,39.814,39.4,39.607,212196.08897485
2021-11-23 05:00:00,39.607,39.697,39.226,39.365,290802.91321878
2021-11-23 06:00:00,39.365,39.422,39.053,39.305,343099.279965
2021-11-23 07:00:00,39.308,39.326,38.738,39.063,523984.57710918
2021-11-23 08:00:00,39.059,39.294,38.755,39.292,353514.7944756
2021-11-23 09:00:00,39.297,39.749,38.57,39.264,857479.29492504
2021-11-23 10:00:00,39.267,39.936,38.954,39.239,650891.1988143
2021-11-23 11:00:00,39.24,39.467,38.988,39.08,366761.48193412
2021-11-23 12:00:00,39.085,39.364,39.029,39.126,279790.00750107
2021-11-23 13:00:00,39.135,39.911,39.125,39.757,524068.82231642
2021-11-23 14:00:00,39.758,40.679,39.666,40.625,573352.50263857
2021-11-23 15:00:00,40.623,40.929,40.423,40.786,352077.2621512
2021-11-23 16:00:00,40.792,41.463,40.694,41.451,478074.44535382
2021-11-23 17:00:00,41.451,41.517,40.747,40.89,352520.80293815
2021-11-23 18:00:00,40.889,41.369,40.771,41.198,356077.46313491
2021-11-23 19:00:00,41.189,41.391,40.982,41.384,233984.07686821
2021-11-23 20:00:00,41.383,41.394,40.725,41.002,260132.1374576
2021-11-23 21:00:00,41.003,41.029,40.754,40.842,101749.85541287
2021-11-23 22:00:00,40.839,41.06,40.542,40.6,116179.08721677
2021-11-23 23:00:00,40.599,40.989,40.475,40.801,185240.11842308
2021-11-24 00:00:00,40.792,40.944,40.567,40.619,296744.40324142
2021-11-24 01:00:00,40.627,40.763,39.955,40.011,237943.57584866
2021-11-24 02:00:00,40.012,40.153,39.323,39.396,493077.0208316
2021-11-24 03:00:00,39.397,39.708,39.337,39.553,183253.90368957
2021-11-24 04:00:00,39.564,39.857,39.479,39.585,151759.1822844
2021-11-24 05:00:00,39.59,39.828,39.533,39.699,113157.7614025
2021-11-24 06:00:00,39.699,39.754,39.221,39.549,207834.26448665
2021-11-24 07:00:00,39.558,39.756,39.474,39.642,165789.64493069
2021-11-24 08:00:00,39.643,40.117,39.484,39.831,286223.98310818
2021-11-24 09:00:00,39.831,40.247,39.732,39.788,231564.27487358
2021-11-24 10:00:00,39.795,39.857,39.411,39.435,157397.9084167
2021-11-24 11:00:00,39.436,39.587,39.242,39.381,121241.17176679
2021-11-24 12:00:00,39.384,39.512,39.068,39.261,272997.64969869
2021-11-24 13:00:00,39.257,39.444,38.7,38.709,405690.72642602
2021-11-24 14:00:00,38.709,39.001,38.359,38.799,610567.59098227
2021-11-24 15:00:00,38.798,39.7,38.72,39.385,351458.30320481
2021-11-24 16:00:00,39.382,39.499,38.881,38.996,218839.32961263
2021-11-24 17:00:00,38.996,39.197,38.525,38.584,219168.56717848
2021-11-24 18:00:00,38.583,38.926,38.549,38.79,274904.35404273
2021-11-24 19:00:00,38.788,38.85,38.15,38.32,360297.40666723
2021-11-24 20:00:00,38.32,38.736,38.077,38.715,260709.41975894
2021-11-24 21:00:00,38.712,38.807,38.372,38.505,179108.71497075
2021-11-24 22:00:00,38.498,38.68,38.4,38.401,115290.71027945
2021-11-24 23:00:00,38.404,38.586,38.282,38.32,161493.69159812
2021-11-25 00:00:00,38.328,39.25,38.073,39.084,424770.64402047
2021-11-25 01:00:00,39.074,39.403,39.033,39.166,289259.38059367
2021-11-25 02:00:00,39.158,39.281,38.886,39.096,170800.3595535
2021-11-25 03:00:00,39.107,39.331,38.929,39.166,121521.0109108
2021-11-25 04:00:00,39.161,39.223,38.655,38.699,230036.83132699
2021-11-25 05:00:00,38.699,38.767,38.293,38.372,136127.2138904
2021-11-25 06:00:00,38.372,38.723,38.302,38.464,178790.95694791
2021-11-25 07:00:00,38.465,38.989,38.465,38.761,169696.61713618
2021-11-25 08:00:00,38.756,39.046,38.676,38.676,177774.42399196
2021-11-25 09:00:00,38.68,38.821,38.391,38.793,219855.04576236
2021-11-25 10:00:00,38.801,39.302,38.664,39.157,409224.3663346
2021-11-25 11:00:00,39.162,39.398,38.981,39.346,221591.1338664
2021-11-25 12:00:00,39.346,40.323,39.312,40.187,501424.71187798
2021-11-25 13:00:00,40.195,40.352,39.844,39.946,395530.28025437
2021-11-25 14:00:00,39.954,40.55,39.833,40.113,370199.9881424
2021-11-25 15:00:00,40.116,40.321,39.943,40.222,268870.82817081
2021-11-25 16:00:00,40.222,40.986,40.044,40.477,568930.04372478
2021-11-25 17:00:00,40.477,40.682,40.24,40.434,236184.87444363
2021-11-25 18:00:00,40.434,40.656,40.319,40.556,148101.44460177
2021-11-25 19:00:00,40.555,40.569,39.934,40.103,243535.17080174
2021-11-25 20:00:00,40.096,40.263,39.681,39.714,166764.05543083
2021-11-25 21:00:00,39.716,39.79,39.377,39.42,149436.06538633
2021-11-25 22:00:00,39.434,39.7,39.206,39.692,81240.61351767
2021-11-25 23:00:00,39.692,39.802,39.391,39.528,131297.19211724
2021-11-26 00:00:00,39.54,39.671,39.001,39.099,322624.85366637
2021-11-26 01:00:00,39.098,39.357,39.013,39.141,207693.44162365
2021-11-26 02:00:00,39.14,39.248,38.766,38.878,307324.39373809
2021-11-26 03:00:00,38.878,38.956,38.57,38.606,312884.29831329
2021-11-26 04:00:00,38.605,38.914,38.429,38.867,267329.06972854
2021-11-26 05:00:00,38.868,38.903,38.489,38.867,218274.31601221
2021-11-26 06:00:00,38.867,38.914,38.565,38.762,213980.96386782
2021-11-26 07:00:00,38.774,38.824,37.124,37.669,1131006.33657736
2021-11-26 08:00:00,37.669,37.669,33.706,35.282,4671955.89803942
2021-11-26 09:00:00,35.29,35.726,34.8,35.32,1869358.46353486
2021-11-26 10:00:00,35.321,35.367,34.917,35.011,1005223.0344381
2021-11-26 11:00:00,35.01,35.271,34.356,34.465,1212724.54576441
2021-11-26 12:00:00,34.457,35.249,33.605,35.249,1112900.25134636
2021-11-26 13:00:00,35.249,35.894,34.835,35.822,748320.2596652
2021-11-26 14:00:00,35.822,36.344,35.581,35.894,748705.03208531
2021-11-26 15:00:00,35.896,36.003,35.528,35.649,490697.54171429
2021-11-26 16:00:00,35.657,35.818,34.791,35.481,997761.92900307
2021-11-26 17:00:00,35.482,35.891,35.41,35.445,453428.38251595
2021-11-26 18:00:00,35.446,35.487,34.936,35.285,404484.36495088
2021-11-26 19:00:00,35.277,35.658,35.207,35.475,219526.58389941
2021-11-26 20:00:00,35.467,35.77,35.23,35.675,257727.14559795
2021-11-26 21:00:00,35.658,35.786,34.836,34.881,297790.10650752
2021-11-26 22:00:00,34.873,35.161,34.732,34.85,322189.42398113
2021-11-26 23:00:00,34.858,35.098,34.325,34.559,385377.42558462
2021-11-27 00:00:00,34.555,35.259,34.415,34.837,365424.21535565
2021-11-27 01:00:00,34.84,35.103,34.422,35.046,373723.29107584
2021-11-27 02:00:00,35.042,35.244,34.912,35.129,179638.96091405
2021-11-27 03:00:00,35.113,35.258,34.914,34.957,198273.00545824
2021-11-27 04:00:00,34.94,35.285,34.869,35.191,207218.25508432
2021-11-27 05:00:00,35.192,35.299,34.756,34.778,228754.60266129
2021-11-27 06:00:00,34.777,35.013,34.586,34.645,278719.69194501
2021-11-27 07:00:00,34.642,34.947,34.582,34.911,165032.0531249
2021-11-27 08:00:00,34.903,35.728,34.903,35.518,372798.23358232
2021-11-27 09:00:00,35.519,35.906,35.185,35.231,311078.40832764
2021-11-27 10:00:00,35.23,35.509,35.051,35.402,239967.85279446
2021-11-27 11:00:00,35.418,35.634,35.201,35.243,205769.82083847
2021-11-27 12:00:00,35.243,35.512,35.193,35.427,119578.00591251
2021-11-27 13:00:00,35.429,35.96,35.264,35.593,381592.4589806
2021-11-27 14:00:00,35.599,35.801,35.398,35.465,242850.8525739
2021-11-27 15:00:00,35.468,35.86,35.363,35.628,198540.91129444
2021-11-27 16:00:00,35.631,35.972,35.52,35.576,214139.31744761
2021-11-27 17:00:00,35.563,35.88,35.515,35.737,500959.60589544
2021-11-27 18:00:00,35.722,35.909,35.518,35.816,243888.29967574
2021-11-27 19:00:00,35.82,35.934,35.63,35.661,156300.77539659
2021-11-27 20:00:00,35.64,35.871,34.924,35.028,287724.56091741
2021-11-27 21:00:00,35.021,35.206,34.634,35.122,317896.75552997
2021-11-27 22:00:00,35.115,35.565,35.115,35.428,101342.83552662
2021-11-27 23:00:00,35.435,35.449,34.759,35.192,167556.73915282
2021-11-28 00:00:00,35.161,35.187,34.601,35.047,283411.07864245
2021-11-28 01:00:00,35.048,35.123,34.057,34.279,492221.05135295
2021-11-28 02:00:00,34.274,34.479,32.507,33.234,2629519.14780618
2021-11-28 03:00:00,33.225,33.297,32.467,33.114,1070063.04111801
2021-11-28 04:00:00,33.117,33.384,32.825,32.984,657869.83531442
2021-11-28 05:00:00,32.984,33.307,32.898,33.298,378257.18270708
2021-11-28 06:00:00,33.298,33.734,33.022,33.666,361683.0979225
2021-11-28 07:00:00,33.658,33.915,33.546,33.717,269569.72028266
2021-11-28 08:00:00,33.73,33.882,33.357,33.526,209860.44241048
2021-11-28 09:00:00,33.532,34.069,33.226,33.926,231727.42900027
2021-11-28 10:00:00,33.925,34.179,33.567,34.012,303301.62071329
2021-11-28 11:00:00,33.998,34.173,33.72,33.805,340169.24785368
2021-11-28 12:00:00,33.811,33.986,33.474,33.592,250448.56651918
2021-11-28 13:00:00,33.605,33.749,33.391,33.593,211103.33640123
2021-11-28 14:00:00,33.594,33.964,33.391,33.886,235320.18860747
2021-11-28 15:00:00,33.879,33.954,33.628,33.746,185675.90529352
2021-11-28 16:00:00,33.748,33.824,33.24,33.507,219114.30839565
2021-11-28 17:00:00,33.512,33.696,32.91,33.046,290465.64245845
2021-11-28 18:00:00,33.036,33.225,32.177,33.152,620689.98764503
2021-11-28 19:00:00,33.158,33.802,33.001,33.582,310303.01779292
2021-11-28 20:00:00,33.582,34.254,33.528,33.728,484333.12256364
2021-11-28 21:00:00,33.729,35.211,33.71,34.955,850080.84767498
2021-11-28 22:00:00,34.956,36.005,34.9,34.918,917536.33019046
2021-11-28 23:00:00,34.919,35.875,34.9,35.785,516193.59128841
2021-11-29 00:00:00,35.786,36.575,35.672,36.496,734169.67164896
2021-11-29 01:00:00,36.494,36.995,36.388,36.693,470331.23673669
2021-11-29 02:00:00,36.692,36.732,36.394,36.53,267256.75227777
2021-11-29 03:00:00,36.54,36.566,36.105,36.282,224103.36664016
2021-11-29 04:00:00,36.275,36.545,36.268,36.289,186410.03077989
2021-11-29 05:00:00,36.297,36.438,35.905,36.223,178173.31148307
2021-11-29 06:00:00,36.222,36.327,35.847,36.028,214627.9644639
2021-11-29 07:00:00,36.029,36.573,35.993,36.435,197050.84683117
2021-11-29 08:00:00,36.449,36.499,35.91,36.087,125011.47348843
2021-11-29 09:00:00,36.081,36.3,35.414,35.505,288865.97398226
2021-11-29 10:00:00,35.505,36.052,35.461,35.765,207704.00190454
2021-11-29 11:00:00,35.765,35.938,35.496,35.508,125774.10208228
2021-11-29 12:00:00,35.514,35.752,35.474,35.527,130120.97824909
2021-11-29 13:00:00,35.531,36.331,35.498,36.078,325347.05696089
2021-11-29 14:00:00,36.073,36.275,35.765,35.868,229577.56214671
2021-11-29 15:00:00,35.881,36.021,35.694,35.984,174132.87276128
2021-11-29 16:00:00,35.989,36.339,35.697,36.327,180273.63425947
2021-11-29 17:00:00,36.322,37.112,36.299,36.83,532286.15810048
2021-11-29 18:00:00,36.84,37.316,36.668,37.148,488775.13179753
2021-11-29 19:00:00,37.161,37.286,36.177,36.251,319745.56922559
2021-11-29 20:00:00,36.251,36.797,36.209,36.664,140552.56980458
2021-11-29 21:00:00,36.665,37.005,36.57,36.897,145360.85417883
2021-11-29 22:00:00,36.913,37.612,36.883,37.567,320486.62726736
2021-11-29 23:00:00,37.567,37.567,37.102,37.148,526273.93021589
2021-11-30 00:00:00,37.148,37.623,36.885,37.283,526788.50749257
2021-11-30 01:00:00,37.279,37.497,36.619,36.658,427892.33806312
2021-11-30 02:00:00,36.658,36.946,36.619,36.687,136114.55697354
2021-11-30 03:00:00,36.677,36.761,35.939,36.413,382412.32093271
2021-11-30 04:00:00,36.419,36.627,36.336,36.548,227712.44028962
2021-11-30 05:00:00,36.539,36.635,35.8,35.813,309341.20782396
2021-11-30 06:00:00,35.807,36.03,35.331,35.994,658172.96259624
2021-11-30 07:00:00,35.994,36.108,35.6,35.83,247162.72398702
2021-11-30 08:00:00,35.835,36.397,35.558,35.933,351066.40605317
2021-11-30 09:00:00,35.934,36.109,35.6,35.958,219360.99002073
2021-11-30 10:00:00,35.948,36.315,35.796,36.257,209818.29006609
2021-11-30 11:00:00,36.259,36.732,36.047,36.687,371191.39256592
2021-11-30 12:00:00,36.691,37.438,36.675,37.133,485048.37277807
2021-11-30 13:00:00,37.133,37.811,36.904,37.765,452215.88863258
2021-11-30 14:00:00,37.765,38.643,37.668,38.424,715068.23151468
2021-11-30 15:00:00,38.423,38.852,37.632,37.708,1018754.94919903
2021-11-30 16:00:00,37.708,38.588,37.095,38.027,1309477.16649289
2021-11-30 17:00:00,38.031,39.417,37.563,38.868,908759.67293036
2021-11-30 18:00:00,38.871,39.099,38.382,39.055,421097.74717384
2021-11-30 19:00:00,39.059,39.065,38.363,38.623,374053.26861579
2021-11-30 20:00:00,38.622,38.71,38.207,38.507,280990.13414357
2021-11-30 21:00:00,38.507,38.703,37.92,38.226,255996.83485704
2021-11-30 22:00:00,38.215,38.587,38.138,38.417,131209.35611385
2021-11-30 23:00:00,38.4,38.529,37.893,37.973,186703.7926328
2021-12-01 00:00:00,37.976,38.829,37.662,38.665,442497.62343718
2021-12-01 01:00:00,38.665,38.665,37.97,38.161,232369.53037764
2021-12-01 02:00:00,38.137,38.222,37.704,38.166,252804.57136325
2021-12-01 03:00:00,38.161,38.367,38.024,38.327,241687.76363232
2021-12-01 04:00:00,38.326,38.375,37.743,37.788,200431.02348576
2021-12-01 05:00:00,37.791,37.854,37.55,37.608,171906.64482293
2021-12-01 06:00:00,37.617,37.928,37.436,37.777,187635.21370427
2021-12-01 07:00:00,37.761,38.15,37.671,37.837,241586.72698167
2021-12-01 08:00:00,37.853,38.108,37.436,37.523,384085.02633855
2021-12-01 09:00:00,37.529,37.888,37.412,37.826,191315.58138532
2021-12-01 10:00:00,37.825,37.876,37.371,37.495,134721.44435296
2021-12-01 11:00:00,37.495,37.547,37.203,37.441,202673.83355433
2021-12-01 12:00:00,37.447,37.727,37.281,37.324,171917.96913895
2021-12-01 13:00:00,37.327,37.949,37.295,37.765,223407.79869101
2021-12-01 14:00:00,37.765,38.358,37.741,38.153,292459.34476584
2021-12-01 15:00:00,38.154,38.347,37.887,38.124,254345.21039769
2021-12-01 16:00:00,38.135,38.367,37.954,37.964,490548.33988944
2021-12-01 17:00:00,37.955,38.117,37.491,37.524,188367.56517203
2021-12-01 18:00:00,37.524,37.723,37.4,37.452,237822.39668389
2021-12-01 19:00:00,37.452,37.741,37.07,37.496,212042.35636955
2021-12-01 20:00:00,37.497,37.563,36.577,36.74,413771.24899852
2021-12-01 21:00:00,36.732,36.855,36.25,36.776,260054.15807977
2021-12-01 22:00:00,36.777,36.876,36.483,36.692,83239.90060858
2021-12-01 23:00:00,36.691,36.846,36.646,36.811,152318.98117311
2021-12-02 00:00:00,36.803,36.838,36.161,36.508,241198.2500899
2021-12-02 01:00:00,36.51,36.719,36.179,36.703,244882.30626727
2021-12-02 02:00:00,36.707,36.721,36.339,36.389,132929.75941507
2021-12-02 03:00:00,36.392,36.392,35.097,35.189,741599.20513392
2021-12-02 04:00:00,35.19,35.531,35.175,35.45,349145.68619835
2021-12-02 05:00:00,35.439,35.809,35.411,35.745,156899.1569207
2021-12-02 06:00:00,35.74,35.74,35.355,35.602,294628.99275202
2021-12-02 07:00:00,35.617,35.898,35.586,35.807,139666.99006288
2021-12-02 08:00:00,35.808,36.093,35.776,36.043,251130.18626105
2021-12-02 09:00:00,36.03,36.23,35.878,36.093,321243.17188269
2021-12-02 10:00:00,36.098,36.14,35.748,35.891,176700.37647153
2021-12-02 11:00:00,35.89,35.94,35.428,35.794,308657.58482376
2021-12-02 12:00:00,35.794,36.104,35.493,36.015,284303.23285635
2021-12-02 13:00:00,36.021,36.345,35.752,36.053,257736.86910703
2021-12-02 14:00:00,36.054,36.579,35.971,36.467,257299.38542596
2021-12-02 15:00:00,36.467,36.647,35.752,36.17,402755.17375407
2021-12-02 16:00:00,36.172,36.556,35.663,35.961,339178.03545507
2021-12-02 17:00:00,35.971,36.17,35.908,36.04,156249.483071
2021-12-02 18:00:00,36.046,36.138,35.701,36.138,185749.13825097
2021-12-02 19:00:00,36.138,36.2,35.785,35.88,162748.32764414
2021-12-02 20:00:00,35.88,36.356,35.807,36.285,179453.59634596
2021-12-02 21:00:00,36.289,36.31,36.078,36.238,92426.03590257
2021-12-02 22:00:00,36.241,36.241,35.952,36.118,66188.53680869
2021-12-02 23:00:00,36.108,36.171,35.702,35.787,117863.64348877
2021-12-03 00:00:00,35.782,35.961,35.664,35.749,117891.46052196
2021-12-03 01:00:00,35.749,35.937,35.625,35.843,137912.11819222
2021-12-03 02:00:00,35.835,36.14,35.165,35.342,348257.5718421
2021-12-03 03:00:00,35.348,35.68,35.273,35.544,160504.48775075
2021-12-03 04:00:00,35.531,35.798,35.45,35.636,162677.7729048
2021-12-03 05:00:00,35.622,35.892,35.516,35.686,191995.48786067
2021-12-03 06:00:00,35.686,36.261,35.583,36.06,201572.39451302
2021-12-03 07:00:00,36.06,36.111,35.772,35.926,196208.50135561
2021-12-03 08:00:00,35.925,36.009,35.803,35.986,100606.65670284
2021-12-03 09:00:00,35.982,36.01,35.745,35.96,98803.26625929
2021-12-03 10:00:00,35.985,36.331,35.982,36.157,315215.89611912
2021-12-03 11:00:00,36.157,36.567,36.153,36.507,168341.65782143
2021-12-03 12:00:00,36.506,36.813,36.391,36.467,212400.02727415
2021-12-03 13:00:00,36.467,36.899,36.33,36.42,244419.73238132
2021-12-03 14:00:00,36.421,36.56,35.801,35.887,364189.864836
2021-12-03 15:00:00,35.888,35.955,35.211,35.326,582866.98061434
2021-12-03 16:00:00,35.309,35.31,33.877,34.091,1308321.91877839
2021-12-03 17:00:00,34.095,34.449,33.728,34.243,660041.93455657
2021-12-03 18:00:00,34.243,34.488,33.924,34.371,314486.47362252
2021-12-03 19:00:00,34.367,34.377,33.49,33.609,793954.93674795
2021-12-03 20:00:00,33.609,33.866,32.508,33.79,1961086.72194606
2021-12-03 21:00:00,33.795,34.273,33.723,34.019,248918.35013494
2021-12-03 22:00:00,34.011,34.019,33.545,33.574,189885.62755104
2021-12-03 23:00:00,33.574,34.02,33.574,33.738,147341.95225014
2021-12-04 00:00:00,33.717,33.884,32.854,32.902,318980.55146495
2021-12-04 01:00:00,32.902,33.121,32.462,32.981,523529.32326927
2021-12-04 02:00:00,32.98,33.085,32.396,32.935,276808.80706436
2021-12-04 03:00:00,32.934,32.938,31.319,31.377,578602.29939271
2021-12-04 04:00:00,31.377,32.359,28.61,29.893,2068976.50998201
2021-12-04 05:00:00,29.89,30.177,23.174,27.924,6831841.9503552
2021-12-04 06:00:00,27.912,28.435,26.56,27.35,4889531.8636328
2021-12-04 07:00:00,27.35,27.919,26.582,27.804,2211963.87557565
2021-12-04 08:00:00,27.815,28.503,27.576,28.171,1410076.92518562
2021-12-04 09:00:00,28.177,28.663,27.871,28.455,1091017.87888065
2021-12-04 10:00:00,28.455,28.709,27.765,28.371,1130320.28939688
2021-12-04 11:00:00,28.367,28.4,27.101,27.636,1029672.97588926
2021-12-04 12:00:00,27.637,28.556,27.637,28.12,825878.56545298
2021-12-04 13:00:00,28.123,28.453,27.71,28.429,918692.72394538
2021-12-04 14:00:00,28.429,28.779,28.121,28.681,1024835.33632772
2021-12-04 15:00:00,28.68,29.247,28.607,28.887,692938.8676163
2021-12-04 16:00:00,28.875,29.181,28.151,28.216,436342.41150216
2021-12-04 17:00:00,28.227,28.677,27.919,28.576,489838.83879589
2021-12-04 18:00:00,28.57,29.121,28.472,29.068,486062.40031246
2021-12-04 19:00:00,29.065,29.845,28.954,29.692,426479.09028824
2021-12-04 20:00:00,29.693,29.957,29.345,29.705,427357.50363711
2021-12-04 21:00:00,29.725,29.783,28.872,29.144,484772.96484407
2021-12-04 22:00:00,29.156,29.43,28.665,29.293,327273.7897654
2021-12-04 23:00:00,29.293,29.547,29.052,29.413,320362.6064542
2021-12-05 00:00:00,29.397,29.755,28.321,28.856,728539.90512823
2021-12-05 01:00:00,28.847,28.976,28.398,28.767,570422.06511756
2021-12-05 02:00:00,28.762,29.009,28.422,28.553,362418.00737373
2021-12-05 03:00:00,28.554,29.262,28.399,29.078,500428.26606085
2021-12-05 04:00:00,29.081,29.152,28.449,28.527,352701.36477395
2021-12-05 05:00:00,28.529,29.046,28.459,28.875,377868.30919673
2021-12-05 06:00:00,28.873,28.98,28.547,28.889,344821.27996753
2021-12-05 07:00:00,28.889,28.997,28.28,28.526,399080.8206566
2021-12-05 08:00:00,28.517,28.761,28.331,28.623,331731.4063195
2021-12-05 09:00:00,28.624,28.624,27.967,28.081,374489.86759885
2021-12-05 10:00:00,28.081,28.55,28.023,28.282,271107.00109448
2021-12-05 11:00:00,28.283,28.647,28.188,28.496,291670.76062252
2021-12-05 12:00:00,28.485,28.94,28.27,28.702,443474.76341335
2021-12-05 13:00:00,28.703,28.725,28.305,28.465,280971.58463239
2021-12-05 14:00:00,28.464,28.505,27.451,27.661,1096178.10708032
2021-12-05 15:00:00,27.666,27.969,26.35,26.851,1625745.24569134
2021-12-05 16:00:00,26.846,27.883,26.688,27.666,2058491.79892957
2021-12-05 17:00:00,27.667,28.306,27.359,28.091,896095.90737991
2021-12-05 18:00:00,28.092,28.18,27.783,27.92,466250.75648382
2021-12-05 19:00:00,27.921,27.975,27.302,27.821,594824.16309744
2021-12-05 20:00:00,27.822,28.053,27.5,27.798,506499.5054481
2021-12-05 21:00:00,27.782,28.169,27.306,28.039,708755.79893884
2021-12-05 22:00:00,28.046,28.219,27.613,28.198,374748.19219644
2021-12-05 23:00:00,28.195,28.643,28.063,28.346,592688.49664598
2021-12-06 00:00:00,28.346,28.381,26.648,27.02,1196561.58201992
2021-12-06 01:00:00,27.02,27.6,26.614,27.113,1447950.37261007
2021-12-06 02:00:00,27.117,27.309,26.964,27.079,548712.33731749
2021-12-06 03:00:00,27.084,27.5,27.073,27.402,438970.24046732
2021-12-06 04:00:00,27.397,27.785,27.328,27.569,599189.41172355
2021-12-06 05:00:00,27.569,27.724,26.97,26.993,456390.43811056
2021-12-06 06:00:00,26.994,27.243,26.224,26.252,709869.67725153
2021-12-06 07:00:00,26.252,26.5,25.712,26.293,1465742.99442606
2021-12-06 08:00:00,26.3,27.051,25.854,26.544,1665331.47435839
2021-12-06 09:00:00,26.546,26.689,25.258,25.498,1542876.690216
2021-12-06 10:00:00,25.504,25.826,25.107,25.371,1131325.1014992
2021-12-06 11:00:00,25.371,26.334,24.844,26.309,1836946.3608125
2021-12-06 12:00:00,26.307,26.71,25.913,26.295,891168.70373657
2021-12-06 13:00:00,26.295,26.889,26.109,26.376,722069.93749868
2021-12-06 14:00:00,26.382,26.65,25.825,26.286,1232753.46798149
2021-12-06 15:00:00,26.28,27.138,25.936,27.113,928916.8421861
2021-12-06 16:00:00,27.112,27.414,26.773,27.283,906188.56488867
2021-12-06 17:00:00,27.284,27.369,26.976,27.044,579928.5687494
2021-12-06 18:00:00,27.038,27.201,26.801,27.093,335731.31470349
2021-12-06 19:00:00,27.106,27.344,27.106,27.181,288695.21424638
2021-12-06 20:00:00,27.188,27.425,26.951,27.016,303905.40470555
2021-12-06 21:00:00,27.02,28.215,27.005,27.934,592009.42326573
2021-12-06 22:00:00,27.934,28.672,27.934,28.454,509097.84176836
2021-12-06 23:00:00,28.453,28.96,28.145,28.154,551811.89964836
2021-12-07 00:00:00,28.151,28.341,27.923,28.181,394820.84661551
2021-12-07 01:00:00,28.18,28.587,27.723,28.005,923688.25933476
2021-12-07 02:00:00,28.005,28.254,27.895,28.001,296455.58662697
2021-12-07 03:00:00,28.001,28.353,27.9,28.252,417451.49596821
2021-12-07 04:00:00,28.247,28.499,27.915,28.127,314961.62209432
2021-12-07 05:00:00,28.133,28.288,27.952,28.041,224651.78279029
2021-12-07 06:00:00,28.051,28.701,28.024,28.695,754947.87913808
2021-12-07 07:00:00,28.694,28.774,28.445,28.662,359445.97001758
2021-12-07 08:00:00,28.659,29.094,28.54,29.08,517295.87041526
2021-12-07 09:00:00,29.079,29.259,28.808,28.955,477521.17024134
2021-12-07 10:00:00,28.971,29.298,28.767,29.152,219001.43049633
2021-12-07 11:00:00,29.152,29.973,29.098,29.846,498924.76773966
2021-12-07 12:00:00,29.846,29.988,28.579,28.986,848123.8378139
2021-12-07 13:00:00,28.988,29.289,28.734,29.064,311767.37348603
2021-12-07 14:00:00,29.063,29.679,28.957,29.679,389153.47182617
2021-12-07 15:00:00,29.681,31.109,29.555,30.928,1369444.97681907
2021-12-07 16:00:00,30.937,31.511,30.379,30.834,986144.75643369
2021-12-07 17:00:00,30.834,31.295,30.425,30.78,658269.38485528
2021-12-07 18:00:00,30.779,30.978,30.439,30.719,397927.35450313
2021-12-07 19:00:00,30.715,30.715,30.08,30.281,481591.90536401
2021-12-07 20:00:00,30.29,30.506,29.625,29.856,684036.45924444
2021-12-07 21:00:00,29.861,30.381,29.755,29.945,491852.93093939
2021-12-07 22:00:00,29.945,30.052,29.363,29.586,370679.26016715
2021-12-07 23:00:00,29.594,30.538,29.439,30.487,366106.25656444
2021-12-08 00:00:00,30.489,30.633,29.989,30.307,616535.57061691
2021-12-08 01:00:00,30.3,30.418,29.564,29.687,335882.55203892
2021-12-08 02:00:00,29.694,30.065,29.259,29.297,325110.7130119
2021-12-08 03:00:00,29.304,29.48,28.634,28.841,836086.79385727
2021-12-08 04:00:00,28.841,29.238,28.831,29.054,343555.1926979
2021-12-08 05:00:00,29.055,29.249,28.934,29.043,331380.44788364
2021-12-08 06:00:00,29.043,29.503,29.033,29.415,330722.47132839
2021-12-08 07:00:00,29.411,29.589,29.18,29.396,346033.5862304
2021-12-08 08:00:00,29.378,29.665,29.211,29.416,522537.37794287
2021-12-08 09:00:00,29.429,29.539,28.716,28.731,265894.38437207
2021-12-08 10:00:00,28.732,29.132,28.071,28.175,624823.10487988
2021-12-08 11:00:00,28.175,28.722,28.031,28.502,698819.84279503
2021-12-08 12:00:00,28.503,28.824,28.161,28.757,583679.60107231
2021-12-08 13:00:00,28.753,28.989,28.521,28.563,339052.10864171
2021-12-08 14:00:00,28.563,29.862,28.35,29.77,897785.67624883
2021-12-08 15:00:00,29.763,30.172,29.335,29.596,796695.02302542
2021-12-08 16:00:00,29.593,29.795,29.164,29.315,436722.85629363
2021-12-08 17:00:00,29.332,29.393,29.065,29.288,238459.74651019
2021-12-08 18:00:00,29.289,29.559,29.153,29.49,184880.40935551
2021-12-08 19:00:00,29.489,29.68,29.304,29.445,176977.49302123
2021-12-08 20:00:00,29.445,29.579,29.179,29.465,189374.04987045
2021-12-08 21:00:00,29.463,29.603,29.303,29.455,131399.15279275
2021-12-08 22:00:00,29.454,29.596,29.189,29.265,117403.96730185
2021-12-08 23:00:00,29.279,29.919,29.201,29.85,153604.54092873
2021-12-09 00:00:00,29.85,30.159,29.589,29.645,338715.04737654
2021-12-09 01:00:00,29.645,29.857,29.5,29.52,200311.7143752
2021-12-09 02:00:00,29.522,29.662,28.754,28.998,495663.19657815
2021-12-09 03:00:00,28.997,29.125,28.644,28.843,332465.64889482
2021-12-09 04:00:00,28.83,29.176,28.763,29.163,172455.04626346
2021-12-09 05:00:00,29.163,29.201,28.825,28.863,163640.42301956
2021-12-09 06:00:00,28.863,28.981,28.429,28.695,637098.32614023
2021-12-09 07:00:00,28.705,29.086,28.28,28.829,506846.39332979
2021-12-09 08:00:00,28.837,28.837,28.387,28.712,215466.33672998
2021-12-09 09:00:00,28.712,28.732,28.117,28.519,604201.54430474
2021-12-09 10:00:00,28.505,28.875,28.207,28.703,538921.16219909
2021-12-09 11:00:00,28.703,28.775,28.48,28.611,188695.15411062
2021-12-09 12:00:00,28.602,28.855,28.35,28.727,382662.30612658
2021-12-09 13:00:00,28.732,28.79,28.405,28.666,196105.15190466
2021-12-09 14:00:00,28.666,28.736,27.623,27.745,769501.40011528
2021-12-09 15:00:00,27.735,28.039,27.27,27.731,814217.50954073
2021-12-09 16:00:00,27.731,28.062,27.526,27.676,671292.08807224
2021-12-09 17:00:00,27.67,27.874,27.386,27.453,230845.50009184
2021-12-09 18:00:00,27.453,27.676,26.996,27.231,935880.60399809
2021-12-09 19:00:00,27.236,27.495,27.096,27.279,996500.91308276
2021-12-09 20:00:00,27.28,27.384,26.804,27.114,522597.47969456
2021-12-09 21:00:00,27.112,27.454,26.976,27.337,315914.39651169
2021-12-09 22:00:00,27.34,27.615,27.12,27.238,284960.05499222
2021-12-09 23:00:00,27.238,27.385,26.92,26.939,453416.2193873
2021-12-10 00:00:00,26.935,27.683,26.693,27.208,981443.27132892
2021-12-10 01:00:00,27.213,27.533,26.94,27.407,870611.3133103
2021-12-10 02:00:00,27.405,27.67,27.276,27.576,233911.83308626
2021-12-10 03:00:00,27.586,27.618,27.233,27.325,184920.55861438
2021-12-10 04:00:00,27.325,27.497,27.05,27.05,508798.54760996
2021-12-10 05:00:00,27.05,27.241,26.842,27.072,411428.44445766
2021-12-10 06:00:00,27.072,27.422,26.521,26.692,718473.35006651
2021-12-10 07:00:00,26.673,26.761,26.055,26.487,1185020.98065531
2021-12-10 08:00:00,26.494,26.753,26.364,26.646,358743.68530656
2021-12-10 09:00:00,26.641,26.849,26.346,26.818,299218.30341678
2021-12-10 10:00:00,26.818,26.925,26.651,26.703,241648.67073367
2021-12-10 11:00:00,26.703,27.448,26.681,27.383,647991.74245238
2021-12-10 12:00:00,27.383,28.036,27.325,28.012,461165.38870957
2021-12-10 13:00:00,28.013,28.39,27.641,28.203,699307.46100307
2021-12-10 14:00:00,28.208,28.435,26.711,26.8,845970.98995709
2021-12-10 15:00:00,26.786,26.921,26.133,26.3,1200062.81097945
2021-12-10 16:00:00,26.299,26.373,25.7,26.088,1106244.32953653
2021-12-10 17:00:00,26.096,26.3,25.76,26.231,537355.4960514
2021-12-10 18:00:00,26.232,26.509,26.046,26.147,378306.33935975
2021-12-10 19:00:00,26.141,26.479,25.97,26.446,284582.63295951
2021-12-10 20:00:00,26.437,26.939,26.413,26.9,306835.15777297
2021-12-10 21:00:00,26.904,27.59,26.806,27.155,831988.84671658
2021-12-10 22:00:00,27.154,27.343,26.745,26.858,263259.93461983
2021-12-10 23:00:00,26.87,27.223,26.33,26.429,945571.2876787
2021-12-11 00:00:00,26.43,27.563,25.792,26.988,1743241.163275
2021-12-11 01:00:00,26.989,28.119,26.901,27.476,992873.82555809
2021-12-11 02:00:00,27.477,27.672,27.172,27.522,251022.39207226
2021-12-11 03:00:00,27.512,27.88,27.374,27.399,413783.30837073
2021-12-11 04:00:00,27.398,27.91,27.393,27.868,253627.5580599
2021-12-11 05:00:00,27.868,27.979,27.647,27.74,319875.75847899
2021-12-11 06:00:00,27.745,28.2,27.448,27.472,452992.29189918
2021-12-11 07:00:00,27.472,27.846,27.401,27.686,220647.6221453
2021-12-11 08:00:00,27.688,28.124,27.514,27.725,617239.4059943
2021-12-11 09:00:00,27.729,27.89,27.438,27.851,263913.22936593
2021-12-11 10:00:00,27.851,28.025,27.763,27.795,218027.23317609
2021-12-11 11:00:00,27.795,27.833,27.117,27.185,293096.21533731
2021-12-11 12:00:00,27.192,27.508,27.033,27.47,268825.35206041
2021-12-11 13:00:00,27.464,27.601,27.128,27.284,353559.07914679
2021-12-11 14:00:00,27.283,27.373,27.05,27.331,286459.21145889
2021-12-11 15:00:00,27.321,27.673,27.321,27.552,272305.69765513
2021-12-11 16:00:00,27.553,28.021,27.491,27.722,420046.44434101
2021-12-11 17:00:00,27.722,27.81,27.516,27.656,186145.02045621
2021-12-11 18:00:00,27.665,27.792,27.601,27.64,292321.46064699
2021-12-11 19:00:00,27.636,27.874,27.534,27.803,400676.64110248
2021-12-11 20:00:00,27.803,28.05,27.556,27.604,397199.1735413
2021-12-11 21:00:00,27.605,27.655,27.276,27.594,181417.07487248
2021-12-11 22:00:00,27.596,27.893,27.556,27.743,131458.97508775
2021-12-11 23:00:00,27.743,27.996,27.676,27.834,272999.21112316
2021-12-12 00:00:00,27.834,27.958,27.64,27.804,281743.63414718
2021-12-12 01:00:00,27.798,28.009,27.6,27.647,238515.06571561
2021-12-12 02:00:00,27.644,27.824,27.572,27.622,267377.44230875
2021-12-12 03:00:00,27.617,27.843,27.577,27.749,166001.44378798
2021-12-12 04:00:00,27.75,27.809,27.337,27.4,342717.85612861
2021-12-12 05:00:00,27.386,27.547,27.318,27.365,193851.53498087
2021-12-12 06:00:00,27.365,27.864,27.312,27.805,207047.60099218
2021-12-12 07:00:00,27.805,27.942,27.738,27.771,151047.81855622
2021-12-12 08:00:00,27.771,27.791,27.357,27.475,166766.04655715
2021-12-12 09:00:00,27.474,27.741,27.391,27.501,203347.52916492
2021-12-12 10:00:00,27.501,27.999,27.368,27.905,271290.29170901
2021-12-12 11:00:00,27.903,28.478,27.856,28.34,373628.72754788
2021-12-12 12:00:00,28.339,28.5,28.253,28.371,346023.78513955
2021-12-12 13:00:00,28.37,28.75,28.304,28.644,349098.10779761
2021-12-12 14:00:00,28.639,28.826,28.462,28.769,288037.03766967
2021-12-12 15:00:00,28.758,28.786,28.547,28.605,161283.11878174
2021-12-12 16:00:00,28.605,28.776,28.54,28.765,149806.00978554
2021-12-12 17:00:00,28.76,29.33,28.736,29.309,505479.54440292
2021-12-12 18:00:00,29.314,29.626,29.314,29.571,435028.19419481
2021-12-12 19:00:00,29.563,29.725,29.458,29.505,224253.18231077
2021-12-12 20:00:00,29.505,29.68,29.439,29.483,149053.11467193
2021-12-12 21:00:00,29.484,29.518,29.071,29.183,289066.46224442
2021-12-12 22:00:00,29.184,30.0,29.163,29.776,473363.24143998
2021-12-12 23:00:00,29.777,29.909,29.501,29.539,277082.40176256
2021-12-13 00:00:00,29.532,29.854,28.882,29.008,630059.56660515
2021-12-13 01:00:00,29.019,29.065,28.397,28.437,782266.85309586
2021-12-13 02:00:00,28.437,29.018,28.377,28.942,1233970.26391298
2021-12-13 03:00:00,28.943,29.458,28.874,29.025,408581.24771613
2021-12-13 04:00:00,29.033,29.033,28.711,28.893,365379.05281388
2021-12-13 05:00:00,28.893,29.073,28.586,28.914,328640.26709995
2021-12-13 06:00:00,28.913,29.049,28.134,28.184,461239.94494743
2021-12-13 07:00:00,28.176,28.294,27.911,28.017,651429.16925471
2021-12-13 08:00:00,28.012,28.494,27.599,28.2,469392.6096724
2021-12-13 09:00:00,28.191,28.235,27.934,28.147,234025.45423147
2021-12-13 10:00:00,28.147,28.233,27.751,27.947,478646.40075334
2021-12-13 11:00:00,27.949,28.197,27.856,28.17,182552.17885566
2021-12-13 12:00:00,28.161,28.344,27.839,27.921,433930.44140199
2021-12-13 13:00:00,27.927,27.932,27.51,27.711,500270.63179551
2021-12-13 14:00:00,27.709,27.711,26.665,26.954,1163169.28348506
2021-12-13 15:00:00,26.954,26.954,26.264,26.518,1096355.36799659
2021-12-13 16:00:00,26.517,26.914,26.334,26.565,1096952.43801221
2021-12-13 17:00:00,26.562,26.987,26.501,26.694,539602.01591208
2021-12-13 18:00:00,26.694,26.822,26.496,26.587,261653.09572904
2021-12-13 19:00:00,26.577,26.577,25.515,26.149,1752704.52194013
2021-12-13 20:00:00,26.156,26.312,25.777,25.991,597652.17073812
2021-12-13 21:00:00,25.999,26.403,25.745,26.278,765992.83509385
2021-12-13 22:00:00,26.279,26.499,26.183,26.299,284863.49507678
2021-12-13 23:00:00,26.295,26.399,25.901,25.975,324590.21073113
2021-12-14 00:00:00,25.969,26.398,25.674,26.22,615431.19542846
2021-12-14 01:00:00,26.217,26.254,25.809,26.172,377918.99002392
2021-12-14 02:00:00,26.166,26.363,26.026,26.296,318850.32509882
2021-12-14 03:00:00,26.297,26.465,26.169,26.355,390577.10938094
2021-12-14 04:00:00,26.355,26.524,26.094,26.193,399196.26580415
2021-12-14 05:00:00,26.193,26.296,25.9,25.92,383733.12109909
2021-12-14 06:00:00,25.92,26.11,25.41,25.872,641189.7278207
2021-12-14 07:00:00,25.874,26.072,25.724,26.06,369002.38517938
2021-12-14 08:00:00,26.06,26.334,25.982,26.268,502332.80828482
2021-12-14 09:00:00,26.268,26.32,25.667,25.68,365091.00244416
2021-12-14 10:00:00,25.683,26.09,25.664,26.072,361401.09974938
2021-12-14 11:00:00,26.068,26.341,25.94,26.315,378679.43296288
2021-12-14 12:00:00,26.326,26.718,26.198,26.201,677848.97940233
2021-12-14 13:00:00,26.203,26.373,25.7,25.92,506283.08872479
2021-12-14 14:00:00,25.919,26.049,25.6,25.971,539076.05073072
2021-12-14 15:00:00,25.968,26.249,25.48,25.661,632800.18753742
2021-12-14 16:00:00,25.666,26.004,25.486,25.65,587925.41407815
2021-12-14 17:00:00,25.66,25.854,25.503,25.526,404903.20164828
2021-12-14 18:00:00,25.534,25.81,24.984,25.172,678386.4394356
2021-12-14 19:00:00,25.173,25.583,25.136,25.374,345173.37706306
2021-12-14 20:00:00,25.378,25.972,25.364,25.902,567669.0349295
2021-12-14 21:00:00,25.906,26.476,25.797,26.151,688565.97803103
2021-12-14 22:00:00,26.145,26.268,25.912,26.065,254728.92878283
2021-12-14 23:00:00,26.062,26.392,25.93,26.144,514612.22170007
2021-12-15 00:00:00,26.14,26.39,25.956,26.155,765813.86509938
2021-12-15 01:00:00,26.148,26.163,25.952,25.995,323972.50352398
2021-12-15 02:00:00,26.002,26.109,25.759,26.029,391498.17680109
2021-12-15 03:00:00,26.037,26.352,25.956,26.316,345568.78869592
2021-12-15 04:00:00,26.311,26.501,26.123,26.316,457521.21396069
2021-12-15 05:00:00,26.31,26.362,26.027,26.079,340322.19569333
2021-12-15 06:00:00,26.084,26.234,26.043,26.092,303280.09713027
2021-12-15 07:00:00,26.091,26.327,25.767,26.29,854027.21167511
2021-12-15 08:00:00,26.293,26.66,26.244,26.393,578040.09973223
2021-12-15 09:00:00,26.394,26.454,25.953,26.272,704505.32260895
2021-12-15 10:00:00,26.27,26.344,25.952,26.003,446318.41370253
2021-12-15 11:00:00,26.011,26.08,25.829,25.923,210625.05414482
2021-12-15 12:00:00,25.912,26.09,25.501,25.509,420358.22080037
2021-12-15 13:00:00,25.516,25.629,25.349,25.492,408050.37782122
2021-12-15 14:00:00,25.495,25.595,25.056,25.199,394857.87322553
2021-12-15 15:00:00,25.194,25.271,24.417,24.465,1219300.24755913
2021-12-15 16:00:00,24.464,24.758,24.26,24.611,764403.75885062
2021-12-15 17:00:00,24.605,24.867,24.552,24.725,441301.95949477
2021-12-15 18:00:00,24.724,25.916,24.685,25.527,882591.20926891
2021-12-15 19:00:00,25.527,27.454,25.158,27.064,3051754.56358211
2021-12-15 20:00:00,27.064,28.066,26.962,27.589,1501611.38376783
2021-12-15 21:00:00,27.598,27.777,27.049,27.059,632795.46897567
2021-12-15 22:00:00,27.06,27.124,26.616,26.654,270115.54592675
2021-12-15 23:00:00,26.656,27.264,26.656,27.152,483563.84651925
2021-12-16 00:00:00,27.159,27.868,27.159,27.57,576328.47931829
2021-12-16 01:00:00,27.569,27.628,27.282,27.324,310714.48403268
2021-12-16 02:00:00,27.332,27.357,26.969,27.155,270570.64494084
2021-12-16 03:00:00,27.155,27.225,26.838,26.915,187821.01218036
2021-12-16 04:00:00,26.916,27.132,26.701,27.002,250607.92162207
2021-12-16 05:00:00,27.007,27.258,26.706,26.718,231708.16640669
2021-12-16 06:00:00,26.725,26.975,26.652,26.951,212760.37192365
2021-12-16 07:00:00,26.952,27.325,26.906,26.929,462896.68681073
2021-12-16 08:00:00,26.92,27.101,26.8,26.976,298869.05793605
2021-12-16 09:00:00,26.966,27.261,26.913,27.193,231168.13659662
2021-12-16 10:00:00,27.194,27.538,27.156,27.332,479590.85449727
2021-12-16 11:00:00,27.336,27.76,27.19,27.58,468885.49221405
2021-12-16 12:00:00,27.58,27.695,26.967,27.022,433509.30148322
2021-12-16 13:00:00,27.017,27.435,26.847,27.345,379868.71436356
2021-12-16 14:00:00,27.351,27.351,27.001,27.002,358452.10133472
2021-12-16 15:00:00,27.006,27.448,26.736,27.425,597241.42833494
2021-12-16 16:00:00,27.425,27.711,27.222,27.581,636271.33059707
2021-12-16 17:00:00,27.573,27.712,26.569,26.643,524054.94791998
2021-12-16 18:00:00,26.64,26.904,26.131,26.34,657035.41421231
2021-12-16 19:00:00,26.339,26.721,26.06,26.239,690726.29744899
2021-12-16 20:00:00,26.233,27.025,26.183,26.439,639152.48712122
2021-12-16 21:00:00,26.441,26.619,26.377,26.437,158906.71589411
2021-12-16 22:00:00,26.413,26.849,25.713,26.769,992824.33084468
2021-12-16 23:00:00,26.773,26.832,25.925,26.012,774794.59923805
2021-12-17 00:00:00,26.024,26.202,25.882,26.119,435484.22055111
2021-12-17 01:00:00,26.113,26.218,25.941,26.094,201581.64217791
2021-12-17 02:00:00,26.093,26.116,25.672,26.041,672061.908117
2021-12-17 03:00:00,26.04,26.049,25.773,25.876,399214.53070951
2021-12-17 04:00:00,25.878,26.089,25.68,25.947,538529.97184749
2021-12-17 05:00:00,25.948,25.99,25.626,25.743,379790.99532254
2021-12-17 06:00:00,25.744,25.806,25.591,25.598,214530.8930882
2021-12-17 07:00:00,25.603,25.617,25.135,25.45,728089.14422659
2021-12-17 08:00:00,25.441,25.667,25.375,25.635,322855.49180993
2021-12-17 09:00:00,25.63,25.645,25.247,25.334,255650.54479228
2021-12-17 10:00:00,25.334,25.338,24.663,25.001,810027.72055963
2021-12-17 11:00:00,24.998,25.145,24.819,24.942,311876.48006339
2021-12-17 12:00:00,24.941,25.146,24.761,24.961,303756.7993326
2021-12-17 13:00:00,24.951,25.217,24.839,24.888,448725.20914448
2021-12-17 14:00:00,24.894,24.944,24.132,24.571,1274137.26816684
2021-12-17 15:00:00,24.572,25.019,24.285,24.971,917584.14429803
2021-12-17 16:00:00,24.971,25.51,24.843,25.221,1131108.50177322
2021-12-17 17:00:00,25.221,25.223,24.745,24.853,455730.56756292
2021-12-17 18:00:00,24.853,24.943,24.66,24.907,281466.3404834
2021-12-17 19:00:00,24.921,24.997,24.795,24.817,285027.34802541
2021-12-17 20:00:00,24.816,24.862,24.43,24.435,384126.22495616
2021-12-17 21:00:00,24.432,24.992,24.396,24.841,358414.56892561
2021-12-17 22:00:00,24.844,24.964,24.24,24.803,451874.38300069
2021-12-17 23:00:00,24.807,24.861,24.581,24.644,238932.72654873
2021-12-18 00:00:00,24.645,24.912,24.354,24.886,480814.35997943
2021-12-18 01:00:00,24.891,24.919,24.312,24.341,420360.56414034
2021-12-18 02:00:00,24.34,24.58,24.212,24.276,321968.46841567
2021-12-18 03:00:00,24.276,24.944,24.264,24.708,449033.8529608
2021-12-18 04:00:00,24.705,24.9,24.57,24.84,290897.01149789
2021-12-18 05:00:00,24.84,25.147,24.728,24.937,344631.53528509
2021-12-18 06:00:00,24.937,25.074,24.727,24.762,294930.19802689
2021-12-18 07:00:00,24.761,25.006,24.732,24.945,163086.89825896
2021-12-18 08:00:00,24.943,25.137,24.842,24.904,409382.58151723
2021-12-18 09:00:00,24.904,25.416,24.904,25.379,459794.33956398
2021-12-18 10:00:00,25.382,25.538,25.222,25.49,366752.23900229
2021-12-18 11:00:00,25.491,25.536,25.165,25.274,535434.25588802
2021-12-18 12:00:00,25.275,25.377,25.068,25.198,328824.59540046
2021-12-18 13:00:00,25.194,25.28,24.925,24.955,399772.98123112
2021-12-18 14:00:00,24.952,25.339,24.939,25.301,350275.31977098
2021-12-18 15:00:00,25.302,25.463,25.142,25.27,417930.66876023
2021-12-18 16:00:00,25.27,25.315,25.032,25.053,339836.45175681
2021-12-18 17:00:00,25.054,25.18,25.017,25.121,252571.93698754
2021-12-18 18:00:00,25.127,25.367,25.091,25.326,340227.23626816
2021-12-18 19:00:00,25.331,25.508,25.039,25.46,529313.35767997
2021-12-18 20:00:00,25.461,25.476,25.282,25.437,222689.68007301
2021-12-18 21:00:00,25.446,25.684,25.408,25.67,222972.2281705
2021-12-18 22:00:00,25.671,25.749,25.404,25.442,189950.17813706
2021-12-18 23:00:00,25.441,25.623,25.348,25.49,298131.81163209
2021-12-19 00:00:00,25.49,25.532,24.863,25.095,1167855.27062209
2021-12-19 01:00:00,25.095,25.236,24.8,25.096,627727.42753844
2021-12-19 02:00:00,25.099,25.336,25.007,25.319,326490.36435948
2021-12-19 03:00:00,25.319,25.699,25.316,25.569,681925.97946058
2021-12-19 04:00:00,25.569,25.846,25.569,25.726,355108.63172265
2021-12-19 05:00:00,25.722,25.778,25.43,25.485,253834.55842709
2021-12-19 06:00:00,25.484,25.559,25.384,25.401,238894.25174632
2021-12-19 07:00:00,25.4,25.519,25.359,25.396,160791.48163453
2021-12-19 08:00:00,25.399,25.456,25.277,25.304,240083.66154893
2021-12-19 09:00:00,25.302,25.347,25.037,25.163,335262.61801893
2021-12-19 10:00:00,25.162,25.18,24.819,25.068,448521.54074237
2021-12-19 11:00:00,25.07,25.126,24.935,25.092,222711.78137357
2021-12-19 12:00:00,25.094,25.163,24.928,25.157,290779.94323869
2021-12-19 13:00:00,25.157,25.33,24.918,25.314,458058.30632858
2021-12-19 14:00:00,25.315,25.524,24.936,25.189,746604.84646239
2021-12-19 15:00:00,25.197,25.219,25.019,25.08,157002.74558943
2021-12-19 16:00:00,25.086,25.281,25.027,25.092,235049.16518348
2021-12-19 17:00:00,25.085,25.141,24.951,25.019,233227.08884078
2021-12-19 18:00:00,25.01,25.01,24.701,24.99,215247.67431334
2021-12-19 19:00:00,24.99,25.029,24.681,24.759,267273.08500569
2021-12-19 20:00:00,24.759,24.915,24.636,24.821,217401.44455614
2021-12-19 21:00:00,24.823,24.933,24.749,24.797,167451.78754679
2021-12-19 22:00:00,24.796,25.144,24.736,25.074,213016.29426863
2021-12-19 23:00:00,25.073,25.129,24.729,24.772,301670.76900527
2021-12-20 00:00:00,24.772,24.811,24.401,24.805,576093.18114617
2021-12-20 01:00:00,24.806,25.017,24.459,24.62,854340.21857386
2021-12-20 02:00:00,24.619,24.819,24.512,24.633,389353.16458233
2021-12-20 03:00:00,24.617,24.729,24.481,24.579,356117.12964775
2021-12-20 04:00:00,24.581,24.784,24.561,24.777,290879.44442309
2021-12-20 05:00:00,24.778,24.877,24.271,24.323,387668.11342322
2021-12-20 06:00:00,24.319,24.483,24.223,24.468,333669.18050914
2021-12-20 07:00:00,24.463,24.463,24.195,24.368,361025.03445416
2021-12-20 08:00:00,24.368,24.484,24.13,24.225,298107.67396165
2021-12-20 09:00:00,24.234,24.267,23.665,23.742,786105.94970506
2021-12-20 10:00:00,23.743,24.041,23.74,23.794,345995.00023515
2021-12-20 11:00:00,23.793,23.975,23.758,23.955,255142.00907045
2021-12-20 12:00:00,23.956,23.963,23.502,23.608,452758.8674395
2021-12-20 13:00:00,23.607,23.779,23.37,23.55,574217.29097748
2021-12-20 14:00:00,23.552,23.948,23.227,23.938,903906.82732301
2021-12-20 15:00:00,23.939,23.939,23.485,23.548,499107.53397184
2021-12-20 16:00:00,23.547,23.87,23.458,23.86,489786.08902391
2021-12-20 17:00:00,23.859,23.872,23.604,23.666,345503.65178804
2021-12-20 18:00:00,23.666,23.824,23.627,23.811,234856.49473855
2021-12-20 19:00:00,23.814,24.17,23.803,24.132,456941.2403152
2021-12-20 20:00:00,24.132,24.491,24.132,24.434,502127.46785672
2021-12-20 21:00:00,24.444,24.65,24.184,24.196,396549.73858928
2021-12-20 22:00:00,24.197,24.289,24.009,24.073,191737.41818276
2021-12-20 23:00:00,24.074,24.279,24.019,24.055,300772.90882018
2021-12-21 00:00:00,24.073,24.147,23.855,23.918,409489.45302256
2021-12-21 01:00:00,23.913,24.023,23.73,23.939,398836.80155527
2021-12-21 02:00:00,23.937,24.002,23.783,23.874,234669.32488441
2021-12-21 03:00:00,23.876,24.511,23.844,24.45,662231.87757852
2021-12-21 04:00:00,24.447,24.831,24.447,24.508,683715.64825979
2021-12-21 05:00:00,24.507,24.669,24.294,24.405,417470.84878964
2021-12-21 06:00:00,24.404,24.563,24.285,24.554,361295.24876978
2021-12-21 07:00:00,24.554,24.559,24.372,24.49,272302.9060811
2021-12-21 08:00:00,24.49,24.703,24.42,24.641,411390.91602748
2021-12-21 09:00:00,24.641,24.687,24.504,24.595,360728.01165781
2021-12-21 10:00:00,24.602,24.845,24.568,24.692,204613.13615059
2021-12-21 11:00:00,24.691,24.955,24.634,24.952,255115.47192839
2021-12-21 12:00:00,24.953,25.212,24.839,25.037,681338.45170607
2021-12-21 13:00:00,25.036,25.347,24.856,25.263,459040.53673865
2021-12-21 14:00:00,25.262,25.328,24.928,24.993,332204.03788498
2021-12-21 15:00:00,24.993,25.073,24.661,24.807,442363.17248486
2021-12-21 16:00:00,24.808,24.959,24.728,24.835,451170.02121349
2021-12-21 17:00:00,24.833,25.06,24.801,24.877,227201.38337594
2021-12-21 18:00:00,24.876,24.992,24.845,24.886,174865.31857996
2021-12-21 19:00:00,24.879,25.124,24.877,25.118,188056.15426311
2021-12-21 20:00:00,25.123,25.185,24.973,25.108,215603.41454779
2021-12-21 21:00:00,25.107,25.467,25.073,25.446,290929.36520309
2021-12-21 22:00:00,25.447,25.59,25.35,25.568,200197.31475474
2021-12-21 23:00:00,25.566,25.566,25.134,25.15,210252.2402604
2021-12-22 00:00:00,25.15,25.315,24.977,25.0,278417.37457665
2021-12-22 01:00:00,24.999,25.244,24.985,25.194,178266.98552543
2021-12-22 02:00:00,25.19,25.62,25.14,25.509,406025.46891646
2021-12-22 03:00:00,25.51,25.922,25.507,25.821,396191.66656157
2021-12-22 04:00:00,25.821,26.002,25.694,25.938,262672.82457307
2021-12-22 05:00:00,25.938,25.945,25.562,25.617,372867.05388069
2021-12-22 06:00:00,25.62,25.924,25.594,25.793,249387.19346513
2021-12-22 07:00:00,25.796,26.157,25.796,26.069,384626.25858493
2021-12-22 08:00:00,26.072,26.545,26.068,26.35,659371.90964429
2021-12-22 09:00:00,26.341,26.373,25.943,26.125,348942.64198992
2021-12-22 10:00:00,26.122,26.613,26.037,26.485,370173.71684013
2021-12-22 11:00:00,26.484,26.843,26.479,26.643,371412.19752923
2021-12-22 12:00:00,26.658,26.947,26.002,26.159,754585.06465841
2021-12-22 13:00:00,26.133,26.526,26.105,26.526,407570.56843088
2021-12-22 14:00:00,26.525,27.325,26.497,27.16,486241.50673688
2021-12-22 15:00:00,27.17,27.348,27.044,27.309,377122.30066004
2021-12-22 16:00:00,27.309,27.729,27.113,27.52,612228.1637252
2021-12-22 17:00:00,27.515,27.768,27.128,27.311,380976.44322642
2021-12-22 18:00:00,27.297,27.772,27.274,27.454,411169.40965351
2021-12-22 19:00:00,27.449,27.969,27.338,27.853,335248.10131205
2021-12-22 20:00:00,27.854,27.897,27.608,27.891,296788.60483768
2021-12-22 21:00:00,27.896,28.227,27.872,28.085,449790.46604232
2021-12-22 22:00:00,28.077,28.083,27.723,27.723,146262.02571491
2021-12-22 23:00:00,27.723,27.733,26.897,27.216,482363.55770482
2021-12-23 00:00:00,27.216,27.458,26.829,27.324,650879.35344879
2021-12-23 01:00:00,27.323,28.305,27.207,28.288,476043.15036404
2021-12-23 02:00:00,28.284,28.487,27.765,27.791,734291.184182
2021-12-23 03:00:00,27.792,28.205,27.581,28.114,332893.71232634
2021-12-23 04:00:00,28.113,28.113,27.581,27.634,272476.18202197
2021-12-23 05:00:00,27.634,27.855,27.443,27.556,278218.7191929
2021-12-23 06:00:00,27.555,27.789,27.407,27.566,220265.85807832
2021-12-23 07:00:00,27.579,27.667,26.996,27.149,420968.60688129
2021-12-23 08:00:00,27.157,27.458,27.12,27.422,375979.95384836
2021-12-23 09:00:00,27.422,27.48,26.933,27.28,443590.50647334
2021-12-23 10:00:00,27.276,27.407,27.027,27.154,230396.98529019
2021-12-23 11:00:00,27.154,27.335,26.725,26.873,461553.95791146
2021-12-23 12:00:00,26.872,27.214,26.701,27.133,357713.48758822
2021-12-23 13:00:00,27.139,27.563,27.137,27.382,326326.25279852
2021-12-23 14:00:00,27.375,27.558,27.168,27.399,261997.64727407
2021-12-23 15:00:00,27.396,28.257,27.368,28.05,469265.31129452
2021-12-23 16:00:00,28.056,28.196,27.49,27.927,561006.69456868
2021-12-23 17:00:00,27.92,28.563,27.751,28.436,714322.48739871
2021-12-23 18:00:00,28.437,29.015,28.437,28.911,811270.77871957
2021-12-23 19:00:00,28.911,29.84,28.817,29.461,1549398.46620678
2021-12-23 20:00:00,29.469,29.559,29.108,29.332,506839.24235506
2021-12-23 21:00:00,29.34,29.476,29.143,29.316,330228.15690428
2021-12-23 22:00:00,29.317,29.528,29.15,29.15,294147.87602873
2021-12-23 23:00:00,29.15,29.336,28.906,29.181,313461.93048976
2021-12-24 00:00:00,29.181,29.208,28.901,29.107,266607.59766112
2021-12-24 01:00:00,29.101,29.335,28.967,29.013,333474.68212097
2021-12-24 02:00:00,29.016,29.313,28.972,29.008,398574.02957553
2021-12-24 03:00:00,29.007,29.092,28.703,28.979,344321.1025803
2021-12-24 04:00:00,28.961,29.135,28.925,28.972,182752.59262844
2021-12-24 05:00:00,28.983,28.983,28.599,28.874,250298.86842042
2021-12-24 06:00:00,28.866,29.02,28.59,28.897,242492.8017075
2021-12-24 07:00:00,28.888,29.216,28.793,29.096,243871.28327883
2021-12-24 08:00:00,29.102,29.303,29.011,29.135,230699.91256333
2021-12-24 09:00:00,29.132,29.37,29.1,29.369,172468.62497523
2021-12-24 10:00:00,29.363,29.515,29.241,29.515,231288.08344307
2021-12-24 11:00:00,29.514,29.684,29.051,29.15,358056.27375448
2021-12-24 12:00:00,29.151,29.358,28.934,29.229,401530.64533352
2021-12-24 13:00:00,29.229,29.361,29.019,29.228,221234.97448042
2021-12-24 14:00:00,29.216,29.506,29.041,29.072,291983.68658989
2021-12-24 15:00:00,29.071,29.071,28.363,28.971,789992.48068219
2021-12-24 16:00:00,28.972,29.369,28.773,29.064,504324.15452713
2021-12-24 17:00:00,29.062,29.223,28.7,29.151,290210.07392083
2021-12-24 18:00:00,29.155,29.492,29.065,29.385,370547.18208942
2021-12-24 19:00:00,29.386,29.538,28.794,28.838,373886.3141485
2021-12-24 20:00:00,28.838,29.032,28.623,29.01,382337.56388216
2021-12-24 21:00:00,29.017,29.06,28.818,28.881,191056.76359175
2021-12-24 22:00:00,28.892,28.913,28.015,28.317,267682.9839841
2021-12-24 23:00:00,28.323,28.326,27.851,28.165,415724.09373924
2021-12-25 00:00:00,28.167,28.589,27.966,28.546,275178.17936827
2021-12-25 01:00:00,28.551,28.59,28.09,28.313,260797.41905183
2021-12-25 02:00:00,28.301,28.522,28.216,28.22,171950.22649076
2021-12-25 03:00:00,28.215,28.411,28.191,28.216,166623.89807999
2021-12-25 04:00:00,28.21,28.432,28.173,28.263,167929.0650229
2021-12-25 05:00:00,28.282,28.551,28.273,28.479,242805.93105513
2021-12-25 06:00:00,28.478,28.566,28.15,28.545,215479.50066796
2021-12-25 07:00:00,28.544,28.739,28.428,28.571,142477.25342908
2021-12-25 08:00:00,28.57,28.756,28.474,28.692,121595.56996877
2021-12-25 09:00:00,28.692,28.804,28.489,28.489,149101.88714968
2021-12-25 10:00:00,28.49,28.587,28.277,28.36,229870.53385055
2021-12-25 11:00:00,28.365,28.504,28.27,28.347,142028.19806139
2021-12-25 12:00:00,28.348,28.488,28.329,28.348,162974.39229319
2021-12-25 13:00:00,28.345,28.495,28.214,28.427,192121.64887432
2021-12-25 14:00:00,28.428,28.454,28.26,28.307,122529.88461018
2021-12-25 15:00:00,28.307,28.468,28.137,28.414,217423.16582853
2021-12-25 16:00:00,28.42,28.589,28.263,28.457,258567.75948147
2021-12-25 17:00:00,28.466,28.551,28.089,28.489,372657.42696886
2021-12-25 18:00:00,28.489,28.789,28.426,28.673,274272.45454357
2021-12-25 19:00:00,28.686,28.75,28.536,28.735,98013.10743405
2021-12-25 20:00:00,28.734,28.965,28.634,28.888,180906.58819423
2021-12-25 21:00:00,28.876,29.142,28.876,28.929,205875.38371239
2021-12-25 22:00:00,28.933,29.086,28.781,28.888,132415.61358267
2021-12-25 23:00:00,28.888,29.063,28.799,28.866,234226.7245381
2021-12-26 00:00:00,28.871,29.456,28.807,29.213,349791.24561808
2021-12-26 01:00:00,29.204,29.476,29.124,29.351,276514.65243052
2021-12-26 02:00:00,29.355,29.389,28.864,29.027,393411.56096032
2021-12-26 03:00:00,29.027,29.027,28.277,28.421,595905.84164359
2021-12-26 04:00:00,28.421,28.765,28.302,28.729,331924.74075277
2021-12-26 05:00:00,28.712,28.808,28.464,28.541,206758.69608649
2021-12-26 06:00:00,28.54,28.655,28.396,28.481,222195.25926336
2021-12-26 07:00:00,28.479,28.687,28.314,28.586,259198.77837992
2021-12-26 08:00:00,28.591,28.936,28.541,28.737,268234.09983188
2021-12-26 09:00:00,28.736,29.21,28.666,29.19,375723.81307028
2021-12-26 10:00:00,29.187,29.434,28.996,29.429,308861.59832778
2021-12-26 11:00:00,29.426,29.572,28.881,29.187,509860.05375168
2021-12-26 12:00:00,29.186,29.574,29.076,29.366,463243.89276692
2021-12-26 13:00:00,29.372,29.579,29.242,29.473,325726.71940302
2021-12-26 14:00:00,29.474,29.499,29.304,29.45,282673.35551623
2021-12-26 15:00:00,29.444,30.005,29.429,29.886,637515.8837824
2021-12-26 16:00:00,29.889,30.724,29.889,30.592,655768.54196613
2021-12-26 17:00:00,30.593,31.22,30.55,30.93,613711.27983862
2021-12-26 18:00:00,30.93,31.288,30.743,31.021,660415.912563
2021-12-26 19:00:00,31.022,31.204,30.712,30.87,308221.37270911
2021-12-26 20:00:00,30.857,30.96,30.403,30.449,280749.38619044
2021-12-26 21:00:00,30.454,30.952,30.067,30.754,705397.24184411
2021-12-26 22:00:00,30.763,31.747,30.752,31.547,450080.14967077
2021-12-26 23:00:00,31.546,31.633,31.199,31.336,313934.23206505
2021-12-27 00:00:00,31.336,31.869,31.286,31.617,520833.81559049
2021-12-27 01:00:00,31.605,31.879,31.449,31.722,333603.55360989
2021-12-27 02:00:00,31.722,31.777,31.3,31.348,378661.63911926
2021-12-27 03:00:00,31.342,31.605,31.339,31.47,241376.10309009
2021-12-27 04:00:00,31.47,31.475,30.878,31.205,370789.03696623
2021-12-27 05:00:00,31.202,31.266,31.023,31.191,281363.39247077
2021-12-27 06:00:00,31.187,31.814,31.173,31.549,356181.45800803
2021-12-27 07:00:00,31.549,31.752,31.394,31.435,288461.85004202
2021-12-27 08:00:00,31.434,31.62,30.963,30.973,326009.43368616
2021-12-27 09:00:00,30.972,31.473,30.922,31.432,346493.43864277
2021-12-27 10:00:00,31.416,31.604,31.371,31.561,313395.18329285
2021-12-27 11:00:00,31.564,31.637,31.309,31.438,292935.73849619
2021-12-27 12:00:00,31.438,31.685,31.12,31.489,408249.82311926
2021-12-27 13:00:00,31.495,32.736,31.467,32.464,930714.21485727
2021-12-27 14:00:00,32.465,32.641,32.309,32.534,481782.51864192
2021-12-27 15:00:00,32.532,32.608,32.213,32.377,409390.03765774
2021-12-27 16:00:00,32.387,32.792,32.25,32.42,483511.09444374
2021-12-27 17:00:00,32.425,32.692,32.377,32.485,384191.3123283
2021-12-27 18:00:00,32.486,32.677,32.364,32.544,352550.56968631
2021-12-27 19:00:00,32.545,32.659,32.047,32.098,540515.31133322
2021-12-27 20:00:00,32.094,32.235,31.646,32.109,445045.18517709
2021-12-27 21:00:00,32.119,32.123,31.296,31.485,356012.15917654
2021-12-27 22:00:00,31.486,31.686,30.835,31.274,244769.35239803
2021-12-27 23:00:00,31.272,31.4,30.921,30.989,320332.88892078
2021-12-28 00:00:00,30.986,30.989,30.05,30.523,1133435.28097772
2021-12-28 01:00:00,30.509,30.509,29.63,29.975,1028036.01572918
2021-12-28 02:00:00,29.964,30.144,29.639,29.852,611316.71034991
2021-12-28 03:00:00,29.852,29.852,29.251,29.531,795763.50790688
2021-12-28 04:00:00,29.516,29.516,28.704,29.006,1223053.49780566
2021-12-28 05:00:00,29.002,29.361,28.8,29.222,497003.70041758
2021-12-28 06:00:00,29.215,29.488,29.073,29.215,411101.50408221
2021-12-28 07:00:00,29.208,29.309,28.824,29.035,346289.74569891
2021-12-28 08:00:00,29.024,29.382,28.892,29.283,433988.39503363
2021-12-28 09:00:00,29.283,29.401,29.067,29.12,397563.10609261
2021-12-28 10:00:00,29.116,29.42,29.02,29.342,466269.83292709
2021-12-28 11:00:00,29.338,29.823,29.224,29.757,398753.9517072
2021-12-28 12:00:00,29.756,29.922,29.459,29.514,453164.73054944
2021-12-28 13:00:00,29.513,29.754,29.259,29.285,685779.95871925
2021-12-28 14:00:00,29.286,29.435,28.631,29.34,1021972.91657561
2021-12-28 15:00:00,29.327,29.604,29.217,29.463,435326.32508462
2021-12-28 16:00:00,29.462,29.51,28.64,29.223,788872.59217035
2021-12-28 17:00:00,29.223,29.236,28.088,28.688,1110708.62875594
2021-12-28 18:00:00,28.687,28.687,27.901,28.194,827178.7648883
2021-12-28 19:00:00,28.194,28.194,27.449,27.96,782599.20226167
2021-12-28 20:00:00,27.979,28.683,27.814,28.332,724903.02158064
2021-12-28 21:00:00,28.337,28.344,27.82,27.928,407841.01165962
2021-12-28 22:00:00,27.93,28.264,27.751,28.219,271984.21824553
2021-12-28 23:00:00,28.218,28.302,27.819,27.847,326507.79775068
2021-12-29 00:00:00,27.847,28.364,27.803,28.258,447578.94871477
2021-12-29 01:00:00,28.261,28.352,28.044,28.176,313214.76566719
2021-12-29 02:00:00,28.175,28.75,28.132,28.686,328795.23100206
2021-12-29 03:00:00,28.686,28.879,28.606,28.789,298941.22965508
2021-12-29 04:00:00,28.789,28.974,28.261,28.286,332727.01209071
2021-12-29 05:00:00,28.286,28.513,28.041,28.215,267798.48062477
2021-12-29 06:00:00,28.216,28.399,28.016,28.196,285878.48534713
2021-12-29 07:00:00,28.198,28.291,27.769,27.985,446737.46875596
2021-12-29 08:00:00,27.982,28.3,27.937,28.203,390625.3953626
2021-12-29 09:00:00,28.2,28.452,27.844,28.316,550082.24437967
2021-12-29 10:00:00,28.318,28.42,28.12,28.298,315715.27847301
2021-12-29 11:00:00,28.304,28.442,28.031,28.405,314281.34296302
2021-12-29 12:00:00,28.387,28.481,27.483,27.821,1207479.5678295
2021-12-29 13:00:00,27.823,27.99,27.002,27.821,1195253.89177797
2021-12-29 14:00:00,27.818,28.62,27.714,28.549,992469.35364976
2021-12-29 15:00:00,28.555,28.835,28.399,28.762,658127.19387692
2021-12-29 16:00:00,28.762,28.847,28.179,28.509,538218.48542507
2021-12-29 17:00:00,28.507,28.507,28.056,28.156,334613.23909713
2021-12-29 18:00:00,28.161,28.519,28.15,28.266,334709.30491743
2021-12-29 19:00:00,28.273,28.308,27.862,27.998,587237.58889505
2021-12-29 20:00:00,27.999,28.312,27.889,27.932,572418.85958119
2021-12-29 21:00:00,27.941,27.977,27.351,27.515,1196831.73427054
2021-12-29 22:00:00,27.515,27.834,27.273,27.374,489925.4346644
2021-12-29 23:00:00,27.373,27.487,26.463,26.803,1401107.71671947
2021-12-30 00:00:00,26.797,26.889,26.153,26.748,1103065.49232826
2021-12-30 01:00:00,26.753,26.784,26.419,26.644,469696.18916678
2021-12-30 02:00:00,26.644,26.691,26.398,26.653,513100.48060591
2021-12-30 03:00:00,26.656,26.717,26.35,26.384,482309.88346501
2021-12-30 04:00:00,26.392,26.838,26.386,26.621,420000.12981972
2021-12-30 05:00:00,26.617,26.905,26.58,26.874,329815.28068086
2021-12-30 06:00:00,26.877,27.217,26.794,27.14,349067.61248871
2021-12-30 07:00:00,27.13,27.537,27.032,27.372,610096.39156525
2021-12-30 08:00:00,27.374,27.563,27.036,27.063,523316.04227791
2021-12-30 09:00:00,27.065,27.46,27.065,27.17,404546.19033423
2021-12-30 10:00:00,27.171,27.395,27.106,27.279,388132.07142404
2021-12-30 11:00:00,27.279,27.877,27.181,27.79,538168.07913035
2021-12-30 12:00:00,27.792,28.169,27.582,27.982,508188.45353057
2021-12-30 13:00:00,27.979,28.106,27.7,27.703,449800.22573005
2021-12-30 14:00:00,27.702,28.21,27.468,27.963,859968.29219585
2021-12-30 15:00:00,27.96,28.099,27.481,27.524,435107.75643389
2021-12-30 16:00:00,27.525,28.084,27.513,27.99,526379.56355666
2021-12-30 17:00:00,27.99,28.168,27.844,28.127,448586.63995398
2021-12-30 18:00:00,28.128,28.335,27.977,28.242,446884.23272222
2021-12-30 19:00:00,28.244,28.411,28.104,28.199,409113.3119166
2021-12-30 20:00:00,28.196,28.297,27.327,27.512,1099029.68936588
2021-12-30 21:00:00,27.515,27.932,27.274,27.813,408262.51172453
2021-12-30 22:00:00,27.811,27.869,27.241,27.527,287793.75263763
2021-12-30 23:00:00,27.528,27.612,27.299,27.536,358055.65536431
2021-12-31 00:00:00,27.536,27.845,27.251,27.474,512418.21189231
2021-12-31 01:00:00,27.474,27.596,27.079,27.373,488226.45298068
2021-12-31 02:00:00,27.37,27.37,26.41,26.46,769035.80990461
2021-12-31 03:00:00,26.46,26.985,26.434,26.942,445645.96331587
2021-12-31 04:00:00,26.938,27.259,26.893,27.047,385230.97358296
2021-12-31 05:00:00,27.046,27.118,26.745,26.941,341169.54474736
2021-12-31 06:00:00,26.941,27.163,26.809,27.031,310791.3006752
2021-12-31 07:00:00,27.036,27.096,26.595,26.929,373656.64044876
2021-12-31 08:00:00,26.93,28.118,26.813,27.993,910306.89475649
2021-12-31 09:00:00,27.994,28.126,27.773,27.812,542268.86203909
2021-12-31 10:00:00,27.814,27.983,27.649,27.72,461181.86221637
2021-12-31 11:00:00,27.72,27.918,27.55,27.605,334099.82178366
2021-12-31 12:00:00,27.606,27.76,27.55,27.653,268952.74090123
2021-12-31 13:00:00,27.652,27.86,27.617,27.737,212769.07712902
2021-12-31 14:00:00,27.74,27.971,27.63,27.861,380852.88267849
2021-12-31 15:00:00,27.858,27.964,27.724,27.868,307660.8896096
2021-12-31 16:00:00,27.863,28.008,27.215,27.262,518952.05804463
2021-12-31 17:00:00,27.262,27.432,26.795,27.05,616245.66318476
2021-12-31 18:00:00,27.049,27.117,26.603,26.827,875397.62785467
2021-12-31 19:00:00,26.826,26.826,26.245,26.281,950614.34818549
2021-12-31 20:00:00,26.284,26.64,26.244,26.33,607416.77228497
2021-12-31 21:00:00,26.333,26.944,26.331,26.813,511107.28078517
2021-12-31 22:00:00,26.811,27.073,26.664,26.734,184175.51903923
2021-12-31 23:00:00,26.731,26.901,26.606,26.656,262328.46061743
2022-01-01 00:00:00,26.656,27.284,26.656,27.241,396295.98376015
2022-01-01 01:00:00,27.243,27.441,27.11,27.227,289724.15052627
2022-01-01 02:00:00,27.228,27.379,27.113,27.192,236455.67953435
2022-01-01 03:00:00,27.189,27.314,27.143,27.177,129657.30187139
2022-01-01 04:00:00,27.178,27.291,26.869,26.905,309338.67935346
2022-01-01 05:00:00,26.904,27.519,26.834,27.226,448666.94101554
2022-01-01 06:00:00,27.227,27.34,27.128,27.156,267633.61570459
2022-01-01 07:00:00,27.157,27.427,27.111,27.36,217246.05689628
2022-01-01 08:00:00,27.36,27.429,27.235,27.262,230970.14940172
2022-01-01 09:00:00,27.263,27.309,27.071,27.235,198709.28405757
2022-01-01 10:00:00,27.234,27.285,26.851,27.03,368339.54495657
2022-01-01 11:00:00,27.027,27.19,27.004,27.032,234739.30443457
2022-01-01 12:00:00,27.036,27.335,26.918,27.269,334607.73003087
2022-01-01 13:00:00,27.271,27.327,27.124,27.189,194249.62881843
2022-01-01 14:00:00,27.188,27.299,27.113,27.208,244540.3285867
2022-01-01 15:00:00,27.205,27.732,27.167,27.59,404874.96738666
2022-01-01 16:00:00,27.589,27.773,27.461,27.469,394238.82327378
2022-01-01 17:00:00,27.47,27.946,27.47,27.928,351399.00078227
2022-01-01 18:00:00,27.931,28.077,27.798,27.89,310268.53522129
2022-01-01 19:00:00,27.891,28.0,27.837,27.964,239845.12613365
2022-01-01 20:00:00,27.962,28.386,27.962,28.306,301214.44666449
2022-01-01 21:00:00,28.308,28.443,28.186,28.272,297389.41616945
2022-01-01 22:00:00,28.27,28.41,28.108,28.302,171494.66746062
2022-01-01 23:00:00,28.302,28.631,28.202,28.595,287583.76108436
2022-01-02 00:00:00,28.596,28.628,28.145,28.375,359817.54187533
2022-01-02 01:00:00,28.373,28.398,28.091,28.138,247813.35819735
2022-01-02 02:00:00,28.141,28.268,28.057,28.097,195226.24819145
2022-01-02 03:00:00,28.093,28.365,28.084,28.184,146970.71032824
2022-01-02 04:00:00,28.186,28.403,27.796,27.964,406610.59343548
2022-01-02 05:00:00,27.964,28.389,27.913,28.389,310697.07508378
2022-01-02 06:00:00,28.389,28.473,28.252,28.326,227292.80538213
2022-01-02 07:00:00,28.324,28.492,28.258,28.342,213100.57660228
2022-01-02 08:00:00,28.343,28.517,28.152,28.456,278755.82802666
2022-01-02 09:00:00,28.456,28.878,28.401,28.787,358837.40101298
2022-01-02 10:00:00,28.784,28.786,28.616,28.68,164483.6952174
2022-01-02 11:00:00,28.676,28.916,28.641,28.881,216750.91157502
2022-01-02 12:00:00,28.882,29.25,28.666,29.149,438946.69889462
2022-01-02 13:00:00,29.149,29.29,28.915,29.192,355481.1687743
2022-01-02 14:00:00,29.191,29.446,29.126,29.431,333076.82270658
2022-01-02 15:00:00,29.435,29.791,29.307,29.702,617120.12116616
2022-01-02 16:00:00,29.702,30.491,29.629,30.416,874658.31085489
2022-01-02 17:00:00,30.419,30.612,30.109,30.233,711457.89984951
2022-01-02 18:00:00,30.233,30.239,29.251,29.861,1003766.78819174
2022-01-02 19:00:00,29.859,30.112,29.626,29.903,567560.58727375
2022-01-02 20:00:00,29.902,30.136,29.811,29.936,308034.90779734
2022-01-02 21:00:00,29.934,30.046,29.581,29.587,304615.25812246
2022-01-02 22:00:00,29.59,30.067,29.59,29.99,245682.56542002
2022-01-02 23:00:00,29.989,30.054,29.647,29.683,309536.61439961
2022-01-03 00:00:00,29.685,29.985,29.642,29.705,457667.70059468
2022-01-03 01:00:00,29.701,30.292,29.659,29.822,450478.1899186
2022-01-03 02:00:00,29.821,29.821,29.217,29.49,461475.4219836
2022-01-03 03:00:00,29.491,29.555,28.734,28.814,591177.63121099
2022-01-03 04:00:00,28.814,29.083,28.781,28.86,492996.23249598
2022-01-03 05:00:00,28.859,29.1,28.764,29.065,431691.23316338
2022-01-03 06:00:00,29.066,29.104,28.629,28.704,353960.0234517
2022-01-03 07:00:00,28.704,28.931,28.652,28.888,223038.02616384
2022-01-03 08:00:00,28.89,28.996,28.774,28.972,234758.51053745
2022-01-03 09:00:00,28.971,29.294,28.798,29.293,356504.5328277
2022-01-03 10:00:00,29.292,29.573,29.211,29.464,379781.2931006
2022-01-03 11:00:00,29.465,30.08,29.465,30.004,486119.57091677
2022-01-03 12:00:00,30.007,30.424,29.773,29.844,720518.05676387
2022-01-03 13:00:00,29.844,30.456,29.844,30.402,401895.37794373
2022-01-03 14:00:00,30.4,30.861,30.094,30.457,893570.22197542
2022-01-03 15:00:00,30.458,30.711,30.012,30.149,718584.47379976
2022-01-03 16:00:00,30.151,30.304,29.139,29.653,1351513.37671152
2022-01-03 17:00:00,29.652,30.128,29.597,29.69,750783.40867476
2022-01-03 18:00:00,29.692,30.239,29.684,30.07,516987.13359618
2022-01-03 19:00:00,30.07,30.323,29.884,29.884,430167.6571761
2022-01-03 20:00:00,29.881,29.991,29.235,29.704,1137196.03359844
2022-01-03 21:00:00,29.705,30.149,29.53,29.821,510692.51428524
2022-01-03 22:00:00,29.822,30.66,29.715,30.369,463693.88953071
2022-01-03 23:00:00,30.369,30.515,30.05,30.096,598604.08166247
2022-01-04 00:00:00,30.097,30.591,29.755,29.962,938514.40494413
2022-01-04 01:00:00,29.964,30.24,29.708,29.848,554950.03049088
2022-01-04 02:00:00,29.848,30.031,29.548,29.743,562539.36786135
2022-01-04 03:00:00,29.743,30.046,29.56,29.864,472940.6950468
2022-01-04 04:00:00,29.865,30.073,29.7,29.766,422832.10549085
2022-01-04 05:00:00,29.763,30.159,29.681,29.998,446600.19390218
2022-01-04 06:00:00,29.997,30.047,29.764,29.849,423610.39791307
2022-01-04 07:00:00,29.85,30.057,29.666,29.838,457542.28661682
2022-01-04 08:00:00,29.838,29.92,29.419,29.552,536889.64688929
2022-01-04 09:00:00,29.553,29.655,29.3,29.388,326241.38663334
2022-01-04 10:00:00,29.39,29.948,29.244,29.893,497895.08029395
2022-01-04 11:00:00,29.894,30.048,29.764,30.014,477814.79663713
2022-01-04 12:00:00,30.016,30.072,29.693,30.006,434845.87035619
2022-01-04 13:00:00,30.006,30.063,29.603,29.712,576557.15744933
2022-01-04 14:00:00,29.713,30.031,29.479,29.893,577282.07817952
2022-01-04 15:00:00,29.893,30.306,29.62,29.729,569380.51490149
2022-01-04 16:00:00,29.732,30.091,29.554,29.925,463483.68652535
2022-01-04 17:00:00,29.927,30.112,29.769,29.796,357583.60870572
2022-01-04 18:00:00,29.797,30.029,28.78,29.005,1035992.93650676
2022-01-04 19:00:00,29.005,29.552,28.735,29.18,778039.37926663
2022-01-04 20:00:00,29.18,29.59,29.08,29.385,381040.9710593
2022-01-04 21:00:00,29.385,29.458,29.204,29.333,276779.78899509
2022-01-04 22:00:00,29.333,29.333,29.106,29.183,118542.78754135
2022-01-04 23:00:00,29.185,29.185,28.664,28.679,540533.51524177
2022-01-05 00:00:00,28.677,29.121,28.357,29.04,677485.91873136
2022-01-05 01:00:00,29.037,29.251,28.882,28.898,521861.68223826
2022-01-05 02:00:00,28.899,29.373,28.893,29.319,390160.62909204
2022-01-05 03:00:00,29.319,29.516,29.274,29.43,259567.44984195
2022-01-05 04:00:00,29.43,29.572,29.294,29.431,194922.96195079
2022-01-05 05:00:00,29.426,29.545,29.307,29.443,207772.18617701
2022-01-05 06:00:00,29.443,29.927,29.389,29.854,275144.92703758
2022-01-05 07:00:00,29.856,29.885,29.615,29.677,255832.51463749
2022-01-05 08:00:00,29.679,30.008,29.504,29.898,366841.33607524
2022-01-05 09:00:00,29.9,30.073,29.783,30.051,384665.0134933
2022-01-05 10:00:00,30.05,30.369,30.007,30.164,536251.68474128
2022-01-05 11:00:00,30.163,30.206,29.568,29.777,497279.63963124
2022-01-05 12:00:00,29.775,29.896,29.513,29.785,555195.36322994
2022-01-05 13:00:00,29.786,30.199,29.697,30.197,561337.20307802
2022-01-05 14:00:00,30.197,30.293,29.756,30.053,780417.99527265
2022-01-05 15:00:00,30.053,30.175,29.831,30.031,384070.35780375
2022-01-05 16:00:00,30.029,30.069,29.588,29.634,383874.70959504
2022-01-05 17:00:00,29.636,29.828,29.02,29.067,511610.73841068
2022-01-05 18:00:00,29.067,29.414,28.788,29.226,935346.25850361
2022-01-05 19:00:00,29.225,29.314,27.802,27.99,1802146.92673948
2022-01-05 20:00:00,27.991,28.141,26.886,26.963,2211547.61412412
2022-01-05 21:00:00,26.963,27.323,26.447,26.501,1050979.99909186
2022-01-05 22:00:00,26.501,26.886,25.014,26.647,1295659.99934513
2022-01-05 23:00:00,26.645,27.053,26.338,26.69,1189808.18888114
2022-01-06 00:00:00,26.691,26.949,26.404,26.9,940783.47791206
2022-01-06 01:00:00,26.9,26.942,26.222,26.428,683068.23157733
2022-01-06 02:00:00,26.427,26.527,26.027,26.123,702686.45122872
2022-01-06 03:00:00,26.12,26.248,25.537,25.577,1041610.72527989
2022-01-06 04:00:00,25.578,26.04,25.482,25.898,1176724.23895326
2022-01-06 05:00:00,25.9,26.363,25.759,26.104,847629.48029193
2022-01-06 06:00:00,26.106,26.325,25.96,26.19,634589.94608946
2022-01-06 07:00:00,26.192,26.422,26.026,26.381,616391.40724314
2022-01-06 08:00:00,26.382,26.43,25.867,26.111,822993.42905071
2022-01-06 09:00:00,26.114,26.157,25.599,25.705,1029795.24420359
2022-01-06 10:00:00,25.704,26.156,25.674,26.062,675319.20436431
2022-01-06 11:00:00,26.063,26.158,25.738,25.923,569759.59081819
2022-01-06 12:00:00,25.922,26.019,25.573,25.984,595589.43535254
2022-01-06 13:00:00,25.985,26.33,25.836,26.299,674662.38519233
2022-01-06 14:00:00,26.3,26.387,26.006,26.074,644961.92358943
2022-01-06 15:00:00,26.075,26.205,25.868,26.109,622518.56699828
2022-01-06 16:00:00,26.109,26.268,25.935,26.18,344725.81163325
2022-01-06 17:00:00,26.181,26.554,26.142,26.453,328315.44363279
2022-01-06 18:00:00,26.451,27.2,26.418,27.19,525824.96223636
2022-01-06 19:00:00,27.194,27.3,26.988,27.16,392473.26555966
2022-01-06 20:00:00,27.159,27.336,26.802,26.982,514961.59244977
2022-01-06 21:00:00,26.983,27.184,26.821,26.838,240315.34730762
2022-01-06 22:00:00,26.84,26.916,26.586,26.889,282661.90826009
2022-01-06 23:00:00,26.891,26.921,26.602,26.697,238490.92804812
2022-01-07 00:00:00,26.697,26.834,26.243,26.396,524569.93328229
2022-01-07 01:00:00,26.398,26.564,26.177,26.312,460918.63142056
2022-01-07 02:00:00,26.312,26.395,26.043,26.076,434925.03239721
2022-01-07 03:00:00,26.078,26.165,24.935,25.058,1881718.28389119
2022-01-07 04:00:00,25.061,25.141,24.218,24.989,2335574.32426738
2022-01-07 05:00:00,24.99,25.351,24.897,25.198,845463.9056622
2022-01-07 06:00:00,25.2,25.2,24.635,24.791,847269.26673456
2022-01-07 07:00:00,24.792,25.042,24.422,24.928,1074713.7700937
2022-01-07 08:00:00,24.93,26.378,24.821,25.404,1701339.10211271
2022-01-07 09:00:00,25.403,25.905,25.366,25.681,622707.04316166
2022-01-07 10:00:00,25.683,25.912,25.487,25.502,610819.44476437
2022-01-07 11:00:00,25.505,25.872,25.431,25.51,561668.27242544
2022-01-07 12:00:00,25.508,25.739,25.506,25.608,377018.47086414
2022-01-07 13:00:00,25.611,25.907,24.462,25.042,2030453.39510005
2022-01-07 14:00:00,25.043,25.504,24.931,25.345,913196.44051809
2022-01-07 15:00:00,25.346,25.443,24.432,25.04,1589539.74797751
2022-01-07 16:00:00,25.038,26.028,24.567,25.907,1828389.80961085
2022-01-07 17:00:00,25.906,25.963,25.566,25.845,569544.72799484
2022-01-07 18:00:00,25.843,25.856,25.264,25.354,502762.19641514
2022-01-07 19:00:00,25.357,25.567,25.168,25.495,545953.53388678
2022-01-07 20:00:00,25.497,25.648,25.215,25.546,566101.12802319
2022-01-07 21:00:00,25.547,25.634,25.342,25.382,306955.28546349
2022-01-07 22:00:00,25.381,25.381,24.751,24.936,276191.70863966
2022-01-07 23:00:00,24.938,25.016,24.722,24.892,429961.96086659
2022-01-08 00:00:00,24.893,25.383,24.778,25.317,609470.63204528
2022-01-08 01:00:00,25.318,25.478,25.187,25.192,552316.09349623
2022-01-08 02:00:00,25.193,25.212,24.895,25.14,442816.25261861
2022-01-08 03:00:00,25.139,25.398,24.935,25.321,468347.46914698
2022-01-08 04:00:00,25.322,25.526,25.243,25.474,370875.84949863
2022-01-08 05:00:00,25.471,25.471,25.294,25.454,329752.4368401
2022-01-08 06:00:00,25.456,25.461,25.129,25.365,333386.24399399
2022-01-08 07:00:00,25.365,25.429,25.227,25.299,305803.90948926
2022-01-08 08:00:00,25.301,25.478,25.2,25.248,434874.12862103
2022-01-08 09:00:00,25.249,25.43,25.21,25.423,266467.82703597
2022-01-08 10:00:00,25.424,25.446,25.14,25.305,290591.53187271
2022-01-08 11:00:00,25.311,25.317,25.024,25.232,314903.65734256
2022-01-08 12:00:00,25.229,25.28,24.945,25.011,299315.87037666
2022-01-08 13:00:00,25.01,25.194,24.843,25.088,403025.03049601
2022-01-08 14:00:00,25.09,25.179,24.784,24.79,297520.30927552
2022-01-08 15:00:00,24.791,24.838,24.461,24.65,681811.86848289
2022-01-08 16:00:00,24.649,24.837,24.276,24.348,786946.29502111
2022-01-08 17:00:00,24.347,24.402,23.48,23.524,1499232.00853838
2022-01-08 18:00:00,23.524,23.987,23.095,23.294,1760782.99512884
2022-01-08 19:00:00,23.294,23.641,23.16,23.396,1015721.30840985
2022-01-08 20:00:00,23.396,23.62,23.213,23.311,577642.63476689
2022-01-08 21:00:00,23.311,24.155,23.273,23.903,895167.14038929
2022-01-08 22:00:00,23.903,24.484,23.867,24.286,427567.36298342
2022-01-08 23:00:00,24.285,24.309,23.928,23.979,560660.75064524
2022-01-09 00:00:00,23.979,24.362,23.67,24.284,699053.65776073
2022-01-09 01:00:00,24.282,24.368,23.91,24.091,500540.95466332
2022-01-09 02:00:00,24.091,24.516,24.047,24.357,568162.70170113
2022-01-09 03:00:00,24.355,24.355,24.038,24.105,468159.20602425
2022-01-09 04:00:00,24.105,24.377,24.095,24.355,299193.15121423
2022-01-09 05:00:00,24.355,24.396,23.994,24.082,417692.45710951
2022-01-09 06:00:00,24.08,24.289,24.063,24.246,343436.43216491
2022-01-09 07:00:00,24.247,24.289,24.072,24.072,243663.36285138
2022-01-09 08:00:00,24.072,24.231,23.89,23.95,402438.4818059
2022-01-09 09:00:00,23.95,24.059,23.747,23.83,430659.50154523
2022-01-09 10:00:00,23.83,24.469,23.747,24.407,508403.21002281
2022-01-09 11:00:00,24.408,24.864,24.408,24.695,618623.77303154
2022-01-09 12:00:00,24.696,24.793,24.457,24.502,403108.4978017
2022-01-09 13:00:00,24.503,24.636,24.252,24.256,596222.7356103
2022-01-09 14:00:00,24.257,24.6,24.257,24.456,437270.55880055
2022-01-09 15:00:00,24.453,24.53,24.065,24.371,605404.62107668
2022-01-09 16:00:00,24.371,25.057,24.312,25.057,578905.13587948
2022-01-09 17:00:00,25.059,25.169,24.861,24.955,571214.23248706
2022-01-09 18:00:00,24.955,24.987,24.73,24.788,361861.56936011
2022-01-09 19:00:00,24.785,25.308,24.755,25.247,536930.26427772
2022-01-09 20:00:00,25.252,25.291,24.967,25.067,283864.65416474
2022-01-09 21:00:00,25.065,25.13,24.836,24.927,287233.17954619
2022-01-09 22:00:00,24.925,25.092,24.592,24.709,262463.42329863
2022-01-09 23:00:00,24.709,24.789,24.45,24.625,591337.57161373
2022-01-10 00:00:00,24.626,24.874,24.343,24.399,734024.79588533
2022-01-10 01:00:00,24.398,24.587,24.333,24.517,459260.44487789
2022-01-10 02:00:00,24.517,24.768,24.332,24.659,428052.25649389
2022-01-10 03:00:00,24.66,24.939,24.584,24.894,411076.95471123
2022-01-10 04:00:00,24.893,25.205,24.844,25.148,300398.24092638
2022-01-10 05:00:00,25.148,25.171,24.92,24.989,267737.48570026
2022-01-10 06:00:00,24.987,25.071,24.792,24.927,359303.46157827
2022-01-10 07:00:00,24.928,25.056,24.831,24.953,272864.23283298
2022-01-10 08:00:00,24.955,25.016,24.612,24.676,405878.64032589
2022-01-10 09:00:00,24.673,24.879,24.649,24.74,281297.4563995
2022-01-10 10:00:00,24.738,24.915,24.617,24.646,387385.39975683
2022-01-10 11:00:00,24.647,24.664,24.226,24.324,712796.53199892
2022-01-10 12:00:00,24.325,24.392,23.543,23.547,1067081.88555407
2022-01-10 13:00:00,23.547,23.774,23.489,23.509,839960.71312995
2022-01-10 14:00:00,23.509,23.733,22.319,23.337,3595684.96759371
2022-01-10 15:00:00,23.336,23.451,22.945,23.287,1587826.47382369
2022-01-10 16:00:00,23.289,24.039,23.146,23.859,1838858.07454742
2022-01-10 17:00:00,23.858,23.902,22.779,23.134,2419266.59342867
2022-01-10 18:00:00,23.133,23.473,23.101,23.403,1155031.27990135
2022-01-10 19:00:00,23.403,23.575,23.09,23.223,692417.00433018
2022-01-10 20:00:00,23.225,23.731,23.064,23.674,821385.27042368
2022-01-10 21:00:00,23.673,23.725,23.481,23.64,473141.67118172
2022-01-10 22:00:00,23.641,23.695,23.476,23.55,213034.53832116
2022-01-10 23:00:00,23.549,23.793,23.43,23.712,476612.14342906
2022-01-11 00:00:00,23.713,23.778,23.5,23.509,487776.06623247
2022-01-11 01:00:00,23.51,23.935,23.468,23.896,547817.49042845
2022-01-11 02:00:00,23.897,24.262,23.787,24.086,577581.87366579
2022-01-11 03:00:00,24.086,24.274,24.015,24.273,298337.46005149
2022-01-11 04:00:00,24.276,24.365,23.983,23.985,317139.84680766
2022-01-11 05:00:00,23.987,24.055,23.858,23.976,274568.19633816
2022-01-11 06:00:00,23.978,24.129,23.974,24.07,252071.96982885
2022-01-11 07:00:00,24.071,24.236,24.026,24.213,229255.72536426
2022-01-11 08:00:00,24.215,24.493,24.06,24.132,634795.62643331
2022-01-11 09:00:00,24.132,24.236,23.948,24.035,272837.81669288
2022-01-11 10:00:00,24.036,24.18,23.689,23.775,420451.06801417
2022-01-11 11:00:00,23.776,24.032,23.75,23.894,413960.57212675
2022-01-11 12:00:00,23.894,24.491,23.855,24.315,373306.13653687
2022-01-11 13:00:00,24.313,24.469,24.176,24.32,383540.70939084
2022-01-11 14:00:00,24.32,24.403,23.816,24.242,794361.938639
2022-01-11 15:00:00,24.242,24.842,24.201,24.787,918254.11218198
2022-01-11 16:00:00,24.787,25.924,24.787,25.747,1451892.10710753
2022-01-11 17:00:00,25.745,26.0,25.368,25.697,780689.84908446
2022-01-11 18:00:00,25.695,25.899,25.515,25.806,391589.71347574
2022-01-11 19:00:00,25.808,25.819,25.47,25.671,310698.14222241
2022-01-11 20:00:00,25.67,25.768,25.512,25.592,269774.28795171
2022-01-11 21:00:00,25.593,25.612,25.433,25.497,204785.7387963
2022-01-11 22:00:00,25.494,25.578,25.41,25.439,89671.21470077
2022-01-11 23:00:00,25.439,25.654,25.395,25.549,314490.45830372
2022-01-12 00:00:00,25.549,25.718,25.44,25.552,424622.92665544
2022-01-12 01:00:00,25.552,25.878,25.489,25.779,263246.13572868
2022-01-12 02:00:00,25.78,25.808,25.536,25.73,228639.3776486
2022-01-12 03:00:00,25.733,25.736,25.581,25.72,169430.16877594
2022-01-12 04:00:00,25.721,25.875,25.678,25.777,179564.70299858
2022-01-12 05:00:00,25.774,25.828,25.646,25.719,181587.52418176
2022-01-12 06:00:00,25.721,26.156,25.695,25.917,359114.22236644
2022-01-12 07:00:00,25.915,25.915,25.541,25.765,341611.87753039
2022-01-12 08:00:00,25.767,26.133,25.709,26.003,285932.18247856
2022-01-12 09:00:00,26.0,26.382,25.973,26.161,338471.41374465
2022-01-12 10:00:00,26.158,26.218,25.923,25.939,252921.19285495
2022-01-12 11:00:00,25.939,26.359,25.837,26.151,536121.21438741
2022-01-12 12:00:00,26.151,26.648,26.121,26.601,480036.42365373
2022-01-12 13:00:00,26.601,27.212,26.555,27.18,816428.5350293
2022-01-12 14:00:00,27.18,27.399,26.924,27.254,592075.56750843
2022-01-12 15:00:00,27.257,27.338,26.879,27.117,388907.4219848
2022-01-12 16:00:00,27.118,27.301,26.841,27.25,398514.67997913
2022-01-12 17:00:00,27.25,27.507,27.11,27.219,346436.29103607
2022-01-12 18:00:00,27.219,27.42,27.138,27.186,245326.22383684
2022-01-12 19:00:00,27.186,27.434,27.143,27.359,176964.08426216
2022-01-12 20:00:00,27.362,27.451,27.183,27.373,229427.4404007
2022-01-12 21:00:00,27.373,27.573,27.295,27.311,233652.10369271
2022-01-12 22:00:00,27.313,27.478,27.308,27.36,67893.65089379
2022-01-12 23:00:00,27.356,27.42,27.264,27.32,275914.51775736
2022-01-13 00:00:00,27.321,27.689,26.963,27.027,553835.6836341
2022-01-13 01:00:00,27.028,27.215,26.652,26.795,409400.35365203
2022-01-13 02:00:00,26.795,27.049,26.737,26.852,216226.45119519
2022-01-13 03:00:00,26.852,26.876,26.465,26.607,307846.70899598
2022-01-13 04:00:00,26.605,26.862,26.585,26.745,178147.88980051
2022-01-13 05:00:00,26.745,26.779,26.638,26.742,211945.11352354
2022-01-13 06:00:00,26.739,27.119,26.739,26.966,187345.09277155
2022-01-13 07:00:00,26.965,27.054,26.813,26.83,144332.50454121
2022-01-13 08:00:00,26.833,27.101,26.807,27.073,184232.24016375
2022-01-13 09:00:00,27.075,27.095,26.88,27.053,211698.75652845
2022-01-13 10:00:00,27.053,27.155,26.932,26.949,178808.19880253
2022-01-13 11:00:00,26.949,26.995,26.556,26.686,378692.17583872
2022-01-13 12:00:00,26.684,26.967,26.67,26.949,245831.40263422
2022-01-13 13:00:00,26.946,27.054,26.854,27.034,300250.76757835
2022-01-13 14:00:00,27.033,27.496,27.0,27.28,600476.38354069
2022-01-13 15:00:00,27.277,27.318,26.12,26.445,1133703.73804704
2022-01-13 16:00:00,26.446,26.761,26.324,26.527,531015.80830468
2022-01-13 17:00:00,26.527,26.527,25.948,26.275,815677.62258407
2022-01-13 18:00:00,26.275,26.364,26.081,26.175,355517.68680754
2022-01-13 19:00:00,26.175,26.342,25.948,26.091,490138.57625137
2022-01-13 20:00:00,26.092,26.19,25.818,26.19,621993.8242986
2022-01-13 21:00:00,26.19,26.225,26.052,26.195,213719.33390852
2022-01-13 22:00:00,26.198,26.254,26.0,26.023,102335.4069336
2022-01-13 23:00:00,26.021,26.056,25.714,25.793,420242.16614746
2022-01-14 00:00:00,25.793,26.298,25.503,26.29,889069.58254062
2022-01-14 01:00:00,26.289,26.989,26.212,26.947,866122.42283012
2022-01-14 02:00:00,26.945,27.706,26.623,27.48,626835.99065147
2022-01-14 03:00:00,27.48,27.576,27.267,27.3,273237.74192806
2022-01-14 04:00:00,27.298,27.468,27.065,27.088,281471.41549477
2022-01-14 05:00:00,27.091,27.402,27.011,27.337,191080.68431344
2022-01-14 06:00:00,27.34,27.423,27.061,27.096,320397.79453492
2022-01-14 07:00:00,27.097,27.252,26.786,26.941,313764.63677427
2022-01-14 08:00:00,26.942,26.971,26.439,26.722,548324.43166548
2022-01-14 09:00:00,26.723,26.888,26.67,26.794,238701.89500163
2022-01-14 10:00:00,26.795,26.836,26.127,26.245,664529.71601328
2022-01-14 11:00:00,26.243,26.407,26.125,26.335,705514.60182905
2022-01-14 12:00:00,26.335,26.774,26.056,26.522,686846.50182031
2022-01-14 13:00:00,26.522,26.836,26.488,26.716,542300.21800972
2022-01-14 14:00:00,26.715,27.343,26.638,27.228,893230.48774749
2022-01-14 15:00:00,27.228,27.476,27.05,27.24,856914.07432218
2022-01-14 16:00:00,27.241,27.333,27.029,27.284,515643.45023405
2022-01-14 17:00:00,27.285,27.331,26.876,26.941,341139.15943281
2022-01-14 18:00:00,26.943,27.084,26.781,26.934,336952.72077887
2022-01-14 19:00:00,26.933,27.212,26.867,27.027,334052.61572955
2022-01-14 20:00:00,27.024,27.163,26.962,27.109,187602.6061787
2022-01-14 21:00:00,27.109,27.41,27.078,27.364,199133.82857992
2022-01-14 22:00:00,27.365,27.682,27.314,27.584,317630.39841229
2022-01-14 23:00:00,27.581,27.869,27.57,27.739,336724.66162149
2022-01-15 00:00:00,27.742,27.858,27.375,27.531,259659.58913071
2022-01-15 01:00:00,27.531,27.715,27.242,27.303,187551.88757772
2022-01-15 02:00:00,27.303,27.512,27.191,27.449,170684.58820467
2022-01-15 03:00:00,27.454,27.574,27.329,27.412,190298.09809883
2022-01-15 04:00:00,27.411,27.443,27.127,27.184,303159.49737416
2022-01-15 05:00:00,27.182,27.231,27.051,27.197,125189.62296912
2022-01-15 06:00:00,27.195,27.26,27.063,27.249,171109.82231608
2022-01-15 07:00:00,27.249,27.29,27.113,27.262,193447.69608595
2022-01-15 08:00:00,27.263,27.318,27.185,27.249,222628.46065399
2022-01-15 09:00:00,27.246,27.434,27.2,27.405,143056.05948629
2022-01-15 10:00:00,27.403,27.613,27.373,27.528,265200.61143812
2022-01-15 11:00:00,27.53,27.581,27.311,27.377,128702.53677505
2022-01-15 12:00:00,27.376,27.395,26.818,26.979,491482.28904806
2022-01-15 13:00:00,26.978,27.335,26.872,27.23,396438.93770501
2022-01-15 14:00:00,27.232,27.452,26.98,27.272,400599.50300405
2022-01-15 15:00:00,27.272,27.431,27.217,27.383,203105.38859429
2022-01-15 16:00:00,27.387,27.694,27.348,27.667,160418.88021912
2022-01-15 17:00:00,27.67,28.099,27.67,28.047,379443.57353447
2022-01-15 18:00:00,28.047,28.411,27.962,28.269,249125.47665662
2022-01-15 19:00:00,28.269,28.365,28.141,28.249,115847.41507763
2022-01-15 20:00:00,28.25,28.388,28.023,28.036,205819.33790781
2022-01-15 21:00:00,28.036,28.227,27.821,27.831,218129.84082247
2022-01-15 22:00:00,27.832,28.012,27.826,27.987,76585.05170407
2022-01-15 23:00:00,27.989,28.137,27.589,27.591,222679.95884451
2022-01-16 00:00:00,27.589,28.221,27.552,28.221,204191.49660993
2022-01-16 01:00:00,28.221,28.471,27.949,27.95,285559.11323634
2022-01-16 02:00:00,27.953,28.143,27.6,27.715,275584.58591841
2022-01-16 03:00:00,27.715,28.246,27.592,28.168,290214.15043578
2022-01-16 04:00:00,28.169,28.329,28.032,28.083,253674.51342842
2022-01-16 05:00:00,28.083,28.093,27.808,27.82,169941.65766673
2022-01-16 06:00:00,27.819,28.345,27.771,28.195,258215.62173074
2022-01-16 07:00:00,28.193,28.288,28.018,28.147,229069.08009704
2022-01-16 08:00:00,28.149,28.43,28.063,28.095,262357.39259291
2022-01-16 09:00:00,28.097,28.197,27.94,28.034,216138.93802377
2022-01-16 10:00:00,28.034,28.203,27.808,27.835,231592.40181321
2022-01-16 11:00:00,27.835,28.032,27.761,27.83,254895.22013118
2022-01-16 12:00:00,27.83,28.156,27.814,28.035,148087.76322962
2022-01-16 13:00:00,28.034,28.099,27.236,27.705,846318.76577399
2022-01-16 14:00:00,27.703,28.031,27.684,27.965,433256.29148238
2022-01-16 15:00:00,27.966,27.984,27.695,27.773,158131.79316823
2022-01-16 16:00:00,27.776,28.244,27.76,28.163,254354.54788241
2022-01-16 17:00:00,28.161,28.238,27.858,27.914,150457.48498347
2022-01-16 18:00:00,27.917,28.018,27.859,27.887,114313.20009499
2022-01-16 19:00:00,27.889,27.923,27.585,27.643,193569.93602519
2022-01-16 20:00:00,27.64,27.7,27.462,27.593,206576.81059296
2022-01-16 21:00:00,27.596,27.626,27.4,27.486,117323.90241353
2022-01-16 22:00:00,27.484,27.805,27.474,27.729,90417.88242718
2022-01-16 23:00:00,27.729,27.813,27.623,27.684,163388.66546557
2022-01-17 00:00:00,27.684,27.773,27.341,27.423,316926.30279425
2022-01-17 01:00:00,27.425,27.531,26.901,27.07,520244.62502468
2022-01-17 02:00:00,27.07,27.07,26.575,26.855,402836.74346037
2022-01-17 03:00:00,26.854,27.042,26.482,26.514,458681.22137667
2022-01-17 04:00:00,26.516,26.716,26.423,26.435,278438.96902394
2022-01-17 05:00:00,26.437,26.653,26.249,26.638,306695.64934898
2022-01-17 06:00:00,26.636,26.807,26.601,26.694,289226.27801786
2022-01-17 07:00:00,26.691,26.909,26.626,26.639,256352.94921758
2022-01-17 08:00:00,26.642,26.869,26.483,26.776,275071.05878274
2022-01-17 09:00:00,26.775,26.872,26.709,26.775,162763.03823659
2022-01-17 10:00:00,26.774,26.85,26.562,26.781,203576.29150126
2022-01-17 11:00:00,26.782,26.818,26.511,26.534,209330.71825326
2022-01-17 12:00:00,26.532,26.654,26.236,26.39,416766.64300966
2022-01-17 13:00:00,26.387,26.548,26.277,26.483,247451.37637424
2022-01-17 14:00:00,26.479,26.582,26.334,26.414,259752.23527887
2022-01-17 15:00:00,26.414,26.447,25.876,25.974,632772.01345304
2022-01-17 16:00:00,25.974,26.205,25.643,25.882,994667.20172183
2022-01-17 17:00:00,25.88,25.922,25.549,25.749,460927.93425865
2022-01-17 18:00:00,25.75,25.884,25.533,25.826,398840.59467566
2022-01-17 19:00:00,25.825,25.931,25.761,25.793,259765.54740622
2022-01-17 20:00:00,25.796,25.874,25.577,25.626,275691.67291062
2022-01-17 21:00:00,25.624,25.713,25.152,25.329,649059.2557005
2022-01-17 22:00:00,25.33,25.765,25.1,25.576,298351.00645937
2022-01-17 23:00:00,25.575,25.787,25.575,25.681,328737.44559775
2022-01-18 00:00:00,25.684,25.905,25.387,25.763,493149.73076164
2022-01-18 01:00:00,25.763,26.065,25.67,25.768,368867.73607132
2022-01-18 02:00:00,25.77,25.862,25.662,25.834,221854.53316113
2022-01-18 03:00:00,25.835,25.844,25.314,25.426,420230.98021685
2022-01-18 04:00:00,25.423,25.524,25.182,25.283,337336.41276314
2022-01-18 05:00:00,25.283,25.371,25.109,25.21,293660.48908025
2022-01-18 06:00:00,25.209,25.52,25.209,25.486,221215.97952359
2022-01-18 07:00:00,25.487,25.542,25.201,25.361,270181.63102539
2022-01-18 08:00:00,25.361,25.369,24.665,24.738,801073.87383116
2022-01-18 09:00:00,24.74,24.919,24.45,24.825,653156.40109262
2022-01-18 10:00:00,24.826,25.019,24.772,24.881,313742.99758946
2022-01-18 11:00:00,24.883,24.955,24.762,24.926,273926.63444386
2022-01-18 12:00:00,24.925,24.987,24.694,24.848,343091.31111452
2022-01-18 13:00:00,24.85,24.873,24.466,24.759,514706.7377275
2022-01-18 14:00:00,24.76,24.829,24.246,24.538,977663.76641861
2022-01-18 15:00:00,24.534,24.75,24.441,24.594,527180.45680215
2022-01-18 16:00:00,24.593,24.827,24.458,24.737,359302.11618685
2022-01-18 17:00:00,24.738,24.798,24.555,24.567,312670.94840494
2022-01-18 18:00:00,24.566,24.656,24.474,24.593,297148.5557
2022-01-18 19:00:00,24.593,24.942,24.571,24.864,236326.91102482
2022-01-18 20:00:00,24.863,24.951,24.655,24.864,276419.55537568
2022-01-18 21:00:00,24.864,25.358,24.775,25.211,579157.85598537
2022-01-18 22:00:00,25.213,25.3,25.092,25.225,150591.30158516
2022-01-18 23:00:00,25.223,25.23,24.963,25.137,327907.90225731
2022-01-19 00:00:00,25.135,25.289,24.967,25.024,382456.76595449
2022-01-19 01:00:00,25.024,25.244,25.009,25.205,219395.10859658
2022-01-19 02:00:00,25.204,25.252,25.131,25.218,176976.02813853
2022-01-19 03:00:00,25.217,25.217,24.446,24.605,700873.45148316
2022-01-19 04:00:00,24.604,24.716,24.516,24.652,294830.15568895
2022-01-19 05:00:00,24.652,24.768,24.291,24.369,246942.65655923
2022-01-19 06:00:00,24.367,24.445,24.164,24.223,412220.61777856
2022-01-19 07:00:00,24.222,24.222,23.679,23.854,963562.65995172
2022-01-19 08:00:00,23.855,23.957,23.727,23.953,580731.44856938
2022-01-19 09:00:00,23.951,24.179,23.896,24.071,533786.96018795
2022-01-19 10:00:00,24.071,24.134,23.82,23.961,439376.11192095
2022-01-19 11:00:00,23.96,24.414,23.948,24.404,660119.55705039
2022-01-19 12:00:00,24.404,24.487,24.189,24.273,381543.48460229
2022-01-19 13:00:00,24.274,24.558,24.207,24.275,386924.91939228
2022-01-19 14:00:00,24.274,24.8,24.171,24.752,601235.08885152
2022-01-19 15:00:00,24.755,24.772,24.134,24.317,598597.75456675
2022-01-19 16:00:00,24.316,24.443,23.93,24.079,574758.81041026
2022-01-19 17:00:00,24.078,24.425,24.076,24.386,399546.41584016
2022-01-19 18:00:00,24.385,24.484,24.266,24.369,238109.18481596
2022-01-19 19:00:00,24.368,24.403,24.2,24.295,287711.91205821
2022-01-19 20:00:00,24.293,24.308,24.021,24.076,248794.34375109
2022-01-19 21:00:00,24.076,24.247,24.076,24.12,174655.04250123
2022-01-19 22:00:00,24.119,24.33,23.993,24.302,117371.53194849
2022-01-19 23:00:00,24.302,24.367,24.033,24.059,196300.73960479
2022-01-20 00:00:00,24.059,24.248,23.956,24.231,285768.54528885
2022-01-20 01:00:00,24.232,24.279,24.041,24.24,244517.29956005
2022-01-20 02:00:00,24.241,24.562,24.241,24.472,278301.50886337
2022-01-20 03:00:00,24.472,24.542,24.369,24.406,168474.71769751
2022-01-20 04:00:00,24.407,24.556,24.381,24.527,137409.3836889
2022-01-20 05:00:00,24.528,24.639,24.454,24.618,191597.19405918
2022-01-20 06:00:00,24.617,24.731,24.57,24.597,177049.04401795
2022-01-20 07:00:00,24.597,24.68,24.516,24.621,166927.69612782
2022-01-20 08:00:00,24.621,24.634,24.418,24.485,145384.87087213
2022-01-20 09:00:00,24.485,24.583,24.29,24.576,184766.79575823
2022-01-20 10:00:00,24.575,24.592,24.48,24.54,130308.92268623
2022-01-20 11:00:00,24.54,24.685,24.488,24.504,194636.70885383
2022-01-20 12:00:00,24.503,24.503,24.353,24.431,202210.08644569
2022-01-20 13:00:00,24.429,24.916,24.418,24.814,278056.61214577
2022-01-20 14:00:00,24.815,25.264,24.788,25.154,541271.63733204
2022-01-20 15:00:00,25.154,25.594,25.13,25.397,599425.78800461
2022-01-20 16:00:00,25.397,25.527,25.223,25.362,320794.21576238
2022-01-20 17:00:00,25.363,25.377,25.113,25.183,188709.63360548
2022-01-20 18:00:00,25.181,25.225,25.027,25.027,246860.83419841
2022-01-20 19:00:00,25.025,25.193,24.934,24.976,299414.48251291
2022-01-20 20:00:00,24.975,25.015,24.68,24.754,255857.28457556
2022-01-20 21:00:00,24.752,24.759,23.38,23.418,1646856.68776564
2022-01-20 22:00:00,23.417,23.765,23.07,23.561,1011560.95920953
2022-01-20 23:00:00,23.559,23.56,22.83,22.98,851455.38283673
2022-01-21 00:00:00,22.98,23.447,22.73,23.292,767910.45732919
2022-01-21 01:00:00,23.292,23.322,22.311,22.411,925287.30034709
2022-01-21 02:00:00,22.411,23.195,22.341,22.812,1087143.43222717
2022-01-21 03:00:00,22.81,22.815,21.841,22.034,1917952.99516288
2022-01-21 04:00:00,22.035,22.45,22.025,22.265,603375.45549014
2022-01-21 05:00:00,22.266,22.44,22.123,22.325,444293.85244086
2022-01-21 06:00:00,22.326,22.362,22.037,22.104,421036.98257121
2022-01-21 07:00:00,22.102,22.58,22.041,22.445,594962.83043541
2022-01-21 08:00:00,22.443,22.655,22.338,22.612,449199.10525899
2022-01-21 09:00:00,22.613,22.629,22.431,22.459,318512.36191416
2022-01-21 10:00:00,22.458,22.607,22.335,22.447,369455.80182844
2022-01-21 11:00:00,22.447,22.497,22.175,22.317,421674.46376709
2022-01-21 12:00:00,22.318,22.341,21.019,21.633,1881758.35968738
2022-01-21 13:00:00,21.632,21.927,21.483,21.742,932786.24196336
2022-01-21 14:00:00,21.742,22.072,21.45,21.593,1080127.3668852
2022-01-21 15:00:00,21.592,22.219,21.303,22.094,1114377.28579578
2022-01-21 16:00:00,22.094,22.236,21.746,21.956,708338.57263714
2022-01-21 17:00:00,21.955,22.03,21.757,21.872,527111.3763789
2022-01-21 18:00:00,21.873,22.064,21.618,21.777,669663.5495685
2022-01-21 19:00:00,21.776,21.971,21.521,21.543,520548.09660374
2022-01-21 20:00:00,21.544,21.692,21.059,21.411,1133006.83013955
2022-01-21 21:00:00,21.411,21.723,19.073,19.932,2355765.64905523
2022-01-21 22:00:00,19.933,20.333,18.92,19.623,1197614.90984497
2022-01-21 23:00:00,19.632,19.993,19.09,19.633,1495076.27275904
2022-01-22 00:00:00,19.628,20.113,19.414,19.771,1330382.83496882
2022-01-22 01:00:00,19.768,19.926,19.532,19.811,879224.87998504
2022-01-22 02:00:00,19.81,19.862,19.606,19.739,611240.428927
2022-01-22 03:00:00,19.738,19.966,19.191,19.51,1004036.51848842
2022-01-22 04:00:00,19.509,19.665,19.027,19.113,1124128.03390769
2022-01-22 05:00:00,19.113,19.167,18.012,18.235,1861354.39140798
2022-01-22 06:00:00,18.235,18.385,17.363,17.924,1870325.47162543
2022-01-22 07:00:00,17.924,18.168,17.1,17.281,1740755.83325431
2022-01-22 08:00:00,17.286,17.898,17.282,17.562,1098206.26339973
2022-01-22 09:00:00,17.563,17.803,16.979,17.055,1768691.31963681
2022-01-22 10:00:00,17.054,18.865,16.037,18.452,3889385.56702082
2022-01-22 11:00:00,18.453,18.826,18.079,18.417,1433724.6593884
2022-01-22 12:00:00,18.418,18.952,18.313,18.854,1283969.71424462
2022-01-22 13:00:00,18.853,19.268,18.427,18.471,1053980.9493217
2022-01-22 14:00:00,18.472,18.537,17.855,17.86,1033644.90954986
2022-01-22 15:00:00,17.862,18.165,17.516,17.582,1278623.38987066
2022-01-22 16:00:00,17.584,18.383,17.228,18.045,1756451.45263563
2022-01-22 17:00:00,18.043,18.182,17.623,17.746,1545435.98725995
2022-01-22 18:00:00,17.745,17.97,17.334,17.365,1652908.41941939
2022-01-22 19:00:00,17.367,17.828,17.171,17.551,1312073.70441249
2022-01-22 20:00:00,17.55,18.632,17.426,18.441,1897815.70431599
2022-01-22 21:00:00,18.439,18.892,18.264,18.623,1099716.49924463
2022-01-22 22:00:00,18.624,18.627,17.972,18.067,354244.00019895
2022-01-22 23:00:00,18.067,18.344,17.902,18.253,395596.96283359
2022-01-23 00:00:00,18.254,18.908,18.091,18.847,866940.28168793
2022-01-23 01:00:00,18.844,18.844,18.573,18.587,564540.61175247
2022-01-23 02:00:00,18.587,18.615,18.036,18.083,587233.99736461
2022-01-23 03:00:00,18.082,18.327,18.058,18.256,380894.14242185
2022-01-23 04:00:00,18.255,18.443,18.131,18.23,427593.07674167
2022-01-23 05:00:00,18.229,18.522,17.907,18.403,514860.84286216
2022-01-23 06:00:00,18.403,18.453,18.207,18.325,296126.41966774
2022-01-23 07:00:00,18.326,18.855,18.272,18.695,546098.6317846
2022-01-23 08:00:00,18.693,18.889,18.505,18.889,575850.57859576
2022-01-23 09:00:00,18.89,19.188,18.759,18.922,750431.19611458
2022-01-23 10:00:00,18.92,18.948,18.712,18.878,396380.08997575
2022-01-23 11:00:00,18.873,18.88,18.508,18.6,312573.0063973
2022-01-23 12:00:00,18.599,18.62,18.349,18.521,454292.7098996
2022-01-23 13:00:00,18.518,18.916,18.481,18.834,324703.83914582
2022-01-23 14:00:00,18.833,18.929,17.7,18.16,876894.9943054
2022-01-23 15:00:00,18.162,18.226,17.911,18.109,386001.34231238
2022-01-23 16:00:00,18.109,18.347,17.983,18.099,394151.39160217
2022-01-23 17:00:00,18.1,18.334,18.058,18.214,326410.07703672
2022-01-23 18:00:00,18.212,18.307,17.824,17.93,594159.7744958
2022-01-23 19:00:00,17.928,18.087,17.721,17.883,698438.4342691
2022-01-23 20:00:00,17.882,18.25,17.765,18.146,630962.42310296
2022-01-23 21:00:00,18.146,18.205,17.898,17.955,600303.51463392
2022-01-23 22:00:00,17.954,18.203,17.909,18.186,350173.89441312
2022-01-23 23:00:00,18.187,19.051,18.101,18.807,1283490.64713611
2022-01-24 00:00:00,18.806,18.813,18.322,18.391,654821.76276071
2022-01-24 01:00:00,18.393,18.55,17.923,17.974,578640.49963199
2022-01-24 02:00:00,17.973,18.018,17.669,17.711,614573.8410239
2022-01-24 03:00:00,17.712,17.934,17.691,17.841,390726.23786845
2022-01-24 04:00:00,17.839,17.953,17.536,17.603,424585.25059458
2022-01-24 05:00:00,17.604,17.609,17.34,17.565,560942.81360043
2022-01-24 06:00:00,17.566,17.732,17.411,17.508,477301.69889873
2022-01-24 07:00:00,17.509,17.51,17.076,17.176,738389.75894965
2022-01-24 08:00:00,17.176,17.596,16.975,17.155,1011106.40275685
2022-01-24 09:00:00,17.153,17.271,16.634,16.833,1319532.83227871
2022-01-24 10:00:00,16.834,16.885,16.191,16.241,3181002.63676154
2022-01-24 11:00:00,16.241,16.854,16.188,16.417,2214747.69434803
2022-01-24 12:00:00,16.418,16.543,15.823,16.005,1871863.3989532
2022-01-24 13:00:00,16.006,16.375,15.855,16.05,2338900.34869914
2022-01-24 14:00:00,16.049,16.927,15.821,16.401,2582255.64363561
2022-01-24 15:00:00,16.398,17.096,16.003,17.002,2614813.00058251
2022-01-24 16:00:00,17.002,17.194,16.626,16.978,1918734.57853773
2022-01-24 17:00:00,16.976,17.465,16.651,17.312,1719474.06020319
2022-01-24 18:00:00,17.312,17.815,17.162,17.541,1779331.72697769
2022-01-24 19:00:00,17.542,17.604,17.339,17.546,1079522.64354548
2022-01-24 20:00:00,17.544,18.37,17.49,18.254,1432448.32502768
2022-01-24 21:00:00,18.254,18.269,17.829,18.02,849826.16088528
2022-01-24 22:00:00,18.021,18.191,17.871,17.947,380185.17709989
2022-01-24 23:00:00,17.945,18.137,17.902,18.014,373869.85333125
2022-01-25 00:00:00,18.012,18.041,17.648,17.7,622030.08487982
2022-01-25 01:00:00,17.701,17.893,17.638,17.785,501934.26773781
2022-01-25 02:00:00,17.786,18.087,17.697,18.054,404987.66093424
2022-01-25 03:00:00,18.055,18.057,17.735,17.874,371476.13857421
2022-01-25 04:00:00,17.874,17.943,17.512,17.569,415278.0821186
2022-01-25 05:00:00,17.567,17.677,17.535,17.646,350608.40013789
2022-01-25 06:00:00,17.645,17.714,17.462,17.462,359619.79698566
2022-01-25 07:00:00,17.465,17.754,17.358,17.704,533146.02626008
2022-01-25 08:00:00,17.703,18.143,17.665,17.942,778246.6201427
2022-01-25 09:00:00,17.942,18.286,17.869,18.153,561541.17907955
2022-01-25 10:00:00,18.153,18.349,18.066,18.21,496719.03851456
2022-01-25 11:00:00,18.209,18.296,18.023,18.163,399055.9761893
2022-01-25 12:00:00,18.165,18.327,18.018,18.103,469070.24301172
2022-01-25 13:00:00,18.105,18.189,17.768,17.998,565186.11783353
2022-01-25 14:00:00,17.998,18.918,17.916,18.298,1470669.96486964
2022-01-25 15:00:00,18.297,18.719,18.096,18.499,1162588.13189058
2022-01-25 16:00:00,18.497,18.761,18.378,18.594,829892.62315341
2022-01-25 17:00:00,18.592,18.984,18.565,18.841,770645.9849574
2022-01-25 18:00:00,18.839,19.048,18.736,19.03,437035.68851671
2022-01-25 19:00:00,19.03,19.03,18.564,18.722,471630.04651698
2022-01-25 20:00:00,18.721,18.752,18.508,18.529,714131.29374814
2022-01-25 21:00:00,18.529,18.56,18.313,18.366,350999.72315784
2022-01-25 22:00:00,18.366,18.475,18.204,18.426,260674.55034047
2022-01-25 23:00:00,18.427,18.597,18.222,18.299,403595.09898119
2022-01-26 00:00:00,18.3,18.575,18.158,18.385,543576.05729937
2022-01-26 01:00:00,18.383,18.533,18.304,18.5,309573.36132236
2022-01-26 02:00:00,18.501,18.796,18.478,18.499,289596.11633059
2022-01-26 03:00:00,18.498,18.83,18.465,18.787,483457.05120654
2022-01-26 04:00:00,18.788,18.99,18.726,18.985,342117.54347744
2022-01-26 05:00:00,18.984,19.003,18.825,18.854,263729.15557202
2022-01-26 06:00:00,18.856,18.893,18.505,18.553,416127.55043876
2022-01-26 07:00:00,18.553,18.701,18.434,18.635,271464.93430501
2022-01-26 08:00:00,18.635,18.854,18.633,18.804,336470.56463055
2022-01-26 09:00:00,18.804,18.94,18.691,18.742,403954.79474648
2022-01-26 10:00:00,18.741,18.963,18.652,18.898,343835.83943781
2022-01-26 11:00:00,18.897,18.999,18.798,18.956,379413.54682157
2022-01-26 12:00:00,18.956,18.956,18.684,18.689,471041.95052802
2022-01-26 13:00:00,18.688,19.303,18.592,19.228,867728.96150781
2022-01-26 14:00:00,19.228,19.47,19.078,19.191,701817.64171732
2022-01-26 15:00:00,19.192,19.379,18.889,19.189,680994.47027182
2022-01-26 16:00:00,19.189,19.372,19.08,19.213,470219.61933592
2022-01-26 17:00:00,19.214,19.248,18.78,18.833,354450.48380777
2022-01-26 18:00:00,18.833,19.1,18.36,18.953,950508.54726277
2022-01-26 19:00:00,18.956,20.067,18.835,18.936,4040659.47645176
2022-01-26 20:00:00,18.934,18.934,18.127,18.352,1739032.92135464
2022-01-26 21:00:00,18.352,18.449,17.553,17.577,1081717.72056844
2022-01-26 22:00:00,17.576,17.964,17.52,17.939,591641.48924088
2022-01-26 23:00:00,17.939,18.277,17.89,18.082,729685.02842377
2022-01-27 00:00:00,18.081,18.202,17.907,18.103,695840.55234117
2022-01-27 01:00:00,18.104,18.104,17.37,17.434,1214089.76396454
2022-01-27 02:00:00,17.433,17.547,17.291,17.452,951390.65734089
2022-01-27 03:00:00,17.451,17.56,17.133,17.352,841212.61091709
2022-01-27 04:00:00,17.351,17.606,17.303,17.542,615190.9448028
2022-01-27 05:00:00,17.541,17.652,17.427,17.478,415664.20195191
2022-01-27 06:00:00,17.477,17.55,17.338,17.534,351198.30320355
2022-01-27 07:00:00,17.535,17.677,17.458,17.553,454500.0228586
2022-01-27 08:00:00,17.555,17.791,17.388,17.754,503393.93327162
2022-01-27 09:00:00,17.753,17.85,17.651,17.805,584879.99726746
2022-01-27 10:00:00,17.807,17.922,17.725,17.797,395581.79886734
2022-01-27 11:00:00,17.797,18.027,17.797,17.962,370888.60981129
2022-01-27 12:00:00,17.961,18.055,17.821,17.955,396936.97176002
2022-01-27 13:00:00,17.957,18.272,17.928,18.118,524439.44830902
2022-01-27 14:00:00,18.119,18.414,18.06,18.197,773352.00915293
2022-01-27 15:00:00,18.195,18.324,18.021,18.102,624430.41866659
2022-01-27 16:00:00,18.104,18.243,17.873,18.074,578770.41820291
2022-01-27 17:00:00,18.075,18.116,17.872,18.038,470782.48191267
2022-01-27 18:00:00,18.037,18.195,17.84,18.154,578215.0970946
2022-01-27 19:00:00,18.154,18.283,17.704,17.907,568220.64302596
2022-01-27 20:00:00,17.908,18.092,17.362,17.378,911968.76646871
2022-01-27 21:00:00,17.378,17.781,17.248,17.745,900759.06167816
2022-01-27 22:00:00,17.745,18.067,17.499,17.844,633081.51118553
2022-01-27 23:00:00,17.845,18.19,17.843,18.101,603230.98387324
2022-01-28 00:00:00,18.1,18.223,17.948,18.124,645033.53670509
2022-01-28 01:00:00,18.123,18.293,17.731,17.96,526602.03728202
2022-01-28 02:00:00,17.958,18.229,17.705,18.203,541265.13497206
2022-01-28 03:00:00,18.203,18.489,18.158,18.342,627744.68878511
2022-01-28 04:00:00,18.344,18.464,18.07,18.196,437721.69348486
2022-01-28 05:00:00,18.196,18.358,18.143,18.28,302587.19903976
2022-01-28 06:00:00,18.281,18.439,18.085,18.085,477207.48314311
2022-01-28 07:00:00,18.085,18.276,17.861,17.895,567912.95440902
2022-01-28 08:00:00,17.896,17.993,17.665,17.942,815114.34524959
2022-01-28 09:00:00,17.943,18.059,17.707,17.777,388219.46320125
2022-01-28 10:00:00,17.777,17.884,17.632,17.767,443125.63764467
2022-01-28 11:00:00,17.768,17.815,17.489,17.647,521935.48990727
2022-01-28 12:00:00,17.649,17.752,17.342,17.491,692670.83054506
2022-01-28 13:00:00,17.492,17.883,17.432,17.843,720795.62135194
2022-01-28 14:00:00,17.845,17.949,17.544,17.617,722921.53894257
2022-01-28 15:00:00,17.616,17.986,17.553,17.93,704223.88571089
2022-01-28 16:00:00,17.93,18.298,17.866,18.102,619714.92457293
2022-01-28 17:00:00,18.103,18.188,17.87,17.912,433886.24256213
2022-01-28 18:00:00,17.912,18.27,17.907,18.072,458084.99360293
2022-01-28 19:00:00,18.072,18.121,17.725,17.958,443634.75681132
2022-01-28 20:00:00,17.956,18.278,17.852,18.215,733549.86457228
2022-01-28 21:00:00,18.214,18.439,18.202,18.305,380613.05541256
2022-01-28 22:00:00,18.306,18.371,18.163,18.182,102819.58466574
2022-01-28 23:00:00,18.18,18.369,18.18,18.328,155203.70736106
2022-01-29 00:00:00,18.328,18.509,18.248,18.321,327287.2135302
2022-01-29 01:00:00,18.322,18.377,18.077,18.143,227648.61014163
2022-01-29 02:00:00,18.143,18.251,18.118,18.246,141106.50768219
2022-01-29 03:00:00,18.248,18.473,18.243,18.428,212064.5254451
2022-01-29 04:00:00,18.429,18.657,18.369,18.555,260887.53140416
2022-01-29 05:00:00,18.555,18.566,18.401,18.534,218545.08871096
2022-01-29 06:00:00,18.536,18.594,18.464,18.586,217060.78799401
2022-01-29 07:00:00,18.585,18.793,18.585,18.74,203709.97829167
2022-01-29 08:00:00,18.736,18.781,18.656,18.668,118326.26372382
2022-01-29 09:00:00,18.669,18.714,18.503,18.714,183655.91090394
2022-01-29 10:00:00,18.713,18.713,18.539,18.619,113181.70871973
2022-01-29 11:00:00,18.619,18.663,18.53,18.569,118208.5547143
2022-01-29 12:00:00,18.57,18.79,18.543,18.685,180107.0870719
2022-01-29 13:00:00,18.685,18.904,18.634,18.891,245694.62981808
2022-01-29 14:00:00,18.893,18.915,18.365,18.456,298714.54894643
2022-01-29 15:00:00,18.454,18.578,18.251,18.422,371398.29056308
2022-01-29 16:00:00,18.42,18.524,18.256,18.471,302820.51069969
2022-01-29 17:00:00,18.471,18.569,18.445,18.505,237927.29647992
2022-01-29 18:00:00,18.507,18.731,18.492,18.666,172457.14993657
2022-01-29 19:00:00,18.668,18.747,18.614,18.622,122537.35535535
2022-01-29 20:00:00,18.623,18.999,18.606,18.85,493363.73384835
2022-01-29 21:00:00,18.851,19.067,18.781,18.816,249981.79119694
2022-01-29 22:00:00,18.815,18.849,18.681,18.715,103572.22475351
2022-01-29 23:00:00,18.717,18.738,18.549,18.735,189253.08022944
2022-01-30 00:00:00,18.734,18.741,18.383,18.501,367744.34141933
2022-01-30 01:00:00,18.501,18.676,18.489,18.554,212074.13250541
2022-01-30 02:00:00,18.553,18.619,18.431,18.607,167004.84864412
2022-01-30 03:00:00,18.609,18.676,18.535,18.547,140393.66199626
2022-01-30 04:00:00,18.547,18.804,18.509,18.747,136595.27885459
2022-01-30 05:00:00,18.746,18.959,18.738,18.941,222353.05285619
2022-01-30 06:00:00,18.94,18.998,18.74,18.831,332822.83237902
2022-01-30 07:00:00,18.831,18.886,18.781,18.864,272114.65247087
2022-01-30 08:00:00,18.865,18.925,18.755,18.778,151921.50064663
2022-01-30 09:00:00,18.778,18.86,18.672,18.744,152306.47834966
2022-01-30 10:00:00,18.745,18.924,18.727,18.91,166529.8164858
2022-01-30 11:00:00,18.909,18.977,18.754,18.845,194168.22567574
2022-01-30 12:00:00,18.846,18.919,18.582,18.669,235237.62166356
2022-01-30 13:00:00,18.67,18.723,18.534,18.601,243000.19729792
2022-01-30 14:00:00,18.601,18.642,18.338,18.485,249059.01709457
2022-01-30 15:00:00,18.485,18.587,18.401,18.509,222229.09488104
2022-01-30 16:00:00,18.509,18.626,18.363,18.384,214898.72952424
2022-01-30 17:00:00,18.385,18.544,18.232,18.525,201973.27583139
2022-01-30 18:00:00,18.525,18.528,18.297,18.324,165772.71067774
2022-01-30 19:00:00,18.323,18.329,17.856,17.936,608092.68275039
2022-01-30 20:00:00,17.935,18.135,17.795,17.964,457616.17318963
2022-01-30 21:00:00,17.962,18.022,17.806,17.974,252863.7784215
2022-01-30 22:00:00,17.975,18.093,17.872,18.038,147752.52703408
2022-01-30 23:00:00,18.036,18.361,18.036,18.143,434517.45060914
2022-01-31 00:00:00,18.142,18.192,17.425,17.659,944829.27325407
2022-01-31 01:00:00,17.658,17.841,17.644,17.722,375343.32159589
2022-01-31 02:00:00,17.721,17.721,17.347,17.495,791183.93109837
2022-01-31 03:00:00,17.496,17.557,17.407,17.521,347119.91289252
2022-01-31 04:00:00,17.52,17.52,17.124,17.26,538784.02187583
2022-01-31 05:00:00,17.262,17.393,17.172,17.393,265820.3614726
2022-01-31 06:00:00,17.393,17.435,17.326,17.334,191585.01383714
2022-01-31 07:00:00,17.333,17.536,17.306,17.507,229874.3656565
2022-01-31 08:00:00,17.507,17.597,17.47,17.575,209960.92548513
2022-01-31 09:00:00,17.575,17.669,17.507,17.644,242368.52548047
2022-01-31 10:00:00,17.644,17.741,17.592,17.71,156485.0185249
2022-01-31 11:00:00,17.707,17.821,17.473,17.685,322429.23589522
2022-01-31 12:00:00,17.685,17.761,17.456,17.639,432352.59792131
2022-01-31 13:00:00,17.639,17.809,17.49,17.77,351905.30846922
2022-01-31 14:00:00,17.77,17.985,17.711,17.976,416486.09905409
2022-01-31 15:00:00,17.976,18.703,17.975,18.659,883421.83810913
2022-01-31 16:00:00,18.659,18.984,18.441,18.895,939877.10626504
2022-01-31 17:00:00,18.897,18.967,18.74,18.862,649918.58966061
2022-01-31 18:00:00,18.862,18.927,18.733,18.805,386252.91635647
2022-01-31 19:00:00,18.807,19.202,18.806,19.107,792347.08329786
2022-01-31 20:00:00,19.105,19.587,19.04,19.566,771210.04128218
2022-01-31 21:00:00,19.565,19.586,19.292,19.434,398940.02405582
2022-01-31 22:00:00,19.435,19.605,19.41,19.47,176002.2800992
2022-01-31 23:00:00,19.468,19.567,19.309,19.38,299951.04279249
2022-02-01 00:00:00,19.381,19.496,19.261,19.278,389180.11495784
2022-02-01 01:00:00,19.277,19.335,19.163,19.204,258788.63754753
2022-02-01 02:00:00,19.205,19.357,19.178,19.323,225240.61981319
2022-02-01 03:00:00,19.324,19.869,19.288,19.757,419733.13512617
2022-02-01 04:00:00,19.755,19.762,19.525,19.552,304317.0406789
2022-02-01 05:00:00,19.551,19.583,19.381,19.381,145814.61377195
2022-02-01 06:00:00,19.38,19.409,19.248,19.326,351220.03051012
2022-02-01 07:00:00,19.327,19.479,19.326,19.416,185061.26999238
2022-02-01 08:00:00,19.416,19.54,19.363,19.535,285107.39658578
2022-02-01 09:00:00,19.54,19.78,19.239,19.352,1051734.50423487
2022-02-01 10:00:00,19.35,19.541,19.148,19.492,460430.84977779
2022-02-01 11:00:00,19.494,19.741,19.446,19.597,543208.21600408
2022-02-01 12:00:00,19.595,19.721,19.518,19.647,368030.05183872
2022-02-01 13:00:00,19.645,19.776,19.475,19.622,529681.30515121
2022-02-01 14:00:00,19.624,19.932,19.418,19.499,877482.65491678
2022-02-01 15:00:00,19.499,19.687,19.287,19.676,913351.77336333
2022-02-01 16:00:00,19.677,20.008,19.549,19.925,677403.49446389
2022-02-01 17:00:00,19.926,19.978,19.671,19.812,442951.14170283
2022-02-01 18:00:00,19.812,19.926,19.66,19.695,368812.2036768
2022-02-01 19:00:00,19.696,19.808,19.581,19.625,500113.71903632
2022-02-01 20:00:00,19.625,19.88,19.555,19.566,490694.7603388
2022-02-01 21:00:00,19.568,19.821,19.558,19.802,219906.68113812
2022-02-01 22:00:00,19.802,19.822,19.662,19.713,93425.18306748
2022-02-01 23:00:00,19.713,19.757,19.544,19.564,362198.86738816
2022-02-02 00:00:00,19.564,19.849,19.456,19.796,528170.42076874
2022-02-02 01:00:00,19.796,20.243,19.733,19.986,606807.12891394
2022-02-02 02:00:00,19.985,20.471,19.891,20.376,475696.92526602
2022-02-02 03:00:00,20.376,20.582,20.246,20.315,377492.70986225
2022-02-02 04:00:00,20.314,20.35,20.131,20.134,481386.24043838
2022-02-02 05:00:00,20.134,20.194,20.007,20.122,286807.62011332
2022-02-02 06:00:00,20.121,20.295,19.993,20.135,337940.80969439
2022-02-02 07:00:00,20.135,20.259,19.966,20.047,339277.04533208
2022-02-02 08:00:00,20.048,20.189,19.937,20.133,370056.78502858
2022-02-02 09:00:00,20.132,20.363,20.102,20.345,262304.20147923
2022-02-02 10:00:00,20.347,20.404,20.2,20.36,285710.51192139
2022-02-02 11:00:00,20.359,20.457,20.301,20.392,257019.79828543
2022-02-02 12:00:00,20.393,20.57,20.367,20.497,501272.02557695
2022-02-02 13:00:00,20.497,20.517,20.237,20.279,365252.73035554
2022-02-02 14:00:00,20.281,20.377,19.413,19.602,1325762.16979524
2022-02-02 15:00:00,19.602,19.792,19.166,19.223,885532.80162009
2022-02-02 16:00:00,19.222,19.243,18.825,19.169,1148122.3580579
2022-02-02 17:00:00,19.169,19.384,19.09,19.343,561647.72353948
2022-02-02 18:00:00,19.345,19.417,19.228,19.402,364502.33618899
2022-02-02 19:00:00,19.4,19.6,19.32,19.493,521942.48719002
2022-02-02 20:00:00,19.494,19.525,19.155,19.332,809149.91791124
2022-02-02 21:00:00,19.332,19.382,18.459,18.886,1512099.15452666
2022-02-02 22:00:00,18.885,19.021,18.685,18.891,333793.48947155
2022-02-02 23:00:00,18.894,18.994,18.681,18.766,485031.46352585
2022-02-03 00:00:00,18.766,18.891,18.6,18.628,734121.58647479
2022-02-03 01:00:00,18.628,18.754,18.249,18.461,885461.55474577
2022-02-03 02:00:00,18.462,18.53,18.34,18.445,504847.398765
2022-02-03 03:00:00,18.446,18.498,18.293,18.346,377305.93089326
2022-02-03 04:00:00,18.344,18.425,18.29,18.373,316464.93655411
2022-02-03 05:00:00,18.375,18.54,18.321,18.472,342615.79182298
2022-02-03 06:00:00,18.473,18.48,18.362,18.444,215156.97489274
2022-02-03 07:00:00,18.441,18.599,18.438,18.551,260719.2086477
2022-02-03 08:00:00,18.55,18.704,18.55,18.64,259648.94535664
2022-02-03 09:00:00,18.641,18.682,18.151,18.206,450829.94821623
2022-02-03 10:00:00,18.206,18.297,18.011,18.198,696149.84382666
2022-02-03 11:00:00,18.198,18.507,18.136,18.345,672255.37759593
2022-02-03 12:00:00,18.346,18.361,17.949,18.331,737357.70621362
2022-02-03 13:00:00,18.333,18.378,18.177,18.323,449528.10738723
2022-02-03 14:00:00,18.324,18.513,18.284,18.35,810539.73321431
2022-02-03 15:00:00,18.348,18.685,18.319,18.588,650512.76770739
2022-02-03 16:00:00,18.587,18.728,18.341,18.341,471176.84470662
2022-02-03 17:00:00,18.34,18.565,18.21,18.537,452698.50135878
2022-02-03 18:00:00,18.537,18.566,18.399,18.513,282653.92660135
2022-02-03 19:00:00,18.511,18.582,18.22,18.313,430094.95383697
2022-02-03 20:00:00,18.312,18.39,18.173,18.273,467079.07007633
2022-02-03 21:00:00,18.275,18.874,18.275,18.72,658709.5345319
2022-02-03 22:00:00,18.72,18.772,18.586,18.701,149103.95836125
2022-02-03 23:00:00,18.7,18.96,18.631,18.914,273182.5369294
2022-02-04 00:00:00,18.912,18.912,18.743,18.872,283624.23546319
2022-02-04 01:00:00,18.873,18.893,18.775,18.815,234240.9475146
2022-02-04 02:00:00,18.816,18.912,18.782,18.863,249850.99199658
2022-02-04 03:00:00,18.864,18.959,18.801,18.82,203004.46006654
2022-02-04 04:00:00,18.822,18.874,18.716,18.771,192249.65560964
2022-02-04 05:00:00,18.771,19.193,18.757,19.093,533779.54949444
2022-02-04 06:00:00,19.094,19.319,19.094,19.271,392301.89978408
2022-02-04 07:00:00,19.273,19.401,19.136,19.214,378746.25688147
2022-02-04 08:00:00,19.214,19.417,19.207,19.332,390395.25375765
2022-02-04 09:00:00,19.332,19.436,19.289,19.385,215931.92150633
2022-02-04 10:00:00,19.383,19.554,19.213,19.306,439635.15036991
2022-02-04 11:00:00,19.305,19.39,19.243,19.307,315907.17559524
2022-02-04 12:00:00,19.307,19.442,19.307,19.391,205261.16317037
2022-02-04 13:00:00,19.392,19.539,18.89,19.007,823114.78020358
2022-02-04 14:00:00,19.008,19.369,18.944,19.217,835798.60068923
2022-02-04 15:00:00,19.215,19.897,19.165,19.685,2006192.35598317
2022-02-04 16:00:00,19.685,20.347,19.665,20.162,1150339.29745973
2022-02-04 17:00:00,20.163,20.243,20.069,20.13,640563.48021179
2022-02-04 18:00:00,20.13,20.206,19.982,20.084,417165.35190467
2022-02-04 19:00:00,20.085,20.288,20.011,20.245,395362.48613109
2022-02-04 20:00:00,20.246,20.283,20.084,20.141,328639.41741794
2022-02-04 21:00:00,20.141,20.155,20.054,20.145,139952.87721189
2022-02-04 22:00:00,20.146,20.149,20.022,20.119,104601.85547762
2022-02-04 23:00:00,20.119,20.541,20.113,20.488,381545.17861419
2022-02-05 00:00:00,20.487,20.809,20.312,20.519,554677.80630306
2022-02-05 01:00:00,20.52,20.624,20.374,20.614,273336.74792609
2022-02-05 02:00:00,20.613,20.744,20.507,20.701,128106.4385548
2022-02-05 03:00:00,20.702,22.109,20.69,21.766,816731.77860122
2022-02-05 04:00:00,21.767,21.948,21.696,21.876,653547.4048021
2022-02-05 05:00:00,21.876,22.23,21.801,22.165,419291.3873819
2022-02-05 06:00:00,22.167,22.287,21.915,21.943,401817.45417634
2022-02-05 07:00:00,21.942,21.992,21.678,21.702,357866.41848681
2022-02-05 08:00:00,21.702,22.001,21.695,21.818,278247.79226117
2022-02-05 09:00:00,21.817,21.881,21.529,21.755,264964.51811949
2022-02-05 10:00:00,21.754,21.809,21.6,21.787,253721.65502103
2022-02-05 11:00:00,21.787,21.806,21.568,21.641,231620.561502
2022-02-05 12:00:00,21.641,21.714,21.441,21.582,240276.76765514
2022-02-05 13:00:00,21.583,21.775,21.551,21.763,188448.41695974
2022-02-05 14:00:00,21.762,21.948,21.535,21.741,427917.79098537
2022-02-05 15:00:00,21.74,21.95,21.554,21.82,452208.56836425
2022-02-05 16:00:00,21.819,21.878,21.232,21.274,391652.07988698
2022-02-05 17:00:00,21.274,21.549,20.875,21.461,665383.22000621
2022-02-05 18:00:00,21.46,21.579,21.35,21.458,282619.43367668
2022-02-05 19:00:00,21.457,21.457,21.137,21.197,211380.01579297
2022-02-05 20:00:00,21.195,21.398,21.075,21.376,239787.66564856
2022-02-05 21:00:00,21.375,21.432,21.275,21.34,162751.65714123
2022-02-05 22:00:00,21.338,21.483,21.319,21.468,108989.28472147
2022-02-05 23:00:00,21.467,21.51,21.304,21.329,177680.82525074
2022-02-06 00:00:00,21.326,21.603,21.315,21.598,216845.27391001
2022-02-06 01:00:00,21.599,21.869,21.596,21.8,184567.85602233
2022-02-06 02:00:00,21.801,21.893,21.554,21.613,185565.79345911
2022-02-06 03:00:00,21.611,21.673,21.464,21.477,104724.57404308
2022-02-06 04:00:00,21.476,21.58,21.046,21.425,372812.47639415
2022-02-06 05:00:00,21.423,21.482,21.315,21.415,123696.2194123
2022-02-06 06:00:00,21.412,21.413,21.162,21.256,201781.21669839
2022-02-06 07:00:00,21.255,21.481,21.193,21.405,220354.70063492
2022-02-06 08:00:00,21.403,21.489,21.291,21.449,200382.74084191
2022-02-06 09:00:00,21.448,21.483,21.364,21.464,112023.51892432
2022-02-06 10:00:00,21.466,21.522,21.333,21.364,116699.54741102
2022-02-06 11:00:00,21.364,21.41,21.218,21.322,122822.33908746
2022-02-06 12:00:00,21.322,21.465,21.275,21.429,197204.64218235
2022-02-06 13:00:00,21.428,21.56,21.303,21.465,351116.85263593
2022-02-06 14:00:00,21.464,21.712,20.936,21.012,698470.59705525
2022-02-06 15:00:00,21.012,21.148,20.774,21.115,541027.48931575
2022-02-06 16:00:00,21.114,21.304,20.997,21.242,332173.86405789
2022-02-06 17:00:00,21.241,21.377,21.223,21.323,197620.61698236
2022-02-06 18:00:00,21.323,21.345,21.05,21.118,152823.04669161
2022-02-06 19:00:00,21.115,21.323,21.097,21.306,138740.20512095
2022-02-06 20:00:00,21.305,21.349,21.083,21.157,223506.30883617
2022-02-06 21:00:00,21.157,21.254,21.091,21.172,112149.62968632
2022-02-06 22:00:00,21.17,21.254,21.125,21.162,88943.94198469
2022-02-06 23:00:00,21.167,21.938,21.118,21.906,738216.52234778
2022-02-07 00:00:00,21.907,22.043,21.391,21.607,685396.08543553
2022-02-07 01:00:00,21.607,21.742,21.419,21.662,304086.1442167
2022-02-07 02:00:00,21.661,21.978,21.656,21.807,314814.3677776
2022-02-07 03:00:00,21.806,22.278,21.806,22.202,472310.93767299
2022-02-07 04:00:00,22.202,22.261,22.066,22.228,316737.04995264
2022-02-07 05:00:00,22.227,22.361,22.151,22.214,281442.00510789
2022-02-07 06:00:00,22.218,22.469,22.163,22.356,210119.55711493
2022-02-07 07:00:00,22.355,22.416,22.13,22.233,200188.4885828
2022-02-07 08:00:00,22.235,22.304,22.067,22.176,287510.80868723
2022-02-07 09:00:00,22.177,22.27,21.828,22.027,397501.69802369
2022-02-07 10:00:00,22.029,22.206,21.962,22.188,188644.1260912
2022-02-07 11:00:00,22.19,22.536,22.176,22.416,316028.30493606
2022-02-07 12:00:00,22.418,22.452,22.274,22.328,236135.62612621
2022-02-07 13:00:00,22.326,22.491,21.629,22.096,894441.59213388
2022-02-07 14:00:00,22.096,22.528,21.97,22.493,912532.81360742
2022-02-07 15:00:00,22.494,22.64,22.165,22.579,684887.44655445
2022-02-07 16:00:00,22.58,22.693,22.286,22.55,616447.16220625
2022-02-07 17:00:00,22.55,22.671,22.359,22.643,368540.79057209
2022-02-07 18:00:00,22.643,22.702,22.206,22.292,521198.40697998
2022-02-07 19:00:00,22.293,22.573,22.265,22.415,382607.5150071
2022-02-07 20:00:00,22.415,22.579,22.242,22.446,415172.88179363
2022-02-07 21:00:00,22.444,22.462,22.216,22.379,264510.76376995
2022-02-07 22:00:00,22.381,22.529,22.316,22.489,105330.47697018
2022-02-07 23:00:00,22.487,22.599,22.284,22.359,294895.62292105
2022-02-08 00:00:00,22.361,22.447,21.879,22.3,650854.09761438
2022-02-08 01:00:00,22.299,22.856,22.246,22.85,593968.00264354
2022-02-08 02:00:00,22.849,22.911,22.547,22.57,656475.96818012
2022-02-08 03:00:00,22.571,22.699,22.398,22.647,445522.8784775
2022-02-08 04:00:00,22.646,22.738,22.534,22.69,449794.96618147
2022-02-08 05:00:00,22.69,22.899,22.584,22.88,574118.51324534
2022-02-08 06:00:00,22.878,23.2,22.559,22.837,1071921.07961775
2022-02-08 07:00:00,22.838,22.861,22.501,22.502,405179.9356998
2022-02-08 08:00:00,22.503,22.584,21.654,21.744,1190830.8652969
2022-02-08 09:00:00,21.743,21.913,21.329,21.642,1067943.5309984
2022-02-08 10:00:00,21.642,21.791,21.453,21.714,535516.00840364
2022-02-08 11:00:00,21.714,21.855,21.619,21.751,359891.29217632
2022-02-08 12:00:00,21.743,21.743,21.223,21.458,849297.57708555
2022-02-08 13:00:00,21.457,21.565,21.277,21.494,603057.55117263
2022-02-08 14:00:00,21.494,21.659,21.44,21.507,750818.09366693
2022-02-08 15:00:00,21.506,21.517,21.087,21.428,1065484.52156245
2022-02-08 16:00:00,21.428,21.552,21.192,21.271,813494.64989165
2022-02-08 17:00:00,21.27,21.376,21.024,21.248,998501.43472598
2022-02-08 18:00:00,21.248,21.412,21.222,21.322,382924.99428003
2022-02-08 19:00:00,21.322,21.364,21.075,21.236,544895.9081945
2022-02-08 20:00:00,21.234,21.705,21.182,21.69,970801.27520933
2022-02-08 21:00:00,21.691,21.726,21.479,21.573,464927.17675247
2022-02-08 22:00:00,21.572,21.746,21.524,21.726,155839.66621748
2022-02-08 23:00:00,21.727,21.779,21.508,21.663,328115.31794872
2022-02-09 00:00:00,21.664,21.87,21.612,21.812,247617.39890093
2022-02-09 01:00:00,21.81,21.823,21.495,21.52,263447.22269022
2022-02-09 02:00:00,21.517,21.584,21.207,21.313,508326.87679997
2022-02-09 03:00:00,21.313,21.426,21.229,21.304,195063.3494114
2022-02-09 04:00:00,21.303,21.405,21.265,21.306,210513.95731557
2022-02-09 05:00:00,21.304,21.448,21.051,21.385,418791.50652105
2022-02-09 06:00:00,21.383,21.589,21.362,21.552,183435.0771153
2022-02-09 07:00:00,21.553,21.633,21.403,21.56,251126.33945573
2022-02-09 08:00:00,21.563,21.628,21.346,21.501,347726.16391361
2022-02-09 09:00:00,21.501,21.651,21.437,21.467,252241.62468406
2022-02-09 10:00:00,21.468,21.675,21.445,21.643,275886.74838464
2022-02-09 11:00:00,21.642,21.822,21.573,21.792,295327.59260592
2022-02-09 12:00:00,21.793,22.056,21.717,21.944,522354.7595694
2022-02-09 13:00:00,21.945,22.203,21.816,21.885,478506.40586688
2022-02-09 14:00:00,21.885,22.146,21.773,22.036,394606.45329945
2022-02-09 15:00:00,22.037,22.097,21.875,21.942,312368.20030016
2022-02-09 16:00:00,21.941,22.053,21.8,21.999,371650.23975687
2022-02-09 17:00:00,21.997,22.071,21.952,21.981,221198.2186568
2022-02-09 18:00:00,21.981,22.028,21.897,22.021,154302.57218002
2022-02-09 19:00:00,22.021,22.184,22.004,22.112,353318.3685253
2022-02-09 20:00:00,22.115,22.258,22.066,22.214,273884.10293898
2022-02-09 21:00:00,22.213,22.222,22.054,22.071,175917.42192697
2022-02-09 22:00:00,22.071,22.131,21.976,22.027,120037.94103014
2022-02-09 23:00:00,22.028,22.037,21.878,21.954,189343.52114328
2022-02-10 00:00:00,21.952,21.961,21.715,21.784,309560.73028131
2022-02-10 01:00:00,21.785,21.833,21.71,21.791,156765.10931759
2022-02-10 02:00:00,21.789,22.03,21.604,21.609,320801.18560416
2022-02-10 03:00:00,21.608,21.69,21.462,21.516,353496.08669972
2022-02-10 04:00:00,21.515,21.69,21.477,21.643,277935.75541992
2022-02-10 05:00:00,21.643,21.687,21.57,21.645,190778.93250095
2022-02-10 06:00:00,21.646,21.696,21.586,21.652,199626.3479089
2022-02-10 07:00:00,21.652,21.806,21.631,21.806,209317.76885808
2022-02-10 08:00:00,21.806,21.882,21.696,21.742,217106.4621817
2022-02-10 09:00:00,21.743,21.961,21.678,21.941,189097.06829827
2022-02-10 10:00:00,21.941,22.413,21.909,22.288,436457.10648109
2022-02-10 11:00:00,22.289,22.474,22.22,22.263,386439.75237188
2022-02-10 12:00:00,22.262,22.341,21.986,22.088,368210.3715098
2022-02-10 13:00:00,22.089,22.272,20.937,21.019,1626643.47534916
2022-02-10 14:00:00,21.021,21.408,20.574,21.4,1394677.23574298
2022-02-10 15:00:00,21.401,22.077,21.294,21.74,1613527.05099521
2022-02-10 16:00:00,21.74,22.021,21.689,21.814,829429.23686059
2022-02-10 17:00:00,21.814,21.983,21.696,21.714,696864.193332
2022-02-10 18:00:00,21.713,21.737,21.318,21.378,541917.62757669
2022-02-10 19:00:00,21.38,21.39,20.869,20.895,671858.24626535
2022-02-10 20:00:00,20.896,21.06,20.701,20.907,653686.86685547
2022-02-10 21:00:00,20.909,20.985,20.755,20.85,304221.28854129
2022-02-10 22:00:00,20.852,21.031,20.749,21.02,148367.5676605
2022-02-10 23:00:00,21.019,21.059,20.493,20.516,479867.2199655
2022-02-11 00:00:00,20.518,20.542,20.033,20.393,853064.83912821
2022-02-11 01:00:00,20.393,20.712,20.325,20.495,598758.44166925
2022-02-11 02:00:00,20.497,20.502,20.105,20.336,606876.32385494
2022-02-11 03:00:00,20.337,20.496,20.312,20.443,342222.35935832
2022-02-11 04:00:00,20.443,20.532,20.38,20.439,264863.88464415
2022-02-11 05:00:00,20.438,20.438,20.179,20.18,364783.51723294
2022-02-11 06:00:00,20.181,20.485,20.167,20.359,391961.65558424
2022-02-11 07:00:00,20.358,20.545,20.28,20.521,282331.59937547
2022-02-11 08:00:00,20.521,20.696,20.288,20.322,421724.2068035
2022-02-11 09:00:00,20.32,20.659,20.261,20.578,496197.6364911
2022-02-11 10:00:00,20.579,20.622,20.45,20.582,290194.67721741
2022-02-11 11:00:00,20.583,20.613,20.425,20.454,217176.57807166
2022-02-11 12:00:00,20.454,20.587,20.352,20.486,341638.44385751
2022-02-11 13:00:00,20.487,20.676,20.428,20.649,358275.17636403
2022-02-11 14:00:00,20.65,20.726,20.417,20.496,711059.83307172
2022-02-11 15:00:00,20.496,20.598,20.466,20.525,435720.32853436
2022-02-11 16:00:00,20.524,20.564,20.213,20.321,521406.77135497
2022-02-11 17:00:00,20.32,20.349,20.141,20.197,317009.55028807
2022-02-11 18:00:00,20.195,20.314,19.606,19.625,967197.33536825
2022-02-11 19:00:00,19.625,19.837,19.292,19.537,1196525.28244922
2022-02-11 20:00:00,19.536,19.599,18.989,19.053,1171700.16881286
2022-02-11 21:00:00,19.055,19.237,19.004,19.028,433296.36370564
2022-02-11 22:00:00,19.027,19.104,18.625,18.711,481645.53401751
2022-02-11 23:00:00,18.711,19.086,18.583,18.971,430035.54270805
2022-02-12 00:00:00,18.971,19.029,18.785,19.009,371893.99921991
2022-02-12 01:00:00,19.012,19.147,18.903,19.129,215411.86234311
2022-02-12 02:00:00,19.129,19.132,18.937,18.992,264230.48425585
2022-02-12 03:00:00,18.993,18.996,18.63,18.748,313820.77467635
2022-02-12 04:00:00,18.75,18.989,18.675,18.917,228200.19442728
2022-02-12 05:00:00,18.915,18.968,18.727,18.755,183662.94194232
2022-02-12 06:00:00,18.758,18.777,18.244,18.656,802139.22724105
2022-02-12 07:00:00,18.656,18.821,18.554,18.697,357580.68723408
2022-02-12 08:00:00,18.692,18.984,18.692,18.937,500203.69422352
2022-02-12 09:00:00,18.941,18.998,18.887,18.983,275549.35120786
2022-02-12 10:00:00,18.982,18.995,18.664,18.781,289335.16160929
2022-02-12 11:00:00,18.782,18.958,18.458,18.926,421771.59992751
2022-02-12 12:00:00,18.924,18.939,18.686,18.805,273367.57949014
2022-02-12 13:00:00,18.807,18.833,18.522,18.537,296111.5986493
2022-02-12 14:00:00,18.538,18.736,18.408,18.657,522962.09583492
2022-02-12 15:00:00,18.659,18.831,18.453,18.775,329285.90692565
2022-02-12 16:00:00,18.775,19.227,18.658,19.176,777275.4347302
2022-02-12 17:00:00,19.178,19.244,19.065,19.195,278107.33922613
2022-02-12 18:00:00,19.196,19.426,19.164,19.185,367353.02344611
2022-02-12 19:00:00,19.184,19.222,18.962,18.99,245378.94253224
2022-02-12 20:00:00,18.992,19.128,18.915,19.025,239998.25277742
2022-02-12 21:00:00,19.026,19.026,18.481,18.646,653527.91313875
2022-02-12 22:00:00,18.644,18.935,18.615,18.92,234529.82359574
2022-02-12 23:00:00,18.919,18.965,18.701,18.826,170174.27533955
2022-02-13 00:00:00,18.826,19.067,18.686,18.987,298838.68771691
2022-02-13 01:00:00,18.986,19.126,18.883,18.919,166440.69071982
2022-02-13 02:00:00,18.918,18.946,18.735,18.877,128119.72283249
2022-02-13 03:00:00,18.88,19.174,18.785,19.119,309498.84466002
2022-02-13 04:00:00,19.12,19.283,18.957,19.058,173994.91718944
2022-02-13 05:00:00,19.059,19.148,18.985,19.114,123922.03099719
2022-02-13 06:00:00,19.113,19.14,18.981,19.128,198198.28992302
2022-02-13 07:00:00,19.127,19.127,19.023,19.09,88919.25966827
2022-02-13 08:00:00,19.088,19.119,19.013,19.092,103995.25113085
2022-02-13 09:00:00,19.092,19.092,18.842,18.867,132248.89239789
2022-02-13 10:00:00,18.866,19.122,18.818,19.078,181484.59800683
2022-02-13 11:00:00,19.077,19.193,19.008,19.043,113604.15269311
2022-02-13 12:00:00,19.045,19.141,18.958,18.981,136750.48721775
2022-02-13 13:00:00,18.983,19.08,18.908,19.028,118130.54556373
2022-02-13 14:00:00,19.028,19.126,18.7,18.932,317292.49512024
2022-02-13 15:00:00,18.931,19.156,18.898,19.018,320502.33000239
2022-02-13 16:00:00,19.019,19.042,18.839,18.911,319362.55352854
2022-02-13 17:00:00,18.909,18.951,18.764,18.932,245450.83756834
2022-02-13 18:00:00,18.931,19.024,18.478,18.516,399980.35029127
2022-02-13 19:00:00,18.514,18.676,18.381,18.52,358030.56843832
2022-02-13 20:00:00,18.521,18.893,18.453,18.888,240117.72370112
2022-02-13 21:00:00,18.89,18.921,18.666,18.678,227129.64919767
2022-02-13 22:00:00,18.678,18.855,18.678,18.775,114902.23435001
2022-02-13 23:00:00,18.775,18.89,18.583,18.739,430578.3567191
2022-02-14 00:00:00,18.738,18.9,18.591,18.699,422879.38982421
2022-02-14 01:00:00,18.7,18.713,18.251,18.27,653636.62376877
2022-02-14 02:00:00,18.269,18.274,18.07,18.084,519125.82521695
2022-02-14 03:00:00,18.084,18.308,18.02,18.275,372984.29264027
2022-02-14 04:00:00,18.273,18.28,18.183,18.254,273715.26526756
2022-02-14 05:00:00,18.256,18.303,18.05,18.069,196897.02743265
2022-02-14 06:00:00,18.07,18.311,18.037,18.304,251320.06254007
2022-02-14 07:00:00,18.303,18.421,18.238,18.418,268436.85405619
2022-02-14 08:00:00,18.418,18.498,18.233,18.251,369616.12791592
2022-02-14 09:00:00,18.25,18.37,18.16,18.296,382542.23583273
2022-02-14 10:00:00,18.296,18.343,18.209,18.323,223333.3858547
2022-02-14 11:00:00,18.322,18.399,18.26,18.319,186347.38486659
2022-02-14 12:00:00,18.32,18.55,18.117,18.526,435906.74956955
2022-02-14 13:00:00,18.525,18.842,18.525,18.646,540782.98065621
2022-02-14 14:00:00,18.647,18.94,18.647,18.754,531114.63369042
2022-02-14 15:00:00,18.755,18.81,18.577,18.686,515957.4293727
2022-02-14 16:00:00,18.687,18.915,18.672,18.836,348590.07553358
2022-02-14 17:00:00,18.838,18.862,18.69,18.702,373655.49374746
2022-02-14 18:00:00,18.704,18.792,18.571,18.571,355854.72294062
2022-02-14 19:00:00,18.574,18.634,18.329,18.435,831603.20576202
2022-02-14 20:00:00,18.433,18.564,18.35,18.489,480954.48661474
2022-02-14 21:00:00,18.49,18.603,18.433,18.547,171825.276844
2022-02-14 22:00:00,18.548,18.787,18.548,18.778,141223.66840698
2022-02-14 23:00:00,18.78,18.817,18.682,18.697,146155.74063567
2022-02-15 00:00:00,18.699,18.782,18.681,18.715,154965.16202805
2022-02-15 01:00:00,18.714,19.352,18.644,19.245,595447.51581423
2022-02-15 02:00:00,19.246,19.327,19.134,19.24,351013.77463393
2022-02-15 03:00:00,19.24,19.259,19.17,19.201,84160.16805469
2022-02-15 04:00:00,19.201,19.268,19.117,19.204,191108.40974154
2022-02-15 05:00:00,19.204,19.245,19.176,19.187,155889.99318962
2022-02-15 06:00:00,19.187,19.273,19.165,19.264,169828.75237549
2022-02-15 07:00:00,19.265,19.4,19.233,19.364,215426.46629069
2022-02-15 08:00:00,19.364,19.679,19.364,19.605,395448.70124322
2022-02-15 09:00:00,19.606,19.737,19.474,19.735,341054.66693499
2022-02-15 10:00:00,19.735,19.878,19.655,19.823,319962.46235151
2022-02-15 11:00:00,19.825,19.877,19.693,19.716,200571.48887027
2022-02-15 12:00:00,19.715,19.79,19.66,19.763,162983.1178288
2022-02-15 13:00:00,19.764,19.831,19.652,19.829,183553.44262284
2022-02-15 14:00:00,19.829,19.955,19.707,19.907,355646.24203582
2022-02-15 15:00:00,19.908,20.158,19.871,19.996,284007.49613924
2022-02-15 16:00:00,19.997,20.02,19.853,19.919,230802.89615153
2022-02-15 17:00:00,19.92,19.967,19.68,19.749,258374.06062976
2022-02-15 18:00:00,19.749,19.926,19.594,19.913,179440.71269699
2022-02-15 19:00:00,19.913,19.919,19.758,19.783,118347.04985473
2022-02-15 20:00:00,19.782,19.88,19.773,19.826,129762.60593339
2022-02-15 21:00:00,19.827,19.885,19.761,19.779,61973.48467959
2022-02-15 22:00:00,19.777,20.013,19.758,19.918,83719.12222988
2022-02-15 23:00:00,19.919,20.356,19.872,20.183,303355.36345953
2022-02-16 00:00:00,20.185,20.19,19.877,20.017,177387.31268506
2022-02-16 01:00:00,20.016,20.017,19.763,19.837,241417.45115951
2022-02-16 02:00:00,19.837,19.893,19.8,19.868,91867.69294335
2022-02-16 03:00:00,19.869,19.92,19.792,19.816,80177.80027756
2022-02-16 04:00:00,19.816,19.821,19.401,19.522,307633.90392463
2022-02-16 05:00:00,19.524,19.73,19.523,19.663,162899.91728529
2022-02-16 06:00:00,19.662,19.93,19.653,19.83,148493.68481628
2022-02-16 07:00:00,19.831,19.919,19.739,19.912,76529.29497251
2022-02-16 08:00:00,19.913,19.996,19.839,19.856,162212.71027713
2022-02-16 09:00:00,19.855,19.899,19.674,19.696,114931.11247416
2022-02-16 10:00:00,19.696,19.777,19.58,19.744,120642.2283886
2022-02-16 11:00:00,19.746,19.851,19.739,19.765,106586.93120914
2022-02-16 12:00:00,19.766,19.822,19.647,19.66,98695.7484919
2022-02-16 13:00:00,19.662,19.677,19.12,19.272,535443.13664715
2022-02-16 14:00:00,19.27,19.327,19.058,19.13,403738.25750478
2022-02-16 15:00:00,19.13,19.329,19.11,19.263,179847.0951107
2022-02-16 16:00:00,19.263,19.335,19.101,19.283,215866.16722362
2022-02-16 17:00:00,19.282,19.312,19.182,19.242,148511.13812357
2022-02-16 18:00:00,19.243,19.471,19.169,19.416,168400.2949028
2022-02-16 19:00:00,19.415,20.127,19.33,20.102,598421.50829656
2022-02-16 20:00:00,20.103,20.205,19.943,19.965,381199.71485464
2022-02-16 21:00:00,19.964,20.047,19.722,19.857,230220.12785454
2022-02-16 22:00:00,19.858,20.013,19.812,19.888,92543.15455303
2022-02-16 23:00:00,19.887,20.12,19.736,19.774,221245.65783316
2022-02-17 00:00:00,19.772,20.0,19.761,19.986,152417.81906243
2022-02-17 01:00:00,19.987,20.026,19.834,19.87,87336.5875451
2022-02-17 02:00:00,19.869,19.895,19.643,19.719,161334.43764728
2022-02-17 03:00:00,19.72,19.738,19.35,19.372,221746.79058955
2022-02-17 04:00:00,19.371,19.489,19.141,19.39,324901.15730601
2022-02-17 05:00:00,19.388,19.504,19.293,19.427,140240.02065633
2022-02-17 06:00:00,19.428,19.586,19.386,19.556,169288.0018775
2022-02-17 07:00:00,19.557,19.567,19.414,19.54,124533.74999945
2022-02-17 08:00:00,19.541,19.608,19.026,19.262,388006.57780861
2022-02-17 09:00:00,19.262,19.319,18.976,19.199,355303.60955872
2022-02-17 10:00:00,19.2,19.317,19.037,19.111,202434.63524667
2022-02-17 11:00:00,19.113,19.179,19.022,19.125,185119.40116398
2022-02-17 12:00:00,19.124,19.226,19.084,19.127,150502.60385778
2022-02-17 13:00:00,19.126,19.16,18.633,18.767,680575.05795243
2022-02-17 14:00:00,18.767,18.889,18.432,18.56,588211.04798429
2022-02-17 15:00:00,18.559,18.705,18.44,18.615,380585.26206651
2022-02-17 16:00:00,18.615,18.746,18.469,18.624,550832.10212179
2022-02-17 17:00:00,18.623,18.655,18.385,18.481,382000.06428297
2022-02-17 18:00:00,18.481,18.56,17.888,18.355,1059174.50087032
2022-02-17 19:00:00,18.354,18.354,18.089,18.297,282027.13147648
2022-02-17 20:00:00,18.297,18.297,18.015,18.162,353574.51099457
2022-02-17 21:00:00,18.165,18.236,17.787,18.179,616158.64857489
2022-02-17 22:00:00,18.179,18.256,18.028,18.247,169553.86333389
2022-02-17 23:00:00,18.244,18.257,18.028,18.156,216628.3122791
2022-02-18 00:00:00,18.159,18.333,17.96,18.27,481504.38222821
2022-02-18 01:00:00,18.267,18.359,18.047,18.316,428552.13933192
2022-02-18 02:00:00,18.316,18.399,18.233,18.299,233480.02339938
2022-02-18 03:00:00,18.299,18.407,18.236,18.386,133389.50141121
2022-02-18 04:00:00,18.387,18.493,18.335,18.343,176052.91365211
2022-02-18 05:00:00,18.345,18.388,18.248,18.339,176552.05709173
2022-02-18 06:00:00,18.335,18.405,18.3,18.394,99991.84413877
2022-02-18 07:00:00,18.396,18.538,18.349,18.405,217964.593049
2022-02-18 08:00:00,18.405,18.606,18.392,18.552,228923.96905231
2022-02-18 09:00:00,18.554,18.575,18.48,18.527,119571.22653557
2022-02-18 10:00:00,18.529,18.529,18.332,18.413,115780.77522305
2022-02-18 11:00:00,18.412,18.428,18.044,18.14,315277.1214323
2022-02-18 12:00:00,18.142,18.326,18.056,18.303,200537.73895303
2022-02-18 13:00:00,18.304,18.317,18.109,18.288,221182.34877504
2022-02-18 14:00:00,18.286,18.384,17.6,18.245,846555.75142116
2022-02-18 15:00:00,18.243,18.367,17.716,17.861,728702.94248155
2022-02-18 16:00:00,17.865,18.142,17.61,17.767,792898.52807041
2022-02-18 17:00:00,17.771,18.028,17.771,17.852,435393.24245607
2022-02-18 18:00:00,17.852,17.963,17.691,17.951,288584.60328427
2022-02-18 19:00:00,17.949,18.002,17.851,17.978,187387.49025797
2022-02-18 20:00:00,17.981,18.03,17.774,17.832,234477.09530039
2022-02-18 21:00:00,17.832,17.978,17.797,17.804,197781.64122221
2022-02-18 22:00:00,17.804,17.853,17.628,17.744,126372.40666358
2022-02-18 23:00:00,17.743,17.894,17.707,17.817,105382.81058194
2022-02-19 00:00:00,17.814,18.081,17.744,18.049,93541.43638279
2022-02-19 01:00:00,18.048,18.131,17.974,18.036,111879.12322547
2022-02-19 02:00:00,18.035,18.072,17.966,18.06,50481.92082189
2022-02-19 03:00:00,18.058,18.128,17.954,17.992,48980.98964096
2022-02-19 04:00:00,17.993,18.13,17.953,18.102,59050.93367169
2022-02-19 05:00:00,18.105,18.164,18.04,18.093,39107.84710854
2022-02-19 06:00:00,18.094,18.221,18.072,18.146,87531.42642247
2022-02-19 07:00:00,18.146,18.163,18.047,18.078,100480.99945474
2022-02-19 08:00:00,18.078,18.112,17.926,17.937,157623.53868764
2022-02-19 09:00:00,17.936,18.007,17.823,17.853,165537.68720922
2022-02-19 10:00:00,17.854,17.901,17.701,17.823,150774.95513555
2022-02-19 11:00:00,17.823,17.9,17.362,17.53,452680.52073027
2022-02-19 12:00:00,17.529,17.587,17.333,17.486,211440.77490149
2022-02-19 13:00:00,17.485,17.733,17.341,17.688,279167.04434537
2022-02-19 14:00:00,17.687,17.69,17.5,17.615,151126.05681612
2022-02-19 15:00:00,17.616,17.807,17.566,17.772,132280.23431493
2022-02-19 16:00:00,17.771,18.002,17.672,17.721,322864.49791393
2022-02-19 17:00:00,17.72,17.885,17.665,17.844,172089.77813526
2022-02-19 18:00:00,17.843,17.875,17.704,17.762,185246.8199388
2022-02-19 19:00:00,17.761,17.773,17.577,17.614,100549.79826396
2022-02-19 20:00:00,17.614,17.697,17.55,17.664,79013.45784975
2022-02-19 21:00:00,17.665,17.705,17.518,17.631,83030.7801356
2022-02-19 22:00:00,17.632,17.775,17.619,17.725,42867.0585899
2022-02-19 23:00:00,17.724,17.907,17.713,17.839,78869.58363636
2022-02-20 00:00:00,17.84,17.86,17.588,17.671,112113.79863323
2022-02-20 01:00:00,17.671,17.772,17.568,17.752,81150.56087863
2022-02-20 02:00:00,17.753,17.777,17.495,17.531,88882.61315973
2022-02-20 03:00:00,17.53,17.569,17.378,17.433,172035.18589197
2022-02-20 04:00:00,17.434,17.469,17.141,17.187,354719.4498403
2022-02-20 05:00:00,17.186,17.288,16.857,16.907,394655.08041663
2022-02-20 06:00:00,16.907,16.974,16.651,16.878,603120.11686313
2022-02-20 07:00:00,16.876,17.041,16.783,16.99,351667.04138822
2022-02-20 08:00:00,16.989,16.991,16.708,16.855,479907.98942576
2022-02-20 09:00:00,16.857,17.049,16.805,16.993,364765.37774895
2022-02-20 10:00:00,16.992,17.179,16.943,16.996,166246.11454254
2022-02-20 11:00:00,16.998,17.16,16.975,17.15,282718.10576566
2022-02-20 12:00:00,17.151,17.359,16.993,17.015,402729.20064914
2022-02-20 13:00:00,17.016,17.124,16.94,16.957,259833.11229444
2022-02-20 14:00:00,16.957,17.003,16.676,16.934,312470.77451789
2022-02-20 15:00:00,16.933,17.049,16.848,16.975,203282.68901643
2022-02-20 16:00:00,16.975,17.049,16.709,16.775,284362.65652464
2022-02-20 17:00:00,16.774,16.941,16.761,16.866,185379.27327652
2022-02-20 18:00:00,16.864,17.107,16.834,17.096,238529.73457907
2022-02-20 19:00:00,17.095,17.095,16.994,17.03,118401.22217386
2022-02-20 20:00:00,17.028,17.031,16.894,16.981,118752.58512579
2022-02-20 21:00:00,16.98,17.035,16.707,16.849,232750.06270945
2022-02-20 22:00:00,16.849,17.164,16.843,17.162,163402.97453065
2022-02-20 23:00:00,17.16,17.281,16.859,16.908,360249.76133215
2022-02-21 00:00:00,16.909,17.318,16.813,17.31,275153.2564266
2022-02-21 01:00:00,17.309,17.53,17.193,17.427,534832.06641494
2022-02-21 02:00:00,17.427,17.487,17.387,17.416,138146.30605101
2022-02-21 03:00:00,17.416,17.475,17.256,17.3,196908.43068091
2022-02-21 04:00:00,17.299,17.531,17.295,17.491,216682.92817668
2022-02-21 05:00:00,17.492,17.593,17.434,17.456,194128.3753403
2022-02-21 06:00:00,17.457,17.505,17.379,17.491,147101.43672119
2022-02-21 07:00:00,17.492,17.665,17.432,17.652,184223.86347408
2022-02-21 08:00:00,17.651,17.736,17.495,17.527,218844.98187173
2022-02-21 09:00:00,17.527,17.561,17.375,17.407,168730.00539826
2022-02-21 10:00:00,17.407,17.463,17.063,17.138,333181.30678531
2022-02-21 11:00:00,17.138,17.221,16.463,16.662,977366.29123051
2022-02-21 12:00:00,16.66,16.768,16.401,16.519,629974.8767606
2022-02-21 13:00:00,16.519,16.595,16.305,16.526,720961.49336293
2022-02-21 14:00:00,16.525,17.218,16.463,17.118,1302268.85480879
2022-02-21 15:00:00,17.117,17.552,17.087,17.126,836988.02875059
2022-02-21 16:00:00,17.126,17.3,17.001,17.023,309748.24791111
2022-02-21 17:00:00,17.023,17.066,16.757,16.791,441102.86832778
2022-02-21 18:00:00,16.791,16.929,16.405,16.529,997133.06783938
2022-02-21 19:00:00,16.528,16.705,16.37,16.668,915974.09034229
2022-02-21 20:00:00,16.668,16.732,16.523,16.652,236020.04287467
2022-02-21 21:00:00,16.654,16.783,16.112,16.21,756388.78181932
2022-02-21 22:00:00,16.212,16.467,16.101,16.305,648382.83987536
2022-02-21 23:00:00,16.307,16.421,16.018,16.182,1046729.69028836
2022-02-22 00:00:00,16.181,16.346,16.067,16.298,498194.8518438
2022-02-22 01:00:00,16.299,16.463,16.061,16.318,455590.50690834
2022-02-22 02:00:00,16.319,16.325,16.105,16.234,346096.33216893
2022-02-22 03:00:00,16.235,16.246,15.785,15.9,1079858.82834841
2022-02-22 04:00:00,15.901,16.088,15.859,15.889,367608.45702562
2022-02-22 05:00:00,15.89,16.216,15.841,15.973,413892.58179418
2022-02-22 06:00:00,15.975,16.116,15.933,16.03,379237.30612218
2022-02-22 07:00:00,16.029,16.073,15.822,15.914,404050.48214289
2022-02-22 08:00:00,15.915,16.19,15.895,16.157,315483.36386939
2022-02-22 09:00:00,16.157,16.241,16.083,16.148,296780.26907683
2022-02-22 10:00:00,16.15,16.499,16.075,16.403,608128.1281259
2022-02-22 11:00:00,16.406,16.46,16.244,16.336,291066.38924242
2022-02-22 12:00:00,16.337,16.471,16.156,16.354,389040.80404718
2022-02-22 13:00:00,16.356,16.538,16.263,16.48,292702.94215193
2022-02-22 14:00:00,16.48,16.645,16.265,16.585,604516.02469353
2022-02-22 15:00:00,16.584,16.723,16.49,16.533,450339.38279825
2022-02-22 16:00:00,16.532,16.609,16.187,16.333,410503.4539789
2022-02-22 17:00:00,16.333,16.368,16.065,16.122,396974.85807947
2022-02-22 18:00:00,16.123,16.287,16.035,16.175,236139.40514692
2022-02-22 19:00:00,16.174,16.402,16.105,16.361,461276.31980147
2022-02-22 20:00:00,16.362,16.438,16.216,16.272,343502.08039374
2022-02-22 21:00:00,16.273,16.347,16.258,16.296,84464.35814437
2022-02-22 22:00:00,16.296,16.339,16.153,16.184,57151.50890272
2022-02-22 23:00:00,16.185,16.653,16.161,16.595,468062.77720157
2022-02-23 00:00:00,16.595,16.712,16.401,16.51,358013.0390347
2022-02-23 01:00:00,16.51,16.532,16.246,16.316,218793.67322576
2022-02-23 02:00:00,16.316,16.582,16.119,16.183,420607.01703447
2022-02-23 03:00:00,16.184,16.238,16.089,16.218,229353.86762108
2022-02-23 04:00:00,16.218,16.462,16.178,16.429,256008.53096847
2022-02-23 05:00:00,16.43,16.606,16.359,16.528,268059.066571
2022-02-23 06:00:00,16.529,16.605,16.434,16.465,213713.87169168
2022-02-23 07:00:00,16.465,16.956,16.449,16.93,512131.8497179
2022-02-23 08:00:00,16.93,17.165,16.863,16.98,729552.9274558
2022-02-23 09:00:00,16.981,17.193,16.941,17.174,319422.44951234
2022-02-23 10:00:00,17.175,17.37,17.103,17.257,295940.25606906
2022-02-23 11:00:00,17.256,17.396,17.086,17.235,333687.75262475
2022-02-23 12:00:00,17.236,17.465,17.208,17.387,287998.48379088
2022-02-23 13:00:00,17.386,17.506,17.19,17.224,365818.49644035
2022-02-23 14:00:00,17.223,17.262,17.0,17.016,387726.29494361
2022-02-23 15:00:00,17.017,17.063,16.932,16.974,386332.83611178
2022-02-23 16:00:00,16.975,17.192,16.727,17.154,547514.39468827
2022-02-23 17:00:00,17.158,17.378,16.747,16.827,377030.06203313
2022-02-23 18:00:00,16.827,16.891,16.505,16.527,408303.9298378
2022-02-23 19:00:00,16.527,16.622,16.271,16.294,391490.30793699
2022-02-23 20:00:00,16.293,16.293,16.065,16.188,470415.68095551
2022-02-23 21:00:00,16.189,16.328,16.091,16.156,164108.99278155
2022-02-23 22:00:00,16.157,16.293,15.948,16.257,201406.48533913
2022-02-23 23:00:00,16.257,16.295,15.916,15.973,398188.1989515
2022-02-24 00:00:00,15.973,16.125,15.828,15.865,553884.18101886
2022-02-24 01:00:00,15.868,16.119,15.828,16.107,438939.34246853
2022-02-24 02:00:00,16.108,16.173,15.51,15.591,817008.35067684
2022-02-24 03:00:00,15.592,15.683,14.631,14.812,2683145.71688441
2022-02-24 04:00:00,14.811,15.018,14.574,14.968,1526990.36422866
2022-02-24 05:00:00,14.969,15.001,14.176,14.403,1448388.94164105
2022-02-24 06:00:00,14.403,14.631,14.316,14.446,1215251.15390494
2022-02-24 07:00:00,14.446,14.683,14.096,14.506,1102177.9504257
2022-02-24 08:00:00,14.503,14.796,14.307,14.418,1255160.11782324
2022-02-24 09:00:00,14.416,14.505,14.191,14.206,717798.24270195
2022-02-24 10:00:00,14.207,14.337,14.04,14.266,733903.03465723
2022-02-24 11:00:00,14.265,14.418,14.098,14.39,609885.9480693
2022-02-24 12:00:00,14.389,14.569,14.237,14.552,630799.33336819
2022-02-24 13:00:00,14.553,14.981,14.466,14.874,1126778.20369031
2022-02-24 14:00:00,14.875,15.514,14.714,15.39,1821173.95900551
2022-02-24 15:00:00,15.392,15.541,15.216,15.389,1299607.37250327
2022-02-24 16:00:00,15.39,15.619,15.147,15.359,1073609.96998598
2022-02-24 17:00:00,15.36,15.388,15.114,15.259,460186.66922752
2022-02-24 18:00:00,15.26,15.953,15.254,15.753,906200.39367364
2022-02-24 19:00:00,15.756,16.113,15.668,16.069,983036.15438485
2022-02-24 20:00:00,16.066,16.748,16.064,16.401,1630560.45692867
2022-02-24 21:00:00,16.402,16.411,16.081,16.135,390290.4905587
2022-02-24 22:00:00,16.131,16.197,15.679,15.763,265972.33138552
2022-02-24 23:00:00,15.763,16.206,15.763,16.159,263665.82979899
2022-02-25 00:00:00,16.159,16.344,15.864,15.896,360850.64740977
2022-02-25 01:00:00,15.896,16.342,15.874,16.174,396213.05034279
2022-02-25 02:00:00,16.172,16.278,16.097,16.237,298011.43428254
2022-02-25 03:00:00,16.235,16.276,15.999,16.205,425760.25189657
2022-02-25 04:00:00,16.206,16.251,16.033,16.087,201100.79006856
2022-02-25 05:00:00,16.086,16.151,15.84,16.004,338428.35161395
2022-02-25 06:00:00,16.002,16.196,15.929,16.168,285093.25997567
2022-02-25 07:00:00,16.166,16.239,16.066,16.113,276695.65348513
2022-02-25 08:00:00,16.113,16.181,15.901,16.056,336716.55596239
2022-02-25 09:00:00,16.057,16.099,15.779,16.074,373543.87636198
2022-02-25 10:00:00,16.075,16.151,15.963,16.028,259064.7944946
2022-02-25 11:00:00,16.03,16.139,15.84,16.11,359352.87480565
2022-02-25 12:00:00,16.111,16.544,16.099,16.443,639908.81483804
2022-02-25 13:00:00,16.446,16.733,16.389,16.587,485442.88770369
2022-02-25 14:00:00,16.587,16.599,16.331,16.347,512531.14285502
2022-02-25 15:00:00,16.349,16.602,16.183,16.539,534374.69355599
2022-02-25 16:00:00,16.539,16.642,16.378,16.511,273101.13127254
2022-02-25 17:00:00,16.514,16.528,16.309,16.359,191998.50373971
2022-02-25 18:00:00,16.364,16.447,16.169,16.347,276715.53726956
2022-02-25 19:00:00,16.347,16.504,16.263,16.379,262432.1853679
2022-02-25 20:00:00,16.38,16.602,16.292,16.54,280002.61421636
2022-02-25 21:00:00,16.539,16.658,16.466,16.559,132514.64524583
2022-02-25 22:00:00,16.559,17.199,16.474,17.136,224603.88723096
2022-02-25 23:00:00,17.135,17.533,16.986,17.255,531840.11500355
2022-02-26 00:00:00,17.256,18.055,17.175,17.769,699153.05118104
2022-02-26 01:00:00,17.769,17.969,17.709,17.962,271978.11613321
2022-02-26 02:00:00,17.958,18.192,17.745,17.892,1027535.98673827
2022-02-26 03:00:00,17.893,17.988,17.775,17.905,214471.80969455
2022-02-26 04:00:00,17.905,18.054,17.849,18.052,166751.41284007
2022-02-26 05:00:00,18.051,18.249,17.812,17.878,371381.55878776
2022-02-26 06:00:00,17.874,18.043,17.856,17.908,235818.30178403
2022-02-26 07:00:00,17.908,18.03,17.62,18.03,395111.46530537
2022-02-26 08:00:00,18.032,18.215,17.63,17.742,540497.56446498
2022-02-26 09:00:00,17.742,17.917,17.563,17.73,301368.10944253
2022-02-26 10:00:00,17.733,18.357,17.69,18.266,558404.54420857
2022-02-26 11:00:00,18.262,18.772,18.023,18.398,785071.74981191
2022-02-26 12:00:00,18.398,18.459,18.144,18.291,320408.07808026
2022-02-26 13:00:00,18.288,18.318,18.065,18.235,286431.43553183
2022-02-26 14:00:00,18.24,18.396,18.21,18.365,337213.13470542
2022-02-26 15:00:00,18.361,18.391,18.121,18.144,196326.57589355
2022-02-26 16:00:00,18.151,18.282,17.952,18.003,213504.4014182
2022-02-26 17:00:00,18.002,18.184,17.961,18.12,138705.84823673
2022-02-26 18:00:00,18.12,18.179,17.764,18.179,232423.64441063
2022-02-26 19:00:00,18.178,18.573,18.171,18.458,362017.18634515
2022-02-26 20:00:00,18.459,18.698,18.422,18.492,316319.27127591
2022-02-26 21:00:00,18.494,18.595,18.162,18.277,441219.30225532
2022-02-26 22:00:00,18.27,18.318,17.994,18.026,168674.55292035
2022-02-26 23:00:00,18.023,18.075,17.813,18.018,241723.02694917
2022-02-27 00:00:00,18.026,18.087,17.609,17.801,236644.13185137
2022-02-27 01:00:00,17.8,17.849,17.417,17.434,350256.86441801
2022-02-27 02:00:00,17.443,17.733,17.384,17.705,133376.7944106
2022-02-27 03:00:00,17.702,17.777,17.599,17.656,126925.95310389
2022-02-27 04:00:00,17.656,17.73,17.543,17.604,111602.43029863
2022-02-27 05:00:00,17.601,17.836,17.509,17.721,228234.33323839
2022-02-27 06:00:00,17.717,17.997,17.711,17.928,120976.92966629
2022-02-27 07:00:00,17.929,17.997,17.814,17.838,248450.62582722
2022-02-27 08:00:00,17.83,17.948,17.611,17.883,190265.48618236
2022-02-27 09:00:00,17.884,18.196,17.85,18.137,260529.32439133
2022-02-27 10:00:00,18.136,18.571,18.132,18.474,361072.13369774
2022-02-27 11:00:00,18.474,18.599,18.296,18.503,288479.92581646
2022-02-27 12:00:00,18.504,18.73,18.257,18.645,397249.52519546
2022-02-27 13:00:00,18.645,18.684,17.641,18.036,736364.35885135
2022-02-27 14:00:00,18.042,18.157,17.809,17.969,320126.04436836
2022-02-27 15:00:00,17.973,18.587,17.92,18.561,391559.21091104
2022-02-27 16:00:00,18.557,18.56,18.181,18.223,280127.54473161
2022-02-27 17:00:00,18.222,18.407,18.127,18.371,136243.77917565
2022-02-27 18:00:00,18.374,18.39,17.863,17.936,399038.11819371
2022-02-27 19:00:00,17.932,17.979,17.295,17.381,613572.08936694
2022-02-27 20:00:00,17.379,17.708,17.144,17.423,538501.17925493
2022-02-27 21:00:00,17.418,17.532,17.058,17.38,566360.48180326
2022-02-27 22:00:00,17.379,17.683,17.317,17.587,208579.54235964
2022-02-27 23:00:00,17.588,17.588,17.216,17.493,658935.19889035
2022-02-28 00:00:00,17.489,17.562,17.143,17.233,330267.54297486
2022-02-28 01:00:00,17.24,17.665,17.218,17.499,358712.94771323
2022-02-28 02:00:00,17.502,17.581,17.273,17.375,262340.02611949
2022-02-28 03:00:00,17.373,17.459,17.261,17.359,150378.81211548
2022-02-28 04:00:00,17.367,17.534,17.167,17.221,315816.05989743
2022-02-28 05:00:00,17.206,17.27,17.002,17.051,295242.56181363
2022-02-28 06:00:00,17.052,17.193,16.627,16.962,866896.2106403
2022-02-28 07:00:00,16.965,17.162,16.92,17.094,498164.4243783
2022-02-28 08:00:00,17.095,17.276,17.012,17.074,269357.88015056
2022-02-28 09:00:00,17.077,17.176,16.817,16.826,183708.48923642
2022-02-28 10:00:00,16.823,17.054,16.818,17.0,177685.74074169
2022-02-28 11:00:00,16.997,17.044,16.878,16.989,166577.09219395
2022-02-28 12:00:00,16.991,17.1,16.871,16.904,294814.71115538
2022-02-28 13:00:00,16.903,16.999,16.748,16.786,329879.56784584
2022-02-28 14:00:00,16.791,17.581,16.79,17.551,922569.89769199
2022-02-28 15:00:00,17.546,17.957,17.352,17.919,908014.23953651
2022-02-28 16:00:00,17.922,18.088,17.694,17.78,789468.27747655
2022-02-28 17:00:00,17.78,17.8,17.529,17.796,362414.01767047
2022-02-28 18:00:00,17.801,17.837,17.607,17.714,268606.56238716
2022-02-28 19:00:00,17.713,17.793,17.578,17.733,212538.0447176
2022-02-28 20:00:00,17.729,18.023,17.725,18.013,451640.14282544
2022-02-28 21:00:00,18.017,18.2,17.869,18.039,219309.14368424
2022-02-28 22:00:00,18.039,18.887,18.032,18.581,491410.32934307
2022-02-28 23:00:00,18.596,19.107,18.581,18.953,506079.86265142
2022-03-01 00:00:00,18.933,19.314,18.911,19.123,637507.55212833
2022-03-01 01:00:00,19.127,19.139,18.796,18.83,420104.66122741
2022-03-01 02:00:00,18.83,18.904,18.636,18.726,261236.82528138
2022-03-01 03:00:00,18.718,18.729,18.573,18.669,272974.55157492
2022-03-01 04:00:00,18.669,18.802,18.661,18.761,206474.19189606
2022-03-01 05:00:00,18.769,18.829,18.456,18.58,279744.53601254
2022-03-01 06:00:00,18.585,18.695,18.333,18.69,291462.65758771
2022-03-01 07:00:00,18.684,18.88,18.639,18.835,239082.81917614
2022-03-01 08:00:00,18.84,18.997,18.683,18.977,302361.13931585
2022-03-01 09:00:00,18.975,19.004,18.527,18.693,340269.79013581
2022-03-01 10:00:00,18.693,18.934,18.367,18.91,424198.88634564
2022-03-01 11:00:00,18.91,18.97,18.67,18.837,350829.76900837
2022-03-01 12:00:00,18.838,19.096,18.731,18.97,593990.85659841
2022-03-01 13:00:00,18.968,19.566,18.909,19.364,805155.1474996
2022-03-01 14:00:00,19.367,19.477,18.634,18.76,737937.33482056
2022-03-01 15:00:00,18.76,19.06,18.586,18.834,586588.08491117
2022-03-01 16:00:00,18.837,19.028,18.462,18.598,538719.73649649
2022-03-01 17:00:00,18.608,18.9,18.491,18.755,286139.08809133
2022-03-01 18:00:00,18.761,18.881,18.592,18.842,213364.10809551
2022-03-01 19:00:00,18.841,18.966,18.666,18.684,222467.68620348
2022-03-01 20:00:00,18.687,18.92,18.659,18.904,199319.88189265
2022-03-01 21:00:00,18.905,18.969,18.679,18.787,255518.42037562
2022-03-01 22:00:00,18.802,18.998,18.707,18.939,114341.85478708
2022-03-01 23:00:00,18.935,18.954,18.746,18.893,235543.6088153
2022-03-02 00:00:00,18.895,18.949,18.38,18.675,445262.93823329
2022-03-02 01:00:00,18.674,18.776,18.417,18.689,314006.90363363
2022-03-02 02:00:00,18.684,18.729,18.527,18.691,233740.82227384
2022-03-02 03:00:00,18.694,19.215,18.655,19.093,414802.35508366
2022-03-02 04:00:00,19.096,19.257,18.959,19.05,308978.70657019
2022-03-02 05:00:00,19.049,19.112,18.88,19.036,224703.40993979
2022-03-02 06:00:00,19.039,19.081,18.69,18.722,201711.80653882
2022-03-02 07:00:00,18.721,18.77,18.561,18.74,276026.50838376
2022-03-02 08:00:00,18.741,18.912,18.564,18.687,297080.84045558
2022-03-02 09:00:00,18.694,18.932,18.628,18.853,269287.25961125
2022-03-02 10:00:00,18.853,19.071,18.826,18.937,222986.1096144
2022-03-02 11:00:00,18.947,19.003,18.805,18.948,151118.80854655
2022-03-02 12:00:00,18.946,19.173,18.695,18.885,445733.09918897
2022-03-02 13:00:00,18.885,18.886,18.346,18.509,508543.19785143
2022-03-02 14:00:00,18.51,18.989,18.49,18.96,612610.17148476
2022-03-02 15:00:00,18.963,19.138,18.532,18.661,1141575.85950591
2022-03-02 16:00:00,18.659,18.771,18.568,18.655,275591.68101331
2022-03-02 17:00:00,18.655,18.764,18.53,18.534,248334.87871907
2022-03-02 18:00:00,18.535,18.666,18.373,18.456,227260.37775079
2022-03-02 19:00:00,18.468,18.606,18.372,18.538,161317.24724097
2022-03-02 20:00:00,18.538,18.604,18.476,18.503,114133.1318635
2022-03-02 21:00:00,18.496,18.744,18.446,18.735,111155.90155136
2022-03-02 22:00:00,18.739,18.825,18.663,18.722,113634.13880077
2022-03-02 23:00:00,18.727,18.753,18.54,18.605,119190.92904471
2022-03-03 00:00:00,18.609,18.668,18.399,18.59,211688.15561437
2022-03-03 01:00:00,18.594,18.62,18.24,18.341,300993.65105323
2022-03-03 02:00:00,18.341,18.371,18.102,18.29,287754.01885625
2022-03-03 03:00:00,18.288,18.306,18.044,18.184,235968.17379457
2022-03-03 04:00:00,18.183,18.31,18.122,18.218,154446.21242397
2022-03-03 05:00:00,18.209,18.268,18.168,18.204,142898.28715233
2022-03-03 06:00:00,18.2,18.345,18.045,18.311,233475.90599371
2022-03-03 07:00:00,18.309,18.433,18.255,18.327,160055.10228891
2022-03-03 08:00:00,18.326,18.412,18.232,18.284,109390.61140022
2022-03-03 09:00:00,18.281,18.291,18.102,18.159,150437.32755238
2022-03-03 10:00:00,18.159,18.339,18.09,18.296,190748.35583771
2022-03-03 11:00:00,18.298,18.419,18.252,18.327,168100.61321713
2022-03-03 12:00:00,18.323,18.498,18.284,18.44,144711.17354616
2022-03-03 13:00:00,18.441,18.598,18.4,18.591,170901.03176536
2022-03-03 14:00:00,18.591,18.635,18.231,18.384,295275.50360172
2022-03-03 15:00:00,18.381,18.453,18.008,18.116,612148.89343241
2022-03-03 16:00:00,18.119,18.231,17.929,18.098,425219.22114427
2022-03-03 17:00:00,18.099,18.199,17.76,18.101,454281.97101219
2022-03-03 18:00:00,18.1,18.195,18.029,18.071,163220.09142162
2022-03-03 19:00:00,18.063,18.189,17.961,18.052,150016.57094324
2022-03-03 20:00:00,18.05,18.067,17.805,17.883,243275.26545275
2022-03-03 21:00:00,17.89,17.96,17.771,17.878,164619.55503813
2022-03-03 22:00:00,17.876,18.098,17.87,17.977,188528.10007276
2022-03-03 23:00:00,17.971,18.099,17.942,18.022,136543.12069856
2022-03-04 00:00:00,18.017,18.064,17.36,17.459,530426.65813706
2022-03-04 01:00:00,17.462,17.52,17.081,17.437,718359.18035959
2022-03-04 02:00:00,17.437,17.437,17.308,17.342,157937.46201501
2022-03-04 03:00:00,17.343,17.374,17.171,17.332,158823.92331858
2022-03-04 04:00:00,17.325,17.35,17.208,17.32,173641.72750291
2022-03-04 05:00:00,17.325,17.382,17.136,17.266,305071.50122708
2022-03-04 06:00:00,17.263,17.332,17.185,17.259,149667.93845266
2022-03-04 07:00:00,17.258,17.285,17.159,17.268,112733.26556229
2022-03-04 08:00:00,17.27,17.447,16.946,17.349,493872.37557022
2022-03-04 09:00:00,17.353,17.422,17.184,17.248,312981.73037396
2022-03-04 10:00:00,17.247,17.421,17.241,17.367,124814.11293935
2022-03-04 11:00:00,17.372,17.543,17.331,17.426,132094.20286189
2022-03-04 12:00:00,17.429,17.483,17.219,17.34,209623.82273699
2022-03-04 13:00:00,17.334,17.55,17.221,17.244,376490.1345973
2022-03-04 14:00:00,17.244,17.271,16.964,17.145,549994.02414907
2022-03-04 15:00:00,17.144,17.208,16.954,17.013,588567.77046937
2022-03-04 16:00:00,17.013,17.161,16.953,17.122,300286.49403293
2022-03-04 17:00:00,17.114,17.217,17.061,17.169,168478.17030375
2022-03-04 18:00:00,17.17,17.247,17.024,17.032,132703.49609341
2022-03-04 19:00:00,17.036,17.061,16.698,16.766,513530.18249811
2022-03-04 20:00:00,16.772,16.844,16.586,16.778,336966.27615521
2022-03-04 21:00:00,16.775,16.836,16.675,16.747,166304.24137728
2022-03-04 22:00:00,16.731,16.806,16.479,16.739,119462.0401111
2022-03-04 23:00:00,16.744,16.842,16.661,16.772,89615.01694188
2022-03-05 00:00:00,16.777,16.794,16.213,16.242,260398.57516673
2022-03-05 01:00:00,16.243,16.471,16.18,16.424,164541.03380921
2022-03-05 02:00:00,16.424,16.49,16.368,16.412,64497.16742495
2022-03-05 03:00:00,16.409,16.64,16.381,16.572,90010.21852699
2022-03-05 04:00:00,16.573,16.599,16.455,16.579,130985.35155737
2022-03-05 05:00:00,16.578,16.654,16.502,16.638,200452.0966792
2022-03-05 06:00:00,16.639,16.777,16.605,16.724,73037.22927755
2022-03-05 07:00:00,16.736,16.883,16.692,16.814,130454.92858964
2022-03-05 08:00:00,16.818,16.942,16.732,16.841,131005.05102435
2022-03-05 09:00:00,16.846,16.858,16.772,16.849,57979.84395138
2022-03-05 10:00:00,16.845,16.975,16.694,16.971,95727.13356418
2022-03-05 11:00:00,16.969,17.242,16.91,17.019,178841.01647617
2022-03-05 12:00:00,17.016,17.18,16.96,17.061,235454.65623298
2022-03-05 13:00:00,17.062,17.069,16.836,16.907,151334.92648526
2022-03-05 14:00:00,16.904,17.087,16.858,17.075,99715.0728422
2022-03-05 15:00:00,17.076,17.466,17.066,17.309,253689.06423418
2022-03-05 16:00:00,17.314,17.793,17.292,17.527,285713.05591864
2022-03-05 17:00:00,17.521,17.577,17.262,17.291,138075.97187855
2022-03-05 18:00:00,17.292,17.38,17.177,17.35,110014.58175745
2022-03-05 19:00:00,17.351,17.452,17.292,17.422,83259.13075837
2022-03-05 20:00:00,17.414,17.466,17.298,17.336,141024.03237073
2022-03-05 21:00:00,17.333,17.386,17.241,17.279,70406.92445204
2022-03-05 22:00:00,17.281,17.346,17.239,17.346,59911.4103704
2022-03-05 23:00:00,17.347,17.35,17.241,17.315,54816.74489793
2022-03-06 00:00:00,17.311,17.454,17.27,17.38,70959.74396669
2022-03-06 01:00:00,17.377,17.392,17.151,17.213,65080.47796708
2022-03-06 02:00:00,17.208,17.208,17.026,17.087,62661.40577102
2022-03-06 03:00:00,17.085,17.122,16.864,16.948,85564.65801743
2022-03-06 04:00:00,16.949,17.123,16.654,17.017,222620.10194061
2022-03-06 05:00:00,17.02,17.112,16.967,16.978,68421.82483141
2022-03-06 06:00:00,16.98,17.167,16.98,17.106,81517.44536165
2022-03-06 07:00:00,17.098,17.114,16.955,17.054,57136.66660372
2022-03-06 08:00:00,17.047,17.047,16.892,16.949,92074.50739852
2022-03-06 09:00:00,16.947,16.974,16.617,16.636,248057.55537151
2022-03-06 10:00:00,16.636,16.719,16.512,16.647,371512.53951781
2022-03-06 11:00:00,16.646,16.74,16.567,16.722,146680.17574676
2022-03-06 12:00:00,16.722,16.847,16.669,16.788,107515.66905366
2022-03-06 13:00:00,16.789,16.961,16.789,16.868,120671.2531566
2022-03-06 14:00:00,16.867,16.893,16.762,16.806,91135.05572374
2022-03-06 15:00:00,16.798,16.98,16.719,16.951,99221.78927942
2022-03-06 16:00:00,16.953,17.198,16.858,17.139,380808.56893224
2022-03-06 17:00:00,17.153,17.184,17.029,17.125,78006.57690161
2022-03-06 18:00:00,17.122,17.239,17.052,17.16,138905.6102484
2022-03-06 19:00:00,17.165,17.346,17.086,17.171,192644.64663026
2022-03-06 20:00:00,17.174,17.402,17.14,17.346,152271.94903804
2022-03-06 21:00:00,17.351,17.492,17.319,17.484,332323.50367753
2022-03-06 22:00:00,17.485,17.575,17.289,17.311,159506.91563415
2022-03-06 23:00:00,17.311,17.342,16.895,16.979,450360.35267636
2022-03-07 00:00:00,16.982,16.994,16.545,16.708,479031.8635525
2022-03-07 01:00:00,16.709,16.862,16.477,16.501,366994.61393867
2022-03-07 02:00:00,16.5,16.611,16.285,16.418,572389.48521955
2022-03-07 03:00:00,16.419,16.459,16.254,16.392,240950.75949284
2022-03-07 04:00:00,16.391,16.464,16.351,16.408,148065.42297522
2022-03-07 05:00:00,16.406,16.523,16.311,16.477,179426.25662322
2022-03-07 06:00:00,16.481,16.626,16.468,16.606,128961.98598824
2022-03-07 07:00:00,16.61,16.638,16.336,16.385,160194.02338358
2022-03-07 08:00:00,16.399,16.487,16.151,16.443,370797.19853247
2022-03-07 09:00:00,16.45,16.538,16.321,16.321,173584.25081715
2022-03-07 10:00:00,16.322,16.439,16.272,16.344,181330.47919256
2022-03-07 11:00:00,16.345,16.529,16.327,16.515,144393.26412458
2022-03-07 12:00:00,16.508,16.795,16.507,16.694,343409.50198053
2022-03-07 13:00:00,16.695,17.018,16.675,16.93,383878.87085638
2022-03-07 14:00:00,16.928,17.125,16.814,16.814,362204.06850033
2022-03-07 15:00:00,16.81,16.934,16.7,16.888,312948.70942768
2022-03-07 16:00:00,16.891,17.068,16.818,16.853,305035.50681387
2022-03-07 17:00:00,16.855,16.88,16.69,16.752,255250.47583055
2022-03-07 18:00:00,16.74,16.74,16.427,16.535,441016.00349562
2022-03-07 19:00:00,16.53,16.589,16.014,16.104,758247.15265218
2022-03-07 20:00:00,16.113,16.28,15.98,16.236,346876.09232377
2022-03-07 21:00:00,16.235,16.424,16.136,16.196,346858.40414035
2022-03-07 22:00:00,16.209,16.397,16.195,16.324,104169.41644008
2022-03-07 23:00:00,16.329,16.566,16.282,16.39,257693.96448328
2022-03-08 00:00:00,16.388,16.602,16.296,16.491,267494.112625
2022-03-08 01:00:00,16.501,16.604,16.389,16.478,226049.3092369
2022-03-08 02:00:00,16.48,16.731,16.42,16.632,280226.46516225
2022-03-08 03:00:00,16.63,16.694,16.592,16.689,192240.59909256
2022-03-08 04:00:00,16.691,16.85,16.636,16.66,193255.01213671
2022-03-08 05:00:00,16.66,16.71,16.47,16.555,175131.89708463
2022-03-08 06:00:00,16.553,16.606,16.339,16.477,249722.48721318
2022-03-08 07:00:00,16.477,16.701,16.413,16.62,211172.50860299
2022-03-08 08:00:00,16.623,16.864,16.596,16.738,263662.78308864
2022-03-08 09:00:00,16.736,16.88,16.726,16.864,155179.39221212
2022-03-08 10:00:00,16.863,16.939,16.672,16.881,197270.96093349
2022-03-08 11:00:00,16.877,16.918,16.744,16.889,146069.82969971
2022-03-08 12:00:00,16.896,16.962,16.725,16.813,203723.32711969
2022-03-08 13:00:00,16.807,16.875,16.628,16.793,218994.48991634
2022-03-08 14:00:00,16.792,16.997,16.735,16.859,580536.16989318
2022-03-08 15:00:00,16.855,16.908,16.625,16.813,325230.72490736
2022-03-08 16:00:00,16.822,16.931,16.642,16.713,321830.27860521
2022-03-08 17:00:00,16.715,17.105,16.697,17.051,352843.15575908
2022-03-08 18:00:00,17.052,17.257,17.016,17.038,346404.29540446
2022-03-08 19:00:00,17.038,17.155,16.917,17.131,250685.18060631
2022-03-08 20:00:00,17.131,17.164,16.879,16.947,234416.02362645
2022-03-08 21:00:00,16.948,16.983,16.761,16.802,120991.28771519
2022-03-08 22:00:00,16.801,16.917,16.788,16.832,48427.03762477
2022-03-08 23:00:00,16.822,16.975,16.795,16.952,108612.3008115
2022-03-09 00:00:00,16.959,17.087,16.87,17.064,144587.77106554
2022-03-09 01:00:00,17.068,17.467,17.039,17.446,240577.95792089
2022-03-09 02:00:00,17.447,17.468,17.241,17.303,235345.62861488
2022-03-09 03:00:00,17.298,17.799,17.261,17.736,629857.38190729
2022-03-09 04:00:00,17.74,17.832,17.686,17.768,356144.94693257
2022-03-09 05:00:00,17.77,17.772,17.574,17.639,146472.00002548
2022-03-09 06:00:00,17.637,17.761,17.56,17.722,134081.482392
2022-03-09 07:00:00,17.723,17.876,17.671,17.824,139001.57529418
2022-03-09 08:00:00,17.828,17.971,17.716,17.913,417899.83047166
2022-03-09 09:00:00,17.914,17.942,17.814,17.868,151830.87215429
2022-03-09 10:00:00,17.869,17.939,17.821,17.931,91527.60040985
2022-03-09 11:00:00,17.93,17.952,17.686,17.812,169251.35918086
2022-03-09 12:00:00,17.812,17.981,17.659,17.758,252315.72429294
2022-03-09 13:00:00,17.758,17.809,17.632,17.711,171890.04807878
2022-03-09 14:00:00,17.712,17.841,17.69,17.723,216559.52804341
2022-03-09 15:00:00,17.726,17.978,17.681,17.969,203107.09995543
2022-03-09 16:00:00,17.97,18.08,17.876,17.899,160385.1092402
2022-03-09 17:00:00,17.901,17.918,17.753,17.9,72204.64110569
2022-03-09 18:00:00,17.894,17.898,17.652,17.689,118854.24546482
2022-03-09 19:00:00,17.689,17.804,17.551,17.751,138862.19432435
2022-03-09 20:00:00,17.745,17.776,17.562,17.618,107327.01828691
2022-03-09 21:00:00,17.622,17.693,17.571,17.668,74802.01505959
2022-03-09 22:00:00,17.672,17.765,17.658,17.749,38794.90576808
2022-03-09 23:00:00,17.749,17.977,17.72,17.859,135421.52264802
2022-03-10 00:00:00,17.863,17.938,17.74,17.783,139342.76813351
2022-03-10 01:00:00,17.777,17.889,17.467,17.511,330720.86015131
2022-03-10 02:00:00,17.511,17.573,17.388,17.417,233087.04533468
2022-03-10 03:00:00,17.415,17.475,17.351,17.353,119925.14545799
2022-03-10 04:00:00,17.355,17.408,16.982,17.009,633832.81874731
2022-03-10 05:00:00,17.008,17.033,16.671,16.808,386558.64121847
2022-03-10 06:00:00,16.81,16.845,16.677,16.836,226061.21745072
2022-03-10 07:00:00,16.836,16.985,16.812,16.969,147149.18423533
2022-03-10 08:00:00,16.966,17.089,16.826,17.062,239528.42308735
2022-03-10 09:00:00,17.063,17.094,16.924,17.011,228021.43476311
2022-03-10 10:00:00,17.008,17.039,16.883,16.901,142032.02682982
2022-03-10 11:00:00,16.898,16.96,16.85,16.925,110630.52781768
2022-03-10 12:00:00,16.926,17.034,16.861,16.972,163961.58156178
2022-03-10 13:00:00,16.977,17.25,16.671,16.827,732458.96739723
2022-03-10 14:00:00,16.825,16.924,16.729,16.912,202101.55103526
2022-03-10 15:00:00,16.915,17.094,16.809,16.921,229627.81033495
2022-03-10 16:00:00,16.919,17.033,16.883,17.01,258654.22225355
2022-03-10 17:00:00,17.009,17.148,16.949,17.045,162428.20918704
2022-03-10 18:00:00,17.049,17.126,17.001,17.109,159195.99966287
2022-03-10 19:00:00,17.104,17.16,17.042,17.107,169498.87693123
2022-03-10 20:00:00,17.105,17.143,17.001,17.122,103003.15662992
2022-03-10 21:00:00,17.125,17.148,16.977,16.989,69989.08735415
2022-03-10 22:00:00,16.992,17.071,16.841,17.059,72714.41093733
2022-03-10 23:00:00,17.059,17.094,16.88,16.959,128817.82351107
2022-03-11 00:00:00,16.959,16.987,16.813,16.932,156102.53624323
2022-03-11 01:00:00,16.931,16.941,16.761,16.849,294001.72751601
2022-03-11 02:00:00,16.851,17.011,16.682,16.819,277378.86346209
2022-03-11 03:00:00,16.822,17.078,16.776,17.04,154167.08300701
2022-03-11 04:00:00,17.039,17.19,16.934,17.008,203045.98695663
2022-03-11 05:00:00,17.009,17.317,16.984,17.315,195743.90961266
2022-03-11 06:00:00,17.309,17.706,17.305,17.639,517488.75513837
2022-03-11 07:00:00,17.639,17.859,17.639,17.737,365381.699301
2022-03-11 08:00:00,17.739,17.81,17.675,17.693,228712.20221842
2022-03-11 09:00:00,17.692,17.793,17.573,17.758,215110.99145813
2022-03-11 10:00:00,17.76,17.894,17.69,17.721,236653.14259838
2022-03-11 11:00:00,17.718,18.252,17.661,18.231,915192.40137531
2022-03-11 12:00:00,18.226,18.486,18.143,18.27,506784.39504774
2022-03-11 13:00:00,18.271,18.321,18.003,18.061,485120.61927022
2022-03-11 14:00:00,18.057,18.22,17.937,17.993,288375.0549022
2022-03-11 15:00:00,17.996,18.002,17.74,17.899,465157.44749847
2022-03-11 16:00:00,17.905,18.388,17.831,17.887,949254.90909716
2022-03-11 17:00:00,17.884,17.941,17.447,17.612,484086.28258197
2022-03-11 18:00:00,17.61,17.683,17.511,17.516,139370.51342046
2022-03-11 19:00:00,17.515,17.979,17.443,17.968,217207.29702885
2022-03-11 20:00:00,17.966,18.029,17.691,17.728,301336.9830667
2022-03-11 21:00:00,17.725,17.922,17.701,17.845,248415.09262544
2022-03-11 22:00:00,17.855,17.961,17.781,17.921,53872.55181084
2022-03-11 23:00:00,17.92,17.92,17.665,17.684,83789.37832096
2022-03-12 00:00:00,17.682,18.341,17.661,18.194,220941.01553114
2022-03-12 01:00:00,18.194,18.426,18.13,18.383,140617.0735977
2022-03-12 02:00:00,18.384,18.438,18.147,18.184,252845.47511211
2022-03-12 03:00:00,18.176,18.279,18.053,18.115,208586.73235398
2022-03-12 04:00:00,18.114,18.418,18.011,18.296,214882.40825112
2022-03-12 05:00:00,18.296,18.616,18.211,18.598,458595.12028122
2022-03-12 06:00:00,18.598,18.679,18.354,18.449,181627.71965681
2022-03-12 07:00:00,18.45,18.485,18.233,18.287,99360.70556099
2022-03-12 08:00:00,18.291,18.338,18.056,18.217,192955.62112902
2022-03-12 09:00:00,18.214,18.37,18.169,18.268,117359.76165127
2022-03-12 10:00:00,18.267,18.39,18.186,18.279,76352.97483208
2022-03-12 11:00:00,18.281,18.419,18.131,18.183,122125.38779868
2022-03-12 12:00:00,18.182,18.214,18.032,18.063,178534.40130601
2022-03-12 13:00:00,18.063,18.164,18.039,18.11,63975.92031548
2022-03-12 14:00:00,18.108,18.187,17.911,18.022,182337.37556518
2022-03-12 15:00:00,18.019,18.405,17.991,18.276,125338.86710678
2022-03-12 16:00:00,18.275,18.567,18.201,18.436,168233.33527941
2022-03-12 17:00:00,18.435,18.658,18.426,18.6,263952.41230111
2022-03-12 18:00:00,18.594,18.733,18.426,18.473,198293.16116951
2022-03-12 19:00:00,18.47,18.486,18.371,18.434,95561.03316394
2022-03-12 20:00:00,18.432,18.504,18.318,18.345,73795.71900009
2022-03-12 21:00:00,18.345,18.387,18.198,18.228,81235.5399791
2022-03-12 22:00:00,18.231,18.327,18.17,18.246,55636.52942727
2022-03-12 23:00:00,18.238,18.291,18.088,18.132,112237.7737756
2022-03-13 00:00:00,18.136,18.177,18.009,18.165,133010.73755989
2022-03-13 01:00:00,18.163,18.389,18.103,18.116,132939.98015446
2022-03-13 02:00:00,18.114,18.257,18.108,18.201,87584.72212904
2022-03-13 03:00:00,18.206,18.295,18.157,18.201,85389.79923961
2022-03-13 04:00:00,18.208,18.26,18.008,18.021,91691.42876595
2022-03-13 05:00:00,18.019,18.132,18.015,18.057,57344.49173144
2022-03-13 06:00:00,18.057,18.111,18.027,18.108,45402.88568537
2022-03-13 07:00:00,18.111,18.213,18.096,18.125,87988.5262424
2022-03-13 08:00:00,18.126,18.156,18.054,18.108,63781.29143114
2022-03-13 09:00:00,18.111,18.139,17.922,18.029,141295.82723316
2022-03-13 10:00:00,18.027,18.047,17.796,17.967,146900.96435484
2022-03-13 11:00:00,17.966,18.004,17.809,17.873,105138.65359705
2022-03-13 12:00:00,17.869,17.881,17.571,17.67,244131.02282946
2022-03-13 13:00:00,17.666,17.847,17.639,17.797,200985.27925035
2022-03-13 14:00:00,17.796,17.886,17.789,17.807,68557.17550501
2022-03-13 15:00:00,17.806,17.962,17.712,17.751,119918.17292753
2022-03-13 16:00:00,17.747,17.881,17.701,17.8,88628.14975687
2022-03-13 17:00:00,17.792,18.049,17.752,17.955,188979.52691651
2022-03-13 18:00:00,17.951,18.036,17.929,17.992,49237.83726177
2022-03-13 19:00:00,17.996,18.021,17.833,17.856,117195.00761249
2022-03-13 20:00:00,17.853,17.853,17.671,17.831,106526.863706
2022-03-13 21:00:00,17.828,17.922,17.794,17.868,50625.29576211
2022-03-13 22:00:00,17.887,17.933,17.14,17.303,697127.51429627
2022-03-13 23:00:00,17.301,17.382,17.121,17.213,295818.57584871
2022-03-14 00:00:00,17.209,17.215,17.005,17.17,283708.8056182
2022-03-14 01:00:00,17.18,17.361,17.18,17.306,230887.36565755
2022-03-14 02:00:00,17.31,17.324,17.174,17.195,129852.82669282
2022-03-14 03:00:00,17.188,17.367,17.129,17.339,128994.16737615
2022-03-14 04:00:00,17.338,17.695,17.332,17.513,376827.31971223
2022-03-14 05:00:00,17.512,17.61,17.47,17.496,111211.41919982
2022-03-14 06:00:00,17.482,17.635,17.473,17.519,118954.13828374
2022-03-14 07:00:00,17.51,17.728,17.504,17.697,219468.93909606
2022-03-14 08:00:00,17.7,17.846,17.67,17.763,167462.75609222
2022-03-14 09:00:00,17.76,17.838,17.678,17.776,114986.9073153
2022-03-14 10:00:00,17.78,17.803,17.63,17.669,75896.26571443
2022-03-14 11:00:00,17.667,17.688,17.546,17.55,87980.09074463
2022-03-14 12:00:00,17.55,17.586,17.386,17.519,162829.91212429
2022-03-14 13:00:00,17.524,17.606,17.376,17.518,195455.82733873
2022-03-14 14:00:00,17.515,17.66,17.454,17.598,245012.12230985
2022-03-14 15:00:00,17.604,17.629,17.472,17.538,167080.1854899
2022-03-14 16:00:00,17.534,17.618,17.439,17.441,144126.91633622
2022-03-14 17:00:00,17.446,17.45,17.304,17.358,196759.34769734
2022-03-14 18:00:00,17.356,17.36,17.152,17.296,315269.68091925
2022-03-14 19:00:00,17.299,17.349,17.213,17.316,168805.63594651
2022-03-14 20:00:00,17.317,17.42,17.232,17.243,86876.61606075
2022-03-14 21:00:00,17.249,17.448,17.218,17.368,50713.91513865
2022-03-14 22:00:00,17.363,17.798,17.362,17.605,400702.739885
2022-03-14 23:00:00,17.605,17.723,17.605,17.68,138992.44158478
2022-03-15 00:00:00,17.683,17.788,17.572,17.706,186914.95799955
2022-03-15 01:00:00,17.706,17.722,17.403,17.436,239575.18604144
2022-03-15 02:00:00,17.431,17.62,17.413,17.565,111823.01261514
2022-03-15 03:00:00,17.564,17.618,17.377,17.419,106794.2082326
2022-03-15 04:00:00,17.414,17.438,17.36,17.396,116286.42448789
2022-03-15 05:00:00,17.391,17.4,17.238,17.346,159613.74331326
2022-03-15 06:00:00,17.348,17.445,17.325,17.373,104426.10110689
2022-03-15 07:00:00,17.37,17.37,17.038,17.184,368828.38001946
2022-03-15 08:00:00,17.184,17.186,17.072,17.09,130363.17674701
2022-03-15 09:00:00,17.083,17.264,17.041,17.194,228549.59924223
2022-03-15 10:00:00,17.195,17.278,17.181,17.262,77315.20472965
2022-03-15 11:00:00,17.265,17.321,17.229,17.258,76834.7165163
2022-03-15 12:00:00,17.258,17.383,17.231,17.352,135335.75075617
2022-03-15 13:00:00,17.353,17.359,17.128,17.248,193924.47317134
2022-03-15 14:00:00,17.247,17.436,17.196,17.353,281860.54429524
2022-03-15 15:00:00,17.353,17.563,17.328,17.477,166611.38606011
2022-03-15 16:00:00,17.464,17.678,17.424,17.631,295615.41033353
2022-03-15 17:00:00,17.631,17.771,17.623,17.771,174275.05207799
2022-03-15 18:00:00,17.776,17.939,17.683,17.92,136625.31140252
2022-03-15 19:00:00,17.915,18.003,17.842,17.943,251412.77369808
2022-03-15 20:00:00,17.939,18.013,17.803,17.84,143969.59327241
2022-03-15 21:00:00,17.843,17.92,17.753,17.92,74082.31779352
2022-03-15 22:00:00,17.922,18.05,17.812,17.84,114333.07454167
2022-03-15 23:00:00,17.837,17.902,17.748,17.796,103987.95045514
2022-03-16 00:00:00,17.795,18.123,17.725,18.093,199886.51099509
2022-03-16 01:00:00,18.088,18.297,17.974,18.226,247154.05820776
2022-03-16 02:00:00,18.224,18.679,18.224,18.362,886684.5723484
2022-03-16 03:00:00,18.361,18.377,17.881,17.956,762850.30435965
2022-03-16 04:00:00,17.958,18.043,17.845,17.918,212638.00522993
2022-03-16 05:00:00,17.918,18.219,17.905,18.177,224781.06504583
2022-03-16 06:00:00,18.177,18.24,18.1,18.192,150823.77513201
2022-03-16 07:00:00,18.192,18.203,18.071,18.203,140195.19347364
2022-03-16 08:00:00,18.204,18.46,18.187,18.355,335788.55923922
2022-03-16 09:00:00,18.363,18.47,18.233,18.279,187252.49264939
2022-03-16 10:00:00,18.282,18.302,18.066,18.134,130869.39795421
2022-03-16 11:00:00,18.135,18.319,18.09,18.257,124826.5241571
2022-03-16 12:00:00,18.259,18.302,18.131,18.131,88175.54123554
2022-03-16 13:00:00,18.131,18.226,18.091,18.156,108462.94863825
2022-03-16 14:00:00,18.167,18.383,18.098,18.366,383841.79540539
2022-03-16 15:00:00,18.365,18.412,18.212,18.247,117243.46720891
2022-03-16 16:00:00,18.247,18.296,18.014,18.082,308968.55371526
2022-03-16 17:00:00,18.079,18.159,17.974,18.095,170739.75845793
2022-03-16 18:00:00,18.093,18.121,17.68,17.973,1141542.66876546
2022-03-16 19:00:00,17.976,18.593,17.932,18.577,495234.38526264
2022-03-16 20:00:00,18.577,19.183,18.515,19.127,607288.5887934
2022-03-16 21:00:00,19.128,19.169,18.976,19.02,153170.94736165
2022-03-16 22:00:00,19.021,19.115,18.859,18.881,118212.52180935
2022-03-16 23:00:00,18.876,19.065,18.854,19.045,106902.75232957
2022-03-17 00:00:00,19.038,19.084,18.885,18.924,143104.47572588
2022-03-17 01:00:00,18.921,19.085,18.736,19.057,292776.85762425
2022-03-17 02:00:00,19.054,19.345,18.986,19.15,276611.67454365
2022-03-17 03:00:00,19.15,19.186,19.061,19.104,109318.86484916
2022-03-17 04:00:00,19.094,19.279,19.044,19.269,133801.33509391
2022-03-17 05:00:00,19.267,19.309,19.062,19.077,162302.6567048
2022-03-17 06:00:00,19.072,19.102,18.862,18.947,156224.84646384
2022-03-17 07:00:00,18.947,19.035,18.891,18.968,157429.1224359
2022-03-17 08:00:00,18.969,19.073,18.944,19.035,116302.7218862
2022-03-17 09:00:00,19.034,19.04,18.89,18.93,65964.77319836
2022-03-17 10:00:00,18.929,18.946,18.788,18.892,162143.77877328
2022-03-17 11:00:00,18.89,18.943,18.739,18.782,100497.90144766
2022-03-17 12:00:00,18.799,19.048,18.765,18.896,310506.35132803
2022-03-17 13:00:00,18.896,19.032,18.869,19.005,191800.32898778
2022-03-17 14:00:00,19.006,19.12,18.823,18.871,143798.03646315
2022-03-17 15:00:00,18.875,18.952,18.845,18.848,91915.23385063
2022-03-17 16:00:00,18.864,18.925,18.735,18.767,181028.03480255
2022-03-17 17:00:00,18.766,18.871,18.627,18.814,201746.73152894
2022-03-17 18:00:00,18.818,18.897,18.811,18.842,74588.70455575
2022-03-17 19:00:00,18.841,18.911,18.793,18.857,129832.91362819
2022-03-17 20:00:00,18.857,18.864,18.669,18.696,159479.97562972
2022-03-17 21:00:00,18.695,18.831,18.662,18.823,69414.41024474
2022-03-17 22:00:00,18.834,18.844,18.666,18.756,134646.62876548
2022-03-17 23:00:00,18.755,18.76,18.692,18.743,54621.9463361
2022-03-18 00:00:00,18.744,18.844,18.407,18.444,303603.1936561
2022-03-18 01:00:00,18.444,18.619,18.411,18.56,136008.78932184
2022-03-18 02:00:00,18.565,18.575,18.423,18.454,120277.54450187
2022-03-18 03:00:00,18.452,18.496,18.365,18.416,109282.78723569
2022-03-18 04:00:00,18.415,18.539,18.368,18.524,70215.60465635
2022-03-18 05:00:00,18.519,18.619,18.512,18.608,109698.1477992
2022-03-18 06:00:00,18.611,18.664,18.571,18.605,71110.41967214
2022-03-18 07:00:00,18.603,18.616,18.438,18.471,75351.4933387
2022-03-18 08:00:00,18.472,18.652,18.411,18.546,148727.20325622
2022-03-18 09:00:00,18.546,18.565,18.453,18.476,70519.83999079
2022-03-18 10:00:00,18.475,18.598,18.44,18.453,91090.1938558
2022-03-18 11:00:00,18.45,18.478,18.319,18.383,150932.56911886
2022-03-18 12:00:00,18.383,18.449,18.32,18.34,181659.1852185
2022-03-18 13:00:00,18.337,18.337,18.111,18.248,464971.26337577
2022-03-18 14:00:00,18.254,18.421,18.238,18.315,308832.95124769
2022-03-18 15:00:00,18.312,18.635,18.312,18.57,217411.52985735
2022-03-18 16:00:00,18.568,18.86,18.553,18.849,257145.31510201
2022-03-18 17:00:00,18.857,18.993,18.797,18.968,333835.85995613
2022-03-18 18:00:00,18.979,19.049,18.914,18.938,164987.76913708
2022-03-18 19:00:00,18.94,19.082,18.927,19.075,109617.71392645
2022-03-18 20:00:00,19.076,19.207,18.868,18.872,236015.8485688
2022-03-18 21:00:00,18.873,19.063,18.839,19.063,69575.76127108
2022-03-18 22:00:00,19.062,19.114,18.925,18.935,87669.76004772
2022-03-18 23:00:00,18.935,19.066,18.935,18.954,64926.5160754
2022-03-19 00:00:00,18.945,19.332,18.944,19.182,216852.23134888
2022-03-19 01:00:00,19.183,19.278,19.053,19.081,131647.30839644
2022-03-19 02:00:00,19.081,19.124,19.002,19.062,43790.86291216
2022-03-19 03:00:00,19.069,19.114,18.853,19.038,154710.77745386
2022-03-19 04:00:00,19.036,19.087,18.99,19.061,58314.63487225
2022-03-19 05:00:00,19.069,19.079,18.966,19.008,46311.48261777
2022-03-19 06:00:00,19.008,19.027,18.957,19.014,53897.74925218
2022-03-19 07:00:00,19.014,19.014,18.881,18.916,142338.34236956
2022-03-19 08:00:00,18.913,19.17,18.887,19.102,193698.36950171
2022-03-19 09:00:00,19.101,19.142,19.007,19.091,86626.16870888
2022-03-19 10:00:00,19.09,19.136,19.062,19.111,57632.41085394
2022-03-19 11:00:00,19.106,19.328,19.092,19.252,112210.84843257
2022-03-19 12:00:00,19.249,19.611,19.229,19.527,468436.91613373
2022-03-19 13:00:00,19.528,19.744,19.397,19.402,237605.37330807
2022-03-19 14:00:00,19.402,19.639,19.345,19.586,106171.88146885
2022-03-19 15:00:00,19.587,19.642,19.445,19.581,164764.66958357
2022-03-19 16:00:00,19.58,19.789,19.528,19.677,241143.86538487
2022-03-19 17:00:00,19.678,19.737,19.519,19.639,203133.94819799
2022-03-19 18:00:00,19.643,19.643,19.512,19.598,118350.47588923
2022-03-19 19:00:00,19.59,19.611,19.397,19.5,113709.41621565
2022-03-19 20:00:00,19.489,19.697,19.387,19.617,151219.77968905
2022-03-19 21:00:00,19.616,19.694,19.543,19.545,35480.53042792
2022-03-19 22:00:00,19.544,19.58,19.161,19.36,254304.99053932
2022-03-19 23:00:00,19.36,19.467,19.256,19.407,151003.86527625
2022-03-20 00:00:00,19.397,19.47,19.126,19.229,111206.10678571
2022-03-20 01:00:00,19.231,19.287,19.081,19.272,123612.74057567
2022-03-20 02:00:00,19.27,19.27,19.109,19.156,69901.95938856
2022-03-20 03:00:00,19.155,19.293,19.143,19.245,52118.28829475
2022-03-20 04:00:00,19.248,19.259,19.184,19.194,52002.14062358
2022-03-20 05:00:00,19.195,19.294,19.168,19.259,44214.08897067
2022-03-20 06:00:00,19.262,19.39,19.233,19.286,47780.74376772
2022-03-20 07:00:00,19.283,19.351,19.038,19.148,212246.94203276
2022-03-20 08:00:00,19.154,19.217,19.101,19.19,52528.06892005
2022-03-20 09:00:00,19.193,19.193,18.697,18.95,416035.26410363
2022-03-20 10:00:00,18.952,19.042,18.841,18.904,215922.56138038
2022-03-20 11:00:00,18.901,18.923,18.644,18.69,183969.96707923
2022-03-20 12:00:00,18.69,18.806,18.51,18.774,232659.55787559
2022-03-20 13:00:00,18.774,18.852,18.701,18.768,101032.61475997
2022-03-20 14:00:00,18.763,18.869,18.655,18.691,117122.41275778
2022-03-20 15:00:00,18.695,18.791,18.577,18.611,77626.37858904
2022-03-20 16:00:00,18.604,18.775,18.521,18.604,133399.91824528
2022-03-20 17:00:00,18.603,18.677,18.3,18.43,342276.26501393
2022-03-20 18:00:00,18.433,18.609,18.389,18.604,120950.91327524
2022-03-20 19:00:00,18.607,18.781,18.583,18.763,92977.61517055
2022-03-20 20:00:00,18.762,18.862,18.577,18.617,142855.16619111
2022-03-20 21:00:00,18.607,18.76,18.502,18.744,94484.48688938
2022-03-20 22:00:00,18.748,18.791,18.576,18.757,81169.99609208
2022-03-20 23:00:00,18.757,18.757,18.602,18.654,60042.65054604
2022-03-21 00:00:00,18.652,18.855,18.6,18.844,115925.09704431
2022-03-21 01:00:00,18.848,18.92,18.63,18.68,138833.86387917
2022-03-21 02:00:00,18.684,18.752,18.391,18.579,406544.84425782
2022-03-21 03:00:00,18.587,18.685,18.549,18.61,123927.39037125
2022-03-21 04:00:00,18.605,18.744,18.481,18.654,308529.26415277
2022-03-21 05:00:00,18.654,18.814,18.642,18.797,85866.41339179
2022-03-21 06:00:00,18.806,18.847,18.7,18.752,82250.87188252
2022-03-21 07:00:00,18.752,18.938,18.692,18.887,147606.78870201
2022-03-21 08:00:00,18.89,19.02,18.867,18.888,160820.84137237
2022-03-21 09:00:00,18.881,19.009,18.809,18.991,117043.10558849
2022-03-21 10:00:00,18.996,19.066,18.904,18.934,115271.99397552
2022-03-21 11:00:00,18.933,19.038,18.838,18.876,81788.3572974
2022-03-21 12:00:00,18.879,18.904,18.606,18.783,447650.0697782
2022-03-21 13:00:00,18.79,19.059,18.787,18.818,202448.15868839
2022-03-21 14:00:00,18.826,18.904,18.665,18.844,248099.16107478
2022-03-21 15:00:00,18.844,19.003,18.735,18.995,304640.23015979
2022-03-21 16:00:00,18.993,19.003,18.652,18.682,209457.06071025
2022-03-21 17:00:00,18.677,18.839,18.598,18.83,173321.31483029
2022-03-21 18:00:00,18.832,18.867,18.707,18.778,101284.71616616
2022-03-21 19:00:00,18.779,18.809,18.682,18.809,126567.28680786
2022-03-21 20:00:00,18.811,18.811,18.707,18.707,45548.90136072
2022-03-21 21:00:00,18.707,18.87,18.671,18.869,47854.74708497
2022-03-21 22:00:00,18.878,18.887,18.72,18.729,83311.91565209
2022-03-21 23:00:00,18.728,18.817,18.661,18.742,127706.41236478
2022-03-22 00:00:00,18.738,18.831,18.67,18.807,120997.90402193
2022-03-22 01:00:00,18.814,18.852,18.733,18.812,55449.42115001
2022-03-22 02:00:00,18.811,19.26,18.757,19.204,615380.88445748
2022-03-22 03:00:00,19.209,19.685,19.209,19.61,580184.97383733
2022-03-22 04:00:00,19.609,19.954,19.609,19.898,673054.10335341
2022-03-22 05:00:00,19.899,19.951,19.744,19.899,252927.26307915
2022-03-22 06:00:00,19.899,19.925,19.582,19.677,513204.95605947
2022-03-22 07:00:00,19.679,19.796,19.676,19.75,138485.72510513
2022-03-22 08:00:00,19.756,19.94,19.686,19.862,206402.58724438
2022-03-22 09:00:00,19.863,19.95,19.762,19.9,131966.63775964
2022-03-22 10:00:00,19.897,20.205,19.843,20.104,465670.03803511
2022-03-22 11:00:00,20.093,20.207,20.023,20.147,249539.62971848
2022-03-22 12:00:00,20.142,20.182,19.912,20.003,217656.04763058
2022-03-22 13:00:00,20.005,20.047,19.806,19.876,200877.94560268
2022-03-22 14:00:00,19.882,20.188,19.882,19.984,266098.0765447
2022-03-22 15:00:00,19.981,20.033,19.881,19.927,152933.62753992
2022-03-22 16:00:00,19.932,20.056,19.835,19.868,150018.10559885
2022-03-22 17:00:00,19.867,20.04,19.845,20.014,82293.03858324
2022-03-22 18:00:00,20.013,20.018,19.884,19.94,91624.69648047
2022-03-22 19:00:00,19.933,20.046,19.773,19.782,152321.43169885
2022-03-22 20:00:00,19.782,19.986,19.771,19.933,145742.29165681
2022-03-22 21:00:00,19.937,20.254,19.935,20.103,166105.02936916
2022-03-22 22:00:00,20.098,20.11,19.952,20.049,182353.90894758
2022-03-22 23:00:00,20.048,20.481,20.003,20.216,546514.53549924
2022-03-23 00:00:00,20.215,20.368,20.032,20.163,291680.02350124
2022-03-23 01:00:00,20.174,20.175,19.801,20.069,384602.94106727
2022-03-23 02:00:00,20.073,20.74,20.061,20.544,453672.72173622
2022-03-23 03:00:00,20.543,20.628,20.23,20.267,273743.34082013
2022-03-23 04:00:00,20.266,20.391,20.075,20.149,342074.33974053
2022-03-23 05:00:00,20.161,20.406,20.093,20.389,263591.76430436
2022-03-23 06:00:00,20.386,20.499,20.318,20.425,183574.0052336
2022-03-23 07:00:00,20.425,20.463,20.267,20.286,131081.1275074
2022-03-23 08:00:00,20.281,20.423,19.956,20.28,350350.30185877
2022-03-23 09:00:00,20.279,20.349,20.134,20.205,192367.71516869
2022-03-23 10:00:00,20.213,20.343,20.16,20.246,83803.61671411
2022-03-23 11:00:00,20.25,20.262,20.091,20.224,152077.03748326
2022-03-23 12:00:00,20.224,20.492,20.185,20.475,272865.00153991
2022-03-23 13:00:00,20.478,20.654,20.315,20.599,382176.46606963
2022-03-23 14:00:00,20.594,20.787,20.532,20.733,367127.15496204
2022-03-23 15:00:00,20.734,20.98,20.617,20.848,409355.84277506
2022-03-23 16:00:00,20.851,20.952,20.687,20.863,351153.86537177
2022-03-23 17:00:00,20.859,20.859,20.373,20.483,403698.99177824
2022-03-23 18:00:00,20.479,20.681,20.409,20.571,221876.9351432
2022-03-23 19:00:00,20.567,20.798,20.556,20.66,164195.86097562
2022-03-23 20:00:00,20.66,21.132,20.647,20.961,365553.68333661
2022-03-23 21:00:00,20.96,21.084,20.852,20.936,130298.71527645
2022-03-23 22:00:00,20.93,20.937,20.704,20.783,193161.8093856
2022-03-23 23:00:00,20.783,21.039,20.688,21.01,226258.38747082
2022-03-24 00:00:00,21.017,21.231,20.781,20.987,503330.49257377
2022-03-24 01:00:00,20.991,21.117,20.808,20.883,304477.41648008
2022-03-24 02:00:00,20.875,21.048,20.706,21.017,151337.39050409
2022-03-24 03:00:00,21.016,21.071,20.773,20.804,162651.13139029
2022-03-24 04:00:00,20.812,20.99,20.794,20.931,196536.00518091
2022-03-24 05:00:00,20.928,21.04,20.816,21.017,153714.89351286
2022-03-24 06:00:00,21.026,21.159,20.91,21.019,340948.0069487
2022-03-24 07:00:00,21.021,21.032,20.894,20.965,213994.57312743
2022-03-24 08:00:00,20.965,20.981,20.737,20.836,215047.40468726
2022-03-24 09:00:00,20.831,20.907,20.664,20.666,508606.59739678
2022-03-24 10:00:00,20.671,20.815,20.502,20.776,385667.35643971
2022-03-24 11:00:00,20.774,20.841,20.635,20.699,177291.18615124
2022-03-24 12:00:00,20.699,20.771,20.351,20.467,382943.03500439
2022-03-24 13:00:00,20.467,20.595,20.251,20.564,614069.28965101
2022-03-24 14:00:00,20.566,20.874,20.482,20.853,550125.41502565
2022-03-24 15:00:00,20.853,21.172,20.729,21.142,1043192.39367894
2022-03-24 16:00:00,21.14,21.496,21.066,21.319,423542.32152024
2022-03-24 17:00:00,21.318,21.394,21.019,21.025,228016.2109781
2022-03-24 18:00:00,21.023,21.127,20.962,21.106,188719.91110697
2022-03-24 19:00:00,21.108,21.261,21.068,21.181,168452.26101628
2022-03-24 20:00:00,21.181,21.254,21.074,21.208,95050.87087236
2022-03-24 21:00:00,21.209,21.238,21.086,21.224,97422.30466849
2022-03-24 22:00:00,21.223,21.384,21.149,21.251,139158.81455143
2022-03-24 23:00:00,21.245,21.309,21.134,21.248,157666.64318429
2022-03-25 00:00:00,21.252,21.265,20.973,21.144,157726.7592231
2022-03-25 01:00:00,21.132,21.378,21.071,21.333,231376.62349967
2022-03-25 02:00:00,21.328,21.333,20.973,21.017,230224.1843097
2022-03-25 03:00:00,21.012,21.109,20.999,21.069,112855.95920779
2022-03-25 04:00:00,21.069,21.223,21.012,21.215,90461.83692757
2022-03-25 05:00:00,21.213,21.218,21.104,21.119,63464.50333385
2022-03-25 06:00:00,21.124,21.213,21.076,21.087,88494.69017754
2022-03-25 07:00:00,21.087,21.087,20.779,20.804,305371.84289765
2022-03-25 08:00:00,20.807,20.88,20.532,20.856,373523.71105732
2022-03-25 09:00:00,20.856,20.975,20.739,20.917,166922.08040914
2022-03-25 10:00:00,20.914,20.977,20.842,20.946,109453.60986117
2022-03-25 11:00:00,20.959,21.172,20.937,21.123,215419.2383763
2022-03-25 12:00:00,21.122,21.176,21.005,21.139,216970.03673989
2022-03-25 13:00:00,21.143,21.168,21.031,21.123,190978.25540036
2022-03-25 14:00:00,21.125,21.146,20.875,21.015,176966.4710209
2022-03-25 15:00:00,21.021,21.025,20.572,20.679,387378.2661748
2022-03-25 16:00:00,20.679,20.794,20.38,20.396,260881.56526437
2022-03-25 17:00:00,20.399,20.501,20.171,20.466,302616.21902225
2022-03-25 18:00:00,20.468,20.7,20.448,20.67,164805.55496817
2022-03-25 19:00:00,20.676,20.676,20.418,20.619,119221.38123685
2022-03-25 20:00:00,20.627,20.774,20.573,20.733,88314.38975342
2022-03-25 21:00:00,20.733,20.791,20.696,20.761,28429.71104897
2022-03-25 22:00:00,20.767,20.771,20.508,20.525,79526.01585143
2022-03-25 23:00:00,20.524,20.603,20.45,20.542,94251.07633062
2022-03-26 00:00:00,20.533,20.647,20.314,20.323,182036.36937727
2022-03-26 01:00:00,20.323,20.465,20.27,20.417,65540.67538306
2022-03-26 02:00:00,20.412,20.465,20.251,20.315,70217.86608404
2022-03-26 03:00:00,20.315,20.483,20.265,20.473,94071.26960638
2022-03-26 04:00:00,20.472,20.62,20.447,20.595,83364.46532653
2022-03-26 05:00:00,20.585,20.763,20.521,20.731,97879.79996001
2022-03-26 06:00:00,20.734,20.762,20.628,20.664,87821.8583932
2022-03-26 07:00:00,20.665,20.918,20.665,20.84,228651.3544766
2022-03-26 08:00:00,20.84,20.936,20.793,20.856,95650.56542691
2022-03-26 09:00:00,20.855,20.88,20.746,20.803,71284.74748485
2022-03-26 10:00:00,20.805,20.835,20.693,20.816,105613.37679495
2022-03-26 11:00:00,20.821,20.978,20.748,20.895,140853.86975273
2022-03-26 12:00:00,20.891,20.962,20.762,20.861,111817.81106019
2022-03-26 13:00:00,20.856,20.897,20.725,20.764,96460.76718995
2022-03-26 14:00:00,20.764,20.878,20.74,20.869,74865.09780195
2022-03-26 15:00:00,20.869,20.922,20.809,20.85,94969.34948741
2022-03-26 16:00:00,20.851,20.974,20.813,20.94,110243.13739281
2022-03-26 17:00:00,20.945,20.986,20.882,20.894,62095.15617877
2022-03-26 18:00:00,20.898,20.943,20.846,20.881,81530.94010818
2022-03-26 19:00:00,20.879,20.914,20.835,20.857,68575.96304593
2022-03-26 20:00:00,20.862,21.035,20.847,20.931,129837.72034915
2022-03-26 21:00:00,20.924,20.934,20.715,20.889,130389.64487469
2022-03-26 22:00:00,20.891,20.892,20.789,20.813,69683.69266923
2022-03-26 23:00:00,20.814,20.919,20.746,20.917,108956.23423113
2022-03-27 00:00:00,20.912,20.984,20.868,20.953,75016.03038987
2022-03-27 01:00:00,20.952,21.026,20.877,20.981,64694.46820236
2022-03-27 02:00:00,20.992,21.164,20.956,21.039,174378.1791517
2022-03-27 03:00:00,21.038,21.094,20.93,21.005,86563.82525187
2022-03-27 04:00:00,21.003,21.121,20.913,21.113,164287.16881164
2022-03-27 05:00:00,21.113,21.213,21.082,21.178,118234.64475026
2022-03-27 06:00:00,21.183,21.214,21.122,21.143,83764.61491966
2022-03-27 07:00:00,21.14,21.18,21.089,21.167,72730.14298453
2022-03-27 08:00:00,21.167,21.175,21.001,21.014,79080.9279911
2022-03-27 09:00:00,21.015,21.138,20.99,20.996,82307.91420799
2022-03-27 10:00:00,20.993,21.076,20.952,20.952,105019.77669048
2022-03-27 11:00:00,20.952,21.039,20.933,20.994,79854.79534542
2022-03-27 12:00:00,20.992,21.016,20.739,20.771,195051.27293324
2022-03-27 13:00:00,20.77,20.96,20.718,20.939,147685.24699987
2022-03-27 14:00:00,20.942,21.049,20.928,21.021,94907.10939651
2022-03-27 15:00:00,21.019,21.149,20.946,21.115,165686.57083085
2022-03-27 16:00:00,21.113,21.276,21.041,21.264,415561.83878741
2022-03-27 17:00:00,21.265,21.295,21.124,21.289,136599.89833936
2022-03-27 18:00:00,21.294,21.369,21.218,21.315,84892.15962045
2022-03-27 19:00:00,21.311,21.498,21.294,21.46,125023.7939201
2022-03-27 20:00:00,21.462,21.759,21.303,21.669,639543.6438441
2022-03-27 21:00:00,21.662,22.002,21.562,21.932,216123.55396142
2022-03-27 22:00:00,21.933,22.217,21.84,22.046,382402.67838797
2022-03-27 23:00:00,22.054,22.481,22.054,22.465,257594.86159271
2022-03-28 00:00:00,22.459,22.763,22.237,22.519,564143.07037605
2022-03-28 01:00:00,22.519,22.563,22.354,22.446,191562.6147342
2022-03-28 02:00:00,22.446,22.621,22.422,22.588,88600.70643892
2022-03-28 03:00:00,22.584,22.978,22.579,22.939,313882.150231
2022-03-28 04:00:00,22.939,22.974,22.771,22.856,229384.64374713
2022-03-28 05:00:00,22.857,22.986,22.84,22.96,204947.46677221
2022-03-28 06:00:00,22.959,22.986,22.609,22.772,275270.21614338
2022-03-28 07:00:00,22.777,22.864,22.741,22.842,107283.26947817
2022-03-28 08:00:00,22.843,22.959,22.701,22.931,147886.05696058
2022-03-28 09:00:00,22.931,23.179,22.86,22.992,342577.57204742
2022-03-28 10:00:00,22.992,23.333,22.954,23.091,212649.8456419
2022-03-28 11:00:00,23.092,23.137,22.95,23.001,224188.24472553
2022-03-28 12:00:00,23.001,23.12,22.88,23.085,173760.38599234
2022-03-28 13:00:00,23.088,23.285,23.066,23.157,318914.69814601
2022-03-28 14:00:00,23.155,23.169,22.92,23.064,271210.83817769
2022-03-28 15:00:00,23.066,23.137,22.821,22.83,237029.44118928
2022-03-28 16:00:00,22.835,22.906,22.576,22.77,316109.92449908
2022-03-28 17:00:00,22.77,22.796,22.654,22.775,243827.85671522
2022-03-28 18:00:00,22.774,22.957,22.739,22.949,188262.36249812
2022-03-28 19:00:00,22.94,22.974,22.586,22.771,302364.20173228
2022-03-28 20:00:00,22.769,22.835,22.654,22.835,105811.05233543
2022-03-28 21:00:00,22.839,22.893,22.239,22.546,259697.46781244
2022-03-28 22:00:00,22.553,22.609,22.379,22.414,221600.11002881
2022-03-28 23:00:00,22.409,22.5,21.789,21.977,551833.21861923
2022-03-29 00:00:00,21.974,22.349,21.926,22.249,267919.83822472
2022-03-29 01:00:00,22.243,22.408,22.169,22.362,179002.50756668
2022-03-29 02:00:00,22.367,22.387,22.19,22.231,161978.18834854
2022-03-29 03:00:00,22.229,22.364,21.95,22.213,279122.92972816
2022-03-29 04:00:00,22.212,22.528,22.151,22.472,334373.39354394
2022-03-29 05:00:00,22.485,22.679,22.485,22.675,198840.37179035
2022-03-29 06:00:00,22.672,22.762,22.594,22.665,235038.98016543
2022-03-29 07:00:00,22.658,22.697,22.452,22.457,174098.46893256
2022-03-29 08:00:00,22.451,22.619,22.395,22.589,190179.69401934
2022-03-29 09:00:00,22.588,22.738,22.55,22.595,173302.03173368
2022-03-29 10:00:00,22.609,22.646,22.48,22.646,91237.02855361
2022-03-29 11:00:00,22.652,22.849,22.51,22.843,246161.87000878
2022-03-29 12:00:00,22.843,22.955,22.744,22.91,351329.79624672
2022-03-29 13:00:00,22.913,22.922,22.486,22.586,351187.23009314
2022-03-29 14:00:00,22.586,22.847,22.542,22.783,244509.97402938
2022-03-29 15:00:00,22.782,22.803,22.19,22.263,315571.62763547
2022-03-29 16:00:00,22.263,22.326,21.835,22.308,563331.61251704
2022-03-29 17:00:00,22.307,22.312,21.961,22.293,304983.18784524
2022-03-29 18:00:00,22.294,22.512,22.233,22.491,214240.93543431
2022-03-29 19:00:00,22.486,22.636,22.393,22.453,277653.92057112
2022-03-29 20:00:00,22.456,22.49,22.124,22.267,143597.33295195
2022-03-29 21:00:00,22.267,22.346,22.06,22.145,126803.86045651
2022-03-29 22:00:00,22.139,22.21,21.843,22.066,388055.0304824
2022-03-29 23:00:00,22.069,22.53,22.021,22.431,191616.56803255
2022-03-30 00:00:00,22.427,22.535,22.16,22.319,300485.14982524
2022-03-30 01:00:00,22.321,22.332,21.594,21.836,762796.82264243
2022-03-30 02:00:00,21.84,22.119,21.756,22.045,382871.15580084
2022-03-30 03:00:00,22.043,22.277,22.037,22.254,227787.6787206
2022-03-30 04:00:00,22.254,22.315,22.052,22.141,139212.23069923
2022-03-30 05:00:00,22.141,22.44,22.095,22.437,149029.12499642
2022-03-30 06:00:00,22.437,22.49,22.315,22.356,214399.94217862
2022-03-30 07:00:00,22.355,22.439,22.281,22.372,173617.3516816
2022-03-30 08:00:00,22.371,22.38,22.134,22.326,228908.35870912
2022-03-30 09:00:00,22.32,22.347,22.201,22.287,203267.26384227
2022-03-30 10:00:00,22.284,22.376,22.205,22.336,168787.16426081
2022-03-30 11:00:00,22.343,22.465,22.175,22.311,261574.71200976
2022-03-30 12:00:00,22.315,22.382,22.183,22.331,223079.98096184
2022-03-30 13:00:00,22.337,22.36,21.826,21.992,509675.05534371
2022-03-30 14:00:00,21.983,22.176,21.85,22.077,238422.66551012
2022-03-30 15:00:00,22.07,22.153,21.867,22.11,322270.72397145
2022-03-30 16:00:00,22.109,22.546,22.038,22.403,389830.21422176
2022-03-30 17:00:00,22.406,22.989,22.401,22.918,704991.09466681
2022-03-30 18:00:00,22.916,22.996,22.564,22.586,322757.75400482
2022-03-30 19:00:00,22.588,22.658,22.094,22.261,416285.35140196
2022-03-30 20:00:00,22.265,22.529,22.165,22.528,175796.53623285
2022-03-30 21:00:00,22.527,22.631,22.309,22.417,138646.02622077
2022-03-30 22:00:00,22.414,22.607,22.332,22.573,193899.45252008
2022-03-30 23:00:00,22.571,22.596,22.369,22.449,151278.91824914
2022-03-31 00:00:00,22.454,22.778,22.331,22.565,314004.87726765
2022-03-31 01:00:00,22.56,22.927,22.529,22.849,190378.98401865
2022-03-31 02:00:00,22.852,22.866,22.599,22.699,167938.35073562
2022-03-31 03:00:00,22.699,22.718,22.54,22.599,127633.86536773
2022-03-31 04:00:00,22.597,22.69,22.516,22.618,170423.32164219
2022-03-31 05:00:00,22.619,22.829,22.537,22.779,270182.61178729
2022-03-31 06:00:00,22.771,22.861,22.72,22.795,88098.646587
2022-03-31 07:00:00,22.803,22.829,22.646,22.788,108887.77302302
2022-03-31 08:00:00,22.789,23.029,22.756,22.909,374919.53712384
2022-03-31 09:00:00,22.914,22.959,22.74,22.894,159331.24281186
2022-03-31 10:00:00,22.899,23.06,22.798,22.916,305605.3027376
2022-03-31 11:00:00,22.913,22.945,22.721,22.745,212931.62388407
2022-03-31 12:00:00,22.752,22.924,22.631,22.803,230626.29428966
2022-03-31 13:00:00,22.804,22.933,22.343,22.355,466080.55199588
2022-03-31 14:00:00,22.356,22.363,21.571,22.11,1417448.47681922
2022-03-31 15:00:00,22.109,22.21,21.751,21.837,429578.31629268
2022-03-31 16:00:00,21.837,21.876,21.258,21.282,998753.24020484
2022-03-31 17:00:00,21.282,21.532,21.205,21.472,389760.87313655
2022-03-31 18:00:00,21.465,21.625,21.248,21.614,282915.86350978
2022-03-31 19:00:00,21.619,21.627,21.289,21.307,345849.06280907
2022-03-31 20:00:00,21.304,21.513,21.278,21.47,305796.71514481
2022-03-31 21:00:00,21.469,21.621,21.425,21.514,58962.48568557
2022-03-31 22:00:00,21.508,21.564,21.401,21.536,127136.45573073
2022-03-31 23:00:00,21.53,21.551,21.07,21.318,333614.21916982
2022-04-01 00:00:00,21.321,21.642,21.231,21.558,438978.0594652
2022-04-01 01:00:00,21.558,21.562,21.144,21.196,357080.64423547
2022-04-01 02:00:00,21.195,21.409,20.593,20.751,712077.45935505
2022-04-01 03:00:00,20.759,20.936,20.663,20.931,541554.03267616
2022-04-01 04:00:00,20.93,21.064,20.884,21.008,177457.99111331
2022-04-01 05:00:00,21.005,21.183,20.974,21.069,191435.11068447
2022-04-01 06:00:00,21.076,21.21,20.971,21.203,201776.18230249
2022-04-01 07:00:00,21.2,21.405,21.2,21.377,168862.9456308
2022-04-01 08:00:00,21.374,21.495,21.33,21.347,308729.30014848
2022-04-01 09:00:00,21.347,21.379,21.049,21.108,355214.28618754
2022-04-01 10:00:00,21.106,21.243,21.055,21.229,152156.82781752
2022-04-01 11:00:00,21.229,21.298,21.054,21.059,191620.61865602
2022-04-01 12:00:00,21.06,21.164,20.603,21.032,645545.47355229
2022-04-01 13:00:00,21.03,21.443,21.03,21.293,361055.52439834
2022-04-01 14:00:00,21.296,21.914,21.281,21.898,411578.7583598
2022-04-01 15:00:00,21.894,22.066,21.804,21.987,517329.21824914
2022-04-01 16:00:00,21.988,22.008,21.741,21.752,180230.59486093
2022-04-01 17:00:00,21.751,22.079,21.694,22.058,211752.16418283
2022-04-01 18:00:00,22.052,22.103,21.868,21.896,102160.26003624
2022-04-01 19:00:00,21.899,22.014,21.814,22.013,70667.17648023
2022-04-01 20:00:00,22.013,22.013,21.802,21.903,61020.98223019
2022-04-01 21:00:00,21.9,22.127,21.9,22.077,53415.0549515
2022-04-01 22:00:00,22.082,22.161,21.821,21.975,170604.27894693
2022-04-01 23:00:00,21.965,22.067,21.807,22.064,114625.63669651
2022-04-02 00:00:00,22.066,22.478,21.94,22.417,338102.26600261
2022-04-02 01:00:00,22.414,22.496,22.159,22.227,313776.20897869
2022-04-02 02:00:00,22.228,22.356,22.061,22.182,117079.42631225
2022-04-02 03:00:00,22.182,22.301,22.068,22.287,110366.39593682
2022-04-02 04:00:00,22.288,22.351,22.207,22.284,89341.02663283
2022-04-02 05:00:00,22.286,22.383,22.25,22.361,100314.63359787
2022-04-02 06:00:00,22.365,22.509,22.285,22.469,114155.2964109
2022-04-02 07:00:00,22.475,22.493,22.283,22.385,94510.97721052
2022-04-02 08:00:00,22.394,22.521,22.326,22.515,100731.93346368
2022-04-02 09:00:00,22.511,22.726,22.446,22.701,191648.06262481
2022-04-02 10:00:00,22.706,22.898,22.628,22.884,116714.64417754
2022-04-02 11:00:00,22.894,23.414,22.729,23.212,613659.61652711
2022-04-02 12:00:00,23.207,23.852,23.017,23.705,1049952.80854742
2022-04-02 13:00:00,23.702,23.833,23.291,23.31,470414.37650578
2022-04-02 14:00:00,23.306,23.488,23.141,23.197,318561.45748445
2022-04-02 15:00:00,23.198,23.2,22.614,22.76,886174.47423648
2022-04-02 16:00:00,22.76,23.166,22.65,23.037,456748.0667312
2022-04-02 17:00:00,23.037,23.142,22.909,23.012,225221.9304963
2022-04-02 18:00:00,23.013,23.067,22.421,22.68,789256.49530984
2022-04-02 19:00:00,22.675,23.097,22.65,22.932,240510.86049332
2022-04-02 20:00:00,22.928,23.232,22.819,23.161,328957.15922488
2022-04-02 21:00:00,23.155,23.278,22.919,23.253,96397.42641334
2022-04-02 22:00:00,23.253,23.42,22.946,23.105,205998.39342496
2022-04-02 23:00:00,23.102,23.147,22.538,22.598,444124.50105562
2022-04-03 00:00:00,22.594,23.384,22.558,23.193,532715.12539844
2022-04-03 01:00:00,23.19,23.19,22.5,22.875,650420.98867451
2022-04-03 02:00:00,22.876,22.914,22.567,22.612,184863.03320923
2022-04-03 03:00:00,22.611,22.749,22.563,22.677,143810.04398787
2022-04-03 04:00:00,22.68,22.976,22.614,22.976,132403.11238604
2022-04-03 05:00:00,22.977,22.997,22.826,22.884,129205.09588
2022-04-03 06:00:00,22.885,23.224,22.777,23.137,219429.52119728
2022-04-03 07:00:00,23.134,23.284,22.979,23.136,220216.52144458
2022-04-03 08:00:00,23.142,23.218,22.949,23.045,118194.20699559
2022-04-03 09:00:00,23.055,23.372,22.876,23.31,278025.51456445
2022-04-03 10:00:00,23.309,23.437,23.098,23.146,158984.70080688
2022-04-03 11:00:00,23.145,23.236,22.992,23.115,104872.18148716
2022-04-03 12:00:00,23.106,23.202,23.01,23.086,111539.12495689
2022-04-03 13:00:00,23.086,23.301,22.946,23.201,241826.68663153
2022-04-03 14:00:00,23.198,23.249,23.024,23.246,118488.7410103
2022-04-03 15:00:00,23.248,23.36,23.015,23.081,235632.38618436
2022-04-03 16:00:00,23.081,23.176,22.918,23.01,201475.47365017
2022-04-03 17:00:00,23.007,23.118,22.948,23.013,71109.43192009
2022-04-03 18:00:00,23.025,23.178,22.944,23.094,136452.31975461
2022-04-03 19:00:00,23.096,23.194,23.013,23.045,154366.6569495
2022-04-03 20:00:00,23.047,23.175,23.022,23.1,55141.59561396
2022-04-03 21:00:00,23.094,23.307,23.082,23.307,152244.88418728
2022-04-03 22:00:00,23.307,23.565,23.235,23.312,515200.79552968
2022-04-03 23:00:00,23.314,23.324,23.087,23.203,299393.06630817
2022-04-04 00:00:00,23.206,23.223,22.711,22.752,658782.4038418
2022-04-04 01:00:00,22.755,22.894,22.709,22.822,191469.49722975
2022-04-04 02:00:00,22.822,22.924,22.749,22.903,142917.71239898
2022-04-04 03:00:00,22.902,23.028,22.794,22.813,151535.5483393
2022-04-04 04:00:00,22.809,22.869,22.701,22.723,218337.80155638
2022-04-04 05:00:00,22.727,22.893,22.663,22.888,200608.52638916
2022-04-04 06:00:00,22.888,22.973,22.822,22.875,185410.40862144
2022-04-04 07:00:00,22.88,22.928,22.759,22.864,246500.90108662
2022-04-04 08:00:00,22.864,22.868,22.653,22.776,237750.67650029
2022-04-04 09:00:00,22.774,22.778,22.502,22.527,255767.41888659
2022-04-04 10:00:00,22.527,22.545,22.264,22.456,411806.38402702
2022-04-04 11:00:00,22.453,22.683,22.394,22.653,211410.72732035
2022-04-04 12:00:00,22.653,22.741,22.424,22.501,331832.70801729
2022-04-04 13:00:00,22.495,22.711,22.226,22.488,557148.98371719
2022-04-04 14:00:00,22.481,22.527,22.246,22.276,383178.21520161
2022-04-04 15:00:00,22.277,22.315,21.907,22.043,789610.79591908
2022-04-04 16:00:00,22.046,22.134,21.947,22.07,353116.99971563
2022-04-04 17:00:00,22.065,22.184,21.647,21.81,532968.40795566
2022-04-04 18:00:00,21.806,22.029,21.6,22.002,489219.30332232
2022-04-04 19:00:00,22.002,22.382,22.002,22.337,501686.33903336
2022-04-04 20:00:00,22.34,22.559,22.193,22.503,294311.97864737
2022-04-04 21:00:00,22.503,22.598,22.411,22.536,142657.1972192
2022-04-04 22:00:00,22.543,22.719,22.444,22.676,235988.29079422
2022-04-04 23:00:00,22.675,22.893,22.481,22.883,443317.29241207
2022-04-05 00:00:00,22.89,23.092,22.801,22.934,366949.68017451
2022-04-05 01:00:00,22.938,23.03,22.878,23.015,94095.536176
2022-04-05 02:00:00,23.015,23.058,22.862,22.882,96538.17670783
2022-04-05 03:00:00,22.876,22.92,22.759,22.812,122466.44658471
2022-04-05 04:00:00,22.822,23.029,22.813,22.926,145215.24965863
2022-04-05 05:00:00,22.924,23.046,22.871,22.874,92766.9429046
2022-04-05 06:00:00,22.874,22.906,22.708,22.776,100488.60785389
2022-04-05 07:00:00,22.78,22.95,22.728,22.923,87952.50683482
2022-04-05 08:00:00,22.923,22.996,22.777,22.884,116504.65389748
2022-04-05 09:00:00,22.882,22.904,22.743,22.894,153605.4909245
2022-04-05 10:00:00,22.892,22.95,22.836,22.866,91594.26362253
2022-04-05 11:00:00,22.866,22.913,22.785,22.907,99148.45886954
2022-04-05 12:00:00,22.914,23.109,22.792,22.91,411465.66603665
2022-04-05 13:00:00,22.907,22.939,22.419,22.493,565719.85065984
2022-04-05 14:00:00,22.487,22.489,22.109,22.225,803581.48631409
2022-04-05 15:00:00,22.226,22.372,22.145,22.327,171861.90188648
2022-04-05 16:00:00,22.323,22.378,22.081,22.333,385669.46731916
2022-04-05 17:00:00,22.331,22.389,22.219,22.293,196208.28971911
2022-04-05 18:00:00,22.293,22.372,22.237,22.261,69310.32280706
2022-04-05 19:00:00,22.26,22.328,22.027,22.306,238072.37210764
2022-04-05 20:00:00,22.305,22.343,22.059,22.153,150876.65442356
2022-04-05 21:00:00,22.153,22.247,22.063,22.236,71917.76895291
2022-04-05 22:00:00,22.24,22.271,22.027,22.089,134294.04141237
2022-04-05 23:00:00,22.088,22.123,21.667,21.76,387374.53797506
2022-04-06 00:00:00,21.766,21.812,20.808,21.23,1287273.83816139
2022-04-06 01:00:00,21.224,21.465,21.203,21.434,327430.76613159
2022-04-06 02:00:00,21.432,21.539,21.397,21.46,150080.07899698
2022-04-06 03:00:00,21.473,21.518,21.315,21.476,195551.76151238
2022-04-06 04:00:00,21.475,21.589,21.353,21.589,191345.38834366
2022-04-06 05:00:00,21.589,21.728,21.585,21.641,104560.92786593
2022-04-06 06:00:00,21.645,21.714,21.534,21.692,156996.05334642
2022-04-06 07:00:00,21.698,21.744,21.468,21.502,214009.29421446
2022-04-06 08:00:00,21.501,21.568,21.428,21.523,151625.54240156
2022-04-06 09:00:00,21.523,21.553,21.3,21.413,125254.96895571
2022-04-06 10:00:00,21.416,21.486,21.131,21.143,332916.41617384
2022-04-06 11:00:00,21.145,21.178,20.812,20.926,572740.6104176
2022-04-06 12:00:00,20.926,21.078,20.859,20.9,437716.90653605
2022-04-06 13:00:00,20.895,21.132,20.416,20.444,1193425.00105412
2022-04-06 14:00:00,20.444,20.764,20.148,20.597,935388.64081326
2022-04-06 15:00:00,20.596,20.635,20.034,20.31,807836.46858495
2022-04-06 16:00:00,20.313,20.377,19.77,19.973,991597.23056959
2022-04-06 17:00:00,19.971,20.195,19.688,20.116,785035.4396763
2022-04-06 18:00:00,20.112,20.397,19.817,20.366,1240756.9372438
2022-04-06 19:00:00,20.367,20.414,20.127,20.329,517819.78843995
2022-04-06 20:00:00,20.33,20.432,20.255,20.312,183373.17795374
2022-04-06 21:00:00,20.305,20.388,20.173,20.209,77594.87452166
2022-04-06 22:00:00,20.201,20.235,19.868,19.893,338802.37901699
2022-04-06 23:00:00,19.893,20.072,19.745,19.823,534738.8763235
2022-04-07 00:00:00,19.818,20.169,19.441,19.569,1040929.91479193
2022-04-07 01:00:00,19.566,20.058,19.544,20.034,415106.55309883
2022-04-07 02:00:00,20.03,20.128,19.867,20.048,385402.97865158
2022-04-07 03:00:00,20.046,20.093,19.832,19.949,261905.17942824
2022-04-07 04:00:00,19.955,20.121,19.852,20.054,278233.96262278
2022-04-07 05:00:00,20.05,20.083,19.872,20.058,139663.28699382
2022-04-07 06:00:00,20.058,20.263,19.981,20.162,134322.2984472
2022-04-07 07:00:00,20.165,20.273,20.138,20.206,128332.49839695
2022-04-07 08:00:00,20.212,20.367,20.175,20.269,142624.37738614
2022-04-07 09:00:00,20.267,20.268,20.007,20.157,217510.63089211
2022-04-07 10:00:00,20.15,20.191,20.075,20.169,118980.64355254
2022-04-07 11:00:00,20.172,20.485,20.045,20.402,436055.40443963
2022-04-07 12:00:00,20.398,20.503,20.257,20.261,216519.27606281
2022-04-07 13:00:00,20.261,20.33,20.04,20.3,280269.78623211
2022-04-07 14:00:00,20.306,20.374,19.903,19.964,299192.82368657
2022-04-07 15:00:00,19.966,20.045,19.708,19.992,357756.27375936
2022-04-07 16:00:00,19.985,20.229,19.952,20.229,211071.15311131
2022-04-07 17:00:00,20.229,20.379,20.195,20.277,294908.26679709
2022-04-07 18:00:00,20.275,20.441,20.245,20.407,155479.75725887
2022-04-07 19:00:00,20.403,20.506,20.339,20.343,187689.73159486
2022-04-07 20:00:00,20.344,20.449,20.278,20.439,38754.27571779
2022-04-07 21:00:00,20.44,20.471,20.189,20.35,47003.03063658
2022-04-07 22:00:00,20.352,20.425,20.306,20.416,64181.42557024
2022-04-07 23:00:00,20.415,20.646,20.371,20.393,161694.55794708
2022-04-08 00:00:00,20.381,20.495,20.266,20.284,160556.63722412
2022-04-08 01:00:00,20.284,20.533,20.268,20.485,112180.55583839
2022-04-08 02:00:00,20.487,20.567,20.43,20.491,110431.28756818
2022-04-08 03:00:00,20.493,20.519,20.436,20.475,77227.02941565
2022-04-08 04:00:00,20.479,20.525,20.443,20.468,57175.85107569
2022-04-08 05:00:00,20.472,20.531,20.405,20.5,56336.15963936
2022-04-08 06:00:00,20.499,20.528,20.34,20.436,141856.15378074
2022-04-08 07:00:00,20.442,20.466,20.197,20.437,254173.26012896
2022-04-08 08:00:00,20.438,20.52,20.349,20.395,214026.54995712
2022-04-08 09:00:00,20.391,20.409,20.224,20.253,134271.22139238
2022-04-08 10:00:00,20.252,20.271,20.153,20.211,122820.57585844
2022-04-08 11:00:00,20.213,20.213,20.021,20.071,214687.82150733
2022-04-08 12:00:00,20.071,20.117,19.833,19.908,278169.55224969
2022-04-08 13:00:00,19.911,19.968,19.714,19.818,368690.85678369
2022-04-08 14:00:00,19.814,20.279,19.808,20.23,543073.20013644
2022-04-08 15:00:00,20.226,20.361,20.197,20.296,214797.05600269
2022-04-08 16:00:00,20.292,20.345,20.028,20.044,245821.37351965
2022-04-08 17:00:00,20.044,20.069,19.802,19.939,253948.67589619
2022-04-08 18:00:00,19.937,20.069,19.696,19.961,387224.17309448
2022-04-08 19:00:00,19.962,20.049,19.801,19.851,209220.57304848
2022-04-08 20:00:00,19.851,19.939,19.753,19.864,94038.66394138
2022-04-08 21:00:00,19.853,19.915,19.661,19.692,56391.76457707
2022-04-08 22:00:00,19.698,19.759,19.452,19.471,252463.22526873
2022-04-08 23:00:00,19.469,19.469,19.121,19.41,351941.31313189
2022-04-09 00:00:00,19.41,19.636,19.374,19.621,196008.04038752
2022-04-09 01:00:00,19.62,19.662,19.458,19.576,109037.82100752
2022-04-09 02:00:00,19.57,19.624,19.281,19.312,104598.63787155
2022-04-09 03:00:00,19.312,19.548,19.273,19.532,162084.00183815
2022-04-09 04:00:00,19.535,19.689,19.52,19.551,151085.9146276
2022-04-09 05:00:00,19.563,19.742,19.551,19.704,63598.28442876
2022-04-09 06:00:00,19.697,19.722,19.522,19.636,81108.13679852
2022-04-09 07:00:00,19.627,19.699,19.537,19.676,84264.1090556
2022-04-09 08:00:00,19.665,19.72,19.586,19.701,57918.74941487
2022-04-09 09:00:00,19.706,19.721,19.607,19.642,80158.4216753
2022-04-09 10:00:00,19.648,19.666,19.508,19.642,75163.05996181
2022-04-09 11:00:00,19.646,19.681,19.588,19.634,35301.87156373
2022-04-09 12:00:00,19.649,19.755,19.545,19.741,83522.97547981
2022-04-09 13:00:00,19.75,19.776,19.666,19.681,54404.42086819
2022-04-09 14:00:00,19.673,19.72,19.551,19.701,109063.43636508
2022-04-09 15:00:00,19.7,19.71,19.391,19.423,236851.29769205
2022-04-09 16:00:00,19.419,19.578,19.391,19.514,100452.84718481
2022-04-09 17:00:00,19.511,19.685,19.487,19.624,74537.23343171
2022-04-09 18:00:00,19.625,19.672,19.493,19.515,38150.03302404
2022-04-09 19:00:00,19.517,19.639,19.502,19.521,199687.84897266
2022-04-09 20:00:00,19.516,19.614,19.402,19.417,108854.12147657
2022-04-09 21:00:00,19.418,19.553,19.406,19.532,36072.30004447
2022-04-09 22:00:00,19.548,19.671,19.537,19.611,40925.3103672
2022-04-09 23:00:00,19.608,19.824,19.544,19.747,136749.47056235
2022-04-10 00:00:00,19.753,19.771,19.581,19.614,57578.39564943
2022-04-10 01:00:00,19.617,19.76,19.596,19.736,39916.32247863
2022-04-10 02:00:00,19.736,19.863,19.702,19.862,76383.46672401
2022-04-10 03:00:00,19.863,19.97,19.781,19.832,195536.57914529
2022-04-10 04:00:00,19.822,19.868,19.78,19.826,56312.65057586
2022-04-10 05:00:00,19.836,19.893,19.759,19.779,56904.12323025
2022-04-10 06:00:00,19.769,19.838,19.709,19.801,48413.75549442
2022-04-10 07:00:00,19.798,19.819,19.651,19.677,49707.8752683
2022-04-10 08:00:00,19.678,19.764,19.625,19.726,152601.85970186
2022-04-10 09:00:00,19.726,19.735,19.555,19.569,90140.61667511
2022-04-10 10:00:00,19.565,19.593,19.444,19.539,93969.19346862
2022-04-10 11:00:00,19.541,19.581,19.485,19.56,31552.358803
2022-04-10 12:00:00,19.561,19.673,19.345,19.4,139303.26166944
2022-04-10 13:00:00,19.402,19.471,19.352,19.442,67851.24577294
2022-04-10 14:00:00,19.438,19.544,19.401,19.491,70785.74934452
2022-04-10 15:00:00,19.497,19.567,19.464,19.548,49109.84733648
2022-04-10 16:00:00,19.552,19.81,19.461,19.743,216560.52963579
2022-04-10 17:00:00,19.741,20.172,19.741,19.997,445775.69602692
2022-04-10 18:00:00,19.999,20.237,19.999,20.058,176371.14498176
2022-04-10 19:00:00,20.066,20.171,20.057,20.105,78107.06768643
2022-04-10 20:00:00,20.105,20.214,20.063,20.079,89775.52447324
2022-04-10 21:00:00,20.073,20.126,19.811,19.821,95148.15282108
2022-04-10 22:00:00,19.821,19.886,19.427,19.548,475075.1827088
2022-04-10 23:00:00,19.542,19.673,19.129,19.209,829117.5963414
2022-04-11 00:00:00,19.209,19.249,18.91,19.198,489683.6436496
2022-04-11 01:00:00,19.191,19.279,19.072,19.088,199318.09000498
2022-04-11 02:00:00,19.081,19.149,18.733,18.82,392374.2727598
2022-04-11 03:00:00,18.82,18.92,18.734,18.88,258700.3202311
2022-04-11 04:00:00,18.879,19.034,18.866,18.998,147364.42115624
2022-04-11 05:00:00,18.998,19.043,18.934,18.978,109834.03209139
2022-04-11 06:00:00,18.977,18.982,18.82,18.883,149815.54097557
2022-04-11 07:00:00,18.893,18.931,18.79,18.852,161355.12822579
2022-04-11 08:00:00,18.851,18.893,18.404,18.541,586653.70068411
2022-04-11 09:00:00,18.538,18.574,17.679,17.693,956088.29523184
2022-04-11 10:00:00,17.691,18.087,17.689,18.049,706703.86431728
2022-04-11 11:00:00,18.039,18.061,17.818,17.94,490780.13761708
2022-04-11 12:00:00,17.943,18.046,17.841,17.949,614644.81879139
2022-04-11 13:00:00,17.945,17.969,17.545,17.858,854710.23264423
2022-04-11 14:00:00,17.857,17.928,17.696,17.772,490086.17649992
2022-04-11 15:00:00,17.775,17.895,17.632,17.637,248831.95411194
2022-04-11 16:00:00,17.637,17.831,17.543,17.8,540975.44278392
2022-04-11 17:00:00,17.801,17.909,17.639,17.777,337800.24662577
2022-04-11 18:00:00,17.778,17.839,17.655,17.822,230595.56289625
2022-04-11 19:00:00,17.825,17.859,17.523,17.611,540581.23006145
2022-04-11 20:00:00,17.611,17.659,17.145,17.268,826390.65981161
2022-04-11 21:00:00,17.266,17.349,16.974,17.103,357571.08409051
2022-04-11 22:00:00,17.103,17.44,17.019,17.334,459323.45535595
2022-04-11 23:00:00,17.332,17.397,17.074,17.191,333979.1139352
2022-04-12 00:00:00,17.194,17.491,17.193,17.314,489590.28323419
2022-04-12 01:00:00,17.315,17.497,17.268,17.401,292467.27770277
2022-04-12 02:00:00,17.403,17.451,17.194,17.259,347826.01782327
2022-04-12 03:00:00,17.259,17.301,17.164,17.289,221051.49525637
2022-04-12 04:00:00,17.29,17.548,17.254,17.544,166868.74266035
2022-04-12 05:00:00,17.541,17.754,17.513,17.743,233130.51593217
2022-04-12 06:00:00,17.744,17.8,17.592,17.643,183040.26128303
2022-04-12 07:00:00,17.642,17.739,17.591,17.72,180491.55723513
2022-04-12 08:00:00,17.72,17.843,17.694,17.761,194618.35100229
2022-04-12 09:00:00,17.758,17.785,17.658,17.707,227182.59402524
2022-04-12 10:00:00,17.705,17.745,17.517,17.593,200108.94897856
2022-04-12 11:00:00,17.593,17.854,17.569,17.797,268552.16094613
2022-04-12 12:00:00,17.796,18.002,17.665,17.994,671053.48917559
2022-04-12 13:00:00,17.996,18.025,17.797,17.922,595442.3320867
2022-04-12 14:00:00,17.922,17.942,17.561,17.648,527064.52634431
2022-04-12 15:00:00,17.647,17.84,17.607,17.723,240204.84386903
2022-04-12 16:00:00,17.722,17.83,17.632,17.742,211550.49445782
2022-04-12 17:00:00,17.744,17.8,17.561,17.585,147950.27830049
2022-04-12 18:00:00,17.586,17.611,17.298,17.348,257396.73484251
2022-04-12 19:00:00,17.345,17.387,17.149,17.187,304392.20840833
2022-04-12 20:00:00,17.188,17.384,17.161,17.359,181866.46075726
2022-04-12 21:00:00,17.356,17.595,17.345,17.565,110142.24538698
2022-04-12 22:00:00,17.564,17.759,17.43,17.688,287341.51467187
2022-04-12 23:00:00,17.691,17.879,17.679,17.765,336987.09908436
2022-04-13 00:00:00,17.761,17.856,17.643,17.671,229160.30620633
2022-04-13 01:00:00,17.675,17.742,17.566,17.737,167613.56887501
2022-04-13 02:00:00,17.737,17.88,17.632,17.819,176567.09905727
2022-04-13 03:00:00,17.817,17.93,17.786,17.821,228756.62962312
2022-04-13 04:00:00,17.82,17.888,17.741,17.857,145346.28031057
2022-04-13 05:00:00,17.857,17.994,17.823,17.972,132127.6845938
2022-04-13 06:00:00,17.971,17.981,17.762,17.809,265000.97923666
2022-04-13 07:00:00,17.808,17.909,17.74,17.843,396805.95775367
2022-04-13 08:00:00,17.844,17.909,17.815,17.89,216928.97776819
2022-04-13 09:00:00,17.888,17.9,17.753,17.803,183379.15200504
2022-04-13 10:00:00,17.799,17.822,17.505,17.564,306755.87076157
2022-04-13 11:00:00,17.565,17.649,17.445,17.464,194844.31360682
2022-04-13 12:00:00,17.464,17.548,17.427,17.427,343220.11785711
2022-04-13 13:00:00,17.426,18.038,17.363,18.008,749855.95390439
2022-04-13 14:00:00,18.007,18.192,17.849,17.949,640519.03371821
2022-04-13 15:00:00,17.95,18.267,17.947,18.095,588582.47142518
2022-04-13 16:00:00,18.095,18.258,18.056,18.081,312277.0847484
2022-04-13 17:00:00,18.079,18.143,18.003,18.059,273555.94875763
2022-04-13 18:00:00,18.06,18.245,18.02,18.231,146872.26923458
2022-04-13 19:00:00,18.23,18.273,18.092,18.104,134886.99897091
2022-04-13 20:00:00,18.104,18.236,18.069,18.192,127053.29415403
2022-04-13 21:00:00,18.191,18.24,18.113,18.165,47219.37866418
2022-04-13 22:00:00,18.164,18.285,18.108,18.227,105279.0429505
2022-04-13 23:00:00,18.227,18.256,18.111,18.191,183757.18354813
2022-04-14 00:00:00,18.191,18.27,18.114,18.247,112041.12563626
2022-04-14 01:00:00,18.257,18.475,18.239,18.445,157408.85366557
2022-04-14 02:00:00,18.445,18.448,18.343,18.381,160034.266804
2022-04-14 03:00:00,18.38,18.407,18.254,18.321,154948.98308344
2022-04-14 04:00:00,18.321,18.39,18.277,18.323,53993.65051896
2022-04-14 05:00:00,18.322,18.374,18.27,18.302,65961.21557825
2022-04-14 06:00:00,18.305,18.329,18.172,18.199,96401.20342389
2022-04-14 07:00:00,18.199,18.291,18.112,18.243,83726.56097921
2022-04-14 08:00:00,18.243,18.332,18.204,18.248,105963.65954039
2022-04-14 09:00:00,18.248,18.266,18.058,18.168,293315.62985548
2022-04-14 10:00:00,18.167,18.172,18.015,18.028,181203.61286944
2022-04-14 11:00:00,18.027,18.103,17.967,18.028,215554.90005375
2022-04-14 12:00:00,18.026,18.268,18.011,18.241,175833.02642316
2022-04-14 13:00:00,18.239,18.403,17.917,17.937,482646.43648624
2022-04-14 14:00:00,17.936,18.052,17.769,17.985,527150.73452669
2022-04-14 15:00:00,17.983,18.028,17.614,17.654,377109.70326144
2022-04-14 16:00:00,17.655,17.732,17.511,17.621,373778.60836081
2022-04-14 17:00:00,17.62,17.754,17.581,17.749,421146.28855861
2022-04-14 18:00:00,17.747,17.78,17.502,17.523,378827.48324936
2022-04-14 19:00:00,17.524,17.62,17.462,17.591,106219.74528853
2022-04-14 20:00:00,17.592,17.74,17.543,17.74,68445.14810528
2022-04-14 21:00:00,17.739,17.87,17.714,17.868,42339.21281758
2022-04-14 22:00:00,17.869,17.87,17.762,17.794,74479.89058785
2022-04-14 23:00:00,17.794,17.964,17.782,17.904,61006.80711445
2022-04-15 00:00:00,17.904,18.088,17.77,17.837,172569.65215027
2022-04-15 01:00:00,17.837,17.959,17.781,17.946,66132.9673934
2022-04-15 02:00:00,17.944,18.022,17.904,17.976,54656.18827725
2022-04-15 03:00:00,17.977,18.278,17.977,18.232,118278.45192726
2022-04-15 04:00:00,18.233,18.263,18.103,18.133,259753.07043266
2022-04-15 05:00:00,18.134,18.224,18.085,18.174,100901.11447632
2022-04-15 06:00:00,18.175,18.194,18.002,18.059,124296.84526753
2022-04-15 07:00:00,18.059,18.237,17.956,18.145,216923.0924443
2022-04-15 08:00:00,18.149,18.221,18.048,18.073,178642.44086453
2022-04-15 09:00:00,18.075,18.168,18.064,18.113,99244.30837801
2022-04-15 10:00:00,18.111,18.273,18.091,18.233,119182.06295476
2022-04-15 11:00:00,18.234,18.337,18.161,18.21,118774.53565139
2022-04-15 12:00:00,18.212,18.246,18.054,18.073,99743.65056678
2022-04-15 13:00:00,18.084,18.136,17.901,17.939,172274.22214533
2022-04-15 14:00:00,17.939,18.453,17.915,18.253,351762.78473337
2022-04-15 15:00:00,18.255,18.342,18.114,18.145,219392.99959325
2022-04-15 16:00:00,18.145,18.245,18.021,18.198,154141.77460086
2022-04-15 17:00:00,18.199,18.287,18.123,18.151,133490.6660533
2022-04-15 18:00:00,18.152,18.172,18.095,18.139,47897.26821313
2022-04-15 19:00:00,18.139,18.166,18.071,18.15,59795.65201974
2022-04-15 20:00:00,18.148,18.261,18.111,18.252,58249.11408
2022-04-15 21:00:00,18.253,18.327,18.246,18.312,36295.85533565
2022-04-15 22:00:00,18.311,18.321,18.22,18.274,33154.05098911
2022-04-15 23:00:00,18.277,18.388,18.238,18.335,42098.76577762
2022-04-16 00:00:00,18.336,18.393,18.255,18.361,56613.39766458
2022-04-16 01:00:00,18.36,18.6,18.351,18.534,284675.7288598
2022-04-16 02:00:00,18.534,18.536,18.454,18.456,47707.4219989
2022-04-16 03:00:00,18.456,18.456,18.314,18.326,103442.14480759
2022-04-16 04:00:00,18.33,18.422,18.32,18.408,59381.48235429
2022-04-16 05:00:00,18.409,18.422,18.314,18.367,80699.86381806
2022-04-16 06:00:00,18.366,18.371,18.261,18.331,210508.77258088
2022-04-16 07:00:00,18.329,18.363,18.278,18.334,54521.57437802
2022-04-16 08:00:00,18.332,18.357,18.243,18.284,29217.40326423
2022-04-16 09:00:00,18.284,18.334,18.229,18.269,69372.25293851
2022-04-16 10:00:00,18.27,18.406,18.267,18.35,61101.57744387
2022-04-16 11:00:00,18.351,18.396,18.326,18.338,66802.68658339
2022-04-16 12:00:00,18.339,18.553,18.333,18.407,172554.17888937
2022-04-16 13:00:00,18.413,18.467,18.393,18.441,52298.52759249
2022-04-16 14:00:00,18.442,18.492,18.385,18.481,53041.59112624
2022-04-16 15:00:00,18.482,18.543,18.191,18.24,254606.05068078
2022-04-16 16:00:00,18.239,18.549,18.16,18.526,168101.22054471
2022-04-16 17:00:00,18.524,18.634,18.383,18.453,169404.84536931
2022-04-16 18:00:00,18.455,18.5,18.385,18.437,66694.9402346
2022-04-16 19:00:00,18.438,18.47,18.303,18.342,83232.04227785
2022-04-16 20:00:00,18.339,18.458,18.297,18.396,73165.0171773
2022-04-16 21:00:00,18.397,18.597,18.397,18.517,73774.46931179
2022-04-16 22:00:00,18.524,18.659,18.518,18.529,127160.87190419
2022-04-16 23:00:00,18.527,18.691,18.526,18.595,105494.40318804
2022-04-17 00:00:00,18.594,18.814,18.565,18.761,174438.58810383
2022-04-17 01:00:00,18.764,18.806,18.726,18.743,128151.1964606
2022-04-17 02:00:00,18.743,18.743,18.493,18.535,182795.71081486
2022-04-17 03:00:00,18.531,18.595,18.505,18.533,66527.79068653
2022-04-17 04:00:00,18.532,18.588,18.509,18.517,110936.35845619
2022-04-17 05:00:00,18.517,18.607,18.507,18.586,73792.34499666
2022-04-17 06:00:00,18.589,18.598,18.509,18.551,28097.74076086
2022-04-17 07:00:00,18.545,18.573,18.503,18.551,53519.80684621
2022-04-17 08:00:00,18.551,18.58,18.53,18.575,65333.78559007
2022-04-17 09:00:00,18.576,18.659,18.576,18.614,59890.33904815
2022-04-17 10:00:00,18.615,18.738,18.61,18.658,65997.60907779
2022-04-17 11:00:00,18.66,18.677,18.564,18.596,42386.97978389
2022-04-17 12:00:00,18.597,18.63,18.574,18.613,25861.27183486
2022-04-17 13:00:00,18.614,18.678,18.52,18.52,153233.61875807
2022-04-17 14:00:00,18.517,18.596,18.41,18.521,124513.73128739
2022-04-17 15:00:00,18.522,18.591,18.475,18.56,47693.9011848
2022-04-17 16:00:00,18.56,18.575,18.395,18.412,69768.15711
2022-04-17 17:00:00,18.411,18.411,18.222,18.272,138677.43659972
2022-04-17 18:00:00,18.272,18.307,18.049,18.137,217364.03540584
2022-04-17 19:00:00,18.14,18.316,18.111,18.254,119852.17237657
2022-04-17 20:00:00,18.253,18.335,18.16,18.284,224969.20135845
2022-04-17 21:00:00,18.284,18.287,18.182,18.27,93239.1895786
2022-04-17 22:00:00,18.269,18.306,18.082,18.099,202737.31448008
2022-04-17 23:00:00,18.1,18.1,17.645,17.724,674341.86062358
2022-04-18 00:00:00,17.725,17.838,17.661,17.787,285283.83040378
2022-04-18 01:00:00,17.784,17.875,17.763,17.843,157401.49878683
2022-04-18 02:00:00,17.843,17.943,17.833,17.909,290469.4499305
2022-04-18 03:00:00,17.908,17.974,17.88,17.881,73630.86830368
2022-04-18 04:00:00,17.881,17.92,17.157,17.24,952831.635013
2022-04-18 05:00:00,17.239,17.327,17.092,17.259,311920.32247679
2022-04-18 06:00:00,17.254,17.378,17.244,17.321,134304.71894672
2022-04-18 07:00:00,17.321,17.358,17.126,17.224,247769.46646644
2022-04-18 08:00:00,17.225,17.304,17.127,17.158,218766.66901034
2022-04-18 09:00:00,17.158,17.359,17.108,17.33,304392.53230812
2022-04-18 10:00:00,17.335,17.469,17.291,17.328,218438.23643219
2022-04-18 11:00:00,17.328,17.508,17.328,17.421,113161.5260499
2022-04-18 12:00:00,17.422,17.725,17.421,17.659,289344.50053298
2022-04-18 13:00:00,17.659,17.751,17.544,17.578,464518.11370405
2022-04-18 14:00:00,17.577,17.704,17.557,17.637,236750.04203486
2022-04-18 15:00:00,17.64,17.651,17.481,17.576,141391.086489
2022-04-18 16:00:00,17.575,17.757,17.388,17.687,313831.04943188
2022-04-18 17:00:00,17.687,18.129,17.679,18.081,584230.83301776
2022-04-18 18:00:00,18.082,18.366,18.058,18.25,487767.24802163
2022-04-18 19:00:00,18.248,18.337,18.181,18.263,165365.98946453
2022-04-18 20:00:00,18.263,18.357,18.131,18.165,226376.64769844
2022-04-18 21:00:00,18.165,18.294,18.165,18.197,127244.90395621
2022-04-18 22:00:00,18.199,18.249,18.136,18.231,149602.14452672
2022-04-18 23:00:00,18.231,18.272,18.107,18.145,236177.02103148
2022-04-19 00:00:00,18.145,18.333,18.134,18.155,274757.27732839
2022-04-19 01:00:00,18.155,18.208,18.072,18.139,111822.47327401
2022-04-19 02:00:00,18.139,18.185,18.065,18.076,85034.69408326
2022-04-19 03:00:00,18.075,18.219,18.075,18.159,111848.91187085
2022-04-19 04:00:00,18.16,18.28,18.143,18.275,91811.42612212
2022-04-19 05:00:00,18.275,18.282,18.163,18.163,102214.27266315
2022-04-19 06:00:00,18.162,18.231,18.122,18.128,63657.0689137
2022-04-19 07:00:00,18.128,18.175,18.075,18.096,78290.54275019
2022-04-19 08:00:00,18.094,18.199,18.08,18.112,90914.35980021
2022-04-19 09:00:00,18.111,18.146,18.035,18.082,109423.75105437
2022-04-19 10:00:00,18.082,18.192,18.077,18.182,74835.51343244
2022-04-19 11:00:00,18.183,18.394,18.183,18.239,155015.91626283
2022-04-19 12:00:00,18.238,18.473,18.209,18.458,195318.94053553
2022-04-19 13:00:00,18.461,18.641,18.362,18.63,325239.59422904
2022-04-19 14:00:00,18.628,18.795,18.628,18.68,467474.33028829
2022-04-19 15:00:00,18.678,18.756,18.56,18.565,203179.35003258
2022-04-19 16:00:00,18.565,18.732,18.549,18.597,170186.31060734
2022-04-19 17:00:00,18.595,18.681,18.527,18.638,103174.63254219
2022-04-19 18:00:00,18.636,18.793,18.572,18.71,160286.46500298
2022-04-19 19:00:00,18.71,18.888,18.677,18.811,114889.41076112
2022-04-19 20:00:00,18.809,18.864,18.753,18.822,122803.9951853
2022-04-19 21:00:00,18.823,18.951,18.82,18.888,65560.43780038
2022-04-19 22:00:00,18.889,18.915,18.811,18.836,68515.20341054
2022-04-19 23:00:00,18.836,18.928,18.81,18.873,98043.58832538
2022-04-20 00:00:00,18.875,18.908,18.565,18.689,227522.09114314
2022-04-20 01:00:00,18.688,18.811,18.621,18.67,164090.64768189
2022-04-20 02:00:00,18.669,18.727,18.617,18.699,147413.01943228
2022-04-20 03:00:00,18.699,18.707,18.604,18.665,88501.40545607
2022-04-20 04:00:00,18.665,18.709,18.541,18.591,102568.94313295
2022-04-20 05:00:00,18.593,18.935,18.541,18.935,228645.95917147
2022-04-20 06:00:00,18.935,19.132,18.931,19.076,280597.37789019
2022-04-20 07:00:00,19.077,19.157,19.033,19.12,222322.18212737
2022-04-20 08:00:00,19.121,19.281,19.061,19.126,260465.01149918
2022-04-20 09:00:00,19.127,19.247,19.095,19.133,184051.46657584
2022-04-20 10:00:00,19.134,19.276,19.083,19.217,266114.23250433
2022-04-20 11:00:00,19.22,19.392,19.139,19.267,450553.8638473
2022-04-20 12:00:00,19.267,19.336,19.186,19.303,204492.3497272
2022-04-20 13:00:00,19.305,19.318,19.047,19.238,477000.79591416
2022-04-20 14:00:00,19.238,19.532,19.118,19.186,702023.18422552
2022-04-20 15:00:00,19.187,19.194,18.866,19.087,626224.54482343
2022-04-20 16:00:00,19.09,19.127,18.81,19.02,435314.26052954
2022-04-20 17:00:00,19.02,19.079,18.965,19.048,233112.24850565
2022-04-20 18:00:00,19.047,19.047,18.645,18.731,419199.82058105
2022-04-20 19:00:00,18.731,18.875,18.712,18.841,205603.66239721
2022-04-20 20:00:00,18.841,19.058,18.747,19.026,251159.01627228
2022-04-20 21:00:00,19.027,19.174,19.001,19.11,137900.98561847
2022-04-20 22:00:00,19.111,19.404,19.069,19.201,250816.3143145
2022-04-20 23:00:00,19.2,19.219,18.983,19.088,155235.57633571
2022-04-21 00:00:00,19.088,19.243,19.035,19.205,163671.38280431
2022-04-21 01:00:00,19.205,19.288,19.128,19.282,127385.66315534
2022-04-21 02:00:00,19.284,19.335,19.139,19.243,92458.17683149
2022-04-21 03:00:00,19.242,19.446,19.16,19.334,293593.28819291
2022-04-21 04:00:00,19.334,19.398,19.23,19.274,137470.9142721
2022-04-21 05:00:00,19.273,19.36,19.039,19.071,125089.51546104
2022-04-21 06:00:00,19.07,19.198,18.976,19.078,137355.82633141
2022-04-21 07:00:00,19.079,19.375,18.988,19.307,189279.20624204
2022-04-21 08:00:00,19.309,19.377,19.205,19.303,233197.22399761
2022-04-21 09:00:00,19.303,19.314,19.098,19.143,139801.46787347
2022-04-21 10:00:00,19.143,19.438,19.127,19.311,345618.69132883
2022-04-21 11:00:00,19.312,19.524,19.305,19.407,224195.32750422
2022-04-21 12:00:00,19.407,19.49,19.335,19.428,216473.40085493
2022-04-21 13:00:00,19.428,19.678,19.414,19.473,284394.21609074
2022-04-21 14:00:00,19.474,19.55,19.332,19.369,168337.55057333
2022-04-21 15:00:00,19.369,19.422,19.226,19.305,251995.02129502
2022-04-21 16:00:00,19.304,19.315,18.995,18.997,281269.58036525
2022-04-21 17:00:00,18.998,19.13,18.933,18.977,189736.02562392
2022-04-21 18:00:00,18.977,18.977,18.788,18.842,181443.50378576
2022-04-21 19:00:00,18.842,18.885,18.694,18.738,189411.05267743
2022-04-21 20:00:00,18.738,18.789,18.394,18.521,375059.52517748
2022-04-21 21:00:00,18.522,18.611,18.476,18.546,130619.58391502
2022-04-21 22:00:00,18.537,18.537,17.994,18.245,610211.38526618
2022-04-21 23:00:00,18.244,18.269,18.091,18.164,226568.9326732
2022-04-22 00:00:00,18.166,18.305,18.065,18.251,332213.12671732
2022-04-22 01:00:00,18.251,18.335,18.217,18.306,164090.95625099
2022-04-22 02:00:00,18.306,18.38,18.248,18.282,170380.99427933
2022-04-22 03:00:00,18.281,18.345,18.235,18.269,166650.04967363
2022-04-22 04:00:00,18.269,18.364,18.263,18.354,75952.63021578
2022-04-22 05:00:00,18.356,18.479,18.339,18.426,113237.92381208
2022-04-22 06:00:00,18.426,18.516,18.372,18.409,68349.19463676
2022-04-22 07:00:00,18.409,18.452,18.157,18.336,320948.59829101
2022-04-22 08:00:00,18.335,18.499,18.28,18.326,276681.37306879
2022-04-22 09:00:00,18.327,18.338,18.174,18.219,159378.43969385
2022-04-22 10:00:00,18.218,18.346,18.111,18.34,163771.60010221
2022-04-22 11:00:00,18.34,18.421,18.303,18.396,139706.38978782
2022-04-22 12:00:00,18.397,18.436,18.265,18.321,124332.96101007
2022-04-22 13:00:00,18.321,18.488,18.169,18.26,404116.46000666
2022-04-22 14:00:00,18.264,18.354,18.054,18.226,374625.47463818
2022-04-22 15:00:00,18.227,18.371,18.113,18.205,392633.00581305
2022-04-22 16:00:00,18.205,18.376,18.119,18.275,276247.27797776
2022-04-22 17:00:00,18.274,18.426,18.239,18.26,158018.22693652
2022-04-22 18:00:00,18.261,18.397,18.157,18.285,159080.76426362
2022-04-22 19:00:00,18.286,18.394,18.211,18.246,124081.16691912
2022-04-22 20:00:00,18.245,18.39,18.226,18.366,78713.11238321
2022-04-22 21:00:00,18.366,18.408,18.32,18.402,62046.67812384
2022-04-22 22:00:00,18.399,18.399,18.221,18.348,53027.31630787
2022-04-22 23:00:00,18.346,18.41,18.253,18.269,102716.79119382
2022-04-23 00:00:00,18.27,18.332,18.147,18.174,81223.903407
2022-04-23 01:00:00,18.174,18.388,18.158,18.326,71959.09351146
2022-04-23 02:00:00,18.325,18.342,18.2,18.268,39839.88914335
2022-04-23 03:00:00,18.267,18.277,18.15,18.22,69298.55476454
2022-04-23 04:00:00,18.22,18.322,17.94,18.242,262035.58570947
2022-04-23 05:00:00,18.241,18.281,18.197,18.23,45923.60258978
2022-04-23 06:00:00,18.231,18.368,18.202,18.293,107565.62666116
2022-04-23 07:00:00,18.292,18.379,18.292,18.363,64114.64948691
2022-04-23 08:00:00,18.363,18.661,18.317,18.584,160529.77122939
2022-04-23 09:00:00,18.591,18.699,18.542,18.617,215088.36020669
2022-04-23 10:00:00,18.617,18.769,18.609,18.697,145618.1268297
2022-04-23 11:00:00,18.697,18.795,18.614,18.637,139007.64329271
2022-04-23 12:00:00,18.637,18.731,18.513,18.635,163073.26966035
2022-04-23 13:00:00,18.637,18.732,18.612,18.73,129899.59994145
2022-04-23 14:00:00,18.729,18.886,18.675,18.766,208439.90898939
2022-04-23 15:00:00,18.767,18.977,18.726,18.899,325563.20344959
2022-04-23 16:00:00,18.9,19.248,18.854,19.082,393074.95479208
2022-04-23 17:00:00,19.081,19.126,18.968,19.052,161104.76201347
2022-04-23 18:00:00,19.053,19.115,18.938,18.958,89424.51820719
2022-04-23 19:00:00,18.957,19.005,18.863,18.903,144349.76899489
2022-04-23 20:00:00,18.905,18.998,18.885,18.97,111975.65069994
2022-04-23 21:00:00,18.972,19.095,18.954,19.062,70144.48596369
2022-04-23 22:00:00,19.061,19.065,18.889,18.915,51326.49248415
2022-04-23 23:00:00,18.914,19.031,18.637,18.688,263859.62763303
2022-04-24 00:00:00,18.687,18.975,18.662,18.852,198766.77166676
2022-04-24 01:00:00,18.851,19.001,18.8,18.807,78132.1561639
2022-04-24 02:00:00,18.808,19.047,18.759,18.965,87114.19214252
2022-04-24 03:00:00,18.962,19.15,18.94,19.046,135549.92281708
2022-04-24 04:00:00,19.046,19.111,18.97,18.987,78134.99565367
2022-04-24 05:00:00,18.985,19.012,18.835,18.868,126254.0831575
2022-04-24 06:00:00,18.866,19.022,18.851,18.914,108058.28164777
2022-04-24 07:00:00,18.913,19.015,18.891,18.925,53637.96224379
2022-04-24 08:00:00,18.925,18.945,18.794,18.801,69267.3961118
2022-04-24 09:00:00,18.8,18.853,18.757,18.826,43197.66961345
2022-04-24 10:00:00,18.825,18.855,18.722,18.788,111998.54841049
2022-04-24 11:00:00,18.785,18.811,18.581,18.631,130809.65159139
2022-04-24 12:00:00,18.63,18.658,18.535,18.592,125681.46869587
2022-04-24 13:00:00,18.591,18.654,18.365,18.601,310634.06200469
2022-04-24 14:00:00,18.602,18.651,18.356,18.583,262965.88608287
2022-04-24 15:00:00,18.584,18.636,18.42,18.475,137302.50467634
2022-04-24 16:00:00,18.476,18.495,18.061,18.271,460004.54969014
2022-04-24 17:00:00,18.271,18.299,18.074,18.144,260132.82889632
2022-04-24 18:00:00,18.143,18.4,18.127,18.356,153508.44011953
2022-04-24 19:00:00,18.357,18.429,18.331,18.368,148060.84643429
2022-04-24 20:00:00,18.369,18.388,18.202,18.211,113628.44864437
2022-04-24 21:00:00,18.211,18.382,18.178,18.364,59010.96637561
2022-04-24 22:00:00,18.364,18.455,18.228,18.266,202243.38526404
2022-04-24 23:00:00,18.265,18.28,18.123,18.158,121450.01749876
2022-04-25 00:00:00,18.156,18.192,17.582,17.709,992932.39270768
2022-04-25 01:00:00,17.71,17.784,17.55,17.722,547928.70630222
2022-04-25 02:00:00,17.722,17.769,17.605,17.721,267218.17603243
2022-04-25 03:00:00,17.719,17.891,17.717,17.829,210697.51410281
2022-04-25 04:00:00,17.826,17.854,17.753,17.819,108230.70312773
2022-04-25 05:00:00,17.819,17.845,17.591,17.618,181907.14570029
2022-04-25 06:00:00,17.618,17.666,17.284,17.323,368370.84612059
2022-04-25 07:00:00,17.323,17.34,17.116,17.187,541249.41881076
2022-04-25 08:00:00,17.186,17.272,17.14,17.188,184016.94557319
2022-04-25 09:00:00,17.187,17.392,17.115,17.314,320832.22006257
2022-04-25 10:00:00,17.313,17.353,17.229,17.246,164099.94795366
2022-04-25 11:00:00,17.247,17.453,17.145,17.447,363281.77575171
2022-04-25 12:00:00,17.447,17.621,17.427,17.504,214258.9154743
2022-04-25 13:00:00,17.504,17.662,17.321,17.412,425306.97972142
2022-04-25 14:00:00,17.41,17.711,17.345,17.536,489257.71681131
2022-04-25 15:00:00,17.537,17.679,17.465,17.483,190917.12227156
2022-04-25 16:00:00,17.482,17.864,17.463,17.739,360836.25251164
2022-04-25 17:00:00,17.738,17.799,17.609,17.637,166697.37435245
2022-04-25 18:00:00,17.638,17.926,17.6,17.792,208289.44441744
2022-04-25 19:00:00,17.792,18.015,17.736,18.004,360496.4258552
2022-04-25 20:00:00,18.005,18.073,17.911,17.968,257053.22263928
2022-04-25 21:00:00,17.969,18.06,17.941,18.059,49011.30352385
2022-04-25 22:00:00,18.056,18.232,17.991,18.164,133556.32214883
2022-04-25 23:00:00,18.165,18.238,18.089,18.093,114984.6664453
2022-04-26 00:00:00,18.093,18.316,18.093,18.205,207502.78060146
2022-04-26 01:00:00,18.206,18.227,18.007,18.026,137876.55039928
2022-04-26 02:00:00,18.027,18.123,17.954,18.029,123621.84327336
2022-04-26 03:00:00,18.028,18.053,17.972,17.991,80469.53110931
2022-04-26 04:00:00,17.992,18.09,17.921,18.008,88464.0635621
2022-04-26 05:00:00,18.008,18.122,17.988,18.025,74691.1499764
2022-04-26 06:00:00,18.025,18.045,17.858,17.89,138222.40785736
2022-04-26 07:00:00,17.892,17.974,17.771,17.894,145468.36853837
2022-04-26 08:00:00,17.895,18.072,17.862,17.889,139349.58193705
2022-04-26 09:00:00,17.889,17.936,17.764,17.844,183415.23515127
2022-04-26 10:00:00,17.844,17.933,17.787,17.902,103219.87849821
2022-04-26 11:00:00,17.899,17.984,17.789,17.853,110611.66435418
2022-04-26 12:00:00,17.854,17.942,17.657,17.73,192248.27208375
2022-04-26 13:00:00,17.728,17.791,17.487,17.499,292625.54033448
2022-04-26 14:00:00,17.5,17.5,17.118,17.19,526494.44294984
2022-04-26 15:00:00,17.19,17.308,16.944,17.089,539472.440385
2022-04-26 16:00:00,17.089,17.204,16.908,17.114,412586.38397948
2022-04-26 17:00:00,17.115,17.123,16.654,16.997,494361.36803583
2022-04-26 18:00:00,16.998,17.037,16.918,17.028,273812.27618917
2022-04-26 19:00:00,17.028,17.086,16.602,16.846,488066.69238577
2022-04-26 20:00:00,16.847,16.909,16.6,16.754,257760.63447669
2022-04-26 21:00:00,16.754,16.924,16.711,16.91,37764.57995729
2022-04-26 22:00:00,16.92,16.978,16.826,16.856,129043.12722101
2022-04-26 23:00:00,16.856,16.87,16.306,16.661,610246.28478723
2022-04-27 00:00:00,16.661,16.741,16.468,16.618,278533.51414064
2022-04-27 01:00:00,16.618,16.827,16.6,16.82,186590.55275928
2022-04-27 02:00:00,16.82,16.912,16.791,16.896,121250.24381662
2022-04-27 03:00:00,16.895,16.908,16.771,16.786,105976.27703335
2022-04-27 04:00:00,16.787,17.007,16.765,16.994,97702.99779168
2022-04-27 05:00:00,16.994,17.034,16.913,16.94,84786.29980688
2022-04-27 06:00:00,16.938,17.129,16.938,17.121,86774.0361787
2022-04-27 07:00:00,17.121,17.214,17.046,17.214,167451.81081438
2022-04-27 08:00:00,17.21,17.263,16.901,17.021,349842.26893156
2022-04-27 09:00:00,17.021,17.151,16.916,17.12,180169.20588952
2022-04-27 10:00:00,17.117,17.16,16.992,17.112,172235.00442285
2022-04-27 11:00:00,17.113,17.118,16.766,16.958,272662.27987574
2022-04-27 12:00:00,16.958,17.058,16.864,16.872,182987.35962587
2022-04-27 13:00:00,16.875,17.231,16.825,17.117,410813.17685109
2022-04-27 14:00:00,17.117,17.149,16.654,16.766,600340.42272713
2022-04-27 15:00:00,16.766,16.982,16.734,16.92,354544.9429811
2022-04-27 16:00:00,16.92,17.071,16.878,16.953,244660.96107127
2022-04-27 17:00:00,16.952,16.994,16.853,16.985,187553.97684923
2022-04-27 18:00:00,16.986,17.006,16.786,16.811,120799.33115493
2022-04-27 19:00:00,16.81,16.891,16.723,16.814,166955.12011531
2022-04-27 20:00:00,16.815,16.993,16.794,16.9,162854.50343944
2022-04-27 21:00:00,16.901,17.009,16.862,16.955,35458.79804233
2022-04-27 22:00:00,16.955,17.022,16.816,16.828,77582.08885929
2022-04-27 23:00:00,16.828,16.953,16.806,16.938,76275.42333103
2022-04-28 00:00:00,16.937,17.069,16.863,17.041,115963.39685042
2022-04-28 01:00:00,17.039,17.151,16.802,16.854,252226.67871439
2022-04-28 02:00:00,16.855,17.038,16.832,17.0,126149.23686155
2022-04-28 03:00:00,17.0,17.049,16.879,16.904,82822.15408204
2022-04-28 04:00:00,16.907,16.983,16.88,16.97,58381.19717129
2022-04-28 05:00:00,16.969,17.009,16.816,16.872,98172.85029773
2022-04-28 06:00:00,16.872,16.936,16.825,16.871,76234.82243064
2022-04-28 07:00:00,16.874,17.042,16.844,16.931,149222.50794889
2022-04-28 08:00:00,16.93,17.312,16.915,17.154,389323.86186196
2022-04-28 09:00:00,17.16,17.41,17.16,17.263,371256.58862972
2022-04-28 10:00:00,17.266,17.277,17.082,17.111,138125.31285837
2022-04-28 11:00:00,17.11,17.223,17.11,17.177,103204.1924135
2022-04-28 12:00:00,17.179,17.252,16.939,16.962,260644.50572317
2022-04-28 13:00:00,16.962,16.972,16.8,16.873,489118.70445478
2022-04-28 14:00:00,16.876,17.02,16.751,16.972,327767.86281378
2022-04-28 15:00:00,16.975,17.327,16.743,16.867,809650.0360753
2022-04-28 16:00:00,16.866,17.098,16.745,17.056,285094.45668821
2022-04-28 17:00:00,17.054,17.201,16.964,17.192,322326.41765202
2022-04-28 18:00:00,17.193,17.268,17.144,17.148,169427.48231186
2022-04-28 19:00:00,17.148,17.255,17.01,17.05,129340.99448931
2022-04-28 20:00:00,17.05,17.208,16.922,17.077,361393.28641886
2022-04-28 21:00:00,17.075,17.144,16.962,17.044,102583.62485307
2022-04-28 22:00:00,17.045,17.045,16.893,16.986,112709.65774087
2022-04-28 23:00:00,16.985,17.039,16.914,16.976,68109.88062021
2022-04-29 00:00:00,16.977,17.061,16.865,16.99,80733.76705439
2022-04-29 01:00:00,16.995,17.051,16.934,16.986,65989.62240644
2022-04-29 02:00:00,16.984,16.984,16.757,16.83,161625.06590191
2022-04-29 03:00:00,16.831,16.923,16.768,16.888,117489.33540045
2022-04-29 04:00:00,16.889,16.913,16.709,16.867,117105.68295083
2022-04-29 05:00:00,16.865,16.944,16.833,16.878,111389.47118998
2022-04-29 06:00:00,16.877,16.959,16.821,16.891,78804.7612287
2022-04-29 07:00:00,16.891,16.968,16.848,16.949,88511.82445804
2022-04-29 08:00:00,16.949,16.954,16.731,16.744,115803.24864231
2022-04-29 09:00:00,16.745,16.745,16.505,16.535,286758.81483721
2022-04-29 10:00:00,16.534,16.592,16.24,16.352,396852.199593
2022-04-29 11:00:00,16.352,16.431,16.25,16.354,226535.42436235
2022-04-29 12:00:00,16.353,16.551,16.28,16.468,254388.16207147
2022-04-29 13:00:00,16.467,16.648,16.377,16.6,344177.25320829
2022-04-29 14:00:00,16.598,16.618,16.418,16.563,237927.21326345
2022-04-29 15:00:00,16.563,16.649,16.478,16.573,195516.82526274
2022-04-29 16:00:00,16.572,16.619,16.263,16.334,431040.94203475
2022-04-29 17:00:00,16.333,16.449,16.226,16.366,171690.64162306
2022-04-29 18:00:00,16.365,16.392,16.037,16.182,337682.27042071
2022-04-29 19:00:00,16.18,16.199,15.978,16.101,435570.34628868
2022-04-29 20:00:00,16.101,16.215,16.056,16.081,301434.88885953
2022-04-29 21:00:00,16.082,16.143,16.064,16.084,54763.61510955
2022-04-29 22:00:00,16.084,16.154,15.972,16.103,148676.82324181
2022-04-29 23:00:00,16.102,16.179,16.036,16.174,78414.10015614
2022-04-30 00:00:00,16.174,16.435,16.154,16.343,168254.80103065
2022-04-30 01:00:00,16.344,16.369,16.262,16.3,78461.81949719
2022-04-30 02:00:00,16.301,16.378,16.267,16.271,69527.5149471
2022-04-30 03:00:00,16.271,16.284,16.191,16.252,52839.42885905
2022-04-30 04:00:00,16.254,16.312,16.206,16.276,47510.96813027
2022-04-30 05:00:00,16.276,16.37,16.254,16.343,71765.32742632
2022-04-30 06:00:00,16.344,16.347,16.261,16.341,31287.06996031
2022-04-30 07:00:00,16.342,16.357,16.201,16.213,61430.35996968
2022-04-30 08:00:00,16.212,16.267,16.085,16.09,131295.04455718
2022-04-30 09:00:00,16.088,16.143,16.05,16.137,84979.83321021
2022-04-30 10:00:00,16.137,16.175,16.012,16.018,134312.81643363
2022-04-30 11:00:00,16.017,16.133,16.01,16.097,68384.71662479
2022-04-30 12:00:00,16.096,16.144,16.041,16.052,64964.70200049
2022-04-30 13:00:00,16.053,16.121,15.845,15.907,242447.01821439
2022-04-30 14:00:00,15.907,15.938,15.545,15.568,528146.9370813
2022-04-30 15:00:00,15.571,15.829,15.522,15.769,260784.35451208
2022-04-30 16:00:00,15.769,15.884,15.68,15.705,161912.60699405
2022-04-30 17:00:00,15.704,15.704,15.521,15.566,325224.27131098
2022-04-30 18:00:00,15.566,15.673,15.525,15.621,260899.96367556
2022-04-30 19:00:00,15.621,15.699,15.53,15.679,197102.909435
2022-04-30 20:00:00,15.678,15.681,15.498,15.505,202111.70941422
2022-04-30 21:00:00,15.505,15.555,15.414,15.476,117031.03253319
2022-04-30 22:00:00,15.474,15.474,15.062,15.112,510923.61863324
2022-04-30 23:00:00,15.11,15.197,14.139,14.484,2486064.35998495
2022-05-01 00:00:00,14.48,14.814,14.472,14.665,545238.03405385
2022-05-01 01:00:00,14.664,14.958,14.491,14.859,580020.46689854
2022-05-01 02:00:00,14.86,14.921,14.706,14.729,220619.34723737
2022-05-01 03:00:00,14.729,14.897,14.725,14.881,165929.17898013
2022-05-01 04:00:00,14.882,14.976,14.743,14.81,210180.63188901
2022-05-01 05:00:00,14.811,15.066,14.802,14.946,296917.71314962
2022-05-01 06:00:00,14.947,15.028,14.888,14.899,176189.82978534
2022-05-01 07:00:00,14.901,14.937,14.867,14.905,116261.16838639
2022-05-01 08:00:00,14.904,15.075,14.893,15.056,162923.21010686
2022-05-01 09:00:00,15.056,15.084,14.893,14.981,120158.04740136
2022-05-01 10:00:00,14.98,15.057,14.951,15.004,73812.13388537
2022-05-01 11:00:00,15.004,15.013,14.87,14.886,133979.11378834
2022-05-01 12:00:00,14.886,15.009,14.835,14.947,201759.43338602
2022-05-01 13:00:00,14.946,15.017,14.889,14.915,109595.16618142
2022-05-01 14:00:00,14.914,15.01,14.876,14.901,152381.02368286
2022-05-01 15:00:00,14.901,15.386,14.9,15.311,437237.24739977
2022-05-01 16:00:00,15.314,15.507,15.261,15.41,368140.01511365
2022-05-01 17:00:00,15.41,15.514,15.328,15.342,178703.07479862
2022-05-01 18:00:00,15.343,15.353,14.98,15.01,223369.89898792
2022-05-01 19:00:00,15.009,15.057,14.864,14.982,240374.45229181
2022-05-01 20:00:00,14.982,15.286,14.921,15.269,200934.14931601
2022-05-01 21:00:00,15.269,15.305,15.003,15.126,195594.22657274
2022-05-01 22:00:00,15.127,15.333,15.109,15.219,223573.33549861
2022-05-01 23:00:00,15.22,15.474,15.174,15.341,223160.00432878
2022-05-02 00:00:00,15.341,15.582,15.331,15.486,263243.08476538
2022-05-02 01:00:00,15.485,15.569,15.316,15.327,133206.70373152
2022-05-02 02:00:00,15.327,15.379,15.247,15.37,109145.06681605
2022-05-02 03:00:00,15.371,15.419,15.325,15.368,101099.23760286
2022-05-02 04:00:00,15.369,15.517,15.269,15.469,192393.19415433
2022-05-02 05:00:00,15.469,15.563,15.424,15.499,161530.48733906
2022-05-02 06:00:00,15.499,15.561,15.348,15.355,200872.77671664
2022-05-02 07:00:00,15.356,15.443,15.29,15.322,131186.76721111
2022-05-02 08:00:00,15.326,15.356,15.124,15.174,228624.82118405
2022-05-02 09:00:00,15.173,15.299,15.044,15.081,216323.29065929
2022-05-02 10:00:00,15.081,15.113,14.939,15.007,239365.0126383
2022-05-02 11:00:00,15.008,15.025,14.772,14.827,390440.81615189
2022-05-02 12:00:00,14.826,14.944,14.695,14.774,317264.56021172
2022-05-02 13:00:00,14.773,15.081,14.623,14.952,938777.24609881
2022-05-02 14:00:00,14.951,15.08,14.764,15.033,472781.17445462
2022-05-02 15:00:00,15.034,15.094,14.829,14.955,323537.49705867
2022-05-02 16:00:00,14.955,15.059,14.795,14.817,252586.77748462
2022-05-02 17:00:00,14.815,14.885,14.569,14.649,286224.32318643
2022-05-02 18:00:00,14.649,14.779,14.544,14.676,465722.80472351
2022-05-02 19:00:00,14.676,14.923,14.628,14.897,386363.05025524
2022-05-02 20:00:00,14.9,14.959,14.772,14.816,178184.76499813
2022-05-02 21:00:00,14.817,15.077,14.759,15.057,78329.96892496
2022-05-02 22:00:00,15.058,15.278,14.986,14.997,208875.1985238
2022-05-02 23:00:00,14.997,15.078,14.907,14.954,153730.54280652
2022-05-03 00:00:00,14.958,15.005,14.872,14.923,144619.44790708
2022-05-03 01:00:00,14.923,15.059,14.874,15.059,127516.56543071
2022-05-03 02:00:00,15.06,15.162,14.902,15.046,206014.15714068
2022-05-03 03:00:00,15.046,15.219,15.04,15.145,185228.0356645
2022-05-03 04:00:00,15.145,15.177,15.072,15.127,74051.94107553
2022-05-03 05:00:00,15.128,15.161,14.991,15.103,140140.08584511
2022-05-03 06:00:00,15.103,15.182,15.012,15.095,103106.67643242
2022-05-03 07:00:00,15.095,15.184,15.067,15.152,113498.04663543
2022-05-03 08:00:00,15.153,15.197,15.105,15.124,92003.63820178
2022-05-03 09:00:00,15.123,15.132,15.001,15.048,122620.25812388
2022-05-03 10:00:00,15.049,15.056,14.847,14.962,162807.72811022
2022-05-03 11:00:00,14.964,15.186,14.891,15.135,177416.01625456
2022-05-03 12:00:00,15.136,15.158,15.003,15.013,140385.09730471
2022-05-03 13:00:00,15.013,15.038,14.844,14.965,307578.08038593
2022-05-03 14:00:00,14.966,15.029,14.853,14.972,154802.39585263
2022-05-03 15:00:00,14.971,15.088,14.93,15.0,146375.3512515
2022-05-03 16:00:00,15.0,15.045,14.84,14.889,169975.02052146
2022-05-03 17:00:00,14.892,14.93,14.758,14.758,128641.06887687
2022-05-03 18:00:00,14.758,14.758,14.56,14.69,405671.51239345
2022-05-03 19:00:00,14.69,14.698,14.52,14.611,238446.23859005
2022-05-03 20:00:00,14.612,14.763,14.497,14.734,195922.05750066
2022-05-03 21:00:00,14.731,14.786,14.596,14.732,132024.94276112
2022-05-03 22:00:00,14.732,14.865,14.683,14.708,168392.65665871
2022-05-03 23:00:00,14.709,14.736,14.604,14.717,145603.98818218
2022-05-04 00:00:00,14.718,14.924,14.651,14.893,198543.07835453
2022-05-04 01:00:00,14.894,14.938,14.827,14.832,121934.28015425
2022-05-04 02:00:00,14.832,15.035,14.827,14.923,124945.08147148
2022-05-04 03:00:00,14.926,15.032,14.926,14.981,77884.57233316
2022-05-04 04:00:00,14.981,15.155,14.981,15.024,194555.36431467
2022-05-04 05:00:00,15.024,15.036,14.902,14.969,119883.98834091
2022-05-04 06:00:00,14.968,15.282,14.964,15.208,277137.73298709
2022-05-04 07:00:00,15.208,15.315,15.125,15.253,250490.66279634
2022-05-04 08:00:00,15.253,15.441,15.253,15.303,388804.39942766
2022-05-04 09:00:00,15.305,15.348,15.235,15.282,222921.62400728
2022-05-04 10:00:00,15.282,15.478,15.259,15.394,265819.85593211
2022-05-04 11:00:00,15.395,15.496,15.31,15.4,267529.40728061
2022-05-04 12:00:00,15.4,15.461,15.208,15.25,252398.1449719
2022-05-04 13:00:00,15.25,15.367,15.04,15.056,304536.99147986
2022-05-04 14:00:00,15.056,15.196,15.036,15.086,247480.1808575
2022-05-04 15:00:00,15.087,15.178,14.959,15.102,271323.93739721
2022-05-04 16:00:00,15.1,15.348,15.043,15.268,314812.53263604
2022-05-04 17:00:00,15.268,15.295,15.024,15.143,343155.22102195
2022-05-04 18:00:00,15.145,15.89,15.061,15.789,1470342.73337034
2022-05-04 19:00:00,15.79,16.133,15.768,16.05,762213.38039679
2022-05-04 20:00:00,16.05,16.158,16.036,16.135,156786.50678895
2022-05-04 21:00:00,16.135,16.21,16.101,16.162,78986.32756055
2022-05-04 22:00:00,16.163,16.277,16.095,16.11,317282.87886746
2022-05-04 23:00:00,16.109,16.337,16.095,16.315,252947.7164347
2022-05-05 00:00:00,16.316,16.436,16.207,16.281,257702.4670878
2022-05-05 01:00:00,16.281,16.367,16.249,16.262,156684.86967941
2022-05-05 02:00:00,16.263,16.377,16.244,16.356,114661.41666951
2022-05-05 03:00:00,16.356,16.357,16.288,16.307,81877.19767971
2022-05-05 04:00:00,16.307,16.359,16.252,16.293,113142.19670986
2022-05-05 05:00:00,16.292,16.369,16.208,16.226,147922.21139307
2022-05-05 06:00:00,16.227,16.319,16.15,16.154,60676.66115972
2022-05-05 07:00:00,16.154,16.218,16.062,16.166,105931.52024948
2022-05-05 08:00:00,16.164,16.213,16.024,16.04,137379.0843178
2022-05-05 09:00:00,16.039,16.117,15.871,15.926,159154.77991575
2022-05-05 10:00:00,15.925,16.041,15.768,15.995,297790.61692128
2022-05-05 11:00:00,15.994,16.076,15.846,15.898,109260.73565034
2022-05-05 12:00:00,15.897,16.024,15.878,15.995,126427.0551024
2022-05-05 13:00:00,15.993,16.009,15.601,15.632,360087.44833926
2022-05-05 14:00:00,15.632,15.685,14.888,14.991,1181670.77085424
2022-05-05 15:00:00,14.99,15.015,14.194,14.458,2273408.89498819
2022-05-05 16:00:00,14.457,14.645,14.346,14.455,837805.50241042
2022-05-05 17:00:00,14.455,14.552,14.348,14.366,385138.1518133
2022-05-05 18:00:00,14.366,14.454,13.992,14.36,744531.49514124
2022-05-05 19:00:00,14.359,14.5,14.059,14.431,1329466.50314842
2022-05-05 20:00:00,14.429,14.581,14.311,14.575,451515.41128373
2022-05-05 21:00:00,14.576,14.638,14.47,14.483,143687.31764656
2022-05-05 22:00:00,14.484,14.524,14.37,14.403,272880.46389715
2022-05-05 23:00:00,14.407,14.618,14.396,14.572,349224.65355931
2022-05-06 00:00:00,14.572,14.602,14.254,14.409,377687.85400683
2022-05-06 01:00:00,14.411,14.473,14.285,14.381,297800.10503368
2022-05-06 02:00:00,14.382,14.545,14.381,14.447,112727.0803441
2022-05-06 03:00:00,14.447,14.527,14.392,14.51,163946.91238253
2022-05-06 04:00:00,14.511,14.622,14.381,14.538,382698.05345712
2022-05-06 05:00:00,14.537,14.619,14.524,14.598,128115.63273954
2022-05-06 06:00:00,14.597,14.645,14.486,14.496,156577.16551412
2022-05-06 07:00:00,14.501,14.621,14.107,14.365,648844.55016424
2022-05-06 08:00:00,14.359,14.495,14.291,14.363,403849.92316724
2022-05-06 09:00:00,14.36,14.556,14.322,14.509,195451.152043
2022-05-06 10:00:00,14.51,14.532,14.131,14.243,365949.5212279
2022-05-06 11:00:00,14.245,14.338,14.001,14.129,660411.93637727
2022-05-06 12:00:00,14.131,14.514,14.124,14.248,777577.03630341
2022-05-06 13:00:00,14.247,14.344,13.8,14.08,1510411.60062402
2022-05-06 14:00:00,14.079,14.368,14.035,14.327,1163613.76835511
2022-05-06 15:00:00,14.325,14.518,14.202,14.202,528764.03914865
2022-05-06 16:00:00,14.2,14.39,14.158,14.344,497739.60596162
2022-05-06 17:00:00,14.345,14.361,14.172,14.204,346568.63124024
2022-05-06 18:00:00,14.204,14.254,14.119,14.181,315914.02430942
2022-05-06 19:00:00,14.178,14.35,14.128,14.276,349494.73753029
2022-05-06 20:00:00,14.279,14.332,14.155,14.308,104848.38637651
2022-05-06 21:00:00,14.31,14.48,14.22,14.264,206813.26302746
2022-05-06 22:00:00,14.264,14.364,14.188,14.299,151108.78507344
2022-05-06 23:00:00,14.299,14.41,14.25,14.32,164303.62263334
2022-05-07 00:00:00,14.32,14.356,14.227,14.265,249593.32757661
2022-05-07 01:00:00,14.264,14.364,14.19,14.271,175503.72819607
2022-05-07 02:00:00,14.271,14.291,14.148,14.162,218010.16776746
2022-05-07 03:00:00,14.162,14.19,14.021,14.055,281289.75540648
2022-05-07 04:00:00,14.055,14.104,13.907,13.929,359021.17205503
2022-05-07 05:00:00,13.933,14.187,13.895,14.182,330972.3913529
2022-05-07 06:00:00,14.181,14.181,14.026,14.052,206632.48235921
2022-05-07 07:00:00,14.05,14.24,14.017,14.181,329029.83176838
2022-05-07 08:00:00,14.181,14.323,14.141,14.246,236997.43552158
2022-05-07 09:00:00,14.246,14.303,14.121,14.164,241996.42183989
2022-05-07 10:00:00,14.163,14.282,14.128,14.231,183363.63219316
2022-05-07 11:00:00,14.232,14.31,14.152,14.205,197378.76077787
2022-05-07 12:00:00,14.215,14.233,14.105,14.211,151414.46344389
2022-05-07 13:00:00,14.212,14.242,14.068,14.12,261059.84807681
2022-05-07 14:00:00,14.12,14.195,14.093,14.183,137171.52797968
2022-05-07 15:00:00,14.182,14.222,14.101,14.171,119547.74556445
2022-05-07 16:00:00,14.17,14.183,14.049,14.164,126856.9939221
2022-05-07 17:00:00,14.164,14.167,14.051,14.076,139018.30785396
2022-05-07 18:00:00,14.076,14.192,14.07,14.098,131187.61436097
2022-05-07 19:00:00,14.095,14.159,14.081,14.103,116922.76066794
2022-05-07 20:00:00,14.102,14.14,13.991,14.081,177896.90792158
2022-05-07 21:00:00,14.079,14.114,13.636,13.655,290545.51026582
2022-05-07 22:00:00,13.655,13.799,13.349,13.558,715257.85133555
2022-05-07 23:00:00,13.558,13.898,13.528,13.732,639176.53188774
2022-05-08 00:00:00,13.731,13.869,13.539,13.58,301101.37033114
2022-05-08 01:00:00,13.58,13.647,13.445,13.509,536869.07122871
2022-05-08 02:00:00,13.506,13.547,13.25,13.441,1053744.12699758
2022-05-08 03:00:00,13.44,13.504,13.281,13.483,434047.95668287
2022-05-08 04:00:00,13.483,13.638,13.478,13.529,329870.90108544
2022-05-08 05:00:00,13.528,13.603,13.468,13.514,126340.05556048
2022-05-08 06:00:00,13.512,13.711,13.512,13.647,172553.57704867
2022-05-08 07:00:00,13.647,13.71,13.432,13.444,180263.83520927
2022-05-08 08:00:00,13.445,13.546,13.394,13.398,172848.90922171
2022-05-08 09:00:00,13.399,13.452,13.328,13.398,194056.57358856
2022-05-08 10:00:00,13.399,13.575,13.327,13.524,166808.19177788
2022-05-08 11:00:00,13.524,13.624,13.487,13.547,185229.19823247
2022-05-08 12:00:00,13.544,13.597,13.408,13.438,222972.66532071
2022-05-08 13:00:00,13.438,13.476,13.253,13.267,331658.88317355
2022-05-08 14:00:00,13.266,13.512,13.212,13.448,414488.8589415
2022-05-08 15:00:00,13.443,13.57,13.361,13.364,187915.02059568
2022-05-08 16:00:00,13.364,13.544,13.363,13.405,147036.37884716
2022-05-08 17:00:00,13.407,13.414,13.009,13.234,1000076.29380054
2022-05-08 18:00:00,13.233,13.433,13.108,13.409,268430.96638413
2022-05-08 19:00:00,13.41,13.519,13.383,13.454,112555.4335987
2022-05-08 20:00:00,13.45,13.48,13.329,13.362,165049.79796201
2022-05-08 21:00:00,13.365,13.524,13.365,13.493,63530.66183612
2022-05-08 22:00:00,13.491,13.513,13.303,13.401,325667.74152156
2022-05-08 23:00:00,13.4,13.422,13.147,13.24,259617.9595166
2022-05-09 00:00:00,13.241,13.474,13.215,13.413,182143.9838453
2022-05-09 01:00:00,13.413,13.449,13.231,13.249,177865.06895786
2022-05-09 02:00:00,13.249,13.264,12.815,12.913,900295.21250771
2022-05-09 03:00:00,12.916,13.134,12.88,12.994,444204.21845509
2022-05-09 04:00:00,12.995,13.131,12.972,12.989,168597.37086726
2022-05-09 05:00:00,12.99,13.053,12.815,12.841,272432.88702062
2022-05-09 06:00:00,12.841,12.911,12.615,12.745,535953.69737136
2022-05-09 07:00:00,12.744,12.849,12.603,12.615,386807.20368804
2022-05-09 08:00:00,12.613,12.636,12.38,12.607,836804.15626854
2022-05-09 09:00:00,12.605,12.65,12.258,12.303,501149.73520247
2022-05-09 10:00:00,12.301,12.322,11.764,11.93,2307624.99354101
2022-05-09 11:00:00,11.936,12.045,11.878,12.014,907592.50905041
2022-05-09 12:00:00,12.015,12.077,11.85,11.915,618152.76746968
2022-05-09 13:00:00,11.917,12.15,11.709,11.983,1559943.30487984
2022-05-09 14:00:00,11.984,12.015,11.714,11.8,1003712.23957712
2022-05-09 15:00:00,11.799,11.916,11.345,11.477,1489869.4411808
2022-05-09 16:00:00,11.478,11.651,10.938,11.173,2083047.21160335
2022-05-09 17:00:00,11.173,11.486,10.873,11.203,2567085.28880958
2022-05-09 18:00:00,11.2,11.29,10.677,11.026,3446322.87016069
2022-05-09 19:00:00,11.029,11.208,10.791,11.074,2206690.72665625
2022-05-09 20:00:00,11.074,11.563,11.072,11.282,1862164.69209482
2022-05-09 21:00:00,11.283,11.436,11.104,11.142,761185.64572167
2022-05-09 22:00:00,11.142,11.354,11.05,11.093,1399955.27279243
2022-05-09 23:00:00,11.092,11.196,10.473,10.612,2854973.35319585
2022-05-10 00:00:00,10.611,11.068,10.3,11.043,5729061.75877544
2022-05-10 01:00:00,11.045,11.328,10.912,10.967,2949010.15468765
2022-05-10 02:00:00,10.971,11.18,10.88,11.039,1886681.58693435
2022-05-10 03:00:00,11.044,11.148,10.924,10.925,1546364.97799584
2022-05-10 04:00:00,10.926,11.445,10.88,11.35,1539728.5963578
2022-05-10 05:00:00,11.351,11.972,11.342,11.815,1504190.65606487
2022-05-10 06:00:00,11.813,12.431,11.744,11.944,1503308.71689779
2022-05-10 07:00:00,11.937,12.021,11.692,11.692,1067789.85588527
2022-05-10 08:00:00,11.692,11.921,11.673,11.774,751263.80074993
2022-05-10 09:00:00,11.775,11.834,11.539,11.596,847768.2722327
2022-05-10 10:00:00,11.597,11.856,11.56,11.645,669964.07095016
2022-05-10 11:00:00,11.646,11.979,11.595,11.895,590854.26666051
2022-05-10 12:00:00,11.894,12.341,11.837,12.258,1106980.63881115
2022-05-10 13:00:00,12.261,12.306,11.822,12.057,1251058.79339491
2022-05-10 14:00:00,12.059,12.183,11.386,11.456,1655310.14865654
2022-05-10 15:00:00,11.458,11.899,11.278,11.678,1989396.0508826
2022-05-10 16:00:00,11.68,11.768,11.476,11.623,1189317.43981888
2022-05-10 17:00:00,11.622,12.099,11.615,11.924,1260539.41246167
2022-05-10 18:00:00,11.932,11.932,11.603,11.657,716199.83136511
2022-05-10 19:00:00,11.661,11.72,11.427,11.54,510739.83147232
2022-05-10 20:00:00,11.54,11.557,11.259,11.311,506848.28613113
2022-05-10 21:00:00,11.308,11.388,10.766,10.825,651498.4823585
2022-05-10 22:00:00,10.822,11.261,10.77,11.077,2174526.41277552
2022-05-10 23:00:00,11.077,11.455,11.022,11.337,1827366.18970264
2022-05-11 00:00:00,11.338,11.636,11.181,11.443,1372617.39918157
2022-05-11 01:00:00,11.442,11.483,11.116,11.141,1117598.15127418
2022-05-11 02:00:00,11.141,11.512,11.01,11.447,1195307.90071856
2022-05-11 03:00:00,11.446,11.557,11.252,11.29,592908.72949265
2022-05-11 04:00:00,11.289,11.382,10.998,11.066,883149.48717338
2022-05-11 05:00:00,11.077,11.406,10.947,11.074,1079227.05550426
2022-05-11 06:00:00,11.074,11.132,10.443,10.555,1354037.06003929
2022-05-11 07:00:00,10.556,10.789,10.202,10.493,3139522.86155038
2022-05-11 08:00:00,10.492,11.056,10.417,11.037,2088974.68837119
2022-05-11 09:00:00,11.036,11.119,10.69,11.092,1266581.00994185
2022-05-11 10:00:00,11.094,11.279,10.879,10.898,1122883.95683811
2022-05-11 11:00:00,10.898,10.906,10.369,10.446,1225713.13646438
2022-05-11 12:00:00,10.446,10.759,7.917,8.377,5056082.46723562
2022-05-11 13:00:00,8.377,10.574,8.219,10.2,5687747.18153318
2022-05-11 14:00:00,10.202,10.519,9.899,10.226,3912950.28922327
2022-05-11 15:00:00,10.227,10.239,9.693,9.821,2348567.84375892
2022-05-11 16:00:00,9.828,9.97,9.172,9.174,2331988.69289588
2022-05-11 17:00:00,9.173,9.373,8.94,9.053,2699773.76128346
2022-05-11 18:00:00,9.052,9.204,8.971,9.095,2663928.25963144
2022-05-11 19:00:00,9.095,9.119,8.716,8.759,2633559.58503316
2022-05-11 20:00:00,8.758,8.963,8.184,8.253,2845257.2994399
2022-05-11 21:00:00,8.256,8.891,8.147,8.837,1813659.98828143
2022-05-11 22:00:00,8.837,9.122,8.64,8.892,2813701.59095642
2022-05-11 23:00:00,8.892,9.112,8.735,9.045,2187727.45629896
2022-05-12 00:00:00,9.044,9.484,8.877,9.295,3278093.26073689
2022-05-12 01:00:00,9.299,9.471,9.006,9.05,1867454.3056961
2022-05-12 02:00:00,9.049,9.076,8.521,8.603,1980813.14811258
2022-05-12 03:00:00,8.602,8.674,8.193,8.222,2840097.70753302
2022-05-12 04:00:00,8.22,8.401,7.884,8.006,4486130.84876667
2022-05-12 05:00:00,8.01,8.062,7.392,7.629,4120722.66679898
2022-05-12 06:00:00,7.628,8.057,7.49,7.507,3831573.80820846
2022-05-12 07:00:00,7.506,8.152,6.836,7.929,3617832.62229161
2022-05-12 08:00:00,7.931,8.088,7.659,7.839,2078530.17206835
2022-05-12 09:00:00,7.838,8.15,7.726,7.751,1935173.92937659
2022-05-12 10:00:00,7.753,8.401,7.713,8.246,1644602.28279019
2022-05-12 11:00:00,8.249,8.572,8.07,8.127,1312017.18899961
2022-05-12 12:00:00,8.123,8.405,7.938,8.3,1012137.01448455
2022-05-12 13:00:00,8.307,8.364,7.886,8.1,1291228.76700302
2022-05-12 14:00:00,8.097,8.863,8.021,8.85,1400822.0144583
2022-05-12 15:00:00,8.861,9.208,8.731,8.747,1699065.94782149
2022-05-12 16:00:00,8.747,9.217,8.69,9.153,1336903.88500049
2022-05-12 17:00:00,9.153,9.198,8.745,8.799,1292145.06110182
2022-05-12 18:00:00,8.801,8.852,8.524,8.56,1088285.70841091
2022-05-12 19:00:00,8.56,8.839,8.539,8.749,1210724.02760579
2022-05-12 20:00:00,8.746,8.842,8.569,8.569,678834.76396504
2022-05-12 21:00:00,8.567,8.572,8.181,8.296,568781.95461472
2022-05-12 22:00:00,8.29,8.403,8.172,8.387,902708.27811004
2022-05-12 23:00:00,8.385,8.823,8.384,8.674,967161.02039814
2022-05-13 00:00:00,8.665,9.079,8.519,9.03,1237070.43308498
2022-05-13 01:00:00,9.028,9.183,8.868,9.005,798909.46236173
2022-05-13 02:00:00,9.005,9.485,8.958,9.414,1116635.36946795
2022-05-13 03:00:00,9.408,9.793,9.363,9.645,1349102.63290963
2022-05-13 04:00:00,9.643,9.734,9.489,9.689,848331.40365341
2022-05-13 05:00:00,9.688,10.319,9.584,9.815,1139340.98126256
2022-05-13 06:00:00,9.816,10.2,9.776,10.048,781301.36965943
2022-05-13 07:00:00,10.046,10.246,9.801,9.956,1053827.63858964
2022-05-13 08:00:00,9.954,10.293,9.952,10.251,660932.76479301
2022-05-13 09:00:00,10.25,10.7,10.239,10.542,1084607.42940982
2022-05-13 10:00:00,10.54,10.972,10.495,10.82,1061547.99218179
2022-05-13 11:00:00,10.82,11.379,10.74,11.256,890151.66602549
2022-05-13 12:00:00,11.258,11.333,10.994,11.272,745799.42560316
2022-05-13 13:00:00,11.273,11.736,11.119,11.584,1297825.29164862
2022-05-13 14:00:00,11.584,11.78,11.3,11.301,959351.39951646
2022-05-13 15:00:00,11.3,11.507,10.868,11.158,736668.6283042
2022-05-13 16:00:00,11.158,11.337,10.636,10.773,955127.11101528
2022-05-13 17:00:00,10.774,11.2,10.725,10.726,714492.49273872
2022-05-13 18:00:00,10.727,10.879,10.614,10.824,708007.51786097
2022-05-13 19:00:00,10.825,10.83,10.537,10.642,542334.60019887
2022-05-13 20:00:00,10.643,10.913,10.538,10.725,267464.92020608
2022-05-13 21:00:00,10.722,11.191,10.68,11.107,148652.34902615
2022-05-13 22:00:00,11.106,11.106,10.604,10.635,204740.92267001
2022-05-13 23:00:00,10.63,10.796,10.199,10.432,469365.30951409
2022-05-14 00:00:00,10.432,10.601,10.298,10.542,266113.36276357
2022-05-14 01:00:00,10.542,10.892,10.437,10.762,197847.72538887
2022-05-14 02:00:00,10.763,11.044,10.588,10.677,212698.86509003
2022-05-14 03:00:00,10.681,10.938,10.579,10.707,310469.26467801
2022-05-14 04:00:00,10.706,10.706,10.154,10.25,260297.38528097
2022-05-14 05:00:00,10.249,10.441,10.167,10.393,194644.56890991
2022-05-14 06:00:00,10.393,10.579,10.256,10.51,190464.99384349
2022-05-14 07:00:00,10.51,10.647,10.411,10.461,245770.19890121
2022-05-14 08:00:00,10.466,10.677,10.373,10.561,196332.36565244
2022-05-14 09:00:00,10.564,10.922,10.42,10.581,361305.71841807
2022-05-14 10:00:00,10.583,10.596,10.115,10.206,256608.61156218
2022-05-14 11:00:00,10.205,10.315,9.835,10.238,479708.37729363
2022-05-14 12:00:00,10.235,10.311,10.086,10.192,278369.66861925
2022-05-14 13:00:00,10.193,10.294,9.987,10.128,375293.70377585
2022-05-14 14:00:00,10.128,10.16,9.882,9.976,346730.07204367
2022-05-14 15:00:00,9.977,9.985,9.737,9.838,392116.84704141
2022-05-14 16:00:00,9.835,10.901,9.781,10.684,634444.76664304
2022-05-14 17:00:00,10.685,10.831,10.569,10.76,339568.58446972
2022-05-14 18:00:00,10.763,11.31,10.714,10.998,485726.56609267
2022-05-14 19:00:00,10.998,11.053,10.75,10.848,232605.67381645
2022-05-14 20:00:00,10.848,11.319,10.841,10.972,281472.06921312
2022-05-14 21:00:00,10.969,11.358,10.849,11.133,224591.32012615
2022-05-14 22:00:00,11.134,11.524,11.095,11.445,237413.25951563
2022-05-14 23:00:00,11.448,11.531,11.218,11.272,295106.00322662
2022-05-15 00:00:00,11.274,11.453,11.118,11.174,420148.24623857
2022-05-15 01:00:00,11.175,11.197,10.939,11.092,296158.43851214
2022-05-15 02:00:00,11.098,11.186,10.825,10.9,247826.63254946
2022-05-15 03:00:00,10.906,10.939,10.727,10.915,212902.72452801
2022-05-15 04:00:00,10.916,11.114,10.841,10.988,269849.7935492
2022-05-15 05:00:00,10.988,11.253,10.863,11.214,221721.23883723
2022-05-15 06:00:00,11.216,11.273,10.996,11.108,200412.70729925
2022-05-15 07:00:00,11.113,11.24,10.931,10.939,207011.05481719
2022-05-15 08:00:00,10.938,11.028,10.833,10.92,228343.75422013
2022-05-15 09:00:00,10.921,11.105,10.856,10.995,317074.05636088
2022-05-15 10:00:00,10.994,11.095,10.89,11.088,221188.91650952
2022-05-15 11:00:00,11.093,11.237,10.934,11.156,334863.24767323
2022-05-15 12:00:00,11.156,11.253,10.958,11.018,265414.22854102
2022-05-15 13:00:00,11.019,11.091,10.84,10.879,160215.86022953
2022-05-15 14:00:00,10.876,10.907,10.546,10.757,333167.97636785
2022-05-15 15:00:00,10.755,10.919,10.598,10.751,164002.37577204
2022-05-15 16:00:00,10.755,11.148,10.66,11.042,262137.88327025
2022-05-15 17:00:00,11.042,11.172,10.934,10.971,156864.04750571
2022-05-15 18:00:00,10.973,11.52,10.925,11.397,316631.20227529
2022-05-15 19:00:00,11.398,11.458,11.245,11.421,160880.61026402
2022-05-15 20:00:00,11.423,11.636,11.341,11.574,267996.0839045
2022-05-15 21:00:00,11.576,11.65,11.383,11.565,268807.06194394
2022-05-15 22:00:00,11.568,11.833,11.562,11.669,615334.17256752
2022-05-15 23:00:00,11.669,11.821,11.628,11.78,326598.02126928
2022-05-16 00:00:00,11.78,11.78,11.402,11.448,323210.64198128
2022-05-16 01:00:00,11.446,11.501,11.243,11.322,431390.34476068
2022-05-16 02:00:00,11.325,11.373,11.193,11.316,433000.58105226
2022-05-16 03:00:00,11.319,11.351,11.145,11.22,392648.54763378
2022-05-16 04:00:00,11.223,11.257,11.05,11.195,341629.60616297
2022-05-16 05:00:00,11.194,11.437,11.194,11.245,244676.74162874
2022-05-16 06:00:00,11.244,11.244,10.681,10.751,775579.86915065
2022-05-16 07:00:00,10.747,10.951,10.59,10.845,546939.66343809
2022-05-16 08:00:00,10.845,11.088,10.828,10.874,456099.96944067
2022-05-16 09:00:00,10.87,10.876,10.635,10.748,572113.80782596
2022-05-16 10:00:00,10.748,11.084,10.594,11.071,705495.16743501
2022-05-16 11:00:00,11.071,11.139,10.778,10.846,477761.2681437
2022-05-16 12:00:00,10.847,11.101,10.721,10.899,855789.1720165
2022-05-16 13:00:00,10.897,11.047,10.446,10.478,1095502.83192728
2022-05-16 14:00:00,10.478,10.762,10.415,10.494,578534.29672951
2022-05-16 15:00:00,10.491,10.632,10.344,10.587,464657.31781591
2022-05-16 16:00:00,10.586,10.677,10.384,10.404,419824.2756073
2022-05-16 17:00:00,10.403,10.676,10.388,10.623,290243.11156477
2022-05-16 18:00:00,10.623,10.783,10.578,10.742,327078.53759907
2022-05-16 19:00:00,10.743,10.798,10.552,10.604,274838.42014182
2022-05-16 20:00:00,10.603,10.701,10.577,10.682,214773.73895889
2022-05-16 21:00:00,10.683,10.861,10.647,10.825,251279.02963036
2022-05-16 22:00:00,10.826,10.963,10.753,10.781,792556.95900777
2022-05-16 23:00:00,10.782,10.787,10.501,10.605,392429.43084661
2022-05-17 00:00:00,10.608,10.9,10.572,10.865,309118.780166
2022-05-17 01:00:00,10.865,10.888,10.708,10.79,311412.11738199
2022-05-17 02:00:00,10.794,10.901,10.665,10.785,198078.58317321
2022-05-17 03:00:00,10.784,11.075,10.773,10.982,220361.04731592
2022-05-17 04:00:00,10.983,11.102,10.909,11.059,157890.82940636
2022-05-17 05:00:00,11.055,11.165,10.965,11.142,198229.0333724
2022-05-17 06:00:00,11.146,11.229,11.061,11.211,123871.65030151
2022-05-17 07:00:00,11.212,11.213,10.986,11.043,131508.06822365
2022-05-17 08:00:00,11.043,11.22,11.041,11.097,232021.1734893
2022-05-17 09:00:00,11.097,11.26,11.09,11.236,222616.39948811
2022-05-17 10:00:00,11.239,11.239,11.049,11.062,210188.88887712
2022-05-17 11:00:00,11.061,11.137,10.843,10.879,260710.56312212
2022-05-17 12:00:00,10.879,11.194,10.826,11.124,296159.18832728
2022-05-17 13:00:00,11.125,11.318,11.001,11.109,317583.57754913
2022-05-17 14:00:00,11.11,11.153,10.752,10.787,435715.8467983
2022-05-17 15:00:00,10.785,10.832,10.629,10.781,441127.73439583
2022-05-17 16:00:00,10.781,10.83,10.576,10.81,367560.56127101
2022-05-17 17:00:00,10.809,10.924,10.734,10.752,310477.92903989
2022-05-17 18:00:00,10.753,10.857,10.407,10.599,636911.28424211
2022-05-17 19:00:00,10.599,10.864,10.575,10.767,329772.80172244
2022-05-17 20:00:00,10.767,10.872,10.736,10.758,125721.42269358
2022-05-17 21:00:00,10.757,11.118,10.754,11.067,107064.48650449
2022-05-17 22:00:00,11.068,11.16,10.967,11.002,190129.79208711
2022-05-17 23:00:00,10.998,11.117,10.985,11.026,279283.86554076
2022-05-18 00:00:00,11.013,11.159,11.013,11.032,213363.95113514
2022-05-18 01:00:00,11.034,11.035,10.703,10.734,351669.12571621
2022-05-18 02:00:00,10.745,10.834,10.63,10.788,262182.15244776
2022-05-18 03:00:00,10.788,10.806,10.45,10.526,575379.3501883
2022-05-18 04:00:00,10.52,10.594,10.478,10.496,274194.88658839
2022-05-18 05:00:00,10.495,10.603,10.462,10.583,238270.2350533
2022-05-18 06:00:00,10.584,10.605,10.354,10.379,248390.11167136
2022-05-18 07:00:00,10.379,10.471,10.346,10.471,209351.35087818
2022-05-18 08:00:00,10.471,10.51,10.29,10.377,257312.80114252
2022-05-18 09:00:00,10.377,10.441,10.257,10.432,256687.25661371
2022-05-18 10:00:00,10.436,10.476,10.379,10.417,192479.09143895
2022-05-18 11:00:00,10.417,10.442,10.301,10.356,252103.63517346
2022-05-18 12:00:00,10.357,10.375,10.102,10.144,384770.38374179
2022-05-18 13:00:00,10.144,10.205,9.991,10.034,547327.48800346
2022-05-18 14:00:00,10.033,10.179,9.835,9.968,474708.03553061
2022-05-18 15:00:00,9.968,9.985,9.656,9.845,752235.96677881
2022-05-18 16:00:00,9.846,10.036,9.69,10.03,764744.51482507
2022-05-18 17:00:00,10.031,10.044,9.862,9.905,332168.92981547
2022-05-18 18:00:00,9.903,10.015,9.831,9.988,312103.5163881
2022-05-18 19:00:00,9.989,10.123,9.98,10.041,343130.28564032
2022-05-18 20:00:00,10.04,10.053,9.808,9.909,249965.22291837
2022-05-18 21:00:00,9.909,9.921,9.715,9.791,118436.18231097
2022-05-18 22:00:00,9.791,9.925,9.726,9.747,252392.39837474
2022-05-18 23:00:00,9.747,9.821,9.413,9.465,485330.18922224
2022-05-19 00:00:00,9.465,9.668,9.432,9.515,581244.42913242
2022-05-19 01:00:00,9.516,9.616,9.24,9.298,325165.55319303
2022-05-19 02:00:00,9.299,9.6,9.206,9.575,626054.2666444
2022-05-19 03:00:00,9.571,9.744,9.558,9.676,332748.39115334
2022-05-19 04:00:00,9.675,9.769,9.559,9.563,384521.08698918
2022-05-19 05:00:00,9.563,9.611,9.514,9.521,139071.58966076
2022-05-19 06:00:00,9.521,9.865,9.521,9.828,224548.00115192
2022-05-19 07:00:00,9.834,9.855,9.661,9.707,209181.4298834
2022-05-19 08:00:00,9.704,9.709,9.503,9.507,246603.27840325
2022-05-19 09:00:00,9.505,9.584,9.382,9.506,357802.1668779
2022-05-19 10:00:00,9.504,9.659,9.433,9.606,341034.87246592
2022-05-19 11:00:00,9.607,10.07,9.539,10.023,513097.36101722
2022-05-19 12:00:00,10.024,10.066,9.799,9.799,716092.89687723
2022-05-19 13:00:00,9.8,10.097,9.688,9.818,749878.67368371
2022-05-19 14:00:00,9.818,10.077,9.814,9.949,831308.9252162
2022-05-19 15:00:00,9.954,10.39,9.903,10.201,845421.60393657
2022-05-19 16:00:00,10.202,10.234,10.057,10.114,425081.44245567
2022-05-19 17:00:00,10.116,10.214,10.0,10.12,426657.38370498
2022-05-19 18:00:00,10.123,10.188,10.029,10.081,355737.33575329
2022-05-19 19:00:00,10.085,10.147,9.93,9.933,400838.45784364
2022-05-19 20:00:00,9.931,10.059,9.922,10.056,161152.46424679
2022-05-19 21:00:00,10.058,10.08,9.965,10.011,142599.47442524
2022-05-19 22:00:00,10.014,10.014,9.804,9.911,174405.14091058
2022-05-19 23:00:00,9.917,10.109,9.874,10.014,401350.86460969
2022-05-20 00:00:00,10.012,10.024,9.883,9.976,279058.42966533
2022-05-20 01:00:00,9.969,10.239,9.892,10.122,362727.27103634
2022-05-20 02:00:00,10.121,10.131,9.968,9.998,205442.96359584
2022-05-20 03:00:00,9.996,10.015,9.888,9.937,158131.93899011
2022-05-20 04:00:00,9.938,10.052,9.873,9.98,227638.1975985
2022-05-20 05:00:00,9.973,10.098,9.925,10.023,168741.07358814
2022-05-20 06:00:00,10.021,10.048,9.631,9.756,367211.90500004
2022-05-20 07:00:00,9.759,9.96,9.716,9.901,336315.40282678
2022-05-20 08:00:00,9.893,10.015,9.855,9.999,186839.82689302
2022-05-20 09:00:00,10.001,10.087,9.935,10.006,250816.21631654
2022-05-20 10:00:00,10.005,10.137,10.005,10.105,232148.40359805
2022-05-20 11:00:00,10.107,10.171,9.996,10.128,248704.86900484
2022-05-20 12:00:00,10.132,10.141,9.889,9.993,324471.37300332
2022-05-20 13:00:00,9.992,10.08,9.895,10.045,564490.91650785
2022-05-20 14:00:00,10.046,10.055,9.671,9.715,529750.15682448
2022-05-20 15:00:00,9.715,9.715,9.511,9.603,650316.9486294
2022-05-20 16:00:00,9.601,9.625,9.439,9.519,550823.05646733
2022-05-20 17:00:00,9.51,9.542,9.423,9.53,389660.38189827
2022-05-20 18:00:00,9.529,9.59,9.437,9.56,244216.24037025
2022-05-20 19:00:00,9.56,9.764,9.537,9.737,335897.9882485
2022-05-20 20:00:00,9.736,9.791,9.622,9.67,186820.36810493
2022-05-20 21:00:00,9.665,9.742,9.637,9.652,87113.63687645
2022-05-20 22:00:00,9.653,9.771,9.628,9.674,201262.17708268
2022-05-20 23:00:00,9.676,9.784,9.628,9.65,279087.21832302
2022-05-21 00:00:00,9.651,9.738,9.561,9.621,266743.4539491
2022-05-21 01:00:00,9.621,9.64,9.448,9.59,265248.47991487
2022-05-21 02:00:00,9.6,9.673,9.517,9.64,228706.18391798
2022-05-21 03:00:00,9.638,9.747,9.59,9.724,308971.07531276
2022-05-21 04:00:00,9.724,9.762,9.662,9.718,106776.18217822
2022-05-21 05:00:00,9.72,9.743,9.643,9.707,129620.39281169
2022-05-21 06:00:00,9.712,9.744,9.655,9.73,136404.59743643
2022-05-21 07:00:00,9.74,9.839,9.686,9.799,158165.86390374
2022-05-21 08:00:00,9.799,9.859,9.765,9.79,139944.4549846
2022-05-21 09:00:00,9.792,9.801,9.725,9.793,97884.02998297
2022-05-21 10:00:00,9.797,9.845,9.725,9.802,144410.28522499
2022-05-21 11:00:00,9.806,9.81,9.69,9.748,115338.63883785
2022-05-21 12:00:00,9.748,9.768,9.651,9.718,157020.20964147
2022-05-21 13:00:00,9.716,9.79,9.677,9.749,99488.11813869
2022-05-21 14:00:00,9.752,9.836,9.696,9.779,149406.67576048
2022-05-21 15:00:00,9.781,9.9,9.705,9.891,205864.10106957
2022-05-21 16:00:00,9.892,10.08,9.883,9.969,244368.94018529
2022-05-21 17:00:00,9.97,10.018,9.848,9.859,137697.16607904
2022-05-21 18:00:00,9.86,9.947,9.849,9.943,114873.76761495
2022-05-21 19:00:00,9.94,9.998,9.826,9.897,143489.39798959
2022-05-21 20:00:00,9.898,9.955,9.852,9.918,99012.05696112
2022-05-21 21:00:00,9.918,9.937,9.834,9.849,52494.62155076
2022-05-21 22:00:00,9.849,9.963,9.819,9.954,112484.68857024
2022-05-21 23:00:00,9.961,10.039,9.944,9.972,128767.09286479
2022-05-22 00:00:00,9.972,10.048,9.933,10.006,129829.54334548
2022-05-22 01:00:00,10.007,10.044,9.947,9.957,103521.18454611
2022-05-22 02:00:00,9.962,9.968,9.85,9.896,102951.35580485
2022-05-22 03:00:00,9.888,9.968,9.876,9.957,94558.65106173
2022-05-22 04:00:00,9.954,10.08,9.931,10.014,149783.27196685
2022-05-22 05:00:00,10.013,10.103,10.011,10.036,127087.54940478
2022-05-22 06:00:00,10.036,10.098,10.015,10.06,85479.96845417
2022-05-22 07:00:00,10.059,10.074,9.969,10.05,138545.80779107
2022-05-22 08:00:00,10.047,10.126,10.017,10.1,134524.51155049
2022-05-22 09:00:00,10.102,10.297,10.088,10.272,402049.19922764
2022-05-22 10:00:00,10.272,10.312,10.206,10.213,160993.65407115
2022-05-22 11:00:00,10.212,10.251,10.043,10.068,200203.75705698
2022-05-22 12:00:00,10.071,10.242,10.071,10.203,143638.63438069
2022-05-22 13:00:00,10.207,10.217,10.103,10.156,95917.21783034
2022-05-22 14:00:00,10.155,10.217,10.113,10.154,169000.53599108
2022-05-22 15:00:00,10.157,10.181,9.988,10.056,244563.64942697
2022-05-22 16:00:00,10.058,10.084,9.947,10.067,125044.80718871
2022-05-22 17:00:00,10.068,10.138,9.988,9.995,157539.98252297
2022-05-22 18:00:00,9.995,10.043,9.916,10.011,112050.96763883
2022-05-22 19:00:00,10.01,10.04,9.953,9.964,86970.081509
2022-05-22 20:00:00,9.964,10.058,9.957,9.995,97930.67787376
2022-05-22 21:00:00,9.993,10.045,9.969,10.004,72052.37178621
2022-05-22 22:00:00,10.001,10.185,10.001,10.126,202385.96309871
2022-05-22 23:00:00,10.131,10.236,10.117,10.138,181183.97806952
2022-05-23 00:00:00,10.136,10.285,10.121,10.185,211564.9252338
2022-05-23 01:00:00,10.187,10.187,10.055,10.083,128138.55541874
2022-05-23 02:00:00,10.083,10.083,9.963,9.994,167328.35885546
2022-05-23 03:00:00,10.002,10.07,9.997,10.058,97669.55877666
2022-05-23 04:00:00,10.056,10.138,10.029,10.078,91091.94849839
2022-05-23 05:00:00,10.078,10.174,10.077,10.164,115173.46443674
2022-05-23 06:00:00,10.163,10.266,10.152,10.236,172538.86524798
2022-05-23 07:00:00,10.236,10.423,10.204,10.318,330308.70482532
2022-05-23 08:00:00,10.319,10.397,10.227,10.262,178250.6825645
2022-05-23 09:00:00,10.262,10.368,10.217,10.346,128508.29787447
2022-05-23 10:00:00,10.354,10.433,10.339,10.371,133345.34535499
2022-05-23 11:00:00,10.376,10.448,10.355,10.389,198519.53134453
2022-05-23 12:00:00,10.391,10.497,10.308,10.323,195772.73505979
2022-05-23 13:00:00,10.322,10.496,10.238,10.42,545034.41668743
2022-05-23 14:00:00,10.423,10.467,10.271,10.457,445177.45933826
2022-05-23 15:00:00,10.455,10.642,10.44,10.574,505215.35558017
2022-05-23 16:00:00,10.571,10.715,10.517,10.547,299286.56789922
2022-05-23 17:00:00,10.552,10.554,10.422,10.492,225251.49871557
2022-05-23 18:00:00,10.493,10.545,10.273,10.301,280966.64276377
2022-05-23 19:00:00,10.303,10.43,10.035,10.157,1246071.83740698
2022-05-23 20:00:00,10.162,10.398,10.124,10.359,394680.63287827
2022-05-23 21:00:00,10.358,10.471,10.207,10.215,236885.57811143
2022-05-23 22:00:00,10.223,10.223,9.954,10.012,544774.75234689
2022-05-23 23:00:00,10.01,10.01,9.782,9.87,468753.7214512
2022-05-24 00:00:00,9.874,9.947,9.812,9.894,280485.49652767
2022-05-24 01:00:00,9.894,10.019,9.874,10.002,222407.25011422
2022-05-24 02:00:00,9.998,10.037,9.946,10.009,156824.70788806
2022-05-24 03:00:00,10.005,10.037,9.979,9.994,110776.83038734
2022-05-24 04:00:00,9.995,10.013,9.937,9.963,190806.99763766
2022-05-24 05:00:00,9.965,10.012,9.908,9.919,132047.61570865
2022-05-24 06:00:00,9.914,9.978,9.851,9.909,178731.1497427
2022-05-24 07:00:00,9.909,9.977,9.888,9.971,183331.90159845
2022-05-24 08:00:00,9.971,9.976,9.751,9.773,233933.51944512
2022-05-24 09:00:00,9.774,9.873,9.664,9.84,358303.86369574
2022-05-24 10:00:00,9.846,9.894,9.808,9.877,204551.68237926
2022-05-24 11:00:00,9.881,9.915,9.775,9.844,297252.5600526
2022-05-24 12:00:00,9.84,9.879,9.72,9.802,215040.45248132
2022-05-24 13:00:00,9.8,9.812,9.539,9.608,633366.28693197
2022-05-24 14:00:00,9.608,9.828,9.545,9.756,688936.71034118
2022-05-24 15:00:00,9.755,10.065,9.734,9.969,523430.54179082
2022-05-24 16:00:00,9.967,10.06,9.857,9.954,414497.94697681
2022-05-24 17:00:00,9.955,10.0,9.866,9.973,340935.41672739
2022-05-24 18:00:00,9.976,10.135,9.921,9.954,613126.64496582
2022-05-24 19:00:00,9.948,10.07,9.942,10.002,351989.73956358
2022-05-24 20:00:00,10.002,10.116,9.938,10.099,181166.376672
2022-05-24 21:00:00,10.096,10.203,10.089,10.167,105237.57243214
2022-05-24 22:00:00,10.162,10.215,10.105,10.147,178964.79316619
2022-05-24 23:00:00,10.149,10.253,10.119,10.168,231953.36719506
2022-05-25 00:00:00,10.166,10.216,10.067,10.095,182570.91901145
2022-05-25 01:00:00,10.096,10.125,10.001,10.116,194865.71873638
2022-05-25 02:00:00,10.117,10.316,10.084,10.294,370579.07604328
2022-05-25 03:00:00,10.297,10.314,10.188,10.265,187238.66321237
2022-05-25 04:00:00,10.269,10.272,10.169,10.183,203220.9018385
2022-05-25 05:00:00,10.182,10.226,9.992,10.027,264147.74503314
2022-05-25 06:00:00,10.03,10.049,9.875,10.008,359838.43284732
2022-05-25 07:00:00,10.006,10.014,9.941,9.975,200864.65976252
2022-05-25 08:00:00,9.973,10.034,9.848,9.992,312909.03748437
2022-05-25 09:00:00,9.999,10.048,9.945,10.033,220141.6363031
2022-05-25 10:00:00,10.034,10.119,10.015,10.035,246097.39491533
2022-05-25 11:00:00,10.035,10.064,9.902,9.941,426315.4159109
2022-05-25 12:00:00,9.94,10.032,9.901,10.002,348781.26440782
2022-05-25 13:00:00,10.003,10.126,9.967,10.05,574770.32355649
2022-05-25 14:00:00,10.05,10.079,9.791,9.865,772265.41513454
2022-05-25 15:00:00,9.867,9.939,9.818,9.918,348982.68165058
2022-05-25 16:00:00,9.913,9.943,9.814,9.868,291709.33303257
2022-05-25 17:00:00,9.867,9.938,9.847,9.864,219872.567321
2022-05-25 18:00:00,9.86,9.97,9.755,9.94,832525.86509237
2022-05-25 19:00:00,9.94,10.015,9.898,9.911,317904.10266385
2022-05-25 20:00:00,9.914,9.983,9.89,9.967,212723.92484085
2022-05-25 21:00:00,9.967,10.043,9.959,9.999,90095.58771722
2022-05-25 22:00:00,9.996,10.013,9.933,9.978,367681.77952184
2022-05-25 23:00:00,9.979,9.984,9.816,9.856,316905.81980693
2022-05-26 00:00:00,9.855,9.988,9.84,9.929,357168.38902833
2022-05-26 01:00:00,9.932,9.94,9.845,9.858,202439.64983042
2022-05-26 02:00:00,9.86,9.94,9.851,9.914,177735.60086455
2022-05-26 03:00:00,9.913,9.92,9.768,9.886,313376.40875019
2022-05-26 04:00:00,9.885,9.887,9.787,9.81,192063.69488382
2022-05-26 05:00:00,9.807,9.863,9.584,9.64,526945.32386772
2022-05-26 06:00:00,9.643,9.661,9.534,9.601,493360.95599673
2022-05-26 07:00:00,9.601,9.756,9.583,9.718,480274.69117979
2022-05-26 08:00:00,9.717,9.726,9.109,9.269,932651.75424406
2022-05-26 09:00:00,9.269,9.437,9.204,9.366,360595.04279942
2022-05-26 10:00:00,9.365,9.435,9.241,9.258,223703.64845899
2022-05-26 11:00:00,9.261,9.296,9.07,9.185,460468.85942047
2022-05-26 12:00:00,9.19,9.279,9.094,9.215,906674.34005152
2022-05-26 13:00:00,9.215,9.253,8.807,9.202,2397868.56844399
2022-05-26 14:00:00,9.203,9.415,9.201,9.351,994333.4797865
2022-05-26 15:00:00,9.351,9.485,9.296,9.352,578712.33033256
2022-05-26 16:00:00,9.353,9.54,9.325,9.387,627270.0323483
2022-05-26 17:00:00,9.387,9.424,9.292,9.365,289278.46530953
2022-05-26 18:00:00,9.365,9.378,9.223,9.232,496580.11926514
2022-05-26 19:00:00,9.236,9.245,9.122,9.137,508632.71434342
2022-05-26 20:00:00,9.138,9.239,9.106,9.198,399698.51382382
2022-05-26 21:00:00,9.191,9.378,9.191,9.35,193559.11695536
2022-05-26 22:00:00,9.345,9.402,9.211,9.226,202593.44189426
2022-05-26 23:00:00,9.225,9.294,9.094,9.125,615662.41632037
2022-05-27 00:00:00,9.121,9.198,8.948,8.968,953597.50200453
2022-05-27 01:00:00,8.969,9.015,8.717,8.772,942094.7801001
2022-05-27 02:00:00,8.77,8.96,8.677,8.861,1039674.0171746
2022-05-27 03:00:00,8.863,9.082,8.847,8.993,509611.67611779
2022-05-27 04:00:00,8.994,9.049,8.767,8.799,604827.54465053
2022-05-27 05:00:00,8.797,8.846,8.556,8.658,1171322.41564808
2022-05-27 06:00:00,8.659,8.878,8.554,8.849,1088914.58340691
2022-05-27 07:00:00,8.847,8.998,8.81,8.84,657308.73028126
2022-05-27 08:00:00,8.839,8.924,8.747,8.842,816472.67226699
2022-05-27 09:00:00,8.846,9.464,8.836,9.434,1182622.36162617
2022-05-27 10:00:00,9.433,9.957,9.318,9.694,2278012.03675857
2022-05-27 11:00:00,9.703,9.841,9.597,9.657,731521.8137278
2022-05-27 12:00:00,9.654,9.819,9.617,9.694,927921.1489084
2022-05-27 13:00:00,9.692,9.819,9.601,9.767,829172.61625258
2022-05-27 14:00:00,9.772,9.988,9.488,9.512,1015576.08175752
2022-05-27 15:00:00,9.514,9.653,9.416,9.536,1216467.67967716
2022-05-27 16:00:00,9.536,9.612,9.412,9.483,721687.39834654
2022-05-27 17:00:00,9.487,9.538,9.212,9.274,860828.92648295
2022-05-27 18:00:00,9.276,9.323,9.078,9.133,775565.03552323
2022-05-27 19:00:00,9.135,9.347,9.007,9.249,982498.54320092
2022-05-27 20:00:00,9.247,9.333,9.168,9.179,519631.41530546
2022-05-27 21:00:00,9.179,9.359,9.178,9.238,171806.09656644
2022-05-27 22:00:00,9.238,9.334,9.197,9.241,79878.64058249
2022-05-27 23:00:00,9.241,9.256,9.018,9.106,478475.83606851
2022-05-28 00:00:00,9.107,9.289,9.067,9.276,288021.62349684
2022-05-28 01:00:00,9.274,9.327,9.086,9.115,362432.9752502
2022-05-28 02:00:00,9.119,9.185,8.943,9.017,293555.9606224
2022-05-28 03:00:00,9.019,9.238,8.964,9.233,491337.56835775
2022-05-28 04:00:00,9.234,9.307,9.127,9.248,303328.47756616
2022-05-28 05:00:00,9.245,9.413,9.219,9.334,323719.76284738
2022-05-28 06:00:00,9.335,9.37,9.255,9.326,399658.75632847
2022-05-28 07:00:00,9.33,9.34,9.091,9.156,296236.10645398
2022-05-28 08:00:00,9.155,9.253,9.12,9.225,342603.78310775
2022-05-28 09:00:00,9.228,9.381,9.208,9.315,413143.47791288
2022-05-28 10:00:00,9.313,9.353,9.267,9.326,172088.46138371
2022-05-28 11:00:00,9.329,9.493,9.288,9.363,291264.91182101
2022-05-28 12:00:00,9.36,9.467,9.311,9.44,261571.02333059
2022-05-28 13:00:00,9.444,9.579,9.419,9.509,389980.41524309
2022-05-28 14:00:00,9.507,9.565,9.365,9.412,321763.17956458
2022-05-28 15:00:00,9.415,9.523,9.388,9.441,307549.9549298
2022-05-28 16:00:00,9.443,9.501,9.375,9.412,240198.76642866
2022-05-28 17:00:00,9.414,9.459,9.315,9.375,352156.36659209
2022-05-28 18:00:00,9.374,9.575,9.371,9.55,212616.44217115
2022-05-28 19:00:00,9.553,9.695,9.501,9.631,253063.43231621
2022-05-28 20:00:00,9.634,9.715,9.601,9.632,237844.58033127
2022-05-28 21:00:00,9.634,9.666,9.586,9.595,91914.30453067
2022-05-28 22:00:00,9.587,9.626,9.559,9.571,81442.32348451
2022-05-28 23:00:00,9.574,9.787,9.565,9.635,289465.20219722
2022-05-29 00:00:00,9.636,9.675,9.548,9.576,267436.67674671
2022-05-29 01:00:00,9.576,9.59,9.361,9.427,847352.4661597
2022-05-29 02:00:00,9.42,9.432,9.316,9.394,331667.971624
2022-05-29 03:00:00,9.388,9.432,9.317,9.398,284675.61517644
2022-05-29 04:00:00,9.398,9.425,9.324,9.37,186253.32677665
2022-05-29 05:00:00,9.371,9.414,9.341,9.401,204438.23819435
2022-05-29 06:00:00,9.401,9.483,9.401,9.447,178673.36972155
2022-05-29 07:00:00,9.446,9.468,9.397,9.43,160335.22514404
2022-05-29 08:00:00,9.428,9.585,9.399,9.478,300978.19697211
2022-05-29 09:00:00,9.476,9.513,9.39,9.405,275374.10158326
2022-05-29 10:00:00,9.404,9.56,9.401,9.522,372635.26692522
2022-05-29 11:00:00,9.52,9.631,9.52,9.608,230989.16987965
2022-05-29 12:00:00,9.611,9.951,9.595,9.933,605481.36198826
2022-05-29 13:00:00,9.933,10.017,9.838,9.855,426046.65446471
2022-05-29 14:00:00,9.857,9.898,9.8,9.86,287213.16825737
2022-05-29 15:00:00,9.859,9.859,9.772,9.792,319658.40791089
2022-05-29 16:00:00,9.796,9.933,9.794,9.87,320956.09123143
2022-05-29 17:00:00,9.87,9.889,9.787,9.815,257158.58577619
2022-05-29 18:00:00,9.815,9.863,9.792,9.858,155653.77661154
2022-05-29 19:00:00,9.858,9.881,9.804,9.84,185876.63395413
2022-05-29 20:00:00,9.832,9.892,9.827,9.892,262184.1135949
2022-05-29 21:00:00,9.892,9.907,9.822,9.892,85556.77169269
2022-05-29 22:00:00,9.893,9.918,9.746,9.88,598544.80857384
2022-05-29 23:00:00,9.876,10.013,9.862,9.967,301905.05713796
2022-05-30 00:00:00,9.966,9.996,9.895,9.934,308374.43323384
2022-05-30 01:00:00,9.935,10.28,9.928,10.271,572217.54667753
2022-05-30 02:00:00,10.273,10.417,10.222,10.274,555158.01257467
2022-05-30 03:00:00,10.274,10.315,10.22,10.238,369326.03013154
2022-05-30 04:00:00,10.242,10.265,10.161,10.182,271047.6808915
2022-05-30 05:00:00,10.183,10.407,10.18,10.404,303590.87951609
2022-05-30 06:00:00,10.403,10.661,10.394,10.445,768566.49931346
2022-05-30 07:00:00,10.445,10.477,10.362,10.444,308124.28740456
2022-05-30 08:00:00,10.441,10.467,10.318,10.36,227526.93201103
2022-05-30 09:00:00,10.363,10.378,10.101,10.147,500819.52830517
2022-05-30 10:00:00,10.145,10.188,10.101,10.117,326341.34371288
2022-05-30 11:00:00,10.118,10.245,10.107,10.171,216343.77342677
2022-05-30 12:00:00,10.171,10.286,10.01,10.178,535898.53460113
2022-05-30 13:00:00,10.177,10.271,10.132,10.268,331198.47356642
2022-05-30 14:00:00,10.272,10.393,10.201,10.201,409639.09686039
2022-05-30 15:00:00,10.201,10.319,10.186,10.281,290373.87745039
2022-05-30 16:00:00,10.285,10.38,10.226,10.293,357551.3832138
2022-05-30 17:00:00,10.293,10.326,10.225,10.265,182090.08677142
2022-05-30 18:00:00,10.264,10.284,10.16,10.283,160165.46388805
2022-05-30 19:00:00,10.28,10.371,10.224,10.281,199778.93338431
2022-05-30 20:00:00,10.28,10.523,10.241,10.523,617870.82696783
2022-05-30 21:00:00,10.527,10.772,10.458,10.551,636798.68459503
2022-05-30 22:00:00,10.551,10.584,10.442,10.555,497555.32086222
2022-05-30 23:00:00,10.558,10.615,10.413,10.461,488043.02959469
2022-05-31 00:00:00,10.454,10.599,10.3,10.37,566210.11805282
2022-05-31 01:00:00,10.368,10.418,10.3,10.374,232377.13326398
2022-05-31 02:00:00,10.368,10.596,10.36,10.588,240519.73626852
2022-05-31 03:00:00,10.586,10.636,10.462,10.506,345583.41856772
2022-05-31 04:00:00,10.504,10.584,10.456,10.491,209655.04707525
2022-05-31 05:00:00,10.495,10.563,10.404,10.406,306414.98296949
2022-05-31 06:00:00,10.404,10.455,10.225,10.28,475681.4990524
2022-05-31 07:00:00,10.284,10.368,10.254,10.368,249007.92081434
2022-05-31 08:00:00,10.367,10.427,10.327,10.36,274190.83570682
2022-05-31 09:00:00,10.363,10.369,10.183,10.239,290313.98094466
2022-05-31 10:00:00,10.236,10.346,10.193,10.32,250031.21193941
2022-05-31 11:00:00,10.318,10.481,10.292,10.394,260700.68235696
2022-05-31 12:00:00,10.393,10.485,10.171,10.239,427413.12957945
2022-05-31 13:00:00,10.242,10.346,9.937,10.154,1258690.95597214
2022-05-31 14:00:00,10.154,10.247,9.991,10.246,521110.84489089
2022-05-31 15:00:00,10.244,10.432,10.131,10.396,529228.83839835
2022-05-31 16:00:00,10.394,10.482,10.214,10.354,581812.43976692
2022-05-31 17:00:00,10.349,10.465,10.259,10.367,432478.98542383
2022-05-31 18:00:00,10.366,10.426,10.166,10.205,514531.38873903
2022-05-31 19:00:00,10.212,10.311,10.162,10.255,340142.32826559
2022-05-31 20:00:00,10.255,10.346,10.255,10.337,203007.72541769
2022-05-31 21:00:00,10.337,10.422,10.273,10.416,102373.14392219
2022-05-31 22:00:00,10.417,10.554,10.361,10.549,529140.13172833
2022-05-31 23:00:00,10.551,10.559,10.317,10.344,385831.95400458
2022-06-01 00:00:00,10.343,10.388,10.203,10.305,573655.30843671
2022-06-01 01:00:00,10.308,10.324,10.223,10.299,265223.61389997
2022-06-01 02:00:00,10.304,10.305,10.134,10.194,341637.32766847
2022-06-01 03:00:00,10.191,10.191,10.082,10.106,321217.36381032
2022-06-01 04:00:00,10.104,10.273,10.027,10.256,460127.33664001
2022-06-01 05:00:00,10.257,10.315,10.163,10.263,383195.9354978
2022-06-01 06:00:00,10.264,10.423,10.239,10.359,329347.54863218
2022-06-01 07:00:00,10.36,10.485,10.27,10.291,483763.96899821
2022-06-01 08:00:00,10.29,10.329,10.221,10.245,332827.09231584
2022-06-01 09:00:00,10.242,10.421,10.233,10.394,197665.44303972
2022-06-01 10:00:00,10.392,10.437,10.347,10.385,266662.29231256
2022-06-01 11:00:00,10.385,10.573,10.301,10.384,556111.71535877
2022-06-01 12:00:00,10.388,10.555,10.368,10.488,421215.62010697
2022-06-01 13:00:00,10.49,10.74,10.441,10.462,1043053.73330356
2022-06-01 14:00:00,10.462,10.501,10.121,10.261,1030051.5023795
2022-06-01 15:00:00,10.257,10.273,10.001,10.022,950833.1789608
2022-06-01 16:00:00,10.019,10.019,9.827,9.861,1050041.41322107
2022-06-01 17:00:00,9.858,9.874,9.662,9.76,643542.60489115
2022-06-01 18:00:00,9.754,9.798,9.6,9.642,657316.68409613
2022-06-01 19:00:00,9.642,9.704,9.562,9.593,578304.72964208
2022-06-01 20:00:00,9.591,9.604,9.185,9.429,1293960.77349423
2022-06-01 21:00:00,9.43,9.474,9.394,9.4,164606.33226795
2022-06-01 22:00:00,9.401,9.458,9.332,9.437,330666.2057774
2022-06-01 23:00:00,9.434,9.523,9.409,9.44,499392.8558218
2022-06-02 00:00:00,9.443,9.448,9.279,9.377,558894.84451977
2022-06-02 01:00:00,9.378,9.502,9.353,9.473,418759.45529687
2022-06-02 02:00:00,9.471,9.563,9.437,9.458,393366.15245783
2022-06-02 03:00:00,9.459,9.506,9.367,9.397,446253.76726432
2022-06-02 04:00:00,9.399,9.436,9.337,9.416,266046.4221984
2022-06-02 05:00:00,9.417,9.5,9.361,9.447,435165.96903554
2022-06-02 06:00:00,9.449,9.449,9.449,9.449,76.19853953
2022-06-02 07:00:00,9.451,9.529,9.419,9.479,245535.70441759
2022-06-02 08:00:00,9.477,9.514,9.429,9.498,429216.824163
2022-06-02 09:00:00,9.498,9.555,9.451,9.491,247447.7914393
2022-06-02 10:00:00,9.49,9.586,9.443,9.523,287437.76716003
2022-06-02 11:00:00,9.524,9.627,9.458,9.613,320466.91855833
2022-06-02 12:00:00,9.611,9.666,9.546,9.565,329339.18918145
2022-06-02 13:00:00,9.57,9.596,9.366,9.471,1119024.13991892
2022-06-02 14:00:00,9.467,9.565,9.422,9.517,774804.57965986
2022-06-02 15:00:00,9.518,9.637,9.513,9.585,434915.80678807
2022-06-02 16:00:00,9.588,9.689,9.572,9.627,382262.54762877
2022-06-02 17:00:00,9.624,9.679,9.557,9.592,372081.88961688
2022-06-02 18:00:00,9.59,9.942,9.578,9.742,788294.77668181
2022-06-02 19:00:00,9.741,9.878,9.685,9.853,449854.89120266
2022-06-02 20:00:00,9.855,9.946,9.806,9.812,403779.0603215
2022-06-02 21:00:00,9.808,9.892,9.798,9.884,63543.45444174
2022-06-02 22:00:00,9.883,10.071,9.873,9.888,531266.05998223
2022-06-02 23:00:00,9.886,9.974,9.858,9.868,423640.70794342
2022-06-03 00:00:00,9.868,9.905,9.762,9.782,300108.8574731
2022-06-03 01:00:00,9.776,9.895,9.719,9.864,305115.4816988
2022-06-03 02:00:00,9.864,9.881,9.793,9.798,166322.21805361
2022-06-03 03:00:00,9.797,9.804,9.762,9.787,183831.58131286
2022-06-03 04:00:00,9.791,9.821,9.751,9.769,160766.57607131
2022-06-03 05:00:00,9.77,9.897,9.762,9.852,180531.63177006
2022-06-03 06:00:00,9.855,9.874,9.758,9.761,136949.27933359
2022-06-03 07:00:00,9.76,9.826,9.738,9.765,242092.03046083
2022-06-03 08:00:00,9.763,9.831,9.706,9.732,217752.5629092
2022-06-03 09:00:00,9.734,9.752,9.531,9.55,513964.68766778
2022-06-03 10:00:00,9.552,9.556,9.332,9.357,653913.05646575
2022-06-03 11:00:00,9.358,9.468,9.279,9.315,879292.38070952
2022-06-03 12:00:00,9.316,9.399,9.201,9.243,892740.47662677
2022-06-03 13:00:00,9.244,9.341,9.186,9.339,720941.10136177
2022-06-03 14:00:00,9.339,9.368,9.209,9.294,478885.02903989
2022-06-03 15:00:00,9.29,9.304,9.198,9.235,637757.58024366
2022-06-03 16:00:00,9.234,9.375,9.211,9.368,219257.49655756
2022-06-03 17:00:00,9.363,9.434,9.306,9.362,576960.5799596
2022-06-03 18:00:00,9.361,9.403,9.308,9.386,187480.81825684
2022-06-03 19:00:00,9.385,9.408,9.302,9.306,200242.7744322
2022-06-03 20:00:00,9.312,9.406,9.282,9.376,190061.4372607
2022-06-03 21:00:00,9.378,9.464,9.378,9.457,82226.93609369
2022-06-03 22:00:00,9.459,9.493,9.338,9.396,157980.94209379
2022-06-03 23:00:00,9.398,9.401,9.304,9.358,152021.18393997
2022-06-04 00:00:00,9.359,9.41,9.317,9.362,118564.88044703
2022-06-04 01:00:00,9.362,9.394,9.194,9.226,268572.81312511
2022-06-04 02:00:00,9.227,9.264,9.109,9.189,306690.06053829
2022-06-04 03:00:00,9.189,9.247,9.168,9.2,148892.70935986
2022-06-04 04:00:00,9.196,9.345,9.188,9.3,195664.90695597
2022-06-04 05:00:00,9.302,9.333,9.267,9.316,106963.7943256
2022-06-04 06:00:00,9.315,9.399,9.304,9.39,142589.9515019
2022-06-04 07:00:00,9.39,9.401,9.34,9.372,94535.03632356
2022-06-04 08:00:00,9.368,9.446,9.354,9.378,237011.71955393
2022-06-04 09:00:00,9.378,9.424,9.306,9.337,181166.95208631
2022-06-04 10:00:00,9.338,9.374,9.32,9.351,158165.24434242
2022-06-04 11:00:00,9.352,9.378,9.287,9.306,105693.57182434
2022-06-04 12:00:00,9.313,9.323,9.191,9.218,196214.68875325
2022-06-04 13:00:00,9.219,9.357,9.198,9.336,194800.93056325
2022-06-04 14:00:00,9.336,9.478,9.268,9.406,385722.13793702
2022-06-04 15:00:00,9.408,9.444,9.376,9.423,213441.06244341
2022-06-04 16:00:00,9.422,9.426,9.377,9.399,119956.628253
2022-06-04 17:00:00,9.398,9.429,9.335,9.41,150540.41904779
2022-06-04 18:00:00,9.409,9.471,9.409,9.429,120736.07302835
2022-06-04 19:00:00,9.427,9.444,9.347,9.365,114395.5779216
2022-06-04 20:00:00,9.362,9.433,9.356,9.43,79237.07354636
2022-06-04 21:00:00,9.432,9.468,9.389,9.447,56475.14860133
2022-06-04 22:00:00,9.448,9.55,9.36,9.36,230294.20452817
2022-06-04 23:00:00,9.356,9.439,9.354,9.436,116927.89159322
2022-06-05 00:00:00,9.44,9.477,9.373,9.377,156836.23622288
2022-06-05 01:00:00,9.368,9.374,9.264,9.268,196260.89030721
2022-06-05 02:00:00,9.266,9.349,9.254,9.332,111596.72634224
2022-06-05 03:00:00,9.333,9.381,9.309,9.378,108338.44188354
2022-06-05 04:00:00,9.378,9.378,9.301,9.326,106904.54940421
2022-06-05 05:00:00,9.325,9.393,9.324,9.355,91441.19559952
2022-06-05 06:00:00,9.354,9.366,9.302,9.311,112093.48410868
2022-06-05 07:00:00,9.311,9.372,9.297,9.301,92355.34682459
2022-06-05 08:00:00,9.302,9.371,9.297,9.326,111180.26304977
2022-06-05 09:00:00,9.324,9.331,9.238,9.306,151311.42121862
2022-06-05 10:00:00,9.306,9.346,9.287,9.319,84782.32071938
2022-06-05 11:00:00,9.316,9.339,9.245,9.314,113329.01645123
2022-06-05 12:00:00,9.312,9.371,9.306,9.345,79960.86493448
2022-06-05 13:00:00,9.355,9.362,9.277,9.287,91001.80373355
2022-06-05 14:00:00,9.286,9.342,9.258,9.325,154752.23728631
2022-06-05 15:00:00,9.332,9.444,9.319,9.436,171173.33440304
2022-06-05 16:00:00,9.436,9.528,9.36,9.389,279079.59388742
2022-06-05 17:00:00,9.395,9.513,9.362,9.492,193964.21918095
2022-06-05 18:00:00,9.491,9.532,9.443,9.451,111124.06334831
2022-06-05 19:00:00,9.449,9.511,9.434,9.492,86268.36480711
2022-06-05 20:00:00,9.491,9.541,9.429,9.432,160179.29708514
2022-06-05 21:00:00,9.43,9.454,9.404,9.433,78702.81171397
2022-06-05 22:00:00,9.438,9.491,9.375,9.436,281646.83090165
2022-06-05 23:00:00,9.44,9.454,9.301,9.33,297945.80380544
2022-06-06 00:00:00,9.329,9.565,9.301,9.517,547720.42508031
2022-06-06 01:00:00,9.514,9.729,9.507,9.692,516471.8493044
2022-06-06 02:00:00,9.693,9.772,9.682,9.684,280181.9203821
2022-06-06 03:00:00,9.682,9.835,9.682,9.808,330166.79000787
2022-06-06 04:00:00,9.81,9.855,9.729,9.732,264132.98008443
2022-06-06 05:00:00,9.733,9.783,9.702,9.721,178222.22775885
2022-06-06 06:00:00,9.722,9.87,9.679,9.839,366772.56253301
2022-06-06 07:00:00,9.845,9.872,9.804,9.855,210529.34041415
2022-06-06 08:00:00,9.856,9.92,9.85,9.895,243914.87262438
2022-06-06 09:00:00,9.896,9.918,9.859,9.898,173912.40489802
2022-06-06 10:00:00,9.901,9.918,9.847,9.856,143864.43051439
2022-06-06 11:00:00,9.853,9.869,9.756,9.764,189087.59987292
2022-06-06 12:00:00,9.765,9.814,9.756,9.765,146424.72238059
2022-06-06 13:00:00,9.763,9.776,9.621,9.698,412087.17147114
2022-06-06 14:00:00,9.7,9.849,9.684,9.759,374070.83877452
2022-06-06 15:00:00,9.76,9.77,9.621,9.694,387759.02308547
2022-06-06 16:00:00,9.694,9.698,9.5,9.541,397646.60779371
2022-06-06 17:00:00,9.542,9.542,9.434,9.505,398151.06889458
2022-06-06 18:00:00,9.504,9.532,9.451,9.486,225530.62822412
2022-06-06 19:00:00,9.485,9.572,9.447,9.558,200141.57703242
2022-06-06 20:00:00,9.559,9.561,9.383,9.455,218704.68987385
2022-06-06 21:00:00,9.455,9.544,9.439,9.538,72488.43210553
2022-06-06 22:00:00,9.538,9.554,9.428,9.451,168031.50667506
2022-06-06 23:00:00,9.449,9.497,9.429,9.491,221289.40990664
2022-06-07 00:00:00,9.489,9.498,9.006,9.055,1441542.20337529
2022-06-07 01:00:00,9.047,9.098,8.821,8.963,846943.43388818
2022-06-07 02:00:00,8.963,8.998,8.869,8.985,470123.74910097
2022-06-07 03:00:00,8.984,9.113,8.951,9.075,400251.80291616
2022-06-07 04:00:00,9.075,9.111,9.042,9.096,248034.64879844
2022-06-07 05:00:00,9.093,9.125,9.037,9.08,215122.36199954
2022-06-07 06:00:00,9.081,9.107,9.054,9.083,158855.49764239
2022-06-07 07:00:00,9.089,9.094,9.016,9.059,218495.71156098
2022-06-07 08:00:00,9.057,9.145,9.039,9.117,217807.44493418
2022-06-07 09:00:00,9.118,9.124,9.056,9.072,105712.53060802
2022-06-07 10:00:00,9.073,9.12,9.065,9.093,156376.99877302
2022-06-07 11:00:00,9.091,9.102,8.94,8.987,369203.32225667
2022-06-07 12:00:00,8.988,9.016,8.921,9.001,229327.51991422
2022-06-07 13:00:00,9.0,9.106,8.978,9.052,282568.43647457
2022-06-07 14:00:00,9.051,9.217,9.037,9.145,328914.02352682
2022-06-07 15:00:00,9.148,9.168,9.04,9.097,243675.12917327
2022-06-07 16:00:00,9.097,9.103,9.033,9.085,160044.8165816
2022-06-07 17:00:00,9.086,9.133,9.074,9.127,149231.143465
2022-06-07 18:00:00,9.127,9.24,9.107,9.207,239854.13165332
2022-06-07 19:00:00,9.209,9.444,9.207,9.326,626058.7357081
2022-06-07 20:00:00,9.326,9.486,9.318,9.329,588344.567187
2022-06-07 21:00:00,9.33,9.382,9.282,9.323,160012.9499473
2022-06-07 22:00:00,9.323,9.368,8.964,9.2,756708.68592013
2022-06-07 23:00:00,9.2,9.286,9.102,9.212,420275.1384956
2022-06-08 00:00:00,9.212,9.305,9.155,9.241,240058.23226262
2022-06-08 01:00:00,9.24,9.277,9.126,9.268,398882.06633201
2022-06-08 02:00:00,9.264,9.383,9.224,9.226,282776.55212534
2022-06-08 03:00:00,9.232,9.242,8.961,9.022,807158.56458164
2022-06-08 04:00:00,9.021,9.089,8.964,9.027,335163.43079522
2022-06-08 05:00:00,9.027,9.201,9.017,9.141,274160.32171615
2022-06-08 06:00:00,9.144,9.164,9.059,9.103,156706.56854094
2022-06-08 07:00:00,9.102,9.186,9.026,9.132,234144.23505416
2022-06-08 08:00:00,9.131,9.15,9.08,9.126,173932.59000541
2022-06-08 09:00:00,9.127,9.165,9.088,9.165,124773.55943189
2022-06-08 10:00:00,9.165,9.169,9.058,9.06,141427.13998944
2022-06-08 11:00:00,9.057,9.119,9.038,9.082,133841.12032664
2022-06-08 12:00:00,9.083,9.097,8.97,9.01,230036.98326243
2022-06-08 13:00:00,9.01,9.229,8.995,9.186,435127.93609047
2022-06-08 14:00:00,9.188,9.204,9.052,9.07,298734.92866282
2022-06-08 15:00:00,9.068,9.167,9.046,9.13,255614.98415623
2022-06-08 16:00:00,9.129,9.152,9.023,9.051,227336.94633577
2022-06-08 17:00:00,9.05,9.083,9.037,9.073,140918.40943218
2022-06-08 18:00:00,9.071,9.095,8.876,9.023,356925.74011236
2022-06-08 19:00:00,9.018,9.037,8.941,8.999,169701.93474393
2022-06-08 20:00:00,8.999,9.064,8.981,9.023,102545.47891396
2022-06-08 21:00:00,9.021,9.092,9.017,9.091,54328.46296133
2022-06-08 22:00:00,9.095,9.105,9.024,9.025,148892.46812202
2022-06-08 23:00:00,9.031,9.053,8.952,8.989,192126.99078875
2022-06-09 00:00:00,8.99,9.003,8.9,8.973,266004.64545291
2022-06-09 01:00:00,8.972,9.02,8.942,8.942,148288.91688947
2022-06-09 02:00:00,8.941,9.028,8.937,9.016,119342.22408547
2022-06-09 03:00:00,9.016,9.097,8.988,9.08,146553.8314061
2022-06-09 04:00:00,9.078,9.087,9.048,9.071,125359.56039296
2022-06-09 05:00:00,9.071,9.142,9.058,9.117,220742.02918169
2022-06-09 06:00:00,9.117,9.294,9.117,9.181,266363.18664875
2022-06-09 07:00:00,9.185,9.249,9.169,9.234,153912.07958
2022-06-09 08:00:00,9.23,9.288,9.205,9.271,174291.9238285
2022-06-09 09:00:00,9.277,9.366,9.257,9.274,221018.33781709
2022-06-09 10:00:00,9.276,9.288,9.175,9.188,153889.00136431
2022-06-09 11:00:00,9.189,9.249,9.155,9.166,230683.01307031
2022-06-09 12:00:00,9.165,9.203,9.066,9.153,384318.92470477
2022-06-09 13:00:00,9.147,9.213,9.101,9.2,291860.24497755
2022-06-09 14:00:00,9.202,9.357,9.172,9.22,370313.1180472
2022-06-09 15:00:00,9.221,9.271,9.144,9.251,306856.04862074
2022-06-09 16:00:00,9.249,9.439,9.249,9.397,466542.93575299
2022-06-09 17:00:00,9.397,9.456,9.324,9.352,205863.89529319
2022-06-09 18:00:00,9.353,9.366,9.238,9.241,174268.57769578
2022-06-09 19:00:00,9.242,9.261,9.154,9.172,149823.36115593
2022-06-09 20:00:00,9.172,9.303,9.145,9.295,149366.80170606
2022-06-09 21:00:00,9.295,9.306,9.219,9.223,44082.84932136
2022-06-09 22:00:00,9.224,9.25,9.181,9.207,167124.46973136
2022-06-09 23:00:00,9.208,9.234,9.148,9.219,179840.36220207
2022-06-10 00:00:00,9.222,9.247,8.998,9.117,395673.86820932
2022-06-10 01:00:00,9.117,9.163,9.08,9.124,187051.75844562
2022-06-10 02:00:00,9.123,9.203,9.121,9.191,130589.93168232
2022-06-10 03:00:00,9.192,9.361,9.192,9.263,443650.18761276
2022-06-10 04:00:00,9.264,9.286,9.217,9.263,157356.70914169
2022-06-10 05:00:00,9.264,9.359,9.264,9.282,150509.25955631
2022-06-10 06:00:00,9.286,9.302,9.205,9.213,211814.83952789
2022-06-10 07:00:00,9.214,9.228,9.136,9.207,325747.08431941
2022-06-10 08:00:00,9.206,9.225,9.127,9.138,181799.93743088
2022-06-10 09:00:00,9.138,9.142,8.997,9.091,334100.43143381
2022-06-10 10:00:00,9.09,9.124,9.046,9.109,204900.45952771
2022-06-10 11:00:00,9.114,9.156,9.091,9.104,164385.64011254
2022-06-10 12:00:00,9.103,9.185,8.72,8.854,1456660.32419898
2022-06-10 13:00:00,8.853,8.888,8.619,8.692,912359.19268311
2022-06-10 14:00:00,8.691,8.917,8.656,8.868,497892.04249629
2022-06-10 15:00:00,8.866,8.894,8.76,8.832,293920.53479216
2022-06-10 16:00:00,8.83,8.838,8.542,8.682,901905.66015334
2022-06-10 17:00:00,8.681,8.84,8.61,8.73,557880.88939838
2022-06-10 18:00:00,8.725,8.739,8.631,8.688,315068.52347856
2022-06-10 19:00:00,8.688,8.804,8.658,8.688,357589.09464244
2022-06-10 20:00:00,8.689,8.797,8.685,8.767,211066.40895434
2022-06-10 21:00:00,8.762,8.778,8.713,8.747,64905.93666702
2022-06-10 22:00:00,8.747,8.781,8.687,8.702,106915.69123004
2022-06-10 23:00:00,8.702,8.738,8.5,8.649,271743.10641155
2022-06-11 00:00:00,8.65,8.74,8.623,8.733,175950.43034202
2022-06-11 01:00:00,8.733,8.741,8.686,8.712,151383.04122444
2022-06-11 02:00:00,8.711,8.721,8.662,8.708,73470.93081537
2022-06-11 03:00:00,8.718,8.783,8.703,8.743,136145.65193893
2022-06-11 04:00:00,8.744,8.786,8.738,8.772,74905.06687169
2022-06-11 05:00:00,8.772,8.794,8.674,8.706,127254.09350289
2022-06-11 06:00:00,8.707,8.759,8.695,8.757,63369.09024102
2022-06-11 07:00:00,8.765,8.833,8.754,8.815,108655.79551984
2022-06-11 08:00:00,8.816,8.83,8.543,8.547,385568.06389863
2022-06-11 09:00:00,8.546,8.703,8.354,8.643,678105.9874697
2022-06-11 10:00:00,8.646,8.673,8.557,8.6,187281.36961405
2022-06-11 11:00:00,8.599,8.599,8.228,8.335,610294.2123574
2022-06-11 12:00:00,8.331,8.385,8.125,8.143,484758.66291461
2022-06-11 13:00:00,8.144,8.317,8.107,8.27,363965.15047982
2022-06-11 14:00:00,8.27,8.288,8.015,8.044,562399.74137225
2022-06-11 15:00:00,8.043,8.138,7.884,8.03,704058.01102296
2022-06-11 16:00:00,8.033,8.182,7.982,8.15,512267.3868507
2022-06-11 17:00:00,8.152,8.175,8.07,8.111,235185.47884122
2022-06-11 18:00:00,8.107,8.304,8.09,8.206,262751.70112966
2022-06-11 19:00:00,8.208,8.263,8.135,8.14,174623.89512117
2022-06-11 20:00:00,8.138,8.156,8.015,8.043,197543.1751634
2022-06-11 21:00:00,8.049,8.157,8.035,8.141,79596.39742383
2022-06-11 22:00:00,8.141,8.206,8.127,8.181,53597.17376629
2022-06-11 23:00:00,8.178,8.18,7.932,8.023,250538.44713066
2022-06-12 00:00:00,8.024,8.091,8.001,8.053,132304.71895222
2022-06-12 01:00:00,8.049,8.059,7.846,7.873,296734.52231711
2022-06-12 02:00:00,7.874,7.947,7.518,7.606,937591.12907375
2022-06-12 03:00:00,7.607,7.719,7.58,7.658,356509.15676204
2022-06-12 04:00:00,7.655,7.759,7.545,7.572,562196.42728349
2022-06-12 05:00:00,7.568,7.631,7.475,7.547,512342.40622616
2022-06-12 06:00:00,7.546,7.64,7.536,7.579,557008.58791895
2022-06-12 07:00:00,7.581,7.716,7.5,7.701,256535.42193058
2022-06-12 08:00:00,7.7,7.78,7.633,7.688,306761.43140248
2022-06-12 09:00:00,7.686,7.751,7.564,7.594,287759.57979581
2022-06-12 10:00:00,7.591,7.678,7.52,7.597,351083.69018377
2022-06-12 11:00:00,7.593,7.709,7.545,7.663,347914.63395074
2022-06-12 12:00:00,7.662,7.71,7.615,7.615,254732.40768698
2022-06-12 13:00:00,7.614,7.669,7.52,7.546,391954.87971006
2022-06-12 14:00:00,7.547,8.036,7.444,7.983,1039302.9476731
2022-06-12 15:00:00,7.985,8.092,7.964,7.977,580289.83911069
2022-06-12 16:00:00,7.975,8.017,7.803,7.83,323400.19779222
2022-06-12 17:00:00,7.834,7.929,7.83,7.892,280078.55107847
2022-06-12 18:00:00,7.892,7.901,7.835,7.849,134563.61818437
2022-06-12 19:00:00,7.847,7.871,7.725,7.771,440136.71183159
2022-06-12 20:00:00,7.767,7.818,7.679,7.697,285675.76226254
2022-06-12 21:00:00,7.698,7.771,7.674,7.708,114122.63972627
2022-06-12 22:00:00,7.705,7.708,7.533,7.549,410878.69164899
2022-06-12 23:00:00,7.548,7.608,7.37,7.381,548874.03295554
2022-06-13 00:00:00,7.383,7.464,7.15,7.179,1557031.07314141
2022-06-13 01:00:00,7.18,7.244,7.003,7.108,1413448.6970647
2022-06-13 02:00:00,7.11,7.128,6.938,6.983,1256432.95706371
2022-06-13 03:00:00,6.985,7.133,6.882,7.078,1220179.78098418
2022-06-13 04:00:00,7.076,7.313,7.051,7.064,1028622.2721353
2022-06-13 05:00:00,7.063,7.137,6.86,6.876,852405.83978877
2022-06-13 06:00:00,6.872,7.03,6.753,6.905,1236767.65048853
2022-06-13 07:00:00,6.904,6.984,6.649,6.749,1508659.75091278
2022-06-13 08:00:00,6.75,6.793,6.477,6.485,1976248.93614466
2022-06-13 09:00:00,6.483,6.766,6.318,6.69,2096562.42103352
2022-06-13 10:00:00,6.686,6.783,6.572,6.588,1073165.80601768
2022-06-13 11:00:00,6.586,6.629,6.398,6.528,986902.54363315
2022-06-13 12:00:00,6.53,6.807,6.528,6.656,1309811.6199221
2022-06-13 13:00:00,6.655,6.842,6.57,6.772,1356075.54784674
2022-06-13 14:00:00,6.764,6.824,6.584,6.707,1420624.93194834
2022-06-13 15:00:00,6.703,7.003,6.634,6.938,1731486.98111072
2022-06-13 16:00:00,6.938,7.174,6.885,6.993,1861679.60881788
2022-06-13 17:00:00,6.996,7.108,6.821,7.077,1026473.95949693
2022-06-13 18:00:00,7.079,7.191,7.023,7.045,916691.22769349
2022-06-13 19:00:00,7.044,7.194,6.95,7.005,896094.11076339
2022-06-13 20:00:00,7.002,7.199,7.002,7.059,844291.37343901
2022-06-13 21:00:00,7.059,7.16,7.009,7.042,246759.27327909
2022-06-13 22:00:00,7.044,7.11,6.761,6.775,827799.15907388
2022-06-13 23:00:00,6.779,7.041,6.779,7.018,1231814.22253729
2022-06-14 00:00:00,7.02,7.115,6.886,6.904,1100271.74022287
2022-06-14 01:00:00,6.903,6.934,6.685,6.757,1572727.22020763
2022-06-14 02:00:00,6.755,7.264,6.66,7.106,1868874.58231559
2022-06-14 03:00:00,7.107,7.263,7.014,7.235,1352376.05559657
2022-06-14 04:00:00,7.235,7.312,7.029,7.08,1009304.76273442
2022-06-14 05:00:00,7.082,7.383,7.075,7.331,1296294.67911271
2022-06-14 06:00:00,7.332,7.444,7.2,7.329,1075412.20690889
2022-06-14 07:00:00,7.332,7.527,7.275,7.492,1035483.3058316
2022-06-14 08:00:00,7.493,7.506,7.391,7.434,598071.31424617
2022-06-14 09:00:00,7.435,7.456,7.286,7.291,835745.91077004
2022-06-14 10:00:00,7.292,7.338,7.201,7.224,689508.67473362
2022-06-14 11:00:00,7.224,7.249,7.133,7.19,1023940.30772268
2022-06-14 12:00:00,7.192,7.334,7.069,7.231,1146725.66791234
2022-06-14 13:00:00,7.234,7.491,7.22,7.418,773057.97122802
2022-06-14 14:00:00,7.423,7.449,7.223,7.368,749214.87216538
2022-06-14 15:00:00,7.368,7.479,7.304,7.443,583049.66054968
2022-06-14 16:00:00,7.442,7.483,7.3,7.334,598106.13204131
2022-06-14 17:00:00,7.333,7.434,7.243,7.251,551825.72744537
2022-06-14 18:00:00,7.253,7.399,7.238,7.258,378456.50210855
2022-06-14 19:00:00,7.257,7.303,7.218,7.277,358620.85409141
2022-06-14 20:00:00,7.279,7.306,7.108,7.169,376509.10566286
2022-06-14 21:00:00,7.168,7.217,7.045,7.085,274473.4301838
2022-06-14 22:00:00,7.085,7.272,7.068,7.201,385337.37946628
2022-06-14 23:00:00,7.197,7.424,7.189,7.344,670715.51613071
2022-06-15 00:00:00,7.345,7.488,7.312,7.391,580640.45601905
2022-06-15 01:00:00,7.391,7.682,7.382,7.634,852426.7059885
2022-06-15 02:00:00,7.631,7.676,7.418,7.441,777055.14905745
2022-06-15 03:00:00,7.444,7.461,7.365,7.394,504941.79034381
2022-06-15 04:00:00,7.392,7.392,7.157,7.276,1286600.97479704
2022-06-15 05:00:00,7.276,7.298,7.054,7.157,1000940.08172912
2022-06-15 06:00:00,7.158,7.275,7.06,7.243,669297.79942148
2022-06-15 07:00:00,7.242,7.254,6.981,7.055,820140.34800992
2022-06-15 08:00:00,7.054,7.054,6.845,6.872,1753857.56730155
2022-06-15 09:00:00,6.876,6.959,6.821,6.933,903645.93698494
2022-06-15 10:00:00,6.936,7.124,6.886,7.058,1185873.53332466
2022-06-15 11:00:00,7.059,7.327,6.992,7.17,1055381.61590159
2022-06-15 12:00:00,7.169,7.314,7.12,7.149,855963.1543097
2022-06-15 13:00:00,7.153,7.343,7.136,7.318,936315.22496878
2022-06-15 14:00:00,7.32,7.391,7.095,7.138,805121.90372194
2022-06-15 15:00:00,7.136,7.33,7.12,7.287,514685.34817735
2022-06-15 16:00:00,7.285,7.376,7.02,7.06,724621.85592032
2022-06-15 17:00:00,7.056,7.204,6.955,7.18,1110736.77022931
2022-06-15 18:00:00,7.18,7.654,6.844,7.451,4270795.22870215
2022-06-15 19:00:00,7.448,8.132,7.441,7.853,1754064.91401405
2022-06-15 20:00:00,7.854,8.195,7.804,7.997,1205247.50962776
2022-06-15 21:00:00,8.001,8.227,7.986,8.157,249071.78941092
2022-06-15 22:00:00,8.16,8.357,8.105,8.183,945665.11774317
2022-06-15 23:00:00,8.182,8.782,8.171,8.477,1263127.14201774
2022-06-16 00:00:00,8.477,8.537,8.282,8.296,551677.83977608
2022-06-16 01:00:00,8.292,8.481,8.234,8.256,395700.37080692
2022-06-16 02:00:00,8.255,8.347,8.205,8.31,357931.72804151
2022-06-16 03:00:00,8.312,8.339,8.186,8.192,276669.39750871
2022-06-16 04:00:00,8.19,8.318,8.038,8.069,456547.32251676
2022-06-16 05:00:00,8.069,8.152,7.963,7.988,273474.98020774
2022-06-16 06:00:00,7.981,8.008,7.812,7.846,339141.92982255
2022-06-16 07:00:00,7.844,8.014,7.819,7.858,444851.2647862
2022-06-16 08:00:00,7.858,7.915,7.77,7.886,280532.40033775
2022-06-16 09:00:00,7.885,7.885,7.528,7.609,592559.63336941
2022-06-16 10:00:00,7.605,7.612,7.424,7.578,524061.84844617
2022-06-16 11:00:00,7.576,7.605,7.407,7.498,443130.65705074
2022-06-16 12:00:00,7.495,7.697,7.443,7.444,615519.5884666
2022-06-16 13:00:00,7.445,7.538,7.229,7.3,809659.9596326
2022-06-16 14:00:00,7.297,7.401,7.214,7.29,834923.67827615
2022-06-16 15:00:00,7.29,7.5,7.288,7.409,655304.62868923
2022-06-16 16:00:00,7.41,7.532,7.305,7.484,598432.71965757
2022-06-16 17:00:00,7.486,7.515,7.338,7.352,363108.67042823
2022-06-16 18:00:00,7.351,7.368,7.254,7.316,336712.15755537
2022-06-16 19:00:00,7.315,7.357,7.123,7.192,480761.62424308
2022-06-16 20:00:00,7.191,7.372,7.181,7.319,545376.67424179
2022-06-16 21:00:00,7.321,7.399,7.281,7.291,154856.24035427
2022-06-16 22:00:00,7.291,7.304,7.028,7.049,514258.68572735
2022-06-16 23:00:00,7.05,7.121,6.958,7.105,450365.30465431
2022-06-17 00:00:00,7.107,7.262,7.019,7.127,440161.50648305
2022-06-17 01:00:00,7.127,7.357,7.114,7.336,503112.44539011
2022-06-17 02:00:00,7.34,7.375,7.2,7.209,296470.73252265
2022-06-17 03:00:00,7.208,7.26,7.088,7.101,325583.93797078
2022-06-17 04:00:00,7.102,7.222,7.063,7.163,268121.30177349
2022-06-17 05:00:00,7.163,7.332,7.138,7.257,306399.24575503
2022-06-17 06:00:00,7.257,7.325,7.149,7.3,267311.03289441
2022-06-17 07:00:00,7.304,7.409,7.254,7.31,401086.10723105
2022-06-17 08:00:00,7.314,7.396,7.21,7.278,458752.79245013
2022-06-17 09:00:00,7.278,7.294,7.194,7.228,244855.61378544
2022-06-17 10:00:00,7.223,7.361,7.171,7.353,327548.15155928
2022-06-17 11:00:00,7.353,7.429,7.297,7.319,363902.10206325
2022-06-17 12:00:00,7.318,7.379,7.215,7.243,333798.1458552
2022-06-17 13:00:00,7.243,7.446,7.17,7.388,674987.77485548
2022-06-17 14:00:00,7.388,7.404,7.202,7.287,429122.89425606
2022-06-17 15:00:00,7.286,7.331,7.216,7.286,326748.42005967
2022-06-17 16:00:00,7.284,7.323,7.19,7.198,315383.98170055
2022-06-17 17:00:00,7.194,7.252,7.141,7.219,316212.23522949
2022-06-17 18:00:00,7.223,7.295,7.197,7.27,227367.85728432
2022-06-17 19:00:00,7.271,7.309,7.208,7.257,233590.60977688
2022-06-17 20:00:00,7.256,7.402,7.253,7.365,283695.71695424
2022-06-17 21:00:00,7.366,7.396,7.324,7.339,50197.89267897
2022-06-17 22:00:00,7.342,7.362,7.233,7.287,114565.09192059
2022-06-17 23:00:00,7.284,7.353,7.251,7.259,108807.37735244
2022-06-18 00:00:00,7.261,7.395,7.225,7.328,169488.55498117
2022-06-18 01:00:00,7.33,7.363,7.143,7.167,190470.13064121
2022-06-18 02:00:00,7.166,7.185,7.086,7.185,192168.50309427
2022-06-18 03:00:00,7.186,7.216,7.153,7.205,93931.76695942
2022-06-18 04:00:00,7.201,7.244,7.192,7.226,124373.61441371
2022-06-18 05:00:00,7.227,7.248,7.147,7.165,92279.0010255
2022-06-18 06:00:00,7.168,7.189,6.831,6.921,811614.33097401
2022-06-18 07:00:00,6.922,6.947,6.734,6.771,748181.89134168
2022-06-18 08:00:00,6.767,6.787,6.615,6.669,868751.21514187
2022-06-18 09:00:00,6.666,6.745,6.628,6.709,305823.49307971
2022-06-18 10:00:00,6.708,6.842,6.683,6.781,404715.1160427
2022-06-18 11:00:00,6.78,6.849,6.733,6.745,333573.00165688
2022-06-18 12:00:00,6.746,6.789,6.727,6.764,252046.72931316
2022-06-18 13:00:00,6.766,6.833,6.737,6.81,185171.89619768
2022-06-18 14:00:00,6.813,6.865,6.783,6.832,220675.24186884
2022-06-18 15:00:00,6.832,6.898,6.799,6.818,442951.13905813
2022-06-18 16:00:00,6.816,6.923,6.775,6.805,297066.94439836
2022-06-18 17:00:00,6.804,6.859,6.694,6.762,497705.30879316
2022-06-18 18:00:00,6.76,6.779,6.645,6.667,439350.34072082
2022-06-18 19:00:00,6.673,6.731,6.533,6.551,385394.72650244
2022-06-18 20:00:00,6.552,6.728,6.439,6.717,948497.62823159
2022-06-18 21:00:00,6.715,7.171,6.705,7.013,516676.83023659
2022-06-18 22:00:00,7.014,7.208,6.966,7.066,661609.18056661
2022-06-18 23:00:00,7.066,7.131,6.978,7.031,244633.45630186
2022-06-19 00:00:00,7.029,7.131,6.992,7.017,308674.22515765
2022-06-19 01:00:00,7.019,7.04,6.891,6.904,341744.8651601
2022-06-19 02:00:00,6.905,6.925,6.746,6.871,308454.74847171
2022-06-19 03:00:00,6.868,7.012,6.846,6.863,296117.47369632
2022-06-19 04:00:00,6.865,6.982,6.85,6.942,160164.77196492
2022-06-19 05:00:00,6.946,7.068,6.788,6.874,506572.14654857
2022-06-19 06:00:00,6.873,6.989,6.799,6.905,427103.60022902
2022-06-19 07:00:00,6.907,7.006,6.883,6.907,334697.81185578
2022-06-19 08:00:00,6.909,7.001,6.863,6.979,259972.81695281
2022-06-19 09:00:00,6.98,7.141,6.949,7.034,484631.52922296
2022-06-19 10:00:00,7.037,7.325,7.01,7.269,971113.49567017
2022-06-19 11:00:00,7.27,7.289,7.193,7.207,417516.69060647
2022-06-19 12:00:00,7.21,7.298,7.112,7.137,412175.40985752
2022-06-19 13:00:00,7.137,7.23,7.093,7.109,204604.29836516
2022-06-19 14:00:00,7.105,7.213,7.092,7.204,271617.93678797
2022-06-19 15:00:00,7.208,7.353,7.152,7.335,479796.27766043
2022-06-19 16:00:00,7.331,7.344,7.151,7.185,210025.6844222
2022-06-19 17:00:00,7.181,7.261,7.124,7.235,165484.73085275
2022-06-19 18:00:00,7.232,7.519,7.219,7.46,435618.81683456
2022-06-19 19:00:00,7.462,7.569,7.371,7.403,541974.0790065
2022-06-19 20:00:00,7.404,7.625,7.395,7.54,491480.4807977
2022-06-19 21:00:00,7.545,7.545,7.424,7.452,241981.60641654
2022-06-19 22:00:00,7.451,7.543,7.411,7.49,383649.65235294
2022-06-19 23:00:00,7.492,7.518,7.421,7.509,294814.46458934
2022-06-20 00:00:00,7.505,7.554,7.327,7.335,356773.87473385
2022-06-20 01:00:00,7.333,7.358,7.197,7.266,320879.10393832
2022-06-20 02:00:00,7.266,7.35,7.153,7.253,317825.99452699
2022-06-20 03:00:00,7.252,7.315,7.208,7.294,270335.32749859
2022-06-20 04:00:00,7.289,7.34,7.213,7.223,220435.63272351
2022-06-20 05:00:00,7.221,7.346,7.19,7.342,226533.91709346
2022-06-20 06:00:00,7.34,7.376,7.232,7.372,296155.14612666
2022-06-20 07:00:00,7.369,7.378,7.262,7.333,222998.38856979
2022-06-20 08:00:00,7.336,7.501,7.315,7.462,699806.43798826
2022-06-20 09:00:00,7.461,7.584,7.436,7.581,568048.2534807
2022-06-20 10:00:00,7.582,7.961,7.543,7.934,1069305.30048301
2022-06-20 11:00:00,7.937,8.005,7.898,7.954,427917.20063004
2022-06-20 12:00:00,7.955,7.966,7.767,7.891,675802.51147439
2022-06-20 13:00:00,7.889,7.941,7.751,7.762,441665.83557972
2022-06-20 14:00:00,7.763,7.957,7.757,7.927,305576.35854121
2022-06-20 15:00:00,7.923,7.971,7.707,7.825,452030.00510029
2022-06-20 16:00:00,7.826,7.837,7.686,7.743,336580.10716264
2022-06-20 17:00:00,7.744,7.835,7.656,7.663,306054.20455384
2022-06-20 18:00:00,7.66,7.719,7.608,7.707,274045.36704504
2022-06-20 19:00:00,7.712,7.753,7.635,7.724,293505.82883255
2022-06-20 20:00:00,7.726,7.83,7.682,7.803,250960.7758054
2022-06-20 21:00:00,7.803,7.853,7.656,7.696,202539.86755746
2022-06-20 22:00:00,7.699,7.828,7.61,7.801,348715.6450597
2022-06-20 23:00:00,7.801,7.93,7.728,7.848,327079.86406064
2022-06-21 00:00:00,7.848,7.88,7.704,7.852,292211.21167613
2022-06-21 01:00:00,7.851,7.913,7.741,7.848,226322.30118975
2022-06-21 02:00:00,7.847,7.858,7.686,7.805,255796.55862957
2022-06-21 03:00:00,7.806,7.909,7.771,7.907,233612.12396735
2022-06-21 04:00:00,7.908,8.112,7.891,8.062,373573.00092614
2022-06-21 05:00:00,8.064,8.195,8.04,8.154,605057.27161551
2022-06-21 06:00:00,8.156,8.248,8.137,8.204,316608.03423694
2022-06-21 07:00:00,8.199,8.211,8.031,8.075,408274.05893755
2022-06-21 08:00:00,8.074,8.222,8.058,8.174,405118.63363847
2022-06-21 09:00:00,8.172,8.217,8.087,8.092,353440.01207889
2022-06-21 10:00:00,8.092,8.147,8.016,8.14,415536.99034432
2022-06-21 11:00:00,8.142,8.148,7.929,7.947,446144.32977293
2022-06-21 12:00:00,7.945,8.048,7.942,7.996,405404.26894453
2022-06-21 13:00:00,7.994,8.199,7.927,8.179,589304.06241459
2022-06-21 14:00:00,8.179,8.255,8.083,8.185,431214.49049976
2022-06-21 15:00:00,8.187,8.197,8.043,8.06,291055.38702042
2022-06-21 16:00:00,8.059,8.141,8.026,8.065,213720.20433691
2022-06-21 17:00:00,8.066,8.112,7.963,7.972,368856.74347992
2022-06-21 18:00:00,7.972,7.985,7.877,7.909,308774.24182605
2022-06-21 19:00:00,7.908,7.987,7.772,7.792,397154.0489364
2022-06-21 20:00:00,7.788,7.819,7.73,7.743,302370.70587139
2022-06-21 21:00:00,7.744,7.807,7.722,7.788,118601.34096372
2022-06-21 22:00:00,7.785,7.836,7.724,7.825,201739.00439595
2022-06-21 23:00:00,7.823,7.864,7.656,7.748,248526.47782423
2022-06-22 00:00:00,7.747,7.754,7.561,7.651,307277.008416
2022-06-22 01:00:00,7.652,7.727,7.506,7.51,257981.22826472
2022-06-22 02:00:00,7.505,7.56,7.487,7.538,240586.94254899
2022-06-22 03:00:00,7.538,7.574,7.438,7.461,264872.54878087
2022-06-22 04:00:00,7.462,7.54,7.439,7.529,265485.90353238
2022-06-22 05:00:00,7.527,7.61,7.527,7.53,190469.30963977
2022-06-22 06:00:00,7.53,7.574,7.379,7.465,334805.56610703
2022-06-22 07:00:00,7.467,7.484,7.366,7.383,366329.5869858
2022-06-22 08:00:00,7.388,7.469,7.336,7.462,252156.62916685
2022-06-22 09:00:00,7.464,7.598,7.452,7.588,260153.8957259
2022-06-22 10:00:00,7.585,7.61,7.513,7.545,227007.75737742
2022-06-22 11:00:00,7.544,7.648,7.534,7.577,196580.17252904
2022-06-22 12:00:00,7.578,7.607,7.448,7.544,243435.59316473
2022-06-22 13:00:00,7.538,7.741,7.487,7.722,300797.13376251
2022-06-22 14:00:00,7.72,7.802,7.681,7.697,394530.9781073
2022-06-22 15:00:00,7.697,7.703,7.493,7.508,424681.26540357
2022-06-22 16:00:00,7.507,7.568,7.412,7.56,433892.11208039
2022-06-22 17:00:00,7.563,7.635,7.528,7.602,291566.34460031
2022-06-22 18:00:00,7.602,7.659,7.578,7.593,233750.28845862
2022-06-22 19:00:00,7.592,7.616,7.464,7.542,243449.30713382
2022-06-22 20:00:00,7.543,7.585,7.384,7.421,335133.52827503
2022-06-22 21:00:00,7.418,7.5,7.382,7.492,170905.49666415
2022-06-22 22:00:00,7.496,7.535,7.451,7.494,243980.2016401
2022-06-22 23:00:00,7.494,7.519,7.365,7.375,186736.6488965
2022-06-23 00:00:00,7.377,7.608,7.345,7.564,376314.42025678
2022-06-23 01:00:00,7.562,7.631,7.52,7.522,213782.95275412
2022-06-23 02:00:00,7.525,7.562,7.492,7.534,142126.60199118
2022-06-23 03:00:00,7.54,7.545,7.477,7.493,204361.4515911
2022-06-23 04:00:00,7.491,7.609,7.481,7.595,258196.21085844
2022-06-23 05:00:00,7.593,7.645,7.537,7.592,132065.83804534
2022-06-23 06:00:00,7.592,7.69,7.558,7.635,244610.52523049
2022-06-23 07:00:00,7.635,7.681,7.55,7.56,153815.28608738
2022-06-23 08:00:00,7.556,7.634,7.5,7.532,206935.7589848
2022-06-23 09:00:00,7.534,7.61,7.503,7.591,300980.50820087
2022-06-23 10:00:00,7.589,7.678,7.57,7.647,370949.70894916
2022-06-23 11:00:00,7.648,7.654,7.574,7.596,265564.82159639
2022-06-23 12:00:00,7.596,7.764,7.586,7.654,364225.91410374
2022-06-23 13:00:00,7.654,7.705,7.562,7.594,386930.87681111
2022-06-23 14:00:00,7.592,7.641,7.509,7.634,220758.05489521
2022-06-23 15:00:00,7.634,7.666,7.47,7.55,311661.56657909
2022-06-23 16:00:00,7.55,7.568,7.496,7.501,245194.0800662
2022-06-23 17:00:00,7.494,7.554,7.444,7.516,231165.53731984
2022-06-23 18:00:00,7.517,7.568,7.492,7.511,157911.55401382
2022-06-23 19:00:00,7.511,7.731,7.493,7.718,337307.48541244
2022-06-23 20:00:00,7.715,7.811,7.671,7.691,446823.38503207
2022-06-23 21:00:00,7.691,7.701,7.608,7.608,93301.46882717
2022-06-23 22:00:00,7.613,7.773,7.608,7.692,573563.29941156
2022-06-23 23:00:00,7.689,7.802,7.686,7.759,221964.76113289
2022-06-24 00:00:00,7.76,7.845,7.715,7.735,365800.92267355
2022-06-24 01:00:00,7.737,7.917,7.71,7.856,343584.8217066
2022-06-24 02:00:00,7.857,8.083,7.855,7.972,464139.96944058
2022-06-24 03:00:00,7.973,8.036,7.96,7.97,200772.75819657
2022-06-24 04:00:00,7.972,8.008,7.87,7.889,221001.8062747
2022-06-24 05:00:00,7.886,7.96,7.809,7.834,144862.39872696
2022-06-24 06:00:00,7.837,7.858,7.789,7.823,242982.18838744
2022-06-24 07:00:00,7.826,7.934,7.794,7.895,267151.50690244
2022-06-24 08:00:00,7.894,8.052,7.892,7.997,306151.05168906
2022-06-24 09:00:00,7.998,8.018,7.897,7.934,171631.61103384
2022-06-24 10:00:00,7.934,8.007,7.912,7.992,168485.61448637
2022-06-24 11:00:00,7.989,8.152,7.98,8.042,396487.47008397
2022-06-24 12:00:00,8.042,8.17,8.012,8.107,426384.91007391
2022-06-24 13:00:00,8.108,8.179,8.097,8.097,325026.54842875
2022-06-24 14:00:00,8.096,8.16,7.977,8.026,310201.45009598
2022-06-24 15:00:00,8.027,8.111,7.974,8.068,285154.90318238
2022-06-24 16:00:00,8.066,8.105,7.985,8.091,216798.01739724
2022-06-24 17:00:00,8.094,8.15,7.996,8.003,254064.19156897
2022-06-24 18:00:00,7.998,8.095,7.982,8.085,161816.57760597
2022-06-24 19:00:00,8.086,8.173,8.037,8.173,195487.50731435
2022-06-24 20:00:00,8.174,8.231,8.094,8.128,283067.63172182
2022-06-24 21:00:00,8.13,8.196,8.112,8.178,72593.98194158
2022-06-24 22:00:00,8.182,8.333,8.178,8.228,226459.05314424
2022-06-24 23:00:00,8.224,8.287,8.162,8.172,138079.51865351
2022-06-25 00:00:00,8.173,8.224,8.094,8.159,313472.84274485
2022-06-25 01:00:00,8.16,8.284,8.116,8.248,110558.76989065
2022-06-25 02:00:00,8.251,8.251,8.051,8.067,214807.87909958
2022-06-25 03:00:00,8.066,8.198,8.062,8.167,137975.51256787
2022-06-25 04:00:00,8.169,8.188,8.099,8.176,150679.30686638
2022-06-25 05:00:00,8.174,8.235,8.154,8.154,99958.51726953
2022-06-25 06:00:00,8.152,8.194,8.116,8.189,129031.07816902
2022-06-25 07:00:00,8.188,8.297,8.185,8.257,182672.52598779
2022-06-25 08:00:00,8.256,8.296,8.182,8.203,108028.80536557
2022-06-25 09:00:00,8.202,8.328,8.195,8.275,159395.78983065
2022-06-25 10:00:00,8.273,8.35,8.259,8.284,111425.9639827
2022-06-25 11:00:00,8.281,8.313,8.14,8.153,163896.84047246
2022-06-25 12:00:00,8.155,8.19,7.883,7.914,485035.48064961
2022-06-25 13:00:00,7.912,8.013,7.861,7.96,168690.48015078
2022-06-25 14:00:00,7.965,8.002,7.896,7.934,147567.56014892
2022-06-25 15:00:00,7.931,7.97,7.776,7.796,233045.16353035
2022-06-25 16:00:00,7.795,7.906,7.78,7.896,130130.80966814
2022-06-25 17:00:00,7.896,7.979,7.848,7.929,121827.75271876
2022-06-25 18:00:00,7.931,8.015,7.877,8.012,110376.15956954
2022-06-25 19:00:00,8.013,8.03,7.964,7.991,82054.81822159
2022-06-25 20:00:00,7.989,8.02,7.935,7.981,97854.3040215
2022-06-25 21:00:00,7.982,8.153,7.973,8.145,156015.66502549
2022-06-25 22:00:00,8.145,8.166,8.05,8.078,112193.01852029
2022-06-25 23:00:00,8.08,8.151,8.069,8.121,113287.56149079
2022-06-26 00:00:00,8.121,8.175,8.038,8.111,144511.13927827
2022-06-26 01:00:00,8.115,8.205,7.978,8.035,191995.77486258
2022-06-26 02:00:00,8.038,8.107,7.995,8.052,127702.43027535
2022-06-26 03:00:00,8.051,8.089,8.038,8.065,59303.56873281
2022-06-26 04:00:00,8.066,8.11,8.03,8.079,121619.19129272
2022-06-26 05:00:00,8.076,8.108,8.032,8.081,87132.08201124
2022-06-26 06:00:00,8.089,8.246,8.05,8.239,195636.03134342
2022-06-26 07:00:00,8.237,8.273,8.177,8.21,116240.38050492
2022-06-26 08:00:00,8.208,8.284,8.202,8.251,96589.7947318
2022-06-26 09:00:00,8.249,8.27,8.136,8.167,247945.85789207
2022-06-26 10:00:00,8.168,8.205,8.135,8.201,102756.7428677
2022-06-26 11:00:00,8.202,8.439,8.171,8.369,361944.0579803
2022-06-26 12:00:00,8.368,8.474,8.211,8.223,444023.44391563
2022-06-26 13:00:00,8.22,8.236,8.162,8.233,248979.30149475
2022-06-26 14:00:00,8.231,8.284,8.214,8.215,159130.76368404
2022-06-26 15:00:00,8.219,8.224,8.016,8.109,314704.72224232
2022-06-26 16:00:00,8.113,8.144,8.052,8.087,146198.84188678
2022-06-26 17:00:00,8.088,8.099,7.941,8.009,281276.53837778
2022-06-26 18:00:00,8.007,8.012,7.893,7.969,163043.47559288
2022-06-26 19:00:00,7.965,8.046,7.952,8.022,117658.3215028
2022-06-26 20:00:00,8.02,8.209,8.014,8.208,225845.44917761
2022-06-26 21:00:00,8.209,8.257,8.123,8.136,152478.1034521
2022-06-26 22:00:00,8.143,8.147,7.814,7.912,584748.23546435
2022-06-26 23:00:00,7.91,7.951,7.798,7.832,350371.47513729
2022-06-27 00:00:00,7.825,7.935,7.793,7.914,314605.90813652
2022-06-27 01:00:00,7.908,7.944,7.846,7.925,214806.54067574
2022-06-27 02:00:00,7.926,7.981,7.906,7.978,187582.58642717
2022-06-27 03:00:00,7.974,8.008,7.937,7.982,129770.96407111
2022-06-27 04:00:00,7.983,7.998,7.921,7.996,160846.67081852
2022-06-27 05:00:00,7.99,8.006,7.904,7.936,136602.66498138
2022-06-27 06:00:00,7.934,7.991,7.91,7.989,90918.95242558
2022-06-27 07:00:00,7.99,8.079,7.979,8.071,208126.88454615
2022-06-27 08:00:00,8.071,8.177,8.069,8.159,180325.55483274
2022-06-27 09:00:00,8.158,8.174,8.132,8.144,107728.9263639
2022-06-27 10:00:00,8.147,8.189,8.129,8.175,145511.22926203
2022-06-27 11:00:00,8.175,8.186,8.071,8.078,149321.7216804
2022-06-27 12:00:00,8.079,8.119,8.026,8.074,220141.77402433
2022-06-27 13:00:00,8.074,8.151,7.852,7.862,458592.1105387
2022-06-27 14:00:00,7.859,7.911,7.784,7.897,423782.96534956
2022-06-27 15:00:00,7.898,7.957,7.845,7.937,256649.4120606
2022-06-27 16:00:00,7.934,7.936,7.828,7.879,167226.28297053
2022-06-27 17:00:00,7.88,7.888,7.821,7.826,172367.85342924
2022-06-27 18:00:00,7.821,7.894,7.66,7.793,517229.1952576
2022-06-27 19:00:00,7.792,7.795,7.705,7.758,258981.2004598
2022-06-27 20:00:00,7.76,7.809,7.742,7.782,151640.84788895
2022-06-27 21:00:00,7.78,7.82,7.764,7.765,57279.41632585
2022-06-27 22:00:00,7.766,7.879,7.758,7.807,248758.63662058
2022-06-27 23:00:00,7.808,7.853,7.691,7.73,230016.71423641
2022-06-28 00:00:00,7.729,7.818,7.607,7.67,356420.60588482
2022-06-28 01:00:00,7.668,7.71,7.504,7.536,395767.15674551
2022-06-28 02:00:00,7.535,7.568,7.451,7.531,477344.70444587
2022-06-28 03:00:00,7.53,7.58,7.519,7.552,229761.70135811
2022-06-28 04:00:00,7.551,7.61,7.524,7.599,193369.56570379
2022-06-28 05:00:00,7.596,7.647,7.572,7.587,169422.33331827
2022-06-28 06:00:00,7.587,7.706,7.587,7.665,269130.48553849
2022-06-28 07:00:00,7.663,7.733,7.662,7.708,211946.16578017
2022-06-28 08:00:00,7.705,7.84,7.677,7.824,320374.68112908
2022-06-28 09:00:00,7.824,7.875,7.802,7.802,259418.1696542
2022-06-28 10:00:00,7.802,7.835,7.746,7.774,148143.13367833
2022-06-28 11:00:00,7.776,7.879,7.733,7.843,203449.13782967
2022-06-28 12:00:00,7.839,7.969,7.83,7.884,300649.42575465
2022-06-28 13:00:00,7.882,7.985,7.843,7.932,397693.27670134
2022-06-28 14:00:00,7.93,7.952,7.695,7.751,423874.26711905
2022-06-28 15:00:00,7.747,7.75,7.56,7.562,409928.24813198
2022-06-28 16:00:00,7.563,7.633,7.507,7.596,309312.60606295
2022-06-28 17:00:00,7.594,7.621,7.543,7.597,145430.48171144
2022-06-28 18:00:00,7.595,7.6,7.397,7.475,543426.03955478
2022-06-28 19:00:00,7.477,7.488,7.425,7.447,155805.72115274
2022-06-28 20:00:00,7.445,7.504,7.403,7.48,174717.86154161
2022-06-28 21:00:00,7.479,7.509,7.471,7.505,105908.49303379
2022-06-28 22:00:00,7.505,7.505,7.265,7.294,347766.42492846
2022-06-28 23:00:00,7.293,7.349,7.242,7.296,387444.75923318
2022-06-29 00:00:00,7.299,7.356,7.246,7.298,289579.89384184
2022-06-29 01:00:00,7.298,7.397,7.29,7.379,262179.29330397
2022-06-29 02:00:00,7.38,7.429,7.297,7.413,214857.3656817
2022-06-29 03:00:00,7.412,7.425,7.253,7.283,310095.75686269
2022-06-29 04:00:00,7.282,7.313,7.204,7.254,323293.65266076
2022-06-29 05:00:00,7.254,7.289,7.12,7.195,429351.62929514
2022-06-29 06:00:00,7.199,7.203,7.036,7.122,557155.43408826
2022-06-29 07:00:00,7.125,7.243,7.102,7.227,370048.91111615
2022-06-29 08:00:00,7.23,7.257,7.155,7.174,323893.89903724
2022-06-29 09:00:00,7.173,7.287,7.16,7.22,259181.52453157
2022-06-29 10:00:00,7.221,7.245,7.174,7.205,202909.86412819
2022-06-29 11:00:00,7.206,7.216,7.109,7.19,395113.12932204
2022-06-29 12:00:00,7.189,7.239,7.06,7.077,385479.79851165
2022-06-29 13:00:00,7.075,7.173,6.992,7.154,539346.67925951
2022-06-29 14:00:00,7.155,7.25,7.141,7.207,284102.05513467
2022-06-29 15:00:00,7.205,7.22,7.125,7.178,211510.14664604
2022-06-29 16:00:00,7.171,7.19,7.035,7.079,292966.62373366
2022-06-29 17:00:00,7.078,7.144,7.02,7.143,269482.8088932
2022-06-29 18:00:00,7.146,7.186,7.058,7.06,176257.55042854
2022-06-29 19:00:00,7.059,7.147,7.021,7.136,241982.62003384
2022-06-29 20:00:00,7.136,7.201,7.077,7.099,340109.78864457
2022-06-29 21:00:00,7.098,7.145,7.086,7.102,69454.00452378
2022-06-29 22:00:00,7.104,7.143,6.998,7.056,187836.43722501
2022-06-29 23:00:00,7.056,7.059,6.934,7.022,379785.82780478
2022-06-30 00:00:00,7.023,7.028,6.877,6.891,419076.85123499
2022-06-30 01:00:00,6.892,6.947,6.815,6.888,339330.82532121
2022-06-30 02:00:00,6.891,6.982,6.886,6.946,155374.93821562
2022-06-30 03:00:00,6.948,6.956,6.881,6.906,197453.22964992
2022-06-30 04:00:00,6.907,6.96,6.853,6.873,218039.25581481
2022-06-30 05:00:00,6.876,6.912,6.802,6.891,272505.5509024
2022-06-30 06:00:00,6.888,6.917,6.748,6.785,630958.21997308
2022-06-30 07:00:00,6.786,6.853,6.759,6.797,314513.40843269
2022-06-30 08:00:00,6.796,6.801,6.703,6.745,399773.95751055
2022-06-30 09:00:00,6.745,6.773,6.634,6.763,589687.41045535
2022-06-30 10:00:00,6.763,6.766,6.666,6.73,274422.87718815
2022-06-30 11:00:00,6.729,6.795,6.676,6.729,277289.86270213
2022-06-30 12:00:00,6.732,6.875,6.714,6.848,448296.99834381
2022-06-30 13:00:00,6.846,6.883,6.625,6.665,636774.41248315
2022-06-30 14:00:00,6.663,6.791,6.658,6.775,311048.25081287
2022-06-30 15:00:00,6.776,6.896,6.77,6.813,442843.47536587
2022-06-30 16:00:00,6.814,6.928,6.764,6.809,266435.99626303
2022-06-30 17:00:00,6.808,6.891,6.791,6.841,263239.11486882
2022-06-30 18:00:00,6.842,6.854,6.719,6.774,272168.70604367
2022-06-30 19:00:00,6.77,6.829,6.733,6.799,256569.37807594
2022-06-30 20:00:00,6.799,6.82,6.662,6.702,514237.799163
2022-06-30 21:00:00,6.7,6.799,6.69,6.725,227803.94323525
2022-06-30 22:00:00,6.725,6.862,6.724,6.78,318449.57302028
2022-06-30 23:00:00,6.776,7.088,6.697,7.05,757716.65779215
2022-07-01 00:00:00,7.047,7.237,6.969,7.118,1087086.86250629
2022-07-01 01:00:00,7.119,7.185,7.065,7.105,434756.59861172
2022-07-01 02:00:00,7.105,7.128,7.034,7.034,349381.64882805
2022-07-01 03:00:00,7.033,7.062,6.822,6.833,443042.82008656
2022-07-01 04:00:00,6.834,6.85,6.734,6.756,484135.63954036
2022-07-01 05:00:00,6.757,6.782,6.523,6.596,661321.72738664
2022-07-01 06:00:00,6.591,6.695,6.586,6.678,226740.7198551
2022-07-01 07:00:00,6.676,6.793,6.654,6.775,228534.43259319
2022-07-01 08:00:00,6.776,6.868,6.726,6.763,319715.02944429
2022-07-01 09:00:00,6.763,6.802,6.729,6.757,195030.36756982
2022-07-01 10:00:00,6.76,6.785,6.633,6.654,327951.04700332
2022-07-01 11:00:00,6.655,6.706,6.616,6.694,250634.50752717
2022-07-01 12:00:00,6.695,6.719,6.643,6.66,246049.2544592
2022-07-01 13:00:00,6.661,6.817,6.651,6.772,423586.90757425
2022-07-01 14:00:00,6.767,6.795,6.635,6.707,323362.66523763
2022-07-01 15:00:00,6.709,6.753,6.661,6.698,297155.19870604
2022-07-01 16:00:00,6.692,6.792,6.675,6.727,266439.56231596
2022-07-01 17:00:00,6.725,6.8,6.694,6.787,308541.30061856
2022-07-01 18:00:00,6.787,6.81,6.736,6.775,205572.16508345
2022-07-01 19:00:00,6.768,6.831,6.754,6.816,229107.60079713
2022-07-01 20:00:00,6.817,6.927,6.796,6.821,295785.52465031
2022-07-01 21:00:00,6.824,6.855,6.749,6.804,100006.04865741
2022-07-01 22:00:00,6.804,6.821,6.744,6.749,169133.47876512
2022-07-01 23:00:00,6.75,6.819,6.691,6.741,172985.90691109
2022-07-02 00:00:00,6.742,6.807,6.664,6.666,357787.55889041
2022-07-02 01:00:00,6.669,6.74,6.645,6.697,147342.11232849
2022-07-02 02:00:00,6.696,6.746,6.61,6.646,266459.89028769
2022-07-02 03:00:00,6.647,6.692,6.625,6.653,222466.19187391
2022-07-02 04:00:00,6.656,6.716,6.651,6.689,142091.31561485
2022-07-02 05:00:00,6.69,6.741,6.679,6.683,137244.24048102
2022-07-02 06:00:00,6.684,6.735,6.658,6.682,84945.58196188
2022-07-02 07:00:00,6.682,6.731,6.663,6.67,109328.75825696
2022-07-02 08:00:00,6.668,6.734,6.668,6.677,150396.12683964
2022-07-02 09:00:00,6.679,6.731,6.626,6.729,139002.55144556
2022-07-02 10:00:00,6.728,6.8,6.709,6.79,86782.203512
2022-07-02 11:00:00,6.79,6.826,6.747,6.792,134960.32569504
2022-07-02 12:00:00,6.792,6.863,6.766,6.829,248653.92798562
2022-07-02 13:00:00,6.83,6.833,6.748,6.77,124735.96557316
2022-07-02 14:00:00,6.77,6.814,6.755,6.759,134263.57308533
2022-07-02 15:00:00,6.761,6.77,6.696,6.739,191318.65630899
2022-07-02 16:00:00,6.739,6.807,6.712,6.788,154954.18711653
2022-07-02 17:00:00,6.787,6.824,6.77,6.795,112645.46861793
2022-07-02 18:00:00,6.793,6.894,6.786,6.857,210793.49535741
2022-07-02 19:00:00,6.859,6.894,6.803,6.835,128527.31174639
2022-07-02 20:00:00,6.837,6.847,6.79,6.806,63970.96762549
2022-07-02 21:00:00,6.81,6.889,6.807,6.881,69919.83086992
2022-07-02 22:00:00,6.88,6.89,6.816,6.821,98731.46292236
2022-07-02 23:00:00,6.823,6.85,6.796,6.808,59173.53562589
2022-07-03 00:00:00,6.811,6.857,6.76,6.811,103818.90300442
2022-07-03 01:00:00,6.815,6.816,6.729,6.743,94751.19130691
2022-07-03 02:00:00,6.743,6.78,6.718,6.761,96320.33752036
2022-07-03 03:00:00,6.76,6.782,6.716,6.769,75519.84783041
2022-07-03 04:00:00,6.769,6.803,6.591,6.761,345001.79223433
2022-07-03 05:00:00,6.761,6.835,6.676,6.679,423338.80724489
2022-07-03 06:00:00,6.685,6.738,6.657,6.719,157397.33996636
2022-07-03 07:00:00,6.72,6.734,6.682,6.701,121298.08150964
2022-07-03 08:00:00,6.701,6.707,6.649,6.691,116292.73664398
2022-07-03 09:00:00,6.689,6.714,6.654,6.701,101468.97445655
2022-07-03 10:00:00,6.703,6.724,6.689,6.695,54343.46237761
2022-07-03 11:00:00,6.691,6.727,6.691,6.705,39735.16305852
2022-07-03 12:00:00,6.704,6.754,6.653,6.698,131337.5631443
2022-07-03 13:00:00,6.7,6.711,6.621,6.64,167356.5068123
2022-07-03 14:00:00,6.64,6.69,6.616,6.673,92575.04679154
2022-07-03 15:00:00,6.674,6.696,6.661,6.665,94303.60937499
2022-07-03 16:00:00,6.661,6.733,6.648,6.716,95211.26230208
2022-07-03 17:00:00,6.719,6.743,6.686,6.727,40801.2472762
2022-07-03 18:00:00,6.733,6.773,6.719,6.76,164465.69746434
2022-07-03 19:00:00,6.759,6.907,6.759,6.897,283187.70231753
2022-07-03 20:00:00,6.896,6.976,6.896,6.934,239388.9006936
2022-07-03 21:00:00,6.93,6.943,6.829,6.845,128150.32273745
2022-07-03 22:00:00,6.845,6.89,6.783,6.812,196307.45956794
2022-07-03 23:00:00,6.808,6.861,6.786,6.837,144778.95751592
2022-07-04 00:00:00,6.836,6.877,6.794,6.851,137836.56730771
2022-07-04 01:00:00,6.849,6.858,6.78,6.833,146535.45719906
2022-07-04 02:00:00,6.833,6.844,6.678,6.69,199060.72506704
2022-07-04 03:00:00,6.684,6.711,6.648,6.694,104402.43809959
2022-07-04 04:00:00,6.693,6.72,6.645,6.715,125315.29345261
2022-07-04 05:00:00,6.715,6.746,6.694,6.725,85998.72962916
2022-07-04 06:00:00,6.724,6.771,6.666,6.692,145900.18157717
2022-07-04 07:00:00,6.694,6.728,6.68,6.709,122910.96741937
2022-07-04 08:00:00,6.709,6.736,6.696,6.699,105833.9427849
2022-07-04 09:00:00,6.7,6.814,6.698,6.808,274919.8836573
2022-07-04 10:00:00,6.81,6.837,6.786,6.791,204340.66570622
2022-07-04 11:00:00,6.79,6.97,6.779,6.947,409123.3264301
2022-07-04 12:00:00,6.947,7.039,6.927,6.963,499081.20157064
2022-07-04 13:00:00,6.961,6.997,6.915,6.916,218527.02758743
2022-07-04 14:00:00,6.918,6.975,6.913,6.959,166184.38465356
2022-07-04 15:00:00,6.956,7.138,6.954,6.983,686993.86561971
2022-07-04 16:00:00,6.985,7.019,6.949,6.988,185737.03484039
2022-07-04 17:00:00,6.989,7.069,6.978,7.022,210536.28722713
2022-07-04 18:00:00,7.024,7.053,6.984,7.039,166422.48341236
2022-07-04 19:00:00,7.04,7.048,6.968,6.999,120417.94661548
2022-07-04 20:00:00,7.0,7.037,6.963,7.009,130525.99654615
2022-07-04 21:00:00,7.01,7.1,6.993,7.075,140568.7292898
2022-07-04 22:00:00,7.072,7.154,7.033,7.121,423851.15109417
2022-07-04 23:00:00,7.121,7.199,7.107,7.155,342078.93174354
2022-07-05 00:00:00,7.152,7.208,7.124,7.176,391750.11110126
2022-07-05 01:00:00,7.176,7.191,7.111,7.158,235510.94040589
2022-07-05 02:00:00,7.153,7.155,6.767,6.966,1044974.28323452
2022-07-05 03:00:00,6.966,7.038,6.961,7.028,309955.21683542
2022-07-05 04:00:00,7.025,7.054,6.959,7.046,172436.90919199
2022-07-05 05:00:00,7.046,7.103,7.004,7.018,245201.24422401
2022-07-05 06:00:00,7.018,7.071,7.012,7.057,187769.28917696
2022-07-05 07:00:00,7.061,7.068,6.987,7.029,260792.67292094
2022-07-05 08:00:00,7.028,7.029,6.814,6.861,581661.61154783
2022-07-05 09:00:00,6.858,6.861,6.773,6.837,512766.40849818
2022-07-05 10:00:00,6.835,6.868,6.788,6.81,233408.09785087
2022-07-05 11:00:00,6.809,6.861,6.777,6.803,370078.37252245
2022-07-05 12:00:00,6.802,6.807,6.57,6.642,885362.30971006
2022-07-05 13:00:00,6.638,6.717,6.622,6.665,458665.36915254
2022-07-05 14:00:00,6.662,6.722,6.65,6.696,343778.77893424
2022-07-05 15:00:00,6.692,6.722,6.631,6.715,324463.7053944
2022-07-05 16:00:00,6.714,6.747,6.676,6.708,316943.32227103
2022-07-05 17:00:00,6.706,6.738,6.682,6.711,269390.20829635
2022-07-05 18:00:00,6.711,6.817,6.66,6.816,360806.5137487
2022-07-05 19:00:00,6.816,6.935,6.792,6.879,591698.16590805
2022-07-05 20:00:00,6.88,6.975,6.852,6.898,488762.46717316
2022-07-05 21:00:00,6.896,6.912,6.791,6.865,289053.1619571
2022-07-05 22:00:00,6.868,6.935,6.834,6.897,239028.16765152
2022-07-05 23:00:00,6.898,6.907,6.799,6.828,212241.13972392
2022-07-06 00:00:00,6.827,6.919,6.752,6.878,284578.89871004
2022-07-06 01:00:00,6.878,6.91,6.752,6.771,355637.73289487
2022-07-06 02:00:00,6.766,6.783,6.674,6.727,456171.27864912
2022-07-06 03:00:00,6.727,6.82,6.697,6.801,309834.57005272
2022-07-06 04:00:00,6.802,6.878,6.768,6.809,412099.93704112
2022-07-06 05:00:00,6.813,6.859,6.761,6.811,227560.95113135
2022-07-06 06:00:00,6.812,6.839,6.763,6.836,261758.70672115
2022-07-06 07:00:00,6.838,6.886,6.825,6.829,319506.02137382
2022-07-06 08:00:00,6.828,6.895,6.787,6.835,304706.0096551
2022-07-06 09:00:00,6.832,6.972,6.829,6.918,758437.65187358
2022-07-06 10:00:00,6.921,6.947,6.866,6.891,278960.88260886
2022-07-06 11:00:00,6.891,6.917,6.849,6.87,229573.55460256
2022-07-06 12:00:00,6.869,6.924,6.837,6.874,297035.35182971
2022-07-06 13:00:00,6.872,6.957,6.847,6.922,410299.08284809
2022-07-06 14:00:00,6.921,6.944,6.86,6.91,273222.23290325
2022-07-06 15:00:00,6.909,6.916,6.852,6.888,126995.71190063
2022-07-06 16:00:00,6.888,6.943,6.873,6.928,234416.4838135
2022-07-06 17:00:00,6.927,6.944,6.876,6.876,146858.34900576
2022-07-06 18:00:00,6.876,6.928,6.784,6.895,597262.80535424
2022-07-06 19:00:00,6.896,6.916,6.838,6.857,194665.23276166
2022-07-06 20:00:00,6.859,6.893,6.826,6.877,184624.06859291
2022-07-06 21:00:00,6.876,6.889,6.851,6.883,82434.7562773
2022-07-06 22:00:00,6.884,6.983,6.88,6.933,419738.8746443
2022-07-06 23:00:00,6.933,6.996,6.905,6.908,312197.95875557
2022-07-07 00:00:00,6.908,6.979,6.896,6.939,277864.88608345
2022-07-07 01:00:00,6.94,7.007,6.907,6.962,263897.52779014
2022-07-07 02:00:00,6.962,6.997,6.906,6.918,222834.67805913
2022-07-07 03:00:00,6.919,6.928,6.878,6.921,180344.66267255
2022-07-07 04:00:00,6.92,6.928,6.88,6.924,122787.48714953
2022-07-07 05:00:00,6.922,6.942,6.877,6.887,186635.38265937
2022-07-07 06:00:00,6.887,6.915,6.872,6.895,263933.956432
2022-07-07 07:00:00,6.897,6.955,6.891,6.947,149402.67033097
2022-07-07 08:00:00,6.948,7.058,6.948,7.05,303942.02617468
2022-07-07 09:00:00,7.048,7.059,7.004,7.039,216437.91144458
2022-07-07 10:00:00,7.038,7.049,6.988,7.013,150738.79457632
2022-07-07 11:00:00,7.013,7.029,6.975,7.022,124446.14837461
2022-07-07 12:00:00,7.024,7.028,6.957,6.982,159856.84992189
2022-07-07 13:00:00,6.981,7.053,6.959,7.026,243370.60894541
2022-07-07 14:00:00,7.029,7.134,7.01,7.121,727692.96669476
2022-07-07 15:00:00,7.124,7.147,7.085,7.101,250363.72991829
2022-07-07 16:00:00,7.105,7.265,7.105,7.217,586548.05706454
2022-07-07 17:00:00,7.218,7.218,7.141,7.157,197452.08941778
2022-07-07 18:00:00,7.157,7.236,7.153,7.221,236453.49827712
2022-07-07 19:00:00,7.218,7.307,7.215,7.291,372710.49376922
2022-07-07 20:00:00,7.291,7.298,7.22,7.24,245910.49514157
2022-07-07 21:00:00,7.238,7.277,7.214,7.277,129945.53944297
2022-07-07 22:00:00,7.272,7.288,7.203,7.228,180962.20436486
2022-07-07 23:00:00,7.227,7.343,7.213,7.292,261004.67594186
2022-07-08 00:00:00,7.295,7.308,7.236,7.293,198903.5146902
2022-07-08 01:00:00,7.296,7.466,7.282,7.379,566556.11248577
2022-07-08 02:00:00,7.385,7.385,7.283,7.321,241463.21632727
2022-07-08 03:00:00,7.322,7.339,7.28,7.323,128507.87290683
2022-07-08 04:00:00,7.328,7.378,7.294,7.3,167828.8757865
2022-07-08 05:00:00,7.299,7.308,7.14,7.218,322267.20705016
2022-07-08 06:00:00,7.221,7.245,7.196,7.215,270395.16407018
2022-07-08 07:00:00,7.215,7.216,7.15,7.21,180417.13519425
2022-07-08 08:00:00,7.21,7.22,7.05,7.06,447221.26328705
2022-07-08 09:00:00,7.057,7.057,6.961,7.022,562904.16073281
2022-07-08 10:00:00,7.02,7.077,7.006,7.011,221298.26078626
2022-07-08 11:00:00,7.012,7.065,6.99,7.021,195601.50321754
2022-07-08 12:00:00,7.027,7.081,6.914,6.985,588575.40253344
2022-07-08 13:00:00,6.983,7.036,6.929,6.955,345360.2360895
2022-07-08 14:00:00,6.956,7.116,6.937,7.091,412112.38874829
2022-07-08 15:00:00,7.091,7.159,7.072,7.109,540927.58879488
2022-07-08 16:00:00,7.107,7.113,7.015,7.058,251224.63974128
2022-07-08 17:00:00,7.056,7.103,7.034,7.084,142013.73294437
2022-07-08 18:00:00,7.085,7.15,7.06,7.079,156760.74918115
2022-07-08 19:00:00,7.08,7.148,7.062,7.111,200352.81881185
2022-07-08 20:00:00,7.116,7.179,7.095,7.137,174545.92678964
2022-07-08 21:00:00,7.137,7.18,7.063,7.068,94565.28723687
2022-07-08 22:00:00,7.066,7.103,7.038,7.085,118487.11366216
2022-07-08 23:00:00,7.086,7.159,7.005,7.029,178134.54367766
2022-07-09 00:00:00,7.027,7.131,7.027,7.073,216444.28849377
2022-07-09 01:00:00,7.075,7.138,7.048,7.071,215229.8536279
2022-07-09 02:00:00,7.07,7.116,7.061,7.084,119804.53800681
2022-07-09 03:00:00,7.086,7.1,7.027,7.092,105276.08166236
2022-07-09 04:00:00,7.092,7.126,7.06,7.115,101619.22403892
2022-07-09 05:00:00,7.116,7.171,7.116,7.135,144212.59952936
2022-07-09 06:00:00,7.136,7.23,7.124,7.211,190327.5288163
2022-07-09 07:00:00,7.213,7.291,7.213,7.259,229268.55561344
2022-07-09 08:00:00,7.254,7.293,7.245,7.293,103258.82449585
2022-07-09 09:00:00,7.291,7.353,7.278,7.32,192763.51488601
2022-07-09 10:00:00,7.321,7.346,7.292,7.335,110762.76872981
2022-07-09 11:00:00,7.336,7.347,7.201,7.212,137485.63362455
2022-07-09 12:00:00,7.206,7.242,7.171,7.201,187203.3208944
2022-07-09 13:00:00,7.202,7.236,7.174,7.195,155256.68189714
2022-07-09 14:00:00,7.193,7.251,7.183,7.226,90765.60937377
2022-07-09 15:00:00,7.22,7.247,7.206,7.209,48491.20183063
2022-07-09 16:00:00,7.206,7.26,7.201,7.254,117362.99029
2022-07-09 17:00:00,7.251,7.306,7.231,7.301,147856.42510631
2022-07-09 18:00:00,7.304,7.332,7.27,7.275,118495.73062358
2022-07-09 19:00:00,7.274,7.295,7.226,7.251,86095.4522626
2022-07-09 20:00:00,7.251,7.269,7.232,7.254,55190.97431908
2022-07-09 21:00:00,7.253,7.285,7.25,7.275,64994.83131749
2022-07-09 22:00:00,7.272,7.303,7.239,7.259,95917.24455518
2022-07-09 23:00:00,7.256,7.288,7.239,7.241,71939.39916808
2022-07-10 00:00:00,7.24,7.258,7.104,7.136,234035.10742687
2022-07-10 01:00:00,7.135,7.173,7.071,7.12,161564.93433399
2022-07-10 02:00:00,7.12,7.158,7.0,7.061,351150.08280329
2022-07-10 03:00:00,7.061,7.069,7.021,7.037,160150.09015213
2022-07-10 04:00:00,7.034,7.06,6.964,7.044,226326.59796685
2022-07-10 05:00:00,7.044,7.09,7.042,7.08,98703.8732812
2022-07-10 06:00:00,7.08,7.091,7.037,7.074,91878.96012467
2022-07-10 07:00:00,7.073,7.091,7.049,7.08,58008.42061257
2022-07-10 08:00:00,7.082,7.113,7.031,7.06,98997.04129394
2022-07-10 09:00:00,7.06,7.077,7.038,7.063,94437.85707286
2022-07-10 10:00:00,7.06,7.074,6.984,7.015,133004.40405851
2022-07-10 11:00:00,7.017,7.024,6.947,7.006,184313.02638667
2022-07-10 12:00:00,7.009,7.029,6.998,7.026,106983.36944937
2022-07-10 13:00:00,7.025,7.025,6.868,6.905,369173.09516761
2022-07-10 14:00:00,6.905,6.905,6.776,6.787,417895.00653639
2022-07-10 15:00:00,6.79,6.828,6.754,6.811,276608.27123361
2022-07-10 16:00:00,6.811,6.886,6.755,6.878,356711.3632209
2022-07-10 17:00:00,6.877,6.881,6.843,6.849,93449.20945421
2022-07-10 18:00:00,6.851,6.855,6.808,6.848,131578.95673192
2022-07-10 19:00:00,6.848,6.877,6.804,6.877,126575.37157066
2022-07-10 20:00:00,6.88,6.883,6.832,6.86,178516.36831757
2022-07-10 21:00:00,6.861,6.908,6.856,6.882,89084.36505626
2022-07-10 22:00:00,6.879,6.88,6.795,6.858,251878.16354137
2022-07-10 23:00:00,6.855,6.856,6.805,6.845,163120.08956927
2022-07-11 00:00:00,6.848,6.852,6.755,6.827,227728.87474961
2022-07-11 01:00:00,6.824,6.826,6.685,6.73,368439.40277481
2022-07-11 02:00:00,6.733,6.761,6.706,6.723,232714.96841668
2022-07-11 03:00:00,6.726,6.785,6.688,6.777,259467.01630591
2022-07-11 04:00:00,6.775,6.788,6.729,6.776,169011.75675879
2022-07-11 05:00:00,6.775,6.805,6.734,6.754,153303.32955353
2022-07-11 06:00:00,6.753,6.762,6.705,6.714,294847.89927906
2022-07-11 07:00:00,6.712,6.783,6.704,6.757,199106.58270986
2022-07-11 08:00:00,6.757,6.847,6.751,6.818,254694.93133709
2022-07-11 09:00:00,6.817,6.869,6.816,6.852,196016.540543
2022-07-11 10:00:00,6.851,6.893,6.836,6.854,128651.64903377
2022-07-11 11:00:00,6.855,6.875,6.787,6.805,135924.4107911
2022-07-11 12:00:00,6.804,6.867,6.778,6.863,197015.51652229
2022-07-11 13:00:00,6.863,6.902,6.718,6.75,673133.91094826
2022-07-11 14:00:00,6.749,6.801,6.687,6.766,365426.20836462
2022-07-11 15:00:00,6.766,6.799,6.742,6.787,188463.81275468
2022-07-11 16:00:00,6.788,6.839,6.772,6.783,237987.7196595
2022-07-11 17:00:00,6.783,6.859,6.777,6.855,184043.37425783
2022-07-11 18:00:00,6.861,6.884,6.807,6.811,222515.87700361
2022-07-11 19:00:00,6.81,6.827,6.764,6.826,195587.3870835
2022-07-11 20:00:00,6.827,6.83,6.765,6.789,151368.02704723
2022-07-11 21:00:00,6.79,6.795,6.601,6.687,420311.26090146
2022-07-11 22:00:00,6.686,6.686,6.489,6.541,866342.01586985
2022-07-11 23:00:00,6.54,6.581,6.488,6.512,510654.8079721
2022-07-12 00:00:00,6.514,6.598,6.486,6.539,456834.15831629
2022-07-12 01:00:00,6.537,6.582,6.533,6.571,327934.38379345
2022-07-12 02:00:00,6.571,6.614,6.564,6.589,188839.29306897
2022-07-12 03:00:00,6.588,6.596,6.513,6.532,187429.45555913
2022-07-12 04:00:00,6.532,6.593,6.525,6.565,109613.4445316
2022-07-12 05:00:00,6.567,6.615,6.558,6.566,203953.19834731
2022-07-12 06:00:00,6.566,6.574,6.505,6.514,310496.85697518
2022-07-12 07:00:00,6.514,6.524,6.417,6.449,636290.91673806
2022-07-12 08:00:00,6.447,6.477,6.411,6.454,291013.49334403
2022-07-12 09:00:00,6.454,6.465,6.324,6.365,667646.62258964
2022-07-12 10:00:00,6.366,6.431,6.358,6.409,293578.50199229
2022-07-12 11:00:00,6.408,6.489,6.398,6.465,340789.06877374
2022-07-12 12:00:00,6.466,6.508,6.46,6.479,231904.20667872
2022-07-12 13:00:00,6.48,6.533,6.452,6.466,534151.72899257
2022-07-12 14:00:00,6.462,6.512,6.437,6.504,291431.07912576
2022-07-12 15:00:00,6.503,6.547,6.492,6.504,228239.98917286
2022-07-12 16:00:00,6.505,6.553,6.498,6.525,233612.07485351
2022-07-12 17:00:00,6.525,6.532,6.479,6.487,183758.43384776
2022-07-12 18:00:00,6.49,6.493,6.396,6.408,235215.19316202
2022-07-12 19:00:00,6.408,6.415,6.324,6.367,664582.64780596
2022-07-12 20:00:00,6.365,6.416,6.351,6.4,247973.15989591
2022-07-12 21:00:00,6.402,6.414,6.351,6.351,67813.78931164
2022-07-12 22:00:00,6.353,6.401,6.325,6.36,181582.21622394
2022-07-12 23:00:00,6.362,6.39,6.24,6.27,443353.57442774
2022-07-13 00:00:00,6.269,6.334,6.212,6.331,387415.71912308
2022-07-13 01:00:00,6.331,6.363,6.309,6.325,163489.22526926
2022-07-13 02:00:00,6.329,6.385,6.329,6.369,125655.73197275
2022-07-13 03:00:00,6.369,6.382,6.334,6.352,131820.26318667
2022-07-13 04:00:00,6.353,6.382,6.348,6.366,112520.72570715
2022-07-13 05:00:00,6.365,6.426,6.341,6.385,230785.39795604
2022-07-13 06:00:00,6.386,6.395,6.357,6.39,106621.37096651
2022-07-13 07:00:00,6.391,6.45,6.375,6.449,325638.23128002
2022-07-13 08:00:00,6.448,6.498,6.423,6.472,352642.06436373
2022-07-13 09:00:00,6.475,6.494,6.449,6.452,102835.90433065
2022-07-13 10:00:00,6.452,6.461,6.422,6.445,124021.96765426
2022-07-13 11:00:00,6.444,6.473,6.423,6.456,193322.40060874
2022-07-13 12:00:00,6.458,6.541,5.968,6.152,3246415.24603703
2022-07-13 13:00:00,6.152,6.19,6.071,6.18,1380567.25027117
2022-07-13 14:00:00,6.181,6.316,6.154,6.277,1004259.0460504
2022-07-13 15:00:00,6.278,6.303,6.214,6.228,307772.88876379
2022-07-13 16:00:00,6.228,6.281,6.169,6.275,460206.60815669
2022-07-13 17:00:00,6.276,6.391,6.271,6.348,791951.25472966
2022-07-13 18:00:00,6.35,6.351,6.293,6.324,362451.50445977
2022-07-13 19:00:00,6.323,6.34,6.273,6.277,316104.39965573
2022-07-13 20:00:00,6.275,6.298,6.265,6.277,173326.9355318
2022-07-13 21:00:00,6.277,6.362,6.268,6.346,100250.24772209
2022-07-13 22:00:00,6.347,6.402,6.323,6.334,185968.63542337
2022-07-13 23:00:00,6.337,6.478,6.334,6.454,705912.25263307
2022-07-14 00:00:00,6.453,6.496,6.426,6.46,488831.02967965
2022-07-14 01:00:00,6.459,6.5,6.437,6.493,440130.20312005
2022-07-14 02:00:00,6.493,6.508,6.448,6.473,182998.33498429
2022-07-14 03:00:00,6.475,6.492,6.45,6.454,152730.96322238
2022-07-14 04:00:00,6.454,6.479,6.404,6.409,255250.54448265
2022-07-14 05:00:00,6.41,6.497,6.408,6.488,292857.17160459
2022-07-14 06:00:00,6.487,6.502,6.442,6.488,246756.63669873
2022-07-14 07:00:00,6.486,6.493,6.42,6.428,160080.28437828
2022-07-14 08:00:00,6.427,6.444,6.337,6.341,312473.86676503
2022-07-14 09:00:00,6.341,6.362,6.284,6.362,296096.70669804
2022-07-14 10:00:00,6.359,6.385,6.33,6.359,210481.72500159
2022-07-14 11:00:00,6.358,6.369,6.293,6.336,350219.34724297
2022-07-14 12:00:00,6.336,6.377,6.283,6.366,476741.51264115
2022-07-14 13:00:00,6.365,6.382,6.282,6.33,504660.13576497
2022-07-14 14:00:00,6.329,6.4,6.304,6.385,377936.63904967
2022-07-14 15:00:00,6.386,6.538,6.38,6.521,749332.2821822
2022-07-14 16:00:00,6.523,6.57,6.482,6.503,485924.56144023
2022-07-14 17:00:00,6.503,6.716,6.487,6.688,828086.80533361
2022-07-14 18:00:00,6.689,6.732,6.676,6.706,545263.08820827
2022-07-14 19:00:00,6.705,6.754,6.66,6.706,552066.50697118
2022-07-14 20:00:00,6.711,6.75,6.694,6.73,299631.92010711
2022-07-14 21:00:00,6.732,6.735,6.66,6.67,115301.51568785
2022-07-14 22:00:00,6.671,6.688,6.63,6.669,197395.74882255
2022-07-14 23:00:00,6.669,6.737,6.657,6.714,224978.55800983
2022-07-15 00:00:00,6.712,6.745,6.645,6.657,227876.14608055
2022-07-15 01:00:00,6.655,6.768,6.652,6.76,275223.70962065
2022-07-15 02:00:00,6.759,6.799,6.674,6.692,358987.67787433
2022-07-15 03:00:00,6.692,6.719,6.666,6.708,185650.02459807
2022-07-15 04:00:00,6.708,6.733,6.663,6.696,238496.60823323
2022-07-15 05:00:00,6.697,6.732,6.665,6.729,111617.24869457
2022-07-15 06:00:00,6.729,6.755,6.7,6.733,147102.88123184
2022-07-15 07:00:00,6.732,6.787,6.703,6.776,298895.69728937
2022-07-15 08:00:00,6.775,6.843,6.769,6.789,390900.46993215
2022-07-15 09:00:00,6.789,6.917,6.789,6.872,485293.06976756
2022-07-15 10:00:00,6.87,6.931,6.86,6.905,326390.98395393
2022-07-15 11:00:00,6.908,6.927,6.824,6.83,377365.90481567
2022-07-15 12:00:00,6.831,6.933,6.799,6.912,580690.67970191
2022-07-15 13:00:00,6.909,6.934,6.836,6.86,475584.3795245
2022-07-15 14:00:00,6.861,6.924,6.854,6.89,447315.98919001
2022-07-15 15:00:00,6.884,6.912,6.816,6.816,235018.95574035
2022-07-15 16:00:00,6.815,6.837,6.743,6.786,407269.55966098
2022-07-15 17:00:00,6.786,6.863,6.763,6.769,225985.1503103
2022-07-15 18:00:00,6.769,6.902,6.765,6.895,335626.81723076
2022-07-15 19:00:00,6.898,6.946,6.843,6.937,302468.13911683
2022-07-15 20:00:00,6.938,6.984,6.804,6.835,467484.96170415
2022-07-15 21:00:00,6.836,6.877,6.798,6.862,152085.56803143
2022-07-15 22:00:00,6.863,6.882,6.826,6.876,177885.58115629
2022-07-15 23:00:00,6.877,6.882,6.769,6.793,152208.92555034
2022-07-16 00:00:00,6.79,6.808,6.684,6.702,277830.0294972
2022-07-16 01:00:00,6.7,6.751,6.69,6.738,145442.80148584
2022-07-16 02:00:00,6.739,6.751,6.679,6.729,146207.81668124
2022-07-16 03:00:00,6.732,6.754,6.72,6.747,134394.33845939
2022-07-16 04:00:00,6.748,6.758,6.702,6.741,151772.67937977
2022-07-16 05:00:00,6.741,6.749,6.677,6.685,198620.57563219
2022-07-16 06:00:00,6.685,6.685,6.612,6.636,361101.11929071
2022-07-16 07:00:00,6.635,6.646,6.555,6.581,303593.92029585
2022-07-16 08:00:00,6.579,6.631,6.573,6.599,157696.94849883
2022-07-16 09:00:00,6.598,6.616,6.586,6.601,113407.57579383
2022-07-16 10:00:00,6.596,6.633,6.581,6.608,124423.47482291
2022-07-16 11:00:00,6.609,6.636,6.598,6.612,81166.27855621
2022-07-16 12:00:00,6.61,6.686,6.605,6.66,196916.02961952
2022-07-16 13:00:00,6.661,6.728,6.655,6.712,294571.94409035
2022-07-16 14:00:00,6.71,6.72,6.666,6.699,157813.84573812
2022-07-16 15:00:00,6.704,6.839,6.701,6.831,343560.60764515
2022-07-16 16:00:00,6.831,7.136,6.829,7.111,1426303.84312155
2022-07-16 17:00:00,7.112,7.18,7.05,7.055,415197.3527087
2022-07-16 18:00:00,7.053,7.107,7.048,7.088,281661.86323447
2022-07-16 19:00:00,7.088,7.15,7.075,7.086,195629.63574555
2022-07-16 20:00:00,7.087,7.124,7.024,7.123,272493.80283805
2022-07-16 21:00:00,7.122,7.138,7.09,7.107,95333.00474852
2022-07-16 22:00:00,7.11,7.211,7.085,7.198,177245.73661977
2022-07-16 23:00:00,7.197,7.206,7.136,7.182,152028.28191058
2022-07-17 00:00:00,7.182,7.246,7.129,7.142,223020.94034839
2022-07-17 01:00:00,7.144,7.168,7.067,7.099,179270.64033485
2022-07-17 02:00:00,7.1,7.12,7.081,7.094,117009.77985994
2022-07-17 03:00:00,7.093,7.203,7.093,7.163,186799.6525985
2022-07-17 04:00:00,7.163,7.195,7.133,7.15,91760.84872201
2022-07-17 05:00:00,7.149,7.195,7.141,7.153,143482.23742427
2022-07-17 06:00:00,7.157,7.313,7.155,7.306,320448.18832696
2022-07-17 07:00:00,7.307,7.319,7.195,7.198,187425.52054549
2022-07-17 08:00:00,7.199,7.226,7.113,7.179,264471.25136622
2022-07-17 09:00:00,7.176,7.202,7.096,7.128,163731.88781202
2022-07-17 10:00:00,7.128,7.136,7.062,7.115,228774.82553211
2022-07-17 11:00:00,7.115,7.14,7.069,7.131,125500.25399734
2022-07-17 12:00:00,7.13,7.15,7.074,7.097,177130.55320604
2022-07-17 13:00:00,7.095,7.102,6.989,7.019,435917.62186341
2022-07-17 14:00:00,7.021,7.09,7.012,7.045,141043.40821036
2022-07-17 15:00:00,7.047,7.081,6.992,7.019,159363.73789952
2022-07-17 16:00:00,7.018,7.044,6.913,6.999,296768.77034655
2022-07-17 17:00:00,6.995,7.129,6.868,6.909,439128.41592244
2022-07-17 18:00:00,6.906,6.992,6.896,6.957,207365.39242454
2022-07-17 19:00:00,6.959,7.028,6.948,6.997,139294.23757756
2022-07-17 20:00:00,6.998,7.015,6.966,6.989,114418.93060605
2022-07-17 21:00:00,6.991,7.039,6.962,7.018,160578.07892002
2022-07-17 22:00:00,7.022,7.05,6.968,7.009,149619.23844312
2022-07-17 23:00:00,7.007,7.025,6.901,6.914,212239.76373426
2022-07-18 00:00:00,6.913,7.01,6.896,6.933,273915.78093724
2022-07-18 01:00:00,6.934,7.087,6.932,7.071,285736.50430354
2022-07-18 02:00:00,7.072,7.225,7.069,7.207,711048.82628294
2022-07-18 03:00:00,7.207,7.251,7.17,7.19,329135.82870456
2022-07-18 04:00:00,7.187,7.201,7.127,7.201,183950.19222416
2022-07-18 05:00:00,7.201,7.367,7.181,7.362,831862.82684369
2022-07-18 06:00:00,7.359,7.518,7.342,7.488,762519.76434446
2022-07-18 07:00:00,7.488,7.564,7.444,7.521,488190.41799087
2022-07-18 08:00:00,7.522,7.62,7.473,7.517,646608.58064113
2022-07-18 09:00:00,7.518,7.545,7.484,7.488,326018.83251438
2022-07-18 10:00:00,7.489,7.578,7.466,7.514,424975.257072
2022-07-18 11:00:00,7.515,7.562,7.384,7.436,511690.68137989
2022-07-18 12:00:00,7.437,7.515,7.356,7.509,482613.02218292
2022-07-18 13:00:00,7.51,7.605,7.494,7.525,523173.42929914
2022-07-18 14:00:00,7.525,7.558,7.458,7.558,423691.44382593
2022-07-18 15:00:00,7.557,7.719,7.551,7.673,636838.25751942
2022-07-18 16:00:00,7.673,7.677,7.457,7.511,634826.49457314
2022-07-18 17:00:00,7.508,7.515,7.355,7.366,561369.25418259
2022-07-18 18:00:00,7.368,7.421,7.319,7.329,297827.32131025
2022-07-18 19:00:00,7.328,7.373,7.235,7.317,701755.70376713
2022-07-18 20:00:00,7.32,7.365,7.278,7.285,378526.79415052
2022-07-18 21:00:00,7.283,7.374,7.257,7.343,122409.81115066
2022-07-18 22:00:00,7.349,7.444,7.311,7.427,259918.83121414
2022-07-18 23:00:00,7.428,7.714,7.413,7.647,741174.74617346
2022-07-19 00:00:00,7.646,7.98,7.573,7.868,2146965.98963269
2022-07-19 01:00:00,7.868,7.921,7.66,7.679,785926.73542188
2022-07-19 02:00:00,7.676,7.711,7.598,7.685,462460.64776702
2022-07-19 03:00:00,7.684,7.763,7.565,7.595,551311.36049186
2022-07-19 04:00:00,7.596,7.636,7.496,7.596,454005.05554425
2022-07-19 05:00:00,7.598,7.68,7.533,7.629,384364.68891239
2022-07-19 06:00:00,7.629,7.699,7.485,7.58,582114.40176153
2022-07-19 07:00:00,7.58,7.637,7.528,7.561,304284.18322608
2022-07-19 08:00:00,7.558,7.659,7.526,7.65,302408.75582889
2022-07-19 09:00:00,7.647,7.698,7.575,7.677,328550.63864438
2022-07-19 10:00:00,7.676,7.734,7.614,7.707,372056.56527206
2022-07-19 11:00:00,7.709,7.804,7.683,7.714,425537.65398707
2022-07-19 12:00:00,7.715,7.877,7.714,7.861,379700.60000726
2022-07-19 13:00:00,7.866,7.908,7.758,7.866,654034.44020169
2022-07-19 14:00:00,7.866,7.866,7.709,7.828,395109.1859007
2022-07-19 15:00:00,7.83,7.866,7.62,7.796,1155430.99306473
2022-07-19 16:00:00,7.796,8.024,7.776,7.905,1206441.76909912
2022-07-19 17:00:00,7.905,7.988,7.859,7.956,468308.43586157
2022-07-19 18:00:00,7.956,7.971,7.877,7.892,351592.7971813
2022-07-19 19:00:00,7.893,7.957,7.825,7.837,399066.41680227
2022-07-19 20:00:00,7.837,7.889,7.815,7.857,403075.15452787
2022-07-19 21:00:00,7.855,7.924,7.849,7.906,190506.93774349
2022-07-19 22:00:00,7.908,7.935,7.824,7.878,90326.65230789
2022-07-19 23:00:00,7.88,7.966,7.742,7.789,467126.56835221
2022-07-20 00:00:00,7.787,7.817,7.643,7.687,610905.8025962
2022-07-20 01:00:00,7.686,7.829,7.649,7.803,342380.83117796
2022-07-20 02:00:00,7.804,7.846,7.785,7.822,259724.20641841
2022-07-20 03:00:00,7.822,7.923,7.807,7.89,322755.8870923
2022-07-20 04:00:00,7.889,7.924,7.841,7.89,228625.24484451
2022-07-20 05:00:00,7.891,7.979,7.86,7.971,192966.68638568
2022-07-20 06:00:00,7.971,8.071,7.971,8.065,472713.48627083
2022-07-20 07:00:00,8.063,8.064,7.813,7.815,539554.27283696
2022-07-20 08:00:00,7.815,7.874,7.691,7.716,478911.44374209
2022-07-20 09:00:00,7.716,7.823,7.688,7.805,301870.86238766
2022-07-20 10:00:00,7.803,7.965,7.787,7.875,718860.61349131
2022-07-20 11:00:00,7.879,7.926,7.774,7.835,372571.21841206
2022-07-20 12:00:00,7.833,7.872,7.703,7.813,597382.73363406
2022-07-20 13:00:00,7.814,7.963,7.792,7.814,715183.11699258
2022-07-20 14:00:00,7.812,7.987,7.795,7.987,345592.52971159
2022-07-20 15:00:00,7.987,7.997,7.898,7.941,294418.49467337
2022-07-20 16:00:00,7.941,7.957,7.647,7.72,827736.93702442
2022-07-20 17:00:00,7.718,7.775,7.609,7.655,623035.86373812
2022-07-20 18:00:00,7.65,7.768,7.649,7.737,322490.16927631
2022-07-20 19:00:00,7.737,7.788,7.67,7.682,298109.14855344
2022-07-20 20:00:00,7.681,7.727,7.359,7.464,1590330.71624196
2022-07-20 21:00:00,7.47,7.655,7.443,7.626,183450.00750767
2022-07-20 22:00:00,7.626,7.627,7.462,7.462,238827.10637051
2022-07-20 23:00:00,7.462,7.528,7.392,7.465,454941.79348123
2022-07-21 00:00:00,7.465,7.546,7.416,7.461,327084.12278443
2022-07-21 01:00:00,7.461,7.521,7.385,7.408,378833.88071014
2022-07-21 02:00:00,7.408,7.455,7.213,7.223,807360.8211199
2022-07-21 03:00:00,7.22,7.283,7.188,7.251,359948.84661243
2022-07-21 04:00:00,7.255,7.309,7.173,7.282,437640.71821422
2022-07-21 05:00:00,7.284,7.331,7.261,7.311,317647.3011489
2022-07-21 06:00:00,7.312,7.327,7.256,7.274,323029.55898588
2022-07-21 07:00:00,7.271,7.409,7.268,7.358,361176.86746981
2022-07-21 08:00:00,7.357,7.382,7.301,7.351,330170.95731788
2022-07-21 09:00:00,7.352,7.411,7.344,7.408,321751.40063724
2022-07-21 10:00:00,7.408,7.43,7.324,7.329,224337.69793269
2022-07-21 11:00:00,7.33,7.359,7.268,7.317,473115.12638133
2022-07-21 12:00:00,7.315,7.434,7.286,7.392,394311.06710629
2022-07-21 13:00:00,7.392,7.399,7.324,7.351,436468.39707488
2022-07-21 14:00:00,7.349,7.368,7.223,7.292,502826.26503474
2022-07-21 15:00:00,7.293,7.336,7.29,7.323,277239.3823463
2022-07-21 16:00:00,7.321,7.492,7.316,7.486,652327.35251099
2022-07-21 17:00:00,7.486,7.519,7.397,7.419,368337.81559761
2022-07-21 18:00:00,7.421,7.47,7.418,7.453,150220.38854999
2022-07-21 19:00:00,7.457,7.547,7.451,7.54,289839.93390965
2022-07-21 20:00:00,7.538,7.589,7.512,7.525,373066.26587128
2022-07-21 21:00:00,7.524,7.552,7.506,7.539,81345.77542379
2022-07-21 22:00:00,7.54,7.547,7.453,7.492,316083.57766764
2022-07-21 23:00:00,7.492,7.566,7.479,7.523,217366.36808584
2022-07-22 00:00:00,7.522,7.634,7.48,7.612,234833.59393468
2022-07-22 01:00:00,7.613,7.637,7.521,7.533,281306.30274031
2022-07-22 02:00:00,7.529,7.544,7.429,7.435,342692.70539272
2022-07-22 03:00:00,7.437,7.476,7.407,7.437,222148.90020431
2022-07-22 04:00:00,7.437,7.475,7.364,7.467,330099.43296666
2022-07-22 05:00:00,7.467,7.55,7.42,7.547,346825.86949543
2022-07-22 06:00:00,7.546,7.654,7.529,7.643,226921.43402259
2022-07-22 07:00:00,7.639,7.714,7.591,7.671,390524.60256435
2022-07-22 08:00:00,7.671,7.774,7.638,7.746,487096.40842076
2022-07-22 09:00:00,7.747,7.844,7.742,7.797,581643.67099191
2022-07-22 10:00:00,7.797,7.841,7.744,7.746,334781.4716881
2022-07-22 11:00:00,7.746,7.804,7.739,7.803,324342.62630054
2022-07-22 12:00:00,7.803,7.829,7.746,7.756,290084.8004872
2022-07-22 13:00:00,7.756,7.786,7.647,7.66,548273.76446004
2022-07-22 14:00:00,7.662,7.731,7.594,7.71,460050.34460555
2022-07-22 15:00:00,7.71,7.718,7.501,7.518,609926.10461859
2022-07-22 16:00:00,7.518,7.562,7.492,7.546,339304.94559943
2022-07-22 17:00:00,7.543,7.59,7.471,7.533,394776.57396544
2022-07-22 18:00:00,7.532,7.594,7.5,7.584,193771.32787437
2022-07-22 19:00:00,7.582,7.61,7.303,7.329,576272.47235579
2022-07-22 20:00:00,7.329,7.332,7.256,7.282,356751.44787996
2022-07-22 21:00:00,7.282,7.339,7.269,7.323,93142.99772457
2022-07-22 22:00:00,7.325,7.376,7.275,7.36,194616.77042425
2022-07-22 23:00:00,7.359,7.369,7.268,7.286,172752.60456569
2022-07-23 00:00:00,7.286,7.381,7.205,7.37,312051.32914354
2022-07-23 01:00:00,7.371,7.409,7.367,7.387,144005.8309508
2022-07-23 02:00:00,7.386,7.451,7.334,7.343,226817.19340416
2022-07-23 03:00:00,7.347,7.391,7.33,7.351,135204.97434026
2022-07-23 04:00:00,7.353,7.489,7.35,7.44,227233.02431953
2022-07-23 05:00:00,7.44,7.484,7.406,7.416,159149.50911742
2022-07-23 06:00:00,7.416,7.458,7.396,7.433,126934.68875674
2022-07-23 07:00:00,7.431,7.451,7.366,7.403,160001.95775807
2022-07-23 08:00:00,7.402,7.45,7.294,7.309,236875.56968725
2022-07-23 09:00:00,7.308,7.363,7.296,7.331,227877.66433081
2022-07-23 10:00:00,7.333,7.378,7.241,7.289,451253.04365678
2022-07-23 11:00:00,7.29,7.294,7.159,7.161,382820.78914849
2022-07-23 12:00:00,7.157,7.262,7.13,7.238,376839.39189704
2022-07-23 13:00:00,7.24,7.286,7.22,7.264,160297.40507719
2022-07-23 14:00:00,7.267,7.294,7.164,7.212,271065.0614145
2022-07-23 15:00:00,7.211,7.27,7.197,7.248,240068.63783812
2022-07-23 16:00:00,7.246,7.275,7.212,7.223,247508.59454045
2022-07-23 17:00:00,7.222,7.248,7.124,7.135,413015.74294924
2022-07-23 18:00:00,7.138,7.175,7.088,7.122,301041.99601178
2022-07-23 19:00:00,7.12,7.217,7.081,7.201,329047.30717959
2022-07-23 20:00:00,7.202,7.282,7.191,7.277,218608.90606669
2022-07-23 21:00:00,7.276,7.288,7.237,7.244,104681.87612083
2022-07-23 22:00:00,7.245,7.365,7.239,7.336,211787.74785306
2022-07-23 23:00:00,7.335,7.369,7.312,7.32,172080.21321046
2022-07-24 00:00:00,7.319,7.393,7.319,7.341,155126.02900314
2022-07-24 01:00:00,7.346,7.399,7.302,7.344,142821.50607758
2022-07-24 02:00:00,7.344,7.536,7.312,7.467,356028.6523628
2022-07-24 03:00:00,7.466,7.476,7.335,7.342,177555.69873781
2022-07-24 04:00:00,7.338,7.396,7.331,7.377,214470.0958211
2022-07-24 05:00:00,7.375,7.49,7.369,7.461,477105.54023191
2022-07-24 06:00:00,7.466,7.494,7.45,7.456,187575.27260144
2022-07-24 07:00:00,7.457,7.479,7.449,7.457,113513.65369188
2022-07-24 08:00:00,7.456,7.546,7.446,7.505,267604.1525081
2022-07-24 09:00:00,7.505,7.53,7.469,7.479,143059.71817951
2022-07-24 10:00:00,7.479,7.5,7.37,7.412,359559.13317214
2022-07-24 11:00:00,7.415,7.536,7.405,7.443,257058.22554626
2022-07-24 12:00:00,7.441,7.47,7.342,7.361,247489.1262357
2022-07-24 13:00:00,7.362,7.401,7.336,7.37,181614.87867157
2022-07-24 14:00:00,7.371,7.449,7.32,7.44,326182.26727632
2022-07-24 15:00:00,7.439,7.485,7.422,7.483,193148.76362375
2022-07-24 16:00:00,7.483,7.488,7.383,7.4,180847.71788218
2022-07-24 17:00:00,7.401,7.465,7.377,7.438,143423.43299457
2022-07-24 18:00:00,7.439,7.439,7.381,7.404,87654.49676418
2022-07-24 19:00:00,7.403,7.437,7.381,7.42,139230.69071734
2022-07-24 20:00:00,7.419,7.467,7.403,7.423,142049.20044919
2022-07-24 21:00:00,7.423,7.515,7.412,7.494,169855.70869606
2022-07-24 22:00:00,7.494,7.575,7.403,7.415,520076.80785566
2022-07-24 23:00:00,7.415,7.472,7.35,7.396,368518.77072316
2022-07-25 00:00:00,7.395,7.443,7.085,7.155,799747.28802604
2022-07-25 01:00:00,7.153,7.153,7.054,7.106,470618.08390671
2022-07-25 02:00:00,7.104,7.121,7.031,7.07,555603.07271766
2022-07-25 03:00:00,7.071,7.071,7.01,7.055,335556.3380156
2022-07-25 04:00:00,7.055,7.104,7.007,7.099,298320.10662857
2022-07-25 05:00:00,7.098,7.109,7.075,7.104,214358.97093158
2022-07-25 06:00:00,7.104,7.107,7.052,7.083,203512.7947513
2022-07-25 07:00:00,7.082,7.12,7.062,7.102,189217.06946065
2022-07-25 08:00:00,7.101,7.156,7.064,7.14,262913.16723115
2022-07-25 09:00:00,7.139,7.176,7.128,7.136,154006.05812725
2022-07-25 10:00:00,7.134,7.183,7.12,7.169,165486.71641326
2022-07-25 11:00:00,7.165,7.191,7.128,7.131,150382.91183549
2022-07-25 12:00:00,7.132,7.135,7.069,7.114,295297.76862051
2022-07-25 13:00:00,7.111,7.112,7.022,7.073,428620.58297775
2022-07-25 14:00:00,7.074,7.087,6.957,7.05,457363.62340378
2022-07-25 15:00:00,7.051,7.066,7.0,7.053,182128.63375419
2022-07-25 16:00:00,7.052,7.089,7.017,7.069,237113.74007001
2022-07-25 17:00:00,7.068,7.112,7.014,7.022,226467.79909527
2022-07-25 18:00:00,7.018,7.061,7.001,7.025,157625.86333679
2022-07-25 19:00:00,7.026,7.026,6.822,6.951,788998.3001912
2022-07-25 20:00:00,6.948,7.078,6.932,7.037,773931.45565311
2022-07-25 21:00:00,7.032,7.041,6.979,6.988,149984.33433402
2022-07-25 22:00:00,6.986,6.989,6.874,6.917,677732.66554342
2022-07-25 23:00:00,6.918,6.933,6.721,6.748,885639.64217705
2022-07-26 00:00:00,6.749,6.763,6.642,6.655,953870.00722533
2022-07-26 01:00:00,6.655,6.732,6.639,6.684,562767.18502415
2022-07-26 02:00:00,6.683,6.717,6.681,6.688,234258.40716713
2022-07-26 03:00:00,6.689,6.716,6.596,6.711,653299.4690765
2022-07-26 04:00:00,6.711,6.757,6.69,6.695,291914.08587111
2022-07-26 05:00:00,6.698,6.705,6.657,6.676,248915.5970623
2022-07-26 06:00:00,6.676,6.685,6.615,6.627,263157.34809724
2022-07-26 07:00:00,6.626,6.684,6.623,6.66,271645.25566332
2022-07-26 08:00:00,6.658,6.71,6.642,6.677,299680.56158503
2022-07-26 09:00:00,6.677,6.717,6.659,6.696,239947.04249106
2022-07-26 10:00:00,6.695,6.713,6.656,6.671,160268.7011824
2022-07-26 11:00:00,6.673,6.7,6.609,6.671,237324.20801293
2022-07-26 12:00:00,6.669,6.714,6.579,6.608,425024.35116742
2022-07-26 13:00:00,6.61,6.615,6.528,6.61,521497.70392483
2022-07-26 14:00:00,6.609,6.648,6.563,6.624,351389.25171231
2022-07-26 15:00:00,6.624,6.628,6.522,6.542,327434.00158564
2022-07-26 16:00:00,6.543,6.628,6.54,6.624,225387.92834713
2022-07-26 17:00:00,6.624,6.641,6.569,6.57,300676.65149465
2022-07-26 18:00:00,6.57,6.602,6.534,6.567,200477.7238815
2022-07-26 19:00:00,6.568,6.597,6.517,6.592,199012.23311011
2022-07-26 20:00:00,6.588,6.656,6.555,6.646,333991.77047552
2022-07-26 21:00:00,6.646,6.708,6.59,6.639,190115.34799698
2022-07-26 22:00:00,6.639,6.723,6.634,6.711,293203.37386636
2022-07-26 23:00:00,6.711,6.786,6.688,6.771,394892.11909229
2022-07-27 00:00:00,6.771,6.791,6.696,6.728,375768.87403816
2022-07-27 01:00:00,6.728,6.745,6.673,6.676,173919.73784874
2022-07-27 02:00:00,6.677,6.709,6.655,6.703,214698.99686628
2022-07-27 03:00:00,6.704,6.709,6.645,6.658,220340.57647832
2022-07-27 04:00:00,6.659,6.721,6.659,6.71,135908.89586769
2022-07-27 05:00:00,6.71,6.79,6.704,6.776,203210.49784284
2022-07-27 06:00:00,6.776,6.787,6.733,6.768,175178.88964118
2022-07-27 07:00:00,6.766,6.843,6.762,6.799,370066.15664829
2022-07-27 08:00:00,6.799,6.844,6.776,6.783,280906.36737552
2022-07-27 09:00:00,6.78,6.79,6.753,6.758,143293.93282841
2022-07-27 10:00:00,6.759,6.791,6.743,6.755,229066.66925634
2022-07-27 11:00:00,6.752,6.785,6.707,6.72,196410.90582029
2022-07-27 12:00:00,6.723,6.84,6.705,6.818,298031.96912108
2022-07-27 13:00:00,6.821,6.86,6.75,6.85,415812.66852644
2022-07-27 14:00:00,6.851,6.867,6.811,6.827,247365.83981854
2022-07-27 15:00:00,6.826,6.834,6.789,6.814,225567.13855856
2022-07-27 16:00:00,6.814,6.892,6.718,6.739,412044.69117634
2022-07-27 17:00:00,6.741,6.89,6.719,6.865,547701.17006263
2022-07-27 18:00:00,6.866,7.194,6.866,7.155,2344172.79939257
2022-07-27 19:00:00,7.154,7.278,7.154,7.243,1011365.17352576
2022-07-27 20:00:00,7.245,7.285,7.234,7.257,494820.90969953
2022-07-27 21:00:00,7.259,7.317,7.226,7.29,183882.5010484
2022-07-27 22:00:00,7.29,7.352,7.287,7.328,500669.20645561
2022-07-27 23:00:00,7.326,7.708,7.316,7.675,1144386.12332004
2022-07-28 00:00:00,7.675,7.8,7.658,7.732,950209.80802374
2022-07-28 01:00:00,7.733,7.783,7.716,7.762,391645.23701874
2022-07-28 02:00:00,7.759,7.936,7.747,7.849,985336.26883463
2022-07-28 03:00:00,7.848,7.877,7.689,7.702,502425.26510537
2022-07-28 04:00:00,7.703,7.754,7.665,7.668,368806.82115655
2022-07-28 05:00:00,7.668,7.734,7.63,7.725,363894.62441702
2022-07-28 06:00:00,7.724,7.735,7.636,7.676,304120.98783945
2022-07-28 07:00:00,7.678,7.678,7.563,7.57,404644.36750599
2022-07-28 08:00:00,7.568,7.612,7.522,7.601,372774.93137722
2022-07-28 09:00:00,7.602,7.627,7.539,7.573,251854.05608876
2022-07-28 10:00:00,7.573,7.675,7.564,7.608,373346.7129877
2022-07-28 11:00:00,7.612,7.686,7.602,7.677,298724.15911995
2022-07-28 12:00:00,7.678,7.678,7.455,7.615,1256887.29706421
2022-07-28 13:00:00,7.618,7.722,7.48,7.537,852396.04568862
2022-07-28 14:00:00,7.536,7.663,7.514,7.66,404843.3464506
2022-07-28 15:00:00,7.66,7.962,7.628,7.857,1761887.44860595
2022-07-28 16:00:00,7.858,7.945,7.819,7.838,641900.85470858
2022-07-28 17:00:00,7.839,7.954,7.836,7.91,601072.16258466
2022-07-28 18:00:00,7.91,7.973,7.821,7.9,646909.11661514
2022-07-28 19:00:00,7.901,7.931,7.845,7.89,371833.94859778
2022-07-28 20:00:00,7.89,8.069,7.873,7.988,821037.6921393
2022-07-28 21:00:00,7.988,8.0,7.856,7.922,285444.52440199
2022-07-28 22:00:00,7.92,7.942,7.86,7.901,321705.11831548
2022-07-28 23:00:00,7.9,7.907,7.822,7.852,243032.90857426
2022-07-29 00:00:00,7.852,8.036,7.756,7.983,838826.50287279
2022-07-29 01:00:00,7.985,7.986,7.847,7.882,271440.50397142
2022-07-29 02:00:00,7.882,7.945,7.834,7.88,313551.11304103
2022-07-29 03:00:00,7.879,8.17,7.86,8.128,651013.08432104
2022-07-29 04:00:00,8.128,8.245,8.113,8.194,664546.70917817
2022-07-29 05:00:00,8.192,8.239,8.1,8.162,328429.79663861
2022-07-29 06:00:00,8.162,8.203,7.999,8.034,567399.36267736
2022-07-29 07:00:00,8.032,8.066,7.926,7.992,385285.05353913
2022-07-29 08:00:00,7.992,8.038,7.878,8.013,501658.70307012
2022-07-29 09:00:00,8.019,8.123,7.968,8.115,339298.94059446
2022-07-29 10:00:00,8.115,8.143,8.025,8.092,465129.60256975
2022-07-29 11:00:00,8.089,8.134,7.809,7.909,804721.67351938
2022-07-29 12:00:00,7.908,7.939,7.77,7.835,801624.46139513
2022-07-29 13:00:00,7.836,8.051,7.821,8.035,713213.26961106
2022-07-29 14:00:00,8.036,8.333,8.019,8.196,1568925.51493268
2022-07-29 15:00:00,8.196,8.289,8.136,8.251,670988.34163525
2022-07-29 16:00:00,8.252,8.256,8.029,8.148,731386.52800954
2022-07-29 17:00:00,8.148,8.164,7.981,8.137,323457.05236443
2022-07-29 18:00:00,8.141,8.262,8.121,8.219,523933.68093053
2022-07-29 19:00:00,8.221,8.287,8.152,8.218,426169.33804069
2022-07-29 20:00:00,8.216,8.285,8.18,8.246,357036.20894142
2022-07-29 21:00:00,8.246,8.278,8.136,8.221,177956.73078143
2022-07-29 22:00:00,8.222,8.374,8.182,8.334,381110.88610117
2022-07-29 23:00:00,8.334,8.415,8.144,8.181,559460.39942034
2022-07-30 00:00:00,8.181,8.338,8.165,8.297,343677.41278866
2022-07-30 01:00:00,8.298,8.361,8.152,8.34,450319.82220502
2022-07-30 02:00:00,8.34,8.377,8.192,8.371,417929.53144299
2022-07-30 03:00:00,8.367,8.442,8.334,8.381,500038.51143393
2022-07-30 04:00:00,8.38,8.392,8.223,8.274,391173.03008983
2022-07-30 05:00:00,8.275,8.322,8.256,8.301,149955.62073119
2022-07-30 06:00:00,8.299,8.416,8.284,8.395,199689.98415322
2022-07-30 07:00:00,8.393,8.521,8.385,8.459,292718.72372056
2022-07-30 08:00:00,8.46,8.839,8.442,8.761,997876.69982524
2022-07-30 09:00:00,8.761,8.796,8.611,8.644,398176.88048852
2022-07-30 10:00:00,8.647,8.649,8.518,8.588,337608.85534369
2022-07-30 11:00:00,8.587,8.708,8.587,8.63,242435.79675607
2022-07-30 12:00:00,8.629,8.699,8.6,8.638,386132.2016129
2022-07-30 13:00:00,8.637,8.703,8.605,8.655,483444.91509684
2022-07-30 14:00:00,8.653,8.698,8.51,8.549,320493.68126571
2022-07-30 15:00:00,8.551,8.699,8.526,8.653,337891.78921415
2022-07-30 16:00:00,8.653,8.667,8.568,8.662,217998.67368354
2022-07-30 17:00:00,8.662,8.804,8.623,8.702,388115.04193643
2022-07-30 18:00:00,8.702,8.718,8.642,8.66,112878.0134489
2022-07-30 19:00:00,8.659,8.669,8.409,8.448,488695.03085759
2022-07-30 20:00:00,8.438,8.482,8.372,8.408,341470.73053885
2022-07-30 21:00:00,8.407,8.423,8.315,8.321,160238.81190701
2022-07-30 22:00:00,8.316,8.316,8.173,8.267,458348.60862497
2022-07-30 23:00:00,8.266,8.288,8.15,8.206,235563.70453099
2022-07-31 00:00:00,8.206,8.315,8.151,8.305,193004.66222654
2022-07-31 01:00:00,8.305,8.349,8.236,8.244,238853.64006375
2022-07-31 02:00:00,8.243,8.327,8.202,8.23,254686.00234388
2022-07-31 03:00:00,8.23,8.247,8.16,8.185,223084.14211813
2022-07-31 04:00:00,8.187,8.276,8.187,8.265,157201.18430206
2022-07-31 05:00:00,8.265,8.296,8.214,8.217,164932.84388358
2022-07-31 06:00:00,8.218,8.3,8.215,8.288,158653.56924801
2022-07-31 07:00:00,8.289,8.332,8.234,8.249,121960.19009026
2022-07-31 08:00:00,8.248,8.259,8.067,8.115,376660.86890964
2022-07-31 09:00:00,8.113,8.241,8.086,8.241,126825.19738473
2022-07-31 10:00:00,8.242,8.339,8.204,8.322,172801.93634067
2022-07-31 11:00:00,8.326,8.352,8.266,8.307,201857.03658435
2022-07-31 12:00:00,8.308,8.387,8.26,8.364,207979.70501693
2022-07-31 13:00:00,8.363,8.377,8.267,8.314,249900.88721297
2022-07-31 14:00:00,8.306,8.392,8.251,8.321,307240.98474283
2022-07-31 15:00:00,8.323,8.37,8.289,8.361,170473.42284835
2022-07-31 16:00:00,8.366,8.997,8.328,8.91,1288531.23324316
2022-07-31 17:00:00,8.909,9.105,8.869,9.041,545961.3209281
2022-07-31 18:00:00,9.043,9.197,8.796,8.969,1073650.67559705
2022-07-31 19:00:00,8.969,9.142,8.947,8.993,312844.36772302
2022-07-31 20:00:00,8.992,9.123,8.986,9.071,256186.26722147
2022-07-31 21:00:00,9.069,9.197,8.92,8.95,318667.62931825
2022-07-31 22:00:00,8.954,8.967,8.645,8.749,650650.28990294
2022-07-31 23:00:00,8.755,8.761,8.612,8.618,305782.90154815
2022-08-01 00:00:00,8.616,8.764,8.567,8.763,383028.30593851
2022-08-01 01:00:00,8.758,8.927,8.707,8.864,308943.77033595
2022-08-01 02:00:00,8.864,8.99,8.827,8.864,308141.49018452
2022-08-01 03:00:00,8.86,8.923,8.758,8.912,177251.16659041
2022-08-01 04:00:00,8.91,8.938,8.821,8.918,191521.65870988
2022-08-01 05:00:00,8.914,8.937,8.717,8.743,287844.34426436
2022-08-01 06:00:00,8.743,8.754,8.616,8.657,268944.80979256
2022-08-01 07:00:00,8.654,8.826,8.601,8.799,279275.70676786
2022-08-01 08:00:00,8.8,8.838,8.702,8.717,258233.67159392
2022-08-01 09:00:00,8.716,8.747,8.658,8.677,187528.30848731
2022-08-01 10:00:00,8.678,8.682,8.409,8.424,563099.86623319
2022-08-01 11:00:00,8.422,8.497,8.361,8.491,441678.39255609
2022-08-01 12:00:00,8.492,8.532,8.37,8.392,295023.84470706
2022-08-01 13:00:00,8.392,8.519,8.269,8.492,651440.54725799
2022-08-01 14:00:00,8.486,8.593,8.452,8.556,452604.9719268
2022-08-01 15:00:00,8.558,8.561,8.44,8.458,175624.91053609
2022-08-01 16:00:00,8.457,8.472,8.297,8.302,289859.07320778
2022-08-01 17:00:00,8.306,8.307,8.11,8.125,686623.98631471
2022-08-01 18:00:00,8.122,8.197,8.078,8.182,292364.76268516
2022-08-01 19:00:00,8.184,8.211,8.138,8.187,238443.95946945
2022-08-01 20:00:00,8.182,8.237,8.145,8.219,135968.46453972
2022-08-01 21:00:00,8.221,8.228,8.132,8.162,61477.38581622
2022-08-01 22:00:00,8.161,8.244,8.024,8.217,381215.13696312
2022-08-01 23:00:00,8.221,8.261,8.113,8.175,262851.63203548
2022-08-02 00:00:00,8.178,8.273,8.105,8.122,334826.39778472
2022-08-02 01:00:00,8.118,8.178,7.933,7.969,449426.89846279
2022-08-02 02:00:00,7.968,8.018,7.848,7.885,518621.00546811
2022-08-02 03:00:00,7.883,7.883,7.677,7.694,623174.68240538
2022-08-02 04:00:00,7.692,7.767,7.66,7.766,383869.23719912
2022-08-02 05:00:00,7.764,7.818,7.743,7.781,205458.75528929
2022-08-02 06:00:00,7.782,7.868,7.775,7.825,172258.29427771
2022-08-02 07:00:00,7.827,7.832,7.736,7.824,215919.57417352
2022-08-02 08:00:00,7.822,7.825,7.742,7.771,176034.1179831
2022-08-02 09:00:00,7.771,7.801,7.708,7.763,266741.16251345
2022-08-02 10:00:00,7.763,7.938,7.736,7.9,371159.05169725
2022-08-02 11:00:00,7.899,7.97,7.867,7.897,317827.93689382
2022-08-02 12:00:00,7.895,7.913,7.756,7.797,298306.79471714
2022-08-02 13:00:00,7.796,7.88,7.781,7.825,328617.97894036
2022-08-02 14:00:00,7.828,8.073,7.747,8.048,762734.0327972
2022-08-02 15:00:00,8.047,8.094,7.912,8.003,407779.05001816
2022-08-02 16:00:00,8.003,8.22,7.993,8.174,513422.48388949
2022-08-02 17:00:00,8.173,8.191,7.971,8.007,298760.81036168
2022-08-02 18:00:00,8.008,8.067,7.933,7.938,215010.23767923
2022-08-02 19:00:00,7.943,7.992,7.872,7.928,219505.92822997
2022-08-02 20:00:00,7.929,7.994,7.916,7.976,220111.57680512
2022-08-02 21:00:00,7.976,8.021,7.877,8.012,100229.64830332
2022-08-02 22:00:00,8.013,8.029,7.956,7.999,222673.67552536
2022-08-02 23:00:00,7.999,8.033,7.901,7.923,315351.91735446
2022-08-03 00:00:00,7.923,7.971,7.667,7.716,703399.39753231
2022-08-03 01:00:00,7.717,7.897,7.693,7.856,373540.75959388
2022-08-03 02:00:00,7.859,7.883,7.79,7.82,225550.32129911
2022-08-03 03:00:00,7.818,7.921,7.798,7.908,233417.264406
2022-08-03 04:00:00,7.908,7.955,7.882,7.933,218078.72399209
2022-08-03 05:00:00,7.933,8.003,7.906,7.981,216737.31487126
2022-08-03 06:00:00,7.985,8.043,7.98,8.016,198999.76402685
2022-08-03 07:00:00,8.016,8.021,7.964,7.987,113449.53605133
2022-08-03 08:00:00,7.987,8.079,7.987,8.068,241838.05840041
2022-08-03 09:00:00,8.067,8.177,8.067,8.13,241984.14511379
2022-08-03 10:00:00,8.129,8.18,8.111,8.13,190715.8977298
2022-08-03 11:00:00,8.132,8.177,8.098,8.151,163390.23569079
2022-08-03 12:00:00,8.153,8.291,8.151,8.216,477767.53851093
2022-08-03 13:00:00,8.217,8.26,8.177,8.222,258973.63945544
2022-08-03 14:00:00,8.22,8.277,8.138,8.197,214657.8281604
2022-08-03 15:00:00,8.198,8.327,8.167,8.274,274708.88904443
2022-08-03 16:00:00,8.272,8.403,8.252,8.351,300200.2519517
2022-08-03 17:00:00,8.352,8.391,8.327,8.358,185476.53247273
2022-08-03 18:00:00,8.357,8.386,8.317,8.376,132158.53089652
2022-08-03 19:00:00,8.378,8.412,8.327,8.378,155633.83388425
2022-08-03 20:00:00,8.378,8.443,8.321,8.337,260458.43978046
2022-08-03 21:00:00,8.338,8.393,8.283,8.291,151138.48646351
2022-08-03 22:00:00,8.293,8.301,8.087,8.112,289633.40608276
2022-08-03 23:00:00,8.11,8.112,7.95,7.987,383343.23494404
2022-08-04 00:00:00,7.988,8.146,7.97,8.134,270777.5572099
2022-08-04 01:00:00,8.132,8.243,8.129,8.184,177887.22044185
2022-08-04 02:00:00,8.186,8.218,8.139,8.195,170407.92962458
2022-08-04 03:00:00,8.193,8.233,8.109,8.182,158059.93586536
2022-08-04 04:00:00,8.183,8.25,8.169,8.235,153772.99125525
2022-08-04 05:00:00,8.232,8.271,8.202,8.224,161904.20379019
2022-08-04 06:00:00,8.223,8.253,7.968,8.121,422685.92994453
2022-08-04 07:00:00,8.12,8.151,8.074,8.09,118809.50044094
2022-08-04 08:00:00,8.09,8.11,8.001,8.02,257620.37450679
2022-08-04 09:00:00,8.018,8.078,8.002,8.072,180407.60100254
2022-08-04 10:00:00,8.073,8.11,8.019,8.044,177915.42031768
2022-08-04 11:00:00,8.042,8.075,8.01,8.05,134956.6249845
2022-08-04 12:00:00,8.048,8.083,7.969,8.047,262411.18616972
2022-08-04 13:00:00,8.048,8.24,8.027,8.175,332187.83404782
2022-08-04 14:00:00,8.174,8.216,8.036,8.127,310770.32747196
2022-08-04 15:00:00,8.13,8.152,8.077,8.134,178544.26808212
2022-08-04 16:00:00,8.139,8.203,7.875,7.913,524042.35095488
2022-08-04 17:00:00,7.914,8.013,7.911,8.011,153895.6690997
2022-08-04 18:00:00,8.013,8.067,7.91,7.984,352155.38704094
2022-08-04 19:00:00,7.983,8.04,7.919,7.957,184521.1412919
2022-08-04 20:00:00,7.956,8.03,7.956,8.014,127513.41867049
2022-08-04 21:00:00,8.015,8.049,7.968,7.971,66122.32999796
2022-08-04 22:00:00,7.972,8.074,7.947,8.051,209891.36704317
2022-08-04 23:00:00,8.05,8.102,8.043,8.092,143770.5382279
2022-08-05 00:00:00,8.09,8.176,8.07,8.121,259101.7306491
2022-08-05 01:00:00,8.124,8.289,8.119,8.285,243889.54194125
2022-08-05 02:00:00,8.286,8.365,8.273,8.312,282724.431147
2022-08-05 03:00:00,8.315,8.413,8.303,8.38,263407.03795248
2022-08-05 04:00:00,8.378,8.439,8.371,8.412,222571.32832036
2022-08-05 05:00:00,8.413,8.423,8.348,8.406,170965.40614938
2022-08-05 06:00:00,8.402,8.517,8.402,8.452,273962.12319023
2022-08-05 07:00:00,8.452,8.459,8.346,8.366,151981.57894564
2022-08-05 08:00:00,8.366,8.419,8.346,8.39,174209.72864016
2022-08-05 09:00:00,8.387,8.406,8.356,8.378,173841.34898215
2022-08-05 10:00:00,8.377,8.438,8.348,8.396,131379.70178799
2022-08-05 11:00:00,8.4,8.539,8.377,8.522,267380.60326758
2022-08-05 12:00:00,8.521,8.55,8.302,8.348,579109.63983522
2022-08-05 13:00:00,8.342,8.393,8.263,8.366,256341.43585566
2022-08-05 14:00:00,8.366,8.508,8.356,8.445,401352.32443313
2022-08-05 15:00:00,8.444,8.458,8.351,8.37,172349.90541544
2022-08-05 16:00:00,8.368,8.435,8.336,8.429,170368.80153909
2022-08-05 17:00:00,8.431,8.583,8.428,8.523,386625.79474772
2022-08-05 18:00:00,8.52,8.677,8.468,8.492,292390.3544345
2022-08-05 19:00:00,8.492,8.572,8.481,8.516,114807.8408774
2022-08-05 20:00:00,8.51,8.572,8.475,8.553,91314.00668039
2022-08-05 21:00:00,8.553,8.7,8.553,8.629,170194.65753921
2022-08-05 22:00:00,8.63,8.783,8.622,8.761,299230.37060432
2022-08-05 23:00:00,8.764,8.83,8.721,8.801,209069.94265287
2022-08-06 00:00:00,8.799,8.824,8.629,8.641,264945.86213081
2022-08-06 01:00:00,8.643,8.704,8.598,8.631,181715.49342418
2022-08-06 02:00:00,8.629,8.704,8.621,8.698,100830.60888124
2022-08-06 03:00:00,8.701,8.711,8.621,8.634,109525.9703486
2022-08-06 04:00:00,8.637,8.667,8.624,8.644,78991.65187035
2022-08-06 05:00:00,8.646,8.765,8.637,8.728,159048.42853333
2022-08-06 06:00:00,8.729,8.731,8.661,8.709,79016.73457011
2022-08-06 07:00:00,8.709,8.807,8.709,8.775,137832.95106629
2022-08-06 08:00:00,8.779,8.875,8.705,8.712,233199.83603118
2022-08-06 09:00:00,8.708,8.748,8.682,8.725,84943.4565839
2022-08-06 10:00:00,8.724,8.783,8.714,8.717,69508.56965148
2022-08-06 11:00:00,8.72,8.746,8.653,8.677,77636.82454877
2022-08-06 12:00:00,8.682,8.71,8.637,8.66,123128.99002251
2022-08-06 13:00:00,8.661,8.728,8.657,8.706,83215.48191754
2022-08-06 14:00:00,8.704,8.746,8.679,8.727,123941.50667888
2022-08-06 15:00:00,8.728,8.774,8.653,8.695,209197.04928588
2022-08-06 16:00:00,8.696,8.728,8.635,8.637,131757.15078193
2022-08-06 17:00:00,8.637,8.7,8.528,8.621,247981.35519321
2022-08-06 18:00:00,8.621,8.67,8.565,8.648,135159.317284
2022-08-06 19:00:00,8.647,8.652,8.568,8.615,93956.43013054
2022-08-06 20:00:00,8.616,8.624,8.548,8.594,104090.61694227
2022-08-06 21:00:00,8.597,8.614,8.581,8.605,33512.88861169
2022-08-06 22:00:00,8.607,8.622,8.569,8.582,51712.3352835
2022-08-06 23:00:00,8.58,8.585,8.48,8.516,179477.46307429
2022-08-07 00:00:00,8.516,8.561,8.337,8.39,227575.96425699
2022-08-07 01:00:00,8.39,8.48,8.354,8.466,170615.07219643
2022-08-07 02:00:00,8.469,8.549,8.461,8.542,77719.64453149
2022-08-07 03:00:00,8.546,8.566,8.508,8.522,107671.14816735
2022-08-07 04:00:00,8.523,8.562,8.478,8.481,97387.64845901
2022-08-07 05:00:00,8.482,8.502,8.415,8.439,128662.87141078
2022-08-07 06:00:00,8.439,8.472,8.432,8.469,76818.13936948
2022-08-07 07:00:00,8.469,8.488,8.448,8.478,70776.69560973
2022-08-07 08:00:00,8.48,8.485,8.417,8.431,165892.91374791
2022-08-07 09:00:00,8.432,8.461,8.403,8.459,106988.05622575
2022-08-07 10:00:00,8.457,8.499,8.437,8.495,52835.0186328
2022-08-07 11:00:00,8.494,8.532,8.473,8.532,95509.44720058
2022-08-07 12:00:00,8.532,8.605,8.51,8.589,200438.59320696
2022-08-07 13:00:00,8.589,8.629,8.568,8.596,188876.27956318
2022-08-07 14:00:00,8.594,8.611,8.531,8.587,129959.04145063
2022-08-07 15:00:00,8.585,8.59,8.529,8.543,83800.8785287
2022-08-07 16:00:00,8.546,8.934,8.506,8.757,605263.86244886
2022-08-07 17:00:00,8.759,8.806,8.742,8.747,233479.75587705
2022-08-07 18:00:00,8.747,8.78,8.732,8.768,99877.1705342
2022-08-07 19:00:00,8.769,8.776,8.738,8.755,50999.90358696
2022-08-07 20:00:00,8.759,8.819,8.759,8.799,112732.66832467
2022-08-07 21:00:00,8.803,8.837,8.771,8.801,107324.40665242
2022-08-07 22:00:00,8.804,8.814,8.703,8.72,235795.2191201
2022-08-07 23:00:00,8.723,8.73,8.583,8.647,316920.52266629
2022-08-08 00:00:00,8.648,8.794,8.63,8.764,345386.45603289
2022-08-08 01:00:00,8.762,8.777,8.703,8.748,203747.06052683
2022-08-08 02:00:00,8.745,8.857,8.717,8.827,223288.30159909
2022-08-08 03:00:00,8.828,8.835,8.777,8.781,109449.36311475
2022-08-08 04:00:00,8.782,8.81,8.773,8.782,102770.91609631
2022-08-08 05:00:00,8.782,8.862,8.777,8.845,203875.75807614
2022-08-08 06:00:00,8.845,8.956,8.813,8.928,492592.04837646
2022-08-08 07:00:00,8.93,9.096,8.882,9.063,295054.11833821
2022-08-08 08:00:00,9.059,9.292,9.057,9.223,863633.02906236
2022-08-08 09:00:00,9.223,9.365,9.223,9.303,592278.22246213
2022-08-08 10:00:00,9.301,9.363,9.251,9.347,210278.12964292
2022-08-08 11:00:00,9.346,9.387,9.3,9.328,230771.25493258
2022-08-08 12:00:00,9.327,9.352,9.264,9.304,325036.75831553
2022-08-08 13:00:00,9.303,9.362,9.235,9.33,271715.75864838
2022-08-08 14:00:00,9.33,9.34,9.182,9.202,251079.08658221
2022-08-08 15:00:00,9.199,9.238,9.13,9.19,332742.04612741
2022-08-08 16:00:00,9.189,9.273,9.085,9.221,253884.60177411
2022-08-08 17:00:00,9.212,9.276,9.196,9.261,119853.18096025
2022-08-08 18:00:00,9.261,9.292,9.188,9.278,190315.0049327
2022-08-08 19:00:00,9.28,9.297,9.212,9.267,87410.63613729
2022-08-08 20:00:00,9.26,9.359,9.258,9.34,137374.66335047
2022-08-08 21:00:00,9.34,9.342,9.152,9.23,160617.94056826
2022-08-08 22:00:00,9.228,9.322,9.053,9.32,358403.28471645
2022-08-08 23:00:00,9.322,9.342,9.236,9.271,243375.29456941
2022-08-09 00:00:00,9.267,9.466,9.181,9.272,459870.88713239
2022-08-09 01:00:00,9.265,9.292,9.12,9.135,799170.32900355
2022-08-09 02:00:00,9.138,9.194,9.106,9.187,126635.41941192
2022-08-09 03:00:00,9.187,9.209,9.176,9.201,58156.94742211
2022-08-09 04:00:00,9.203,9.261,9.176,9.254,85276.39116853
2022-08-09 05:00:00,9.255,9.269,9.192,9.221,119093.23822511
2022-08-09 06:00:00,9.224,9.224,9.072,9.137,209818.2753603
2022-08-09 07:00:00,9.137,9.191,9.11,9.151,198594.87543939
2022-08-09 08:00:00,9.152,9.153,9.033,9.043,235624.12792838
2022-08-09 09:00:00,9.041,9.077,8.909,8.909,566641.62802828
2022-08-09 10:00:00,8.911,8.98,8.856,8.894,496487.80786602
2022-08-09 11:00:00,8.896,8.966,8.831,8.879,371063.69707266
2022-08-09 12:00:00,8.878,8.987,8.855,8.969,272745.37983316
2022-08-09 13:00:00,8.971,9.053,8.831,8.86,508706.4929677
2022-08-09 14:00:00,8.856,8.868,8.651,8.706,758457.35885127
2022-08-09 15:00:00,8.706,8.769,8.663,8.694,367613.60774105
2022-08-09 16:00:00,8.694,8.769,8.673,8.753,245496.21211506
2022-08-09 17:00:00,8.754,8.793,8.721,8.766,245388.78577475
2022-08-09 18:00:00,8.766,8.812,8.727,8.787,139336.50231302
2022-08-09 19:00:00,8.787,8.811,8.759,8.773,143290.92418327
2022-08-09 20:00:00,8.771,8.892,8.767,8.873,141798.38263325
2022-08-09 21:00:00,8.874,8.964,8.869,8.907,104961.31597211
2022-08-09 22:00:00,8.907,8.94,8.854,8.907,183076.73264918
2022-08-09 23:00:00,8.902,8.961,8.872,8.898,194694.70182677
2022-08-10 00:00:00,8.894,8.922,8.555,8.624,829097.75784584
2022-08-10 01:00:00,8.622,8.739,8.617,8.657,332998.26536771
2022-08-10 02:00:00,8.655,8.68,8.543,8.634,302201.75657966
2022-08-10 03:00:00,8.634,8.663,8.594,8.615,218291.43594973
2022-08-10 04:00:00,8.618,8.696,8.609,8.673,235047.55917842
2022-08-10 05:00:00,8.672,8.698,8.626,8.645,148604.82830968
2022-08-10 06:00:00,8.643,8.656,8.57,8.642,177006.32848699
2022-08-10 07:00:00,8.641,8.724,8.632,8.687,187510.17406929
2022-08-10 08:00:00,8.687,8.757,8.674,8.75,169804.36021777
2022-08-10 09:00:00,8.755,8.764,8.684,8.712,157025.63916318
2022-08-10 10:00:00,8.712,8.721,8.672,8.702,122712.5768675
2022-08-10 11:00:00,8.701,8.796,8.685,8.779,237995.38477868
2022-08-10 12:00:00,8.779,9.319,8.705,9.265,2404813.36154533
2022-08-10 13:00:00,9.264,9.487,9.201,9.474,1300553.34766783
2022-08-10 14:00:00,9.476,9.608,9.43,9.575,700142.85876885
2022-08-10 15:00:00,9.573,9.643,9.523,9.524,443307.70515236
2022-08-10 16:00:00,9.525,9.632,9.514,9.538,354811.21950862
2022-08-10 17:00:00,9.544,9.612,9.499,9.584,283398.61561997
2022-08-10 18:00:00,9.585,9.614,9.436,9.485,363516.16279033
2022-08-10 19:00:00,9.484,9.583,9.484,9.5,242899.98205674
2022-08-10 20:00:00,9.5,9.592,9.5,9.577,279132.77249075
2022-08-10 21:00:00,9.57,9.608,9.509,9.569,176519.54381548
2022-08-10 22:00:00,9.57,9.589,9.465,9.469,194376.64159411
2022-08-10 23:00:00,9.472,9.528,9.44,9.527,211366.99116127
2022-08-11 00:00:00,9.525,9.573,9.444,9.551,299026.31364727
2022-08-11 01:00:00,9.552,9.647,9.539,9.613,445288.56681588
2022-08-11 02:00:00,9.614,9.623,9.452,9.491,339716.73337664
2022-08-11 03:00:00,9.492,9.52,9.439,9.48,264210.24906223
2022-08-11 04:00:00,9.485,9.52,9.457,9.512,231665.31876153
2022-08-11 05:00:00,9.51,9.524,9.408,9.47,328190.34453948
2022-08-11 06:00:00,9.471,9.497,9.435,9.467,239666.86325015
2022-08-11 07:00:00,9.465,9.521,9.317,9.378,359189.17912945
2022-08-11 08:00:00,9.38,9.444,9.344,9.434,226062.46384991
2022-08-11 09:00:00,9.431,9.431,9.335,9.335,175391.83157177
2022-08-11 10:00:00,9.335,9.369,9.301,9.338,186203.43612986
2022-08-11 11:00:00,9.341,9.418,9.333,9.373,230563.41486402
2022-08-11 12:00:00,9.374,9.56,9.369,9.521,659519.77295698
2022-08-11 13:00:00,9.519,9.525,9.381,9.481,370858.9714836
2022-08-11 14:00:00,9.481,9.522,9.27,9.348,496385.84575555
2022-08-11 15:00:00,9.352,9.373,9.25,9.273,364262.25497076
2022-08-11 16:00:00,9.274,9.334,9.256,9.325,244567.59867512
2022-08-11 17:00:00,9.326,9.364,9.302,9.337,168175.45589433
2022-08-11 18:00:00,9.336,9.337,9.202,9.276,320031.30233004
2022-08-11 19:00:00,9.276,9.303,9.213,9.297,158927.1461444
2022-08-11 20:00:00,9.303,9.321,9.251,9.3,166166.19166266
2022-08-11 21:00:00,9.298,9.314,9.221,9.291,102034.66759506
2022-08-11 22:00:00,9.287,9.287,9.174,9.181,274976.58873882
2022-08-11 23:00:00,9.178,9.216,9.124,9.196,330113.11994977
2022-08-12 00:00:00,9.196,9.217,9.032,9.18,397443.70945906
2022-08-12 01:00:00,9.179,9.222,9.141,9.181,158959.40817359
2022-08-12 02:00:00,9.178,9.282,9.099,9.23,191333.18973706
2022-08-12 03:00:00,9.232,9.266,9.212,9.243,138539.99438369
2022-08-12 04:00:00,9.243,9.274,9.206,9.206,96730.92872629
2022-08-12 05:00:00,9.206,9.253,9.184,9.193,101022.01220603
2022-08-12 06:00:00,9.195,9.217,9.108,9.165,192082.15036592
2022-08-12 07:00:00,9.164,9.225,9.134,9.225,104345.33601562
2022-08-12 08:00:00,9.225,9.309,9.206,9.256,242522.19001541
2022-08-12 09:00:00,9.252,9.367,9.252,9.313,289980.5693778
2022-08-12 10:00:00,9.314,9.367,9.106,9.118,307246.60908737
2022-08-12 11:00:00,9.118,9.161,9.043,9.102,327253.93954459
2022-08-12 12:00:00,9.104,9.237,9.097,9.228,286913.89038309
2022-08-12 13:00:00,9.227,9.302,9.183,9.289,476481.1288013
2022-08-12 14:00:00,9.288,9.354,9.243,9.293,326223.39020123
2022-08-12 15:00:00,9.292,9.476,9.283,9.377,398413.72669784
2022-08-12 16:00:00,9.378,9.434,9.339,9.341,202051.98441054
2022-08-12 17:00:00,9.344,9.369,9.32,9.342,101977.43375124
2022-08-12 18:00:00,9.34,9.463,9.334,9.404,262393.96228793
2022-08-12 19:00:00,9.405,9.449,9.382,9.409,192190.23066525
2022-08-12 20:00:00,9.403,9.438,9.307,9.415,195372.00616396
2022-08-12 21:00:00,9.415,9.423,9.326,9.342,111458.13677515
2022-08-12 22:00:00,9.346,9.419,9.329,9.394,137923.78847454
2022-08-12 23:00:00,9.39,9.497,9.372,9.478,303740.01621357
2022-08-13 00:00:00,9.48,9.481,9.395,9.469,170960.1283995
2022-08-13 01:00:00,9.471,9.52,9.432,9.464,226270.06667548
2022-08-13 02:00:00,9.465,9.507,9.421,9.504,144446.83001803
2022-08-13 03:00:00,9.503,9.591,9.468,9.571,430653.16041943
2022-08-13 04:00:00,9.574,9.605,9.524,9.547,245921.83675663
2022-08-13 05:00:00,9.543,9.554,9.514,9.541,110377.37171771
2022-08-13 06:00:00,9.539,9.678,9.506,9.531,372141.6370599
2022-08-13 07:00:00,9.533,9.567,9.466,9.477,135675.83118187
2022-08-13 08:00:00,9.472,9.553,9.443,9.459,187324.60491384
2022-08-13 09:00:00,9.459,9.544,9.427,9.525,167228.1811475
2022-08-13 10:00:00,9.524,9.533,9.471,9.512,177623.29413657
2022-08-13 11:00:00,9.514,9.523,9.436,9.5,105079.41461903
2022-08-13 12:00:00,9.496,9.496,9.404,9.484,96076.92369445
2022-08-13 13:00:00,9.482,9.502,9.438,9.467,85333.61479039
2022-08-13 14:00:00,9.464,9.499,9.449,9.471,130369.612612
2022-08-13 15:00:00,9.472,9.541,9.451,9.478,148578.0020708
2022-08-13 16:00:00,9.478,9.519,9.464,9.487,91149.23208126
2022-08-13 17:00:00,9.491,9.499,9.453,9.493,89959.94703854
2022-08-13 18:00:00,9.5,9.501,9.391,9.432,143712.66062741
2022-08-13 19:00:00,9.433,9.433,9.336,9.345,206542.16340486
2022-08-13 20:00:00,9.345,9.408,9.321,9.396,107009.58358896
2022-08-13 21:00:00,9.392,9.41,9.373,9.381,37023.87310149
2022-08-13 22:00:00,9.384,9.404,9.277,9.291,145976.57515011
2022-08-13 23:00:00,9.289,9.318,9.249,9.3,132840.41176883
2022-08-14 00:00:00,9.302,9.336,9.219,9.315,138886.88918068
2022-08-14 01:00:00,9.311,9.379,9.237,9.367,181047.65084923
2022-08-14 02:00:00,9.366,9.383,9.326,9.36,110491.04555514
2022-08-14 03:00:00,9.357,9.369,9.321,9.348,110579.27329708
2022-08-14 04:00:00,9.351,9.424,9.321,9.38,127419.67068278
2022-08-14 05:00:00,9.384,9.451,9.368,9.421,73453.59718988
2022-08-14 06:00:00,9.421,9.479,9.421,9.478,85477.10611834
2022-08-14 07:00:00,9.479,9.558,9.477,9.501,244089.42861795
2022-08-14 08:00:00,9.499,9.521,9.416,9.463,175441.94707405
2022-08-14 09:00:00,9.458,9.486,9.442,9.48,97279.30262499
2022-08-14 10:00:00,9.481,9.481,9.407,9.416,88240.9769066
2022-08-14 11:00:00,9.418,9.435,9.341,9.364,93330.20636661
2022-08-14 12:00:00,9.364,9.364,9.264,9.293,194577.00527964
2022-08-14 13:00:00,9.29,9.29,9.108,9.165,265304.45574631
2022-08-14 14:00:00,9.167,9.188,9.123,9.147,134644.83638844
2022-08-14 15:00:00,9.146,9.188,9.114,9.186,106716.8273162
2022-08-14 16:00:00,9.186,9.214,8.938,8.938,472919.32081964
2022-08-14 17:00:00,8.941,8.965,8.819,8.909,412701.50867982
2022-08-14 18:00:00,8.911,8.978,8.854,8.973,222303.10928728
2022-08-14 19:00:00,8.969,8.989,8.936,8.959,106046.59773176
2022-08-14 20:00:00,8.956,8.984,8.93,8.941,122186.90900366
2022-08-14 21:00:00,8.939,9.022,8.931,8.98,82199.00433645
2022-08-14 22:00:00,8.978,9.022,8.881,8.971,254718.44878698
2022-08-14 23:00:00,8.972,9.011,8.931,8.948,221582.96812785
2022-08-15 00:00:00,8.951,9.067,8.874,9.061,319214.28210362
2022-08-15 01:00:00,9.061,9.129,8.994,9.121,317510.69239994
2022-08-15 02:00:00,9.12,9.337,9.099,9.292,572451.62258208
2022-08-15 03:00:00,9.294,9.381,9.229,9.264,421213.40272346
2022-08-15 04:00:00,9.265,9.288,9.171,9.189,260806.32996586
2022-08-15 05:00:00,9.189,9.24,9.104,9.141,235202.25363043
2022-08-15 06:00:00,9.141,9.147,8.812,8.84,669744.94488913
2022-08-15 07:00:00,8.839,8.849,8.711,8.745,375288.60924143
2022-08-15 08:00:00,8.745,8.833,8.686,8.822,419100.81814984
2022-08-15 09:00:00,8.823,8.859,8.743,8.859,252373.75640683
2022-08-15 10:00:00,8.86,8.868,8.798,8.865,193376.6273705
2022-08-15 11:00:00,8.867,8.893,8.767,8.784,225776.19430765
2022-08-15 12:00:00,8.784,8.856,8.711,8.743,207025.15828626
2022-08-15 13:00:00,8.747,8.911,8.732,8.894,321873.78913164
2022-08-15 14:00:00,8.896,8.903,8.816,8.847,257149.45315877
2022-08-15 15:00:00,8.845,8.93,8.81,8.917,257949.98012475
2022-08-15 16:00:00,8.917,8.955,8.867,8.941,219807.54589102
2022-08-15 17:00:00,8.943,8.962,8.828,8.838,216723.59535219
2022-08-15 18:00:00,8.839,8.851,8.785,8.806,155454.99263927
2022-08-15 19:00:00,8.806,8.852,8.757,8.78,171636.71992954
2022-08-15 20:00:00,8.784,8.83,8.761,8.799,169118.54688225
2022-08-15 21:00:00,8.801,8.844,8.762,8.78,106449.22889614
2022-08-15 22:00:00,8.782,8.839,8.71,8.719,249548.29882621
2022-08-15 23:00:00,8.719,8.814,8.615,8.783,638184.90507506
2022-08-16 00:00:00,8.782,8.862,8.72,8.852,350240.53976995
2022-08-16 01:00:00,8.855,8.894,8.803,8.811,278801.98810147
2022-08-16 02:00:00,8.811,8.825,8.73,8.746,212663.90623767
2022-08-16 03:00:00,8.746,8.833,8.632,8.795,445062.77540315
2022-08-16 04:00:00,8.797,8.827,8.732,8.733,215898.81338141
2022-08-16 05:00:00,8.732,8.74,8.639,8.694,237300.77087127
2022-08-16 06:00:00,8.695,8.723,8.68,8.707,169707.29062756
2022-08-16 07:00:00,8.707,8.755,8.701,8.753,109537.51776889
2022-08-16 08:00:00,8.753,8.757,8.706,8.725,139623.09934204
2022-08-16 09:00:00,8.725,8.879,8.717,8.846,201227.53629825
2022-08-16 10:00:00,8.846,8.856,8.8,8.812,145911.63452448
2022-08-16 11:00:00,8.819,8.9,8.808,8.864,202201.4620306
2022-08-16 12:00:00,8.863,8.952,8.792,8.809,283673.79129476
2022-08-16 13:00:00,8.809,8.823,8.689,8.727,331838.57852539
2022-08-16 14:00:00,8.727,8.739,8.636,8.697,398736.34544805
2022-08-16 15:00:00,8.698,8.813,8.677,8.796,242048.91540793
2022-08-16 16:00:00,8.796,8.809,8.673,8.77,296211.67657751
2022-08-16 17:00:00,8.771,8.809,8.73,8.778,200951.17555144
2022-08-16 18:00:00,8.779,8.912,8.693,8.803,537532.92533335
2022-08-16 19:00:00,8.804,8.938,8.786,8.843,321241.32361241
2022-08-16 20:00:00,8.841,8.899,8.814,8.898,230503.45897648
2022-08-16 21:00:00,8.895,8.932,8.82,8.865,120237.43035836
2022-08-16 22:00:00,8.866,8.903,8.772,8.833,166397.86606766
2022-08-16 23:00:00,8.832,8.882,8.776,8.831,280132.2262846
2022-08-17 00:00:00,8.831,8.997,8.816,8.959,430239.4425883
2022-08-17 01:00:00,8.961,8.993,8.905,8.913,327068.64392406
2022-08-17 02:00:00,8.915,9.027,8.87,8.959,280916.03091216
2022-08-17 03:00:00,8.958,9.0,8.948,8.959,159229.38102445
2022-08-17 04:00:00,8.96,9.075,8.96,9.064,206168.78401695
2022-08-17 05:00:00,9.065,9.101,9.033,9.091,249814.73221182
2022-08-17 06:00:00,9.092,9.168,9.09,9.125,351738.65033527
2022-08-17 07:00:00,9.126,9.134,8.805,8.817,763465.35879441
2022-08-17 08:00:00,8.817,8.901,8.8,8.851,284651.55211271
2022-08-17 09:00:00,8.85,8.9,8.843,8.865,188531.79387299
2022-08-17 10:00:00,8.862,8.862,8.749,8.78,271518.43536871
2022-08-17 11:00:00,8.779,8.795,8.72,8.755,175843.29295625
2022-08-17 12:00:00,8.751,8.752,8.483,8.585,831621.06219787
2022-08-17 13:00:00,8.583,8.585,8.291,8.408,1023860.71632021
2022-08-17 14:00:00,8.408,8.462,8.315,8.35,514736.10904042
2022-08-17 15:00:00,8.348,8.453,8.34,8.393,330492.60275504
2022-08-17 16:00:00,8.394,8.469,8.361,8.44,388462.18175128
2022-08-17 17:00:00,8.44,8.476,8.4,8.472,331361.96452388
2022-08-17 18:00:00,8.472,8.528,8.375,8.459,516377.39737802
2022-08-17 19:00:00,8.46,8.487,8.362,8.407,268299.74959632
2022-08-17 20:00:00,8.407,8.5,8.37,8.494,278863.39216454
2022-08-17 21:00:00,8.49,8.49,8.328,8.424,284419.66979614
2022-08-17 22:00:00,8.425,8.425,8.347,8.357,286445.97150183
2022-08-17 23:00:00,8.358,8.383,8.312,8.367,282377.89439984
2022-08-18 00:00:00,8.37,8.415,8.256,8.394,518410.69984528
2022-08-18 01:00:00,8.391,8.483,8.363,8.462,312186.54380675
2022-08-18 02:00:00,8.455,8.477,8.408,8.462,313131.00145161
2022-08-18 03:00:00,8.461,8.473,8.397,8.419,305844.20228973
2022-08-18 04:00:00,8.419,8.433,8.372,8.394,253891.58238723
2022-08-18 05:00:00,8.396,8.467,8.381,8.423,233919.12792348
2022-08-18 06:00:00,8.42,8.459,8.412,8.441,187764.23451126
2022-08-18 07:00:00,8.441,8.501,8.426,8.483,221167.14292487
2022-08-18 08:00:00,8.483,8.49,8.405,8.478,233254.04122831
2022-08-18 09:00:00,8.484,8.488,8.401,8.47,250573.47724364
2022-08-18 10:00:00,8.47,8.514,8.44,8.44,294411.989069
2022-08-18 11:00:00,8.44,8.492,8.437,8.483,175902.03025727
2022-08-18 12:00:00,8.485,8.559,8.462,8.544,325427.37932903
2022-08-18 13:00:00,8.545,8.596,8.465,8.49,336161.14898979
2022-08-18 14:00:00,8.493,8.511,8.439,8.467,196202.96551642
2022-08-18 15:00:00,8.463,8.512,8.425,8.489,211825.79045567
2022-08-18 16:00:00,8.489,8.5,8.376,8.417,343964.39147814
2022-08-18 17:00:00,8.416,8.457,8.36,8.372,293540.55244513
2022-08-18 18:00:00,8.369,8.396,8.292,8.379,364042.79574785
2022-08-18 19:00:00,8.377,8.411,8.367,8.374,208257.4186759
2022-08-18 20:00:00,8.372,8.445,8.343,8.437,243467.97143091
2022-08-18 21:00:00,8.44,8.443,8.39,8.413,138705.60472981
2022-08-18 22:00:00,8.411,8.427,8.343,8.344,359306.23405504
2022-08-18 23:00:00,8.342,8.372,7.965,8.08,2459334.20814775
2022-08-19 00:00:00,8.08,8.09,7.841,7.901,1450404.13033446
2022-08-19 01:00:00,7.899,7.921,7.748,7.801,1068557.94614945
2022-08-19 02:00:00,7.801,7.874,7.781,7.825,507256.89510246
2022-08-19 03:00:00,7.821,7.838,7.773,7.797,377915.00190003
2022-08-19 04:00:00,7.796,7.832,7.765,7.824,258668.4547138
2022-08-19 05:00:00,7.823,7.864,7.816,7.855,181555.73711922
2022-08-19 06:00:00,7.854,7.856,7.246,7.399,2193290.06031179
2022-08-19 07:00:00,7.398,7.536,7.386,7.513,770989.882761
2022-08-19 08:00:00,7.515,7.519,7.432,7.466,543505.74458308
2022-08-19 09:00:00,7.467,7.514,7.429,7.492,377008.99328363
2022-08-19 10:00:00,7.491,7.6,7.473,7.519,559908.92773845
2022-08-19 11:00:00,7.518,7.524,7.359,7.478,898519.35706214
2022-08-19 12:00:00,7.478,7.53,7.368,7.515,804809.90704066
2022-08-19 13:00:00,7.51,7.529,7.447,7.461,472917.91127282
2022-08-19 14:00:00,7.462,7.565,7.462,7.478,413008.88227045
2022-08-19 15:00:00,7.477,7.541,7.462,7.526,303530.91834636
2022-08-19 16:00:00,7.525,7.677,7.506,7.605,670744.95706967
2022-08-19 17:00:00,7.606,7.622,7.476,7.511,382126.00886929
2022-08-19 18:00:00,7.511,7.524,7.471,7.483,292957.18889756
2022-08-19 19:00:00,7.485,7.555,7.393,7.491,478715.4920783
2022-08-19 20:00:00,7.488,7.519,7.396,7.45,302231.329217
2022-08-19 21:00:00,7.451,7.498,7.256,7.313,334811.34204947
2022-08-19 22:00:00,7.314,7.429,7.267,7.317,570981.4793032
2022-08-19 23:00:00,7.318,7.459,7.22,7.299,957601.53208443
2022-08-20 00:00:00,7.297,7.469,7.267,7.284,742805.25830394
2022-08-20 01:00:00,7.284,7.411,7.283,7.349,326134.3882037
2022-08-20 02:00:00,7.351,7.435,7.343,7.383,296282.53552323
2022-08-20 03:00:00,7.383,7.42,7.356,7.402,336655.15374698
2022-08-20 04:00:00,7.401,7.469,7.369,7.452,613364.35578048
2022-08-20 05:00:00,7.451,7.454,7.367,7.389,446698.26237437
2022-08-20 06:00:00,7.388,7.485,7.388,7.481,397316.32634083
2022-08-20 07:00:00,7.484,7.513,7.449,7.48,392543.87179068
2022-08-20 08:00:00,7.48,7.483,7.415,7.421,237406.11226304
2022-08-20 09:00:00,7.42,7.454,7.394,7.439,211214.26299191
2022-08-20 10:00:00,7.438,7.445,7.385,7.436,161184.10872916
2022-08-20 11:00:00,7.433,7.441,7.408,7.41,120826.94166449
2022-08-20 12:00:00,7.41,7.432,7.376,7.396,346931.48294868
2022-08-20 13:00:00,7.396,7.434,7.384,7.422,208902.25473308
2022-08-20 14:00:00,7.423,7.445,7.387,7.407,182494.28083269
2022-08-20 15:00:00,7.407,7.419,7.365,7.412,262334.24919307
2022-08-20 16:00:00,7.411,7.43,7.346,7.351,302476.06268733
2022-08-20 17:00:00,7.351,7.376,7.284,7.309,372160.11789795
2022-08-20 18:00:00,7.307,7.344,7.143,7.188,604778.06542775
2022-08-20 19:00:00,7.189,7.215,7.078,7.138,738866.97615815
2022-08-20 20:00:00,7.141,7.264,7.028,7.049,531509.16728565
2022-08-20 21:00:00,7.052,7.21,7.028,7.203,324202.96867646
2022-08-20 22:00:00,7.203,7.271,7.186,7.219,323975.84046535
2022-08-20 23:00:00,7.218,7.264,7.17,7.221,237628.82386413
2022-08-21 00:00:00,7.222,7.288,7.2,7.2,240338.53712463
2022-08-21 01:00:00,7.2,7.297,7.199,7.287,173587.81543744
2022-08-21 02:00:00,7.287,7.299,7.254,7.268,176337.36959462
2022-08-21 03:00:00,7.267,7.268,7.195,7.223,183243.86366802
2022-08-21 04:00:00,7.223,7.272,7.207,7.221,122732.00680806
2022-08-21 05:00:00,7.223,7.269,7.2,7.261,217576.41341164
2022-08-21 06:00:00,7.261,7.269,7.163,7.183,371528.62392334
2022-08-21 07:00:00,7.186,7.392,7.172,7.37,480317.82525602
2022-08-21 08:00:00,7.369,7.496,7.311,7.347,592448.32561335
2022-08-21 09:00:00,7.347,7.425,7.329,7.39,290763.58996717
2022-08-21 10:00:00,7.39,7.432,7.366,7.401,408558.00678194
2022-08-21 11:00:00,7.398,7.451,7.39,7.438,265769.73500037
2022-08-21 12:00:00,7.438,7.462,7.385,7.386,192789.87668854
2022-08-21 13:00:00,7.385,7.402,7.362,7.368,241241.47448806
2022-08-21 14:00:00,7.369,7.405,7.336,7.386,218610.85432542
2022-08-21 15:00:00,7.386,7.407,7.36,7.392,136016.23754512
2022-08-21 16:00:00,7.392,7.469,7.361,7.437,230341.21328051
2022-08-21 17:00:00,7.442,7.473,7.406,7.422,193220.05904081
2022-08-21 18:00:00,7.421,7.434,7.39,7.426,235121.03041877
2022-08-21 19:00:00,7.425,7.442,7.405,7.431,213012.22431098
2022-08-21 20:00:00,7.432,7.527,7.392,7.432,393064.13161711
2022-08-21 21:00:00,7.431,7.526,7.429,7.453,255838.67366303
2022-08-21 22:00:00,7.451,7.478,7.293,7.437,686744.57213382
2022-08-21 23:00:00,7.441,7.484,7.418,7.432,254940.78187607
2022-08-22 00:00:00,7.432,7.439,7.34,7.378,324825.80468953
2022-08-22 01:00:00,7.379,7.386,7.334,7.366,253579.6106835
2022-08-22 02:00:00,7.363,7.389,7.339,7.382,170954.80183208
2022-08-22 03:00:00,7.377,7.393,7.327,7.332,203285.25422593
2022-08-22 04:00:00,7.327,7.373,7.284,7.359,289929.25775392
2022-08-22 05:00:00,7.356,7.372,7.324,7.351,260753.22494292
2022-08-22 06:00:00,7.352,7.352,7.196,7.221,481851.71843243
2022-08-22 07:00:00,7.22,7.25,7.105,7.131,658995.62258917
2022-08-22 08:00:00,7.13,7.132,6.986,7.124,981992.05111717
2022-08-22 09:00:00,7.124,7.159,7.084,7.14,329092.40928138
2022-08-22 10:00:00,7.139,7.253,7.114,7.204,281611.80297716
2022-08-22 11:00:00,7.203,7.223,7.146,7.164,248538.36252111
2022-08-22 12:00:00,7.166,7.195,7.088,7.118,409941.26568827
2022-08-22 13:00:00,7.121,7.2,7.057,7.17,571451.92101226
2022-08-22 14:00:00,7.169,7.218,7.101,7.129,447928.74423999
2022-08-22 15:00:00,7.13,7.285,7.123,7.262,457222.1671687
2022-08-22 16:00:00,7.261,7.304,7.208,7.229,280464.02096661
2022-08-22 17:00:00,7.231,7.239,7.206,7.217,229440.22630296
2022-08-22 18:00:00,7.218,7.218,7.133,7.176,284453.66234314
2022-08-22 19:00:00,7.178,7.212,7.166,7.198,160396.52336753
2022-08-22 20:00:00,7.2,7.319,7.2,7.284,380452.52893053
2022-08-22 21:00:00,7.284,7.293,7.232,7.252,184450.99346254
2022-08-22 22:00:00,7.252,7.332,7.238,7.289,228584.75414347
2022-08-22 23:00:00,7.292,7.409,7.283,7.399,337064.28333883
2022-08-23 00:00:00,7.4,7.43,7.36,7.381,337723.94326988
2022-08-23 01:00:00,7.384,7.439,7.382,7.399,195515.0594306
2022-08-23 02:00:00,7.399,7.429,7.38,7.427,167014.77224094
2022-08-23 03:00:00,7.43,7.46,7.387,7.392,145942.27834031
2022-08-23 04:00:00,7.394,7.426,7.393,7.402,130892.95184878
2022-08-23 05:00:00,7.402,7.413,7.193,7.2,375451.2836087
2022-08-23 06:00:00,7.196,7.289,7.181,7.281,189992.4298222
2022-08-23 07:00:00,7.284,7.388,7.273,7.388,245126.26453312
2022-08-23 08:00:00,7.388,7.622,7.387,7.587,671023.4850215
2022-08-23 09:00:00,7.587,7.711,7.517,7.652,562863.13604322
2022-08-23 10:00:00,7.653,7.666,7.594,7.613,255828.42744516
2022-08-23 11:00:00,7.612,7.642,7.567,7.621,304842.51828779
2022-08-23 12:00:00,7.624,7.653,7.534,7.538,241172.97644943
2022-08-23 13:00:00,7.535,7.627,7.505,7.6,353636.59617066
2022-08-23 14:00:00,7.601,7.68,7.562,7.572,318286.60839253
2022-08-23 15:00:00,7.572,7.62,7.543,7.586,245351.89431422
2022-08-23 16:00:00,7.585,7.587,7.516,7.565,226825.30283893
2022-08-23 17:00:00,7.561,7.596,7.537,7.541,115180.52360873
2022-08-23 18:00:00,7.541,7.644,7.53,7.612,238063.73386084
2022-08-23 19:00:00,7.612,7.633,7.59,7.615,117785.1002031
2022-08-23 20:00:00,7.618,7.656,7.574,7.606,192469.96234489
2022-08-23 21:00:00,7.607,7.622,7.578,7.611,78528.42083819
2022-08-23 22:00:00,7.612,7.69,7.602,7.615,234277.77770652
2022-08-23 23:00:00,7.617,7.683,7.605,7.635,300882.48351421
2022-08-24 00:00:00,7.636,7.68,7.506,7.554,412686.38691479
2022-08-24 01:00:00,7.556,7.578,7.427,7.479,378688.77185115
2022-08-24 02:00:00,7.478,7.534,7.431,7.441,235199.27063552
2022-08-24 03:00:00,7.441,7.475,7.425,7.463,285899.99133929
2022-08-24 04:00:00,7.462,7.518,7.451,7.511,114095.01544228
2022-08-24 05:00:00,7.508,7.567,7.502,7.525,213545.3056849
2022-08-24 06:00:00,7.526,7.549,7.492,7.544,149144.05105777
2022-08-24 07:00:00,7.543,7.567,7.411,7.47,362842.79760678
2022-08-24 08:00:00,7.473,7.542,7.47,7.518,298328.35666031
2022-08-24 09:00:00,7.518,7.552,7.517,7.531,149856.82068239
2022-08-24 10:00:00,7.53,7.623,7.527,7.561,292194.50469036
2022-08-24 11:00:00,7.563,7.624,7.556,7.594,210497.22278155
2022-08-24 12:00:00,7.592,7.609,7.544,7.578,160400.65332482
2022-08-24 13:00:00,7.577,7.583,7.502,7.532,146933.93156974
2022-08-24 14:00:00,7.525,7.593,7.507,7.538,141821.95248283
2022-08-24 15:00:00,7.539,7.681,7.537,7.66,268163.85917184
2022-08-24 16:00:00,7.662,7.772,7.637,7.721,507005.28614434
2022-08-24 17:00:00,7.722,7.737,7.651,7.699,150118.72758409
2022-08-24 18:00:00,7.699,7.714,7.661,7.673,122116.90459481
2022-08-24 19:00:00,7.675,7.734,7.657,7.663,146681.99234876
2022-08-24 20:00:00,7.663,7.707,7.655,7.686,92403.76180648
2022-08-24 21:00:00,7.687,7.717,7.645,7.663,77325.1959313
2022-08-24 22:00:00,7.665,7.684,7.598,7.608,286320.32840534
2022-08-24 23:00:00,7.607,7.653,7.549,7.56,258291.86423912
2022-08-25 00:00:00,7.558,7.645,7.542,7.628,279199.56638176
2022-08-25 01:00:00,7.63,7.695,7.616,7.647,275277.51606058
2022-08-25 02:00:00,7.645,7.65,7.601,7.612,116577.18523974
2022-08-25 03:00:00,7.61,7.645,7.526,7.552,233532.68464288
2022-08-25 04:00:00,7.552,7.592,7.545,7.585,77259.31529132
2022-08-25 05:00:00,7.587,7.608,7.565,7.592,118546.77122219
2022-08-25 06:00:00,7.595,7.743,7.593,7.735,458103.60884352
2022-08-25 07:00:00,7.735,7.761,7.698,7.73,374478.26940222
2022-08-25 08:00:00,7.729,7.743,7.697,7.705,143380.77262819
2022-08-25 09:00:00,7.702,7.724,7.663,7.684,197037.59157462
2022-08-25 10:00:00,7.678,7.69,7.632,7.632,115777.28341565
2022-08-25 11:00:00,7.635,7.689,7.629,7.678,120595.8626055
2022-08-25 12:00:00,7.676,7.7,7.611,7.632,224644.65594828
2022-08-25 13:00:00,7.631,7.644,7.567,7.621,242824.56630184
2022-08-25 14:00:00,7.627,7.669,7.599,7.614,125605.79478571
2022-08-25 15:00:00,7.613,7.623,7.45,7.53,316313.00318019
2022-08-25 16:00:00,7.53,7.536,7.482,7.515,188126.84374991
2022-08-25 17:00:00,7.511,7.58,7.495,7.558,188017.7630091
2022-08-25 18:00:00,7.558,7.57,7.52,7.54,62333.35808764
2022-08-25 19:00:00,7.541,7.589,7.537,7.585,59284.0656072
2022-08-25 20:00:00,7.584,7.622,7.569,7.616,66531.35420622
2022-08-25 21:00:00,7.618,7.641,7.581,7.596,42594.85089242
2022-08-25 22:00:00,7.599,7.611,7.547,7.551,130512.77325336
2022-08-25 23:00:00,7.553,7.607,7.513,7.577,134961.1888131
2022-08-26 00:00:00,7.576,7.577,7.463,7.496,377600.35814234
2022-08-26 01:00:00,7.492,7.542,7.485,7.521,183181.83750771
2022-08-26 02:00:00,7.521,7.565,7.519,7.563,112693.11368011
2022-08-26 03:00:00,7.566,7.572,7.541,7.554,83831.84032508
2022-08-26 04:00:00,7.55,7.566,7.52,7.53,102455.86269277
2022-08-26 05:00:00,7.527,7.535,7.373,7.428,360858.80089115
2022-08-26 06:00:00,7.423,7.478,7.419,7.43,110893.72861312
2022-08-26 07:00:00,7.43,7.442,7.361,7.438,252635.20154411
2022-08-26 08:00:00,7.438,7.472,7.407,7.431,228100.92382144
2022-08-26 09:00:00,7.435,7.495,7.429,7.462,244614.28949685
2022-08-26 10:00:00,7.462,7.465,7.402,7.412,216005.21730879
2022-08-26 11:00:00,7.412,7.426,7.288,7.378,713914.57599406
2022-08-26 12:00:00,7.378,7.605,7.343,7.594,840855.43263414
2022-08-26 13:00:00,7.596,7.678,7.515,7.578,545662.57316948
2022-08-26 14:00:00,7.581,7.634,7.36,7.364,2090367.10861873
2022-08-26 15:00:00,7.361,7.364,7.124,7.19,1528557.92907402
2022-08-26 16:00:00,7.191,7.203,7.067,7.147,848617.60170451
2022-08-26 17:00:00,7.146,7.156,7.085,7.094,303377.34157799
2022-08-26 18:00:00,7.095,7.112,7.018,7.091,767371.43062278
2022-08-26 19:00:00,7.09,7.11,7.066,7.089,248879.1584061
2022-08-26 20:00:00,7.089,7.13,7.087,7.103,143192.84170494
2022-08-26 21:00:00,7.099,7.141,7.08,7.113,90017.6759409
2022-08-26 22:00:00,7.109,7.114,6.967,7.032,408913.79152369
2022-08-26 23:00:00,7.033,7.044,6.858,6.918,997250.83227754
2022-08-27 00:00:00,6.92,6.983,6.869,6.937,436384.71132196
2022-08-27 01:00:00,6.938,6.971,6.925,6.948,218739.34053818
2022-08-27 02:00:00,6.947,6.984,6.886,6.941,405148.5699606
2022-08-27 03:00:00,6.935,6.964,6.906,6.932,217161.23681954
2022-08-27 04:00:00,6.933,6.954,6.901,6.915,164180.1875547
2022-08-27 05:00:00,6.914,6.921,6.791,6.915,515718.87183158
2022-08-27 06:00:00,6.909,6.973,6.901,6.959,219940.25781353
2022-08-27 07:00:00,6.959,7.038,6.941,7.031,286511.20505771
2022-08-27 08:00:00,7.035,7.036,6.991,7.005,254624.06798524
2022-08-27 09:00:00,7.002,7.018,6.977,6.995,194060.70225884
2022-08-27 10:00:00,6.993,7.061,6.992,7.025,454118.64723635
2022-08-27 11:00:00,7.023,7.043,6.994,7.024,221004.77001828
2022-08-27 12:00:00,7.024,7.032,6.997,7.012,109906.57969585
2022-08-27 13:00:00,7.012,7.065,6.966,7.01,263755.88534435
2022-08-27 14:00:00,7.015,7.051,6.971,6.976,256900.4751151
2022-08-27 15:00:00,6.976,7.013,6.9,6.976,462148.76409027
2022-08-27 16:00:00,6.976,7.037,6.891,7.032,476729.77848294
2022-08-27 17:00:00,7.032,7.064,6.998,7.006,327510.6466592
2022-08-27 18:00:00,7.005,7.026,6.97,6.979,192383.69445423
2022-08-27 19:00:00,6.976,7.038,6.968,7.019,232058.14895205
2022-08-27 20:00:00,7.02,7.039,6.995,7.037,195236.36617753
2022-08-27 21:00:00,7.04,7.048,6.983,6.984,133989.6075916
2022-08-27 22:00:00,6.982,7.098,6.976,7.053,392094.13408668
2022-08-27 23:00:00,7.052,7.072,7.036,7.04,242357.33166284
2022-08-28 00:00:00,7.04,7.049,6.969,7.047,240937.9161684
2022-08-28 01:00:00,7.049,7.099,7.035,7.06,227827.19544389
2022-08-28 02:00:00,7.061,7.123,7.04,7.044,218066.14974721
2022-08-28 03:00:00,7.044,7.064,7.02,7.031,144924.03747309
2022-08-28 04:00:00,7.03,7.041,7.01,7.037,132565.60612107
2022-08-28 05:00:00,7.038,7.057,7.007,7.057,157142.28553642
2022-08-28 06:00:00,7.058,7.074,7.041,7.048,199237.57033665
2022-08-28 07:00:00,7.049,7.112,7.039,7.084,207693.39338707
2022-08-28 08:00:00,7.083,7.107,7.041,7.074,201084.69577549
2022-08-28 09:00:00,7.072,7.082,7.05,7.072,101375.49086368
2022-08-28 10:00:00,7.069,7.102,7.036,7.072,212047.51638479
2022-08-28 11:00:00,7.072,7.086,7.027,7.062,239007.82793519
2022-08-28 12:00:00,7.066,7.079,7.008,7.018,350372.52728027
2022-08-28 13:00:00,7.018,7.058,7.012,7.033,186067.00604276
2022-08-28 14:00:00,7.032,7.059,6.943,7.021,403183.22992845
2022-08-28 15:00:00,7.022,7.085,7.016,7.078,224520.78328084
2022-08-28 16:00:00,7.077,7.147,7.045,7.053,391496.23412665
2022-08-28 17:00:00,7.05,7.101,7.05,7.064,231534.88160701
2022-08-28 18:00:00,7.066,7.107,7.066,7.1,130007.22233503
2022-08-28 19:00:00,7.102,7.116,7.05,7.063,193542.51169558
2022-08-28 20:00:00,7.061,7.098,7.059,7.071,209710.32748139
2022-08-28 21:00:00,7.07,7.089,7.008,7.027,138616.36771081
2022-08-28 22:00:00,7.026,7.032,6.957,6.986,610920.7876767
2022-08-28 23:00:00,6.985,6.986,6.807,6.857,927984.56312281
2022-08-29 00:00:00,6.856,6.897,6.777,6.854,614013.93276721
2022-08-29 01:00:00,6.852,6.885,6.813,6.884,364936.89014313
2022-08-29 02:00:00,6.883,6.942,6.877,6.912,170088.64773301
2022-08-29 03:00:00,6.912,7.004,6.9,6.958,385941.64806742
2022-08-29 04:00:00,6.961,6.974,6.924,6.933,180316.25192793
2022-08-29 05:00:00,6.934,6.96,6.893,6.904,191761.92161458
2022-08-29 06:00:00,6.904,6.965,6.904,6.951,151146.25404135
2022-08-29 07:00:00,6.953,6.974,6.919,6.964,173533.93389251
2022-08-29 08:00:00,6.966,6.971,6.903,6.907,172125.83742022
2022-08-29 09:00:00,6.908,6.959,6.907,6.95,137481.31337081
2022-08-29 10:00:00,6.954,6.965,6.922,6.939,166092.27660112
2022-08-29 11:00:00,6.943,6.952,6.915,6.942,176829.29638055
2022-08-29 12:00:00,6.942,7.115,6.936,7.022,473301.81363529
2022-08-29 13:00:00,7.023,7.102,7.018,7.053,496674.02523646
2022-08-29 14:00:00,7.051,7.287,7.051,7.165,951081.03620284
2022-08-29 15:00:00,7.164,7.243,7.164,7.218,230074.30323072
2022-08-29 16:00:00,7.22,7.253,7.172,7.21,334831.368367
2022-08-29 17:00:00,7.21,7.219,7.188,7.205,146412.76691414
2022-08-29 18:00:00,7.204,7.206,7.144,7.163,173428.74134854
2022-08-29 19:00:00,7.161,7.176,7.133,7.163,135760.96229059
2022-08-29 20:00:00,7.162,7.223,7.153,7.222,159380.41161107
2022-08-29 21:00:00,7.219,7.236,7.204,7.226,65534.33158927
2022-08-29 22:00:00,7.226,7.241,7.205,7.224,159462.94751668
2022-08-29 23:00:00,7.225,7.307,7.198,7.271,354330.95126071
2022-08-30 00:00:00,7.27,7.288,7.219,7.244,233969.63396638
2022-08-30 01:00:00,7.242,7.25,7.178,7.196,223544.42121041
2022-08-30 02:00:00,7.195,7.22,7.182,7.219,97140.65032572
2022-08-30 03:00:00,7.219,7.26,7.206,7.253,152342.69236394
2022-08-30 04:00:00,7.255,7.362,7.249,7.319,435495.93606186
2022-08-30 05:00:00,7.317,7.322,7.285,7.291,187596.49086251
2022-08-30 06:00:00,7.291,7.31,7.277,7.303,97608.92694712
2022-08-30 07:00:00,7.301,7.347,7.299,7.303,165663.98737976
2022-08-30 08:00:00,7.304,7.376,7.299,7.309,175962.23801078
2022-08-30 09:00:00,7.31,7.325,7.291,7.3,125943.15701058
2022-08-30 10:00:00,7.299,7.32,7.221,7.251,286125.40598263
2022-08-30 11:00:00,7.252,7.266,7.244,7.256,118253.1518449
2022-08-30 12:00:00,7.255,7.272,7.174,7.213,343715.84419131
2022-08-30 13:00:00,7.211,7.249,7.189,7.201,224067.48866932
2022-08-30 14:00:00,7.2,7.205,6.954,7.007,703269.16106773
2022-08-30 15:00:00,7.008,7.057,6.974,7.032,392068.27408699
2022-08-30 16:00:00,7.03,7.062,6.876,6.937,539406.18839933
2022-08-30 17:00:00,6.936,6.953,6.909,6.945,196531.10569663
2022-08-30 18:00:00,6.944,6.974,6.938,6.954,258471.0950174
2022-08-30 19:00:00,6.953,7.1,6.947,7.017,618754.37184267
2022-08-30 20:00:00,7.018,7.089,6.976,7.061,266859.46744477
2022-08-30 21:00:00,7.063,7.071,6.981,7.015,132410.59303104
2022-08-30 22:00:00,7.017,7.066,7.002,7.058,289039.19589956
2022-08-30 23:00:00,7.058,7.067,6.978,7.004,260166.59965882
2022-08-31 00:00:00,7.004,7.119,7.004,7.097,270176.38967278
2022-08-31 01:00:00,7.098,7.191,7.086,7.161,367468.54547614
2022-08-31 02:00:00,7.161,7.248,7.161,7.213,207289.62788192
2022-08-31 03:00:00,7.214,7.268,7.206,7.238,258584.16752919
2022-08-31 04:00:00,7.239,7.275,7.225,7.247,213471.07910915
2022-08-31 05:00:00,7.247,7.262,7.228,7.24,146555.26794159
2022-08-31 06:00:00,7.24,7.284,7.164,7.181,279301.03849887
2022-08-31 07:00:00,7.181,7.201,7.157,7.169,166151.18340114
2022-08-31 08:00:00,7.169,7.206,7.108,7.163,264218.43051708
2022-08-31 09:00:00,7.164,7.17,7.127,7.149,157558.70638151
2022-08-31 10:00:00,7.149,7.257,7.138,7.22,269691.66030864
2022-08-31 11:00:00,7.22,7.245,7.176,7.197,157489.77560365
2022-08-31 12:00:00,7.196,7.244,7.145,7.189,252221.6813171
2022-08-31 13:00:00,7.193,7.237,7.142,7.18,314126.63942067
2022-08-31 14:00:00,7.181,7.196,7.105,7.113,357421.00597162
2022-08-31 15:00:00,7.112,7.127,6.992,7.1,540691.32281359
2022-08-31 16:00:00,7.098,7.113,7.047,7.061,279172.36778064
2022-08-31 17:00:00,7.058,7.093,6.977,7.025,400434.41394244
2022-08-31 18:00:00,7.022,7.051,7.015,7.035,214877.78139733
2022-08-31 19:00:00,7.034,7.142,7.03,7.093,294114.40632871
2022-08-31 20:00:00,7.094,7.101,7.056,7.089,141649.13471122
2022-08-31 21:00:00,7.088,7.118,7.081,7.116,92561.74637952
2022-08-31 22:00:00,7.117,7.134,7.05,7.089,225558.21724163
2022-08-31 23:00:00,7.089,7.089,6.978,7.028,209195.63687968
2022-09-01 00:00:00,7.027,7.071,6.943,7.011,321749.63191972
2022-09-01 01:00:00,7.012,7.058,7.002,7.036,168977.53419525
2022-09-01 02:00:00,7.037,7.08,7.009,7.028,218821.07774269
2022-09-01 03:00:00,7.028,7.051,6.943,6.987,283504.48176135
2022-09-01 04:00:00,6.988,7.018,6.97,7.002,137612.69837181
2022-09-01 05:00:00,7.003,7.048,6.995,7.004,201801.16730153
2022-09-01 06:00:00,7.002,7.005,6.96,6.979,236929.19351752
2022-09-01 07:00:00,6.978,6.978,6.909,6.956,371170.15414359
2022-09-01 08:00:00,6.956,6.976,6.921,6.976,209042.83562986
2022-09-01 09:00:00,6.976,7.009,6.944,6.985,291375.3658151
2022-09-01 10:00:00,6.986,7.049,6.986,7.044,183509.95352882
2022-09-01 11:00:00,7.045,7.083,7.025,7.062,316054.66547895
2022-09-01 12:00:00,7.062,7.076,6.982,7.025,320965.72663534
2022-09-01 13:00:00,7.025,7.053,6.987,7.023,296109.24777188
2022-09-01 14:00:00,7.024,7.029,6.857,6.906,830083.38537907
2022-09-01 15:00:00,6.905,6.987,6.892,6.958,336711.57750268
2022-09-01 16:00:00,6.957,6.98,6.921,6.964,393327.02667046
2022-09-01 17:00:00,6.965,7.06,6.956,7.006,282458.84369488
2022-09-01 18:00:00,7.005,7.057,6.994,7.01,251506.95416721
2022-09-01 19:00:00,7.01,7.068,7.008,7.053,167838.46584346
2022-09-01 20:00:00,7.056,7.153,7.056,7.145,326199.5211137
2022-09-01 21:00:00,7.146,7.179,7.128,7.146,130449.71083494
2022-09-01 22:00:00,7.147,7.199,7.143,7.157,235762.99221472
2022-09-01 23:00:00,7.157,7.193,7.146,7.176,232035.3139551
2022-09-02 00:00:00,7.178,7.196,7.159,7.164,250164.4876094
2022-09-02 01:00:00,7.165,7.172,7.136,7.148,113164.98591976
2022-09-02 02:00:00,7.147,7.164,7.119,7.152,156896.16124924
2022-09-02 03:00:00,7.153,7.3,7.153,7.26,528843.98380842
2022-09-02 04:00:00,7.26,7.298,7.235,7.242,258949.24864792
2022-09-02 05:00:00,7.242,7.248,7.217,7.231,142923.09512399
2022-09-02 06:00:00,7.23,7.241,7.196,7.239,182845.06348766
2022-09-02 07:00:00,7.239,7.272,7.221,7.272,129176.65438944
2022-09-02 08:00:00,7.272,7.289,7.255,7.269,208291.79610176
2022-09-02 09:00:00,7.268,7.29,7.258,7.282,203518.3613418
2022-09-02 10:00:00,7.283,7.305,7.199,7.239,342650.14856471
2022-09-02 11:00:00,7.24,7.258,7.209,7.256,199092.45579765
2022-09-02 12:00:00,7.26,7.456,7.241,7.378,1542559.85063437
2022-09-02 13:00:00,7.378,7.442,7.364,7.396,412296.40580854
2022-09-02 14:00:00,7.396,7.502,7.377,7.469,516892.36294375
2022-09-02 15:00:00,7.47,7.564,7.47,7.538,363282.24502117
2022-09-02 16:00:00,7.539,7.56,7.465,7.477,537932.6835041
2022-09-02 17:00:00,7.477,7.482,7.313,7.327,667494.01642643
2022-09-02 18:00:00,7.328,7.397,7.311,7.364,379001.94591514
2022-09-02 19:00:00,7.361,7.375,7.256,7.302,430990.49295318
2022-09-02 20:00:00,7.302,7.36,7.27,7.359,167432.47638833
2022-09-02 21:00:00,7.359,7.373,7.339,7.339,82067.37085649
2022-09-02 22:00:00,7.341,7.375,7.272,7.299,221096.02087053
2022-09-02 23:00:00,7.302,7.311,7.279,7.296,141495.1340158
2022-09-03 00:00:00,7.294,7.306,7.231,7.291,194132.97548122
2022-09-03 01:00:00,7.291,7.292,7.254,7.269,135969.59151102
2022-09-03 02:00:00,7.267,7.278,7.228,7.268,148273.27917883
2022-09-03 03:00:00,7.269,7.301,7.162,7.22,667906.29594843
2022-09-03 04:00:00,7.221,7.247,7.207,7.244,217352.99167945
2022-09-03 05:00:00,7.246,7.305,7.243,7.293,291997.49133963
2022-09-03 06:00:00,7.294,7.299,7.24,7.281,119186.02206972
2022-09-03 07:00:00,7.278,7.284,7.176,7.229,241435.08754599
2022-09-03 08:00:00,7.228,7.267,7.208,7.234,179515.79720833
2022-09-03 09:00:00,7.235,7.264,7.217,7.25,172767.27555699
2022-09-03 10:00:00,7.25,7.268,7.226,7.261,169739.3865879
2022-09-03 11:00:00,7.26,7.26,7.204,7.222,143453.57610327
2022-09-03 12:00:00,7.22,7.265,7.214,7.258,157502.36866518
2022-09-03 13:00:00,7.256,7.29,7.251,7.273,154272.77228945
2022-09-03 14:00:00,7.274,7.279,7.227,7.254,157089.44678528
2022-09-03 15:00:00,7.253,7.266,7.234,7.248,174348.74620713
2022-09-03 16:00:00,7.248,7.272,7.244,7.266,109122.71552959
2022-09-03 17:00:00,7.265,7.284,7.248,7.281,152503.37276466
2022-09-03 18:00:00,7.28,7.286,7.24,7.251,138756.45440372
2022-09-03 19:00:00,7.251,7.297,7.193,7.243,301845.88437746
2022-09-03 20:00:00,7.241,7.262,7.234,7.254,189191.61293287
2022-09-03 21:00:00,7.254,7.268,7.249,7.262,69810.93133271
2022-09-03 22:00:00,7.263,7.281,7.252,7.258,89600.37534773
2022-09-03 23:00:00,7.258,7.283,7.25,7.282,55912.60678244
2022-09-04 00:00:00,7.283,7.402,7.283,7.347,295562.59809193
2022-09-04 01:00:00,7.347,7.368,7.319,7.326,175154.76713994
2022-09-04 02:00:00,7.326,7.348,7.315,7.325,102357.61301214
2022-09-04 03:00:00,7.326,7.34,7.274,7.301,138251.10261057
2022-09-04 04:00:00,7.302,7.324,7.281,7.321,126456.64557994
2022-09-04 05:00:00,7.318,7.333,7.305,7.323,120006.33191111
2022-09-04 06:00:00,7.321,7.334,7.261,7.28,152861.6128724
2022-09-04 07:00:00,7.281,7.288,7.201,7.201,235126.19069133
2022-09-04 08:00:00,7.2,7.231,7.142,7.222,389349.75509379
2022-09-04 09:00:00,7.224,7.246,7.19,7.233,250930.18718223
2022-09-04 10:00:00,7.233,7.245,7.217,7.23,95554.95684749
2022-09-04 11:00:00,7.229,7.277,7.207,7.276,157621.98792619
2022-09-04 12:00:00,7.277,7.331,7.234,7.305,238671.15593385
2022-09-04 13:00:00,7.308,7.309,7.208,7.216,209957.29843056
2022-09-04 14:00:00,7.216,7.24,7.151,7.231,236094.14259508
2022-09-04 15:00:00,7.23,7.244,7.202,7.24,135874.62530984
2022-09-04 16:00:00,7.24,7.251,7.205,7.25,209206.37359212
2022-09-04 17:00:00,7.25,7.277,7.245,7.272,210537.9041805
2022-09-04 18:00:00,7.272,7.291,7.253,7.273,139963.48363102
2022-09-04 19:00:00,7.274,7.293,7.26,7.272,110974.68069399
2022-09-04 20:00:00,7.273,7.294,7.26,7.287,146894.34853987
2022-09-04 21:00:00,7.287,7.308,7.249,7.27,126793.48217475
2022-09-04 22:00:00,7.275,7.416,7.275,7.302,592212.33768362
2022-09-04 23:00:00,7.301,7.385,7.296,7.374,338516.00324705
2022-09-05 00:00:00,7.374,7.48,7.374,7.462,505601.22492371
2022-09-05 01:00:00,7.461,7.59,7.461,7.532,632772.47958538
2022-09-05 02:00:00,7.532,7.555,7.52,7.53,169171.37997535
2022-09-05 03:00:00,7.531,7.582,7.502,7.579,217721.38600269
2022-09-05 04:00:00,7.582,7.631,7.557,7.573,364237.00005471
2022-09-05 05:00:00,7.569,7.579,7.466,7.513,477166.99772018
2022-09-05 06:00:00,7.513,7.537,7.489,7.516,177417.1624112
2022-09-05 07:00:00,7.517,7.523,7.442,7.463,222197.11553687
2022-09-05 08:00:00,7.463,7.499,7.436,7.491,232581.76547427
2022-09-05 09:00:00,7.489,7.527,7.449,7.524,267409.86505921
2022-09-05 10:00:00,7.524,7.542,7.436,7.457,373115.75662555
2022-09-05 11:00:00,7.457,7.495,7.456,7.487,212528.98558182
2022-09-05 12:00:00,7.486,7.537,7.467,7.513,300897.24496964
2022-09-05 13:00:00,7.514,7.579,7.492,7.498,295584.19646754
2022-09-05 14:00:00,7.497,7.559,7.485,7.55,264947.07392957
2022-09-05 15:00:00,7.551,7.582,7.514,7.52,327869.36744813
2022-09-05 16:00:00,7.522,7.557,7.477,7.483,168213.42947571
2022-09-05 17:00:00,7.482,7.488,7.418,7.421,199168.25240311
2022-09-05 18:00:00,7.422,7.422,7.292,7.313,561201.16486057
2022-09-05 19:00:00,7.312,7.312,7.261,7.271,227478.13475977
2022-09-05 20:00:00,7.271,7.317,7.269,7.305,287384.1575389
2022-09-05 21:00:00,7.302,7.324,7.257,7.321,123707.60823605
2022-09-05 22:00:00,7.32,7.361,7.29,7.345,215278.64165828
2022-09-05 23:00:00,7.344,7.393,7.306,7.367,237380.86442587
2022-09-06 00:00:00,7.367,7.594,7.363,7.542,606237.65861551
2022-09-06 01:00:00,7.547,7.675,7.511,7.512,643176.33223042
2022-09-06 02:00:00,7.513,7.591,7.441,7.591,426735.05436027
2022-09-06 03:00:00,7.595,7.599,7.493,7.526,158643.30134965
2022-09-06 04:00:00,7.526,7.569,7.509,7.52,148890.45054815
2022-09-06 05:00:00,7.522,7.609,7.513,7.559,203981.28027947
2022-09-06 06:00:00,7.558,7.617,7.549,7.601,199810.15384235
2022-09-06 07:00:00,7.599,7.618,7.573,7.58,138179.65813496
2022-09-06 08:00:00,7.581,7.617,7.555,7.615,200537.72526934
2022-09-06 09:00:00,7.618,7.626,7.536,7.626,166671.14794441
2022-09-06 10:00:00,7.628,7.691,7.613,7.639,224996.74116065
2022-09-06 11:00:00,7.639,7.662,7.588,7.616,166085.50368823
2022-09-06 12:00:00,7.615,7.652,7.561,7.561,191206.03315546
2022-09-06 13:00:00,7.56,7.6,7.499,7.559,352424.97605939
2022-09-06 14:00:00,7.559,7.592,7.451,7.581,507411.41439476
2022-09-06 15:00:00,7.58,7.629,7.56,7.569,346393.2810797
2022-09-06 16:00:00,7.571,7.588,7.479,7.53,329581.56274588
2022-09-06 17:00:00,7.526,7.527,7.023,7.08,2390020.39661667
2022-09-06 18:00:00,7.078,7.078,6.93,6.935,654874.63687595
2022-09-06 19:00:00,6.935,6.978,6.87,6.919,482672.40208855
2022-09-06 20:00:00,6.92,6.959,6.807,6.937,698006.93438333
2022-09-06 21:00:00,6.936,6.941,6.88,6.91,260899.71700512
2022-09-06 22:00:00,6.91,6.947,6.874,6.927,200124.90186376
2022-09-06 23:00:00,6.926,6.932,6.86,6.869,326045.31861673
2022-09-07 00:00:00,6.872,6.929,6.803,6.887,642262.37371177
2022-09-07 01:00:00,6.889,6.921,6.854,6.902,245421.2363171
2022-09-07 02:00:00,6.902,6.911,6.75,6.811,659400.51233624
2022-09-07 03:00:00,6.812,6.875,6.807,6.874,262628.50756556
2022-09-07 04:00:00,6.871,6.914,6.847,6.908,213760.60117643
2022-09-07 05:00:00,6.908,6.92,6.886,6.898,201088.74885772
2022-09-07 06:00:00,6.902,6.935,6.888,6.911,164814.75723643
2022-09-07 07:00:00,6.913,6.975,6.896,6.97,191533.61258924
2022-09-07 08:00:00,6.969,6.998,6.947,6.984,288626.80824258
2022-09-07 09:00:00,6.984,6.989,6.937,6.952,247182.13129399
2022-09-07 10:00:00,6.952,6.981,6.93,6.97,176386.25001555
2022-09-07 11:00:00,6.972,6.984,6.933,6.964,209676.19504248
2022-09-07 12:00:00,6.966,7.026,6.932,7.022,326030.90354343
2022-09-07 13:00:00,7.022,7.107,7.018,7.043,681308.28399661
2022-09-07 14:00:00,7.04,7.172,7.04,7.116,456792.54927282
2022-09-07 15:00:00,7.116,7.139,7.09,7.104,226823.40269251
2022-09-07 16:00:00,7.104,7.141,7.068,7.114,360299.77285211
2022-09-07 17:00:00,7.112,7.19,7.109,7.166,158906.28464681
2022-09-07 18:00:00,7.167,7.223,7.151,7.167,283218.9707896
2022-09-07 19:00:00,7.17,7.196,7.118,7.121,212262.99005115
2022-09-07 20:00:00,7.124,7.301,7.123,7.247,1015274.46914938
2022-09-07 21:00:00,7.248,7.291,7.211,7.241,242373.97974713
2022-09-07 22:00:00,7.247,7.268,7.209,7.209,152097.08557116
2022-09-07 23:00:00,7.208,7.233,7.166,7.193,125302.96937124
2022-09-08 00:00:00,7.195,7.242,7.168,7.211,175834.07873732
2022-09-08 01:00:00,7.211,7.217,7.167,7.171,160969.73210488
2022-09-08 02:00:00,7.175,7.211,7.175,7.192,102375.88029753
2022-09-08 03:00:00,7.192,7.201,7.158,7.173,87076.78074743
2022-09-08 04:00:00,7.174,7.223,7.16,7.183,190185.90343685
2022-09-08 05:00:00,7.182,7.185,7.154,7.174,146472.15082782
2022-09-08 06:00:00,7.174,7.211,7.156,7.158,112012.82619274
2022-09-08 07:00:00,7.157,7.172,7.052,7.114,401721.43150363
2022-09-08 08:00:00,7.111,7.124,7.032,7.12,497974.85708446
2022-09-08 09:00:00,7.121,7.124,7.082,7.113,173626.60731803
2022-09-08 10:00:00,7.113,7.264,7.108,7.22,499407.79434978
2022-09-08 11:00:00,7.221,7.324,7.22,7.232,721012.42242837
2022-09-08 12:00:00,7.233,7.26,7.136,7.158,581756.69012944
2022-09-08 13:00:00,7.156,7.224,7.072,7.19,892222.19788162
2022-09-08 14:00:00,7.192,7.321,7.143,7.321,606157.54002522
2022-09-08 15:00:00,7.321,7.325,7.237,7.249,368209.4936455
2022-09-08 16:00:00,7.249,7.254,7.168,7.22,401499.37217473
2022-09-08 17:00:00,7.219,7.289,7.2,7.266,321475.52935124
2022-09-08 18:00:00,7.267,7.29,7.253,7.273,170301.65472856
2022-09-08 19:00:00,7.273,7.426,7.259,7.42,439557.15324318
2022-09-08 20:00:00,7.419,7.445,7.4,7.434,392535.92990817
2022-09-08 21:00:00,7.434,7.436,7.39,7.399,84701.576333
2022-09-08 22:00:00,7.399,7.414,7.349,7.381,201082.15484232
2022-09-08 23:00:00,7.384,7.406,7.357,7.383,122324.50591739
2022-09-09 00:00:00,7.382,7.439,7.353,7.428,187587.40816727
2022-09-09 01:00:00,7.429,7.48,7.404,7.406,209874.06180346
2022-09-09 02:00:00,7.406,7.47,7.406,7.436,93503.38115815
2022-09-09 03:00:00,7.436,7.574,7.424,7.544,647033.70216115
2022-09-09 04:00:00,7.544,7.638,7.523,7.616,810541.22601438
2022-09-09 05:00:00,7.617,7.656,7.592,7.628,313890.16447283
2022-09-09 06:00:00,7.631,7.67,7.598,7.624,257401.01876446
2022-09-09 07:00:00,7.624,7.729,7.608,7.71,302111.26451999
2022-09-09 08:00:00,7.711,7.853,7.685,7.795,703012.62546977
2022-09-09 09:00:00,7.797,7.807,7.708,7.762,365943.01912872
2022-09-09 10:00:00,7.76,7.849,7.745,7.845,444290.94711718
2022-09-09 11:00:00,7.841,7.872,7.735,7.791,338896.63535027
2022-09-09 12:00:00,7.789,7.933,7.788,7.855,436129.97808225
2022-09-09 13:00:00,7.856,7.865,7.762,7.822,554035.62086292
2022-09-09 14:00:00,7.821,7.859,7.755,7.807,242783.85186351
2022-09-09 15:00:00,7.808,7.831,7.776,7.79,293386.89037967
2022-09-09 16:00:00,7.79,7.92,7.73,7.909,452062.718153
2022-09-09 17:00:00,7.908,7.912,7.716,7.751,516426.4167683
2022-09-09 18:00:00,7.751,7.762,7.663,7.697,184045.4157083
2022-09-09 19:00:00,7.698,7.749,7.692,7.737,155251.9885139
2022-09-09 20:00:00,7.736,7.775,7.714,7.769,120298.91565438
2022-09-09 21:00:00,7.769,7.816,7.74,7.745,105161.14409303
2022-09-09 22:00:00,7.746,7.798,7.743,7.756,142783.09167071
2022-09-09 23:00:00,7.753,7.867,7.665,7.756,558421.68242794
2022-09-10 00:00:00,7.755,7.805,7.702,7.779,263560.37212996
2022-09-10 01:00:00,7.779,7.835,7.727,7.749,228397.13431563
2022-09-10 02:00:00,7.75,7.791,7.726,7.785,148045.28399113
2022-09-10 03:00:00,7.784,7.786,7.722,7.728,126908.00646336
2022-09-10 04:00:00,7.729,7.805,7.708,7.744,256704.79964762
2022-09-10 05:00:00,7.746,7.873,7.731,7.812,365473.73245578
2022-09-10 06:00:00,7.814,7.864,7.806,7.825,199773.88047168
2022-09-10 07:00:00,7.825,7.827,7.627,7.67,449268.16130966
2022-09-10 08:00:00,7.672,7.737,7.63,7.706,384047.66346578
2022-09-10 09:00:00,7.705,7.744,7.705,7.728,199996.67133399
2022-09-10 10:00:00,7.724,7.738,7.665,7.689,150933.7316416
2022-09-10 11:00:00,7.688,7.712,7.68,7.693,183069.92816217
2022-09-10 12:00:00,7.693,7.735,7.583,7.721,372657.34361522
2022-09-10 13:00:00,7.721,7.744,7.588,7.616,319038.45056017
2022-09-10 14:00:00,7.617,7.677,7.6,7.643,287542.69921954
2022-09-10 15:00:00,7.644,7.689,7.628,7.654,157927.46819993
2022-09-10 16:00:00,7.654,7.749,7.629,7.701,295251.08712724
2022-09-10 17:00:00,7.701,7.709,7.651,7.67,176072.36089872
2022-09-10 18:00:00,7.672,7.71,7.667,7.694,213362.13435845
2022-09-10 19:00:00,7.694,7.729,7.688,7.724,153946.94901126
2022-09-10 20:00:00,7.723,7.73,7.67,7.703,129862.45299591
2022-09-10 21:00:00,7.702,7.771,7.689,7.714,134073.58548222
2022-09-10 22:00:00,7.717,7.796,7.717,7.778,207656.38649187
2022-09-10 23:00:00,7.777,7.829,7.768,7.769,138445.50490971
2022-09-11 00:00:00,7.77,7.831,7.754,7.776,167698.40438606
2022-09-11 01:00:00,7.776,7.826,7.754,7.768,226104.62634893
2022-09-11 02:00:00,7.769,7.782,7.709,7.746,152851.85947988
2022-09-11 03:00:00,7.745,7.757,7.708,7.719,120051.98025028
2022-09-11 04:00:00,7.718,7.773,7.718,7.727,98374.12074764
2022-09-11 05:00:00,7.728,7.746,7.707,7.727,140509.41944738
2022-09-11 06:00:00,7.725,7.738,7.61,7.688,351241.44205095
2022-09-11 07:00:00,7.686,7.712,7.656,7.711,155176.47767157
2022-09-11 08:00:00,7.711,7.738,7.684,7.719,181691.96225529
2022-09-11 09:00:00,7.719,7.72,7.673,7.692,108511.58485712
2022-09-11 10:00:00,7.694,7.731,7.687,7.694,151883.93236443
2022-09-11 11:00:00,7.696,7.721,7.695,7.703,98595.94687192
2022-09-11 12:00:00,7.703,7.9,7.679,7.829,492493.62834199
2022-09-11 13:00:00,7.824,7.881,7.775,7.781,229789.22708925
2022-09-11 14:00:00,7.782,7.79,7.673,7.716,324501.01189607
2022-09-11 15:00:00,7.716,7.751,7.709,7.728,135056.08062923
2022-09-11 16:00:00,7.731,7.793,7.731,7.779,178230.84117396
2022-09-11 17:00:00,7.78,7.825,7.74,7.74,211337.2809966
2022-09-11 18:00:00,7.739,7.757,7.704,7.712,128206.27984473
2022-09-11 19:00:00,7.711,7.731,7.709,7.727,92694.38712835
2022-09-11 20:00:00,7.725,7.739,7.618,7.691,362155.7634877
2022-09-11 21:00:00,7.692,7.705,7.537,7.597,306200.97898558
2022-09-11 22:00:00,7.596,7.679,7.578,7.649,203902.8794145
2022-09-11 23:00:00,7.646,7.711,7.604,7.696,284997.4221284
2022-09-12 00:00:00,7.696,7.698,7.588,7.588,196314.9672176
2022-09-12 01:00:00,7.586,7.877,7.563,7.819,806913.34895852
2022-09-12 02:00:00,7.823,7.88,7.642,7.674,541705.20922793
2022-09-12 03:00:00,7.673,7.694,7.563,7.614,455233.09651582
2022-09-12 04:00:00,7.614,7.663,7.603,7.663,157585.05148307
2022-09-12 05:00:00,7.664,7.679,7.611,7.662,179649.25887924
2022-09-12 06:00:00,7.664,7.706,7.628,7.7,146468.59613172
2022-09-12 07:00:00,7.699,7.775,7.693,7.759,422799.26323171
2022-09-12 08:00:00,7.758,7.861,7.722,7.826,499486.23041415
2022-09-12 09:00:00,7.826,7.971,7.826,7.965,534235.99709092
2022-09-12 10:00:00,7.964,8.015,7.888,7.962,525273.68386682
2022-09-12 11:00:00,7.963,7.97,7.885,7.912,358387.8863766
2022-09-12 12:00:00,7.915,7.949,7.875,7.943,290559.39624749
2022-09-12 13:00:00,7.945,8.049,7.922,7.994,456375.50643536
2022-09-12 14:00:00,7.994,8.014,7.877,7.911,307671.15312491
2022-09-12 15:00:00,7.912,7.938,7.656,7.709,1049763.58772009
2022-09-12 16:00:00,7.708,7.724,7.604,7.686,494954.49646869
2022-09-12 17:00:00,7.682,7.748,7.665,7.74,306414.70824211
2022-09-12 18:00:00,7.739,7.749,7.684,7.736,179774.37055438
2022-09-12 19:00:00,7.735,7.757,7.711,7.741,118413.0180633
2022-09-12 20:00:00,7.743,7.782,7.706,7.773,183177.07300134
2022-09-12 21:00:00,7.772,7.772,7.633,7.66,144853.46262276
2022-09-12 22:00:00,7.661,7.689,7.638,7.651,256626.10783747
2022-09-12 23:00:00,7.651,7.693,7.633,7.659,213360.84256827
2022-09-13 00:00:00,7.661,7.67,7.518,7.582,470478.95053824
2022-09-13 01:00:00,7.581,7.597,7.501,7.542,241622.3161415
2022-09-13 02:00:00,7.543,7.593,7.463,7.593,238400.02575861
2022-09-13 03:00:00,7.593,7.613,7.532,7.613,217073.43609924
2022-09-13 04:00:00,7.614,7.631,7.575,7.585,184187.57736865
2022-09-13 05:00:00,7.587,7.639,7.579,7.614,198231.41147097
2022-09-13 06:00:00,7.614,7.714,7.588,7.674,418434.99616215
2022-09-13 07:00:00,7.675,7.695,7.61,7.659,207192.3744528
2022-09-13 08:00:00,7.66,7.675,7.607,7.628,139391.18109451
2022-09-13 09:00:00,7.627,7.686,7.627,7.642,261684.59076501
2022-09-13 10:00:00,7.641,7.747,7.633,7.743,181548.31068249
2022-09-13 11:00:00,7.742,7.892,7.742,7.881,557225.32305055
2022-09-13 12:00:00,7.881,7.955,7.3,7.362,2538168.79896055
2022-09-13 13:00:00,7.36,7.392,7.295,7.298,743009.86382398
2022-09-13 14:00:00,7.297,7.35,7.2,7.242,500846.87589625
2022-09-13 15:00:00,7.245,7.262,7.203,7.23,290964.42723421
2022-09-13 16:00:00,7.23,7.269,7.2,7.245,245078.68905455
2022-09-13 17:00:00,7.241,7.274,7.222,7.229,163943.69273214
2022-09-13 18:00:00,7.228,7.243,7.096,7.112,437597.04930202
2022-09-13 19:00:00,7.107,7.179,7.053,7.159,376633.06514292
2022-09-13 20:00:00,7.152,7.204,7.149,7.153,230894.58271901
2022-09-13 21:00:00,7.153,7.168,7.037,7.121,203038.43736891
2022-09-13 22:00:00,7.119,7.129,7.047,7.077,224136.1047072
2022-09-13 23:00:00,7.075,7.088,7.028,7.064,229310.66969871
2022-09-14 00:00:00,7.064,7.109,7.023,7.104,281750.73599067
2022-09-14 01:00:00,7.104,7.143,7.096,7.142,184219.09016945
2022-09-14 02:00:00,7.141,7.197,7.135,7.196,204716.01479613
2022-09-14 03:00:00,7.193,7.223,7.168,7.193,135982.96012093
2022-09-14 04:00:00,7.192,7.228,7.179,7.213,132792.41229575
2022-09-14 05:00:00,7.213,7.213,7.172,7.179,95299.35696664
2022-09-14 06:00:00,7.18,7.203,7.136,7.152,129682.90492538
2022-09-14 07:00:00,7.154,7.184,7.057,7.138,211856.75938108
2022-09-14 08:00:00,7.14,7.183,7.085,7.166,237612.52380179
2022-09-14 09:00:00,7.166,7.198,7.144,7.181,334455.21243298
2022-09-14 10:00:00,7.182,7.191,7.155,7.191,103945.21471093
2022-09-14 11:00:00,7.191,7.194,7.12,7.162,185243.85317715
2022-09-14 12:00:00,7.167,7.284,7.093,7.256,522383.1857551
2022-09-14 13:00:00,7.256,7.301,7.162,7.259,396124.82709563
2022-09-14 14:00:00,7.255,7.26,7.158,7.241,233106.0631153
2022-09-14 15:00:00,7.245,7.249,7.188,7.202,188328.82405684
2022-09-14 16:00:00,7.204,7.21,7.151,7.2,195533.98814012
2022-09-14 17:00:00,7.199,7.239,7.176,7.184,149324.50165976
2022-09-14 18:00:00,7.183,7.183,7.009,7.09,717239.83493989
2022-09-14 19:00:00,7.088,7.157,7.078,7.151,308239.27994069
2022-09-14 20:00:00,7.147,7.16,7.133,7.153,130997.29072192
2022-09-14 21:00:00,7.154,7.202,7.11,7.197,145558.12809647
2022-09-14 22:00:00,7.199,7.241,7.173,7.216,294340.54384704
2022-09-14 23:00:00,7.217,7.224,7.182,7.204,245020.28565798
2022-09-15 00:00:00,7.203,7.233,7.102,7.11,465176.24956337
2022-09-15 01:00:00,7.11,7.125,7.028,7.111,433652.63408941
2022-09-15 02:00:00,7.112,7.112,6.979,7.057,606171.08782789
2022-09-15 03:00:00,7.056,7.059,6.949,7.039,601002.32346111
2022-09-15 04:00:00,7.039,7.051,6.997,7.035,334893.76089473
2022-09-15 05:00:00,7.036,7.088,7.013,7.07,290804.03659762
2022-09-15 06:00:00,7.071,7.17,6.935,7.097,1951963.87537377
2022-09-15 07:00:00,7.099,7.214,7.086,7.167,499529.83550458
2022-09-15 08:00:00,7.166,7.167,7.066,7.097,328806.01444954
2022-09-15 09:00:00,7.095,7.11,7.072,7.095,234626.38273001
2022-09-15 10:00:00,7.095,7.12,7.05,7.065,172334.23613891
2022-09-15 11:00:00,7.063,7.1,7.05,7.091,213703.75917087
2022-09-15 12:00:00,7.093,7.139,7.059,7.108,267182.55165068
2022-09-15 13:00:00,7.11,7.12,7.042,7.114,271545.87359169
2022-09-15 14:00:00,7.115,7.129,6.937,6.965,812218.20670828
2022-09-15 15:00:00,6.966,6.987,6.886,6.942,921001.56845038
2022-09-15 16:00:00,6.942,7.008,6.906,7.007,299991.76221047
2022-09-15 17:00:00,7.009,7.036,6.991,6.998,170922.6220328
2022-09-15 18:00:00,6.997,7.002,6.943,6.955,190150.42041449
2022-09-15 19:00:00,6.956,6.991,6.934,6.969,200394.6142641
2022-09-15 20:00:00,6.972,7.001,6.951,6.984,146254.44560551
2022-09-15 21:00:00,6.983,6.983,6.936,6.96,82431.05149554
2022-09-15 22:00:00,6.961,6.961,6.87,6.913,304878.62261464
2022-09-15 23:00:00,6.91,6.941,6.868,6.929,225267.70746922
2022-09-16 00:00:00,6.929,6.969,6.842,6.969,396992.67373621
2022-09-16 01:00:00,6.97,6.97,6.911,6.924,159420.12840151
2022-09-16 02:00:00,6.921,6.929,6.846,6.894,352982.23222268
2022-09-16 03:00:00,6.894,6.917,6.869,6.914,165250.97243437
2022-09-16 04:00:00,6.914,6.937,6.906,6.909,147347.16392737
2022-09-16 05:00:00,6.91,6.928,6.891,6.892,150647.71205659
2022-09-16 06:00:00,6.892,6.919,6.88,6.893,133231.05562326
2022-09-16 07:00:00,6.896,6.913,6.885,6.889,116535.79344845
2022-09-16 08:00:00,6.888,6.89,6.812,6.825,325531.37667128
2022-09-16 09:00:00,6.822,6.885,6.821,6.877,154643.83755716
2022-09-16 10:00:00,6.877,6.918,6.869,6.906,136813.08207455
2022-09-16 11:00:00,6.906,6.916,6.868,6.915,229238.41070032
2022-09-16 12:00:00,6.915,6.918,6.83,6.839,189962.71155692
2022-09-16 13:00:00,6.839,6.867,6.746,6.767,592801.77614495
2022-09-16 14:00:00,6.77,6.885,6.756,6.832,415507.53710803
2022-09-16 15:00:00,6.831,6.868,6.812,6.841,270008.55686816
2022-09-16 16:00:00,6.84,6.84,6.724,6.789,389224.57459236
2022-09-16 17:00:00,6.789,6.798,6.695,6.753,685051.40753232
2022-09-16 18:00:00,6.754,6.795,6.72,6.765,215001.12476548
2022-09-16 19:00:00,6.763,6.888,6.759,6.813,522310.2095717
2022-09-16 20:00:00,6.811,6.868,6.81,6.863,139700.68978007
2022-09-16 21:00:00,6.864,6.872,6.839,6.849,92957.78533726
2022-09-16 22:00:00,6.851,6.894,6.838,6.861,201846.35043795
2022-09-16 23:00:00,6.863,6.907,6.859,6.901,103547.47373493
2022-09-17 00:00:00,6.902,7.038,6.901,7.015,458332.2446276
2022-09-17 01:00:00,7.016,7.055,7.009,7.032,142001.8405366
2022-09-17 02:00:00,7.031,7.036,6.984,6.996,151701.49472782
2022-09-17 03:00:00,6.995,7.0,6.978,6.981,52051.94273003
2022-09-17 04:00:00,6.983,7.025,6.982,7.014,102662.70263335
2022-09-17 05:00:00,7.013,7.013,6.981,6.995,93774.20511765
2022-09-17 06:00:00,6.995,6.999,6.963,6.991,89327.64769717
2022-09-17 07:00:00,6.992,7.019,6.992,7.018,79305.75803877
2022-09-17 08:00:00,7.02,7.028,7.013,7.019,79295.77386547
2022-09-17 09:00:00,7.019,7.034,7.01,7.027,66412.92796144
2022-09-17 10:00:00,7.027,7.032,6.951,6.977,183788.50219609
2022-09-17 11:00:00,6.977,6.984,6.944,6.951,77564.37766545
2022-09-17 12:00:00,6.95,6.978,6.92,6.972,88758.35580888
2022-09-17 13:00:00,6.972,6.999,6.959,6.994,98963.92780047
2022-09-17 14:00:00,6.993,7.067,6.993,7.064,161297.46673412
2022-09-17 15:00:00,7.064,7.085,7.045,7.073,109842.74987864
2022-09-17 16:00:00,7.073,7.143,7.071,7.123,219689.11532568
2022-09-17 17:00:00,7.123,7.145,7.107,7.113,152562.08832109
2022-09-17 18:00:00,7.113,7.129,7.101,7.122,84712.82691652
2022-09-17 19:00:00,7.123,7.127,7.09,7.111,79187.17634112
2022-09-17 20:00:00,7.109,7.153,7.105,7.149,80821.49288313
2022-09-17 21:00:00,7.149,7.152,7.076,7.083,101087.22309247
2022-09-17 22:00:00,7.081,7.089,7.002,7.008,272101.99088006
2022-09-17 23:00:00,7.011,7.062,7.011,7.055,130646.5894673
2022-09-18 00:00:00,7.055,7.061,6.991,7.002,145386.93867324
2022-09-18 01:00:00,7.001,7.014,6.973,6.993,180225.27368042
2022-09-18 02:00:00,6.994,7.009,6.959,6.974,147891.53778034
2022-09-18 03:00:00,6.974,6.989,6.954,6.967,94879.49979927
2022-09-18 04:00:00,6.969,7.0,6.964,6.992,119072.57336615
2022-09-18 05:00:00,6.993,7.041,6.987,7.031,105470.59888555
2022-09-18 06:00:00,7.029,7.033,6.997,6.999,125493.74644593
2022-09-18 07:00:00,7.0,7.014,6.982,6.99,228832.16919538
2022-09-18 08:00:00,6.99,7.016,6.989,6.999,89726.76051574
2022-09-18 09:00:00,6.999,7.018,6.858,6.866,344259.23632617
2022-09-18 10:00:00,6.865,6.941,6.842,6.896,321550.36437865
2022-09-18 11:00:00,6.896,6.909,6.89,6.896,102138.26345214
2022-09-18 12:00:00,6.897,6.904,6.863,6.901,221972.83996432
2022-09-18 13:00:00,6.9,6.904,6.884,6.887,131275.78465577
2022-09-18 14:00:00,6.886,6.889,6.788,6.828,414820.35985569
2022-09-18 15:00:00,6.827,6.839,6.788,6.806,178624.4274769
2022-09-18 16:00:00,6.802,6.826,6.72,6.783,519018.81659422
2022-09-18 17:00:00,6.78,6.789,6.72,6.729,365720.99194609
2022-09-18 18:00:00,6.727,6.771,6.702,6.749,310166.73501432
2022-09-18 19:00:00,6.75,6.787,6.729,6.773,179367.32859988
2022-09-18 20:00:00,6.772,6.776,6.724,6.745,170156.05020952
2022-09-18 21:00:00,6.745,6.745,6.194,6.492,1859576.01161776
2022-09-18 22:00:00,6.489,6.496,6.416,6.48,482672.2275971
2022-09-18 23:00:00,6.482,6.517,6.418,6.441,337098.48566491
2022-09-19 00:00:00,6.441,6.522,6.422,6.513,432037.40216954
2022-09-19 01:00:00,6.509,6.554,6.484,6.499,214523.2122089
2022-09-19 02:00:00,6.498,6.502,6.249,6.322,1640589.67128804
2022-09-19 03:00:00,6.321,6.348,6.268,6.299,546365.18565509
2022-09-19 04:00:00,6.298,6.333,6.272,6.291,507139.33237176
2022-09-19 05:00:00,6.289,6.328,6.182,6.216,542908.48911201
2022-09-19 06:00:00,6.218,6.258,6.101,6.147,861885.04282482
2022-09-19 07:00:00,6.147,6.211,6.106,6.195,569733.19058643
2022-09-19 08:00:00,6.194,6.219,6.161,6.164,371785.25677382
2022-09-19 09:00:00,6.164,6.204,6.147,6.189,343067.73962175
2022-09-19 10:00:00,6.19,6.27,6.183,6.265,374311.48606934
2022-09-19 11:00:00,6.265,6.269,6.224,6.252,290079.99759604
2022-09-19 12:00:00,6.251,6.339,6.25,6.311,506526.95758345
2022-09-19 13:00:00,6.312,6.378,6.269,6.368,646567.40623639
2022-09-19 14:00:00,6.37,6.444,6.338,6.381,788541.38989336
2022-09-19 15:00:00,6.38,6.405,6.319,6.339,359068.2707055
2022-09-19 16:00:00,6.341,6.372,6.321,6.365,249017.15221083
2022-09-19 17:00:00,6.366,6.373,6.229,6.26,419035.57124803
2022-09-19 18:00:00,6.26,6.329,6.255,6.327,316856.93675655
2022-09-19 19:00:00,6.326,6.403,6.326,6.392,458806.60596427
2022-09-19 20:00:00,6.396,6.424,6.364,6.375,226477.51283194
2022-09-19 21:00:00,6.374,6.421,6.368,6.373,136643.31248993
2022-09-19 22:00:00,6.371,6.438,6.364,6.413,213599.80316218
2022-09-19 23:00:00,6.411,6.426,6.375,6.381,312995.241854
2022-09-20 00:00:00,6.381,6.411,6.328,6.35,638062.10427005
2022-09-20 01:00:00,6.35,6.35,6.294,6.324,242250.27970976
2022-09-20 02:00:00,6.326,6.385,6.313,6.364,194499.23473214
2022-09-20 03:00:00,6.365,6.367,6.249,6.322,408952.41700992
2022-09-20 04:00:00,6.32,6.32,6.277,6.297,140852.31726395
2022-09-20 05:00:00,6.296,6.348,6.296,6.307,169136.70300474
2022-09-20 06:00:00,6.306,6.349,6.292,6.344,96271.60574979
2022-09-20 07:00:00,6.344,6.41,6.293,6.321,385983.5283989
2022-09-20 08:00:00,6.322,6.352,6.304,6.308,204707.02460395
2022-09-20 09:00:00,6.308,6.316,6.239,6.265,426344.23704578
2022-09-20 10:00:00,6.264,6.303,6.246,6.301,291644.74490803
2022-09-20 11:00:00,6.3,6.332,6.276,6.289,180746.73834163
2022-09-20 12:00:00,6.289,6.297,6.253,6.275,212830.95852936
2022-09-20 13:00:00,6.274,6.282,6.171,6.239,894648.26747031
2022-09-20 14:00:00,6.239,6.357,6.205,6.352,522702.99007282
2022-09-20 15:00:00,6.354,6.366,6.284,6.357,365519.9602566
2022-09-20 16:00:00,6.356,6.385,6.305,6.323,429486.25160376
2022-09-20 17:00:00,6.32,6.342,6.203,6.22,497408.96643657
2022-09-20 18:00:00,6.22,6.297,6.219,6.281,413496.78513629
2022-09-20 19:00:00,6.281,6.321,6.271,6.298,334925.15203881
2022-09-20 20:00:00,6.3,6.319,6.263,6.275,225398.67073572
2022-09-20 21:00:00,6.274,6.303,6.22,6.227,177249.5651541
2022-09-20 22:00:00,6.226,6.273,6.208,6.271,317386.3607608
2022-09-20 23:00:00,6.27,6.292,6.205,6.282,337168.39746009
2022-09-21 00:00:00,6.284,6.354,6.255,6.344,573578.40255349
2022-09-21 01:00:00,6.344,6.347,6.283,6.297,231501.93975307
2022-09-21 02:00:00,6.295,6.358,6.295,6.33,305735.149393
2022-09-21 03:00:00,6.331,6.337,6.304,6.327,98495.02254094
2022-09-21 04:00:00,6.327,6.339,6.304,6.326,119302.68191939
2022-09-21 05:00:00,6.327,6.377,6.26,6.271,313785.26654683
2022-09-21 06:00:00,6.271,6.299,6.137,6.189,1074058.34545207
2022-09-21 07:00:00,6.19,6.253,6.157,6.243,286590.35936013
2022-09-21 08:00:00,6.243,6.266,6.219,6.258,352372.36319154
2022-09-21 09:00:00,6.256,6.328,6.221,6.307,448234.76818532
2022-09-21 10:00:00,6.307,6.328,6.28,6.324,276748.03989963
2022-09-21 11:00:00,6.325,6.359,6.305,6.347,244354.62007504
2022-09-21 12:00:00,6.348,6.409,6.331,6.348,482454.1572673
2022-09-21 13:00:00,6.348,6.361,6.321,6.341,270298.60140472
2022-09-21 14:00:00,6.342,6.363,6.291,6.307,245706.50332401
2022-09-21 15:00:00,6.309,6.315,6.254,6.279,327802.99529714
2022-09-21 16:00:00,6.278,6.324,6.266,6.268,238086.05189112
2022-09-21 17:00:00,6.267,6.415,6.258,6.415,668317.25459548
2022-09-21 18:00:00,6.414,6.572,6.042,6.536,4980482.80948635
2022-09-21 19:00:00,6.537,6.567,6.252,6.255,943403.91722592
2022-09-21 20:00:00,6.254,6.268,6.167,6.23,509828.96458756
2022-09-21 21:00:00,6.229,6.229,6.011,6.043,871078.11172735
2022-09-21 22:00:00,6.044,6.078,5.963,6.076,611363.02818938
2022-09-21 23:00:00,6.075,6.16,6.063,6.123,269510.44081827
2022-09-22 00:00:00,6.119,6.167,6.08,6.1,359682.83566447
2022-09-22 01:00:00,6.098,6.173,6.091,6.171,259637.27496571
2022-09-22 02:00:00,6.17,6.243,6.164,6.235,292126.24667861
2022-09-22 03:00:00,6.234,6.241,6.202,6.213,169125.56789217
2022-09-22 04:00:00,6.213,6.264,6.213,6.252,154429.8494851
2022-09-22 05:00:00,6.251,6.258,6.211,6.233,238224.25911828
2022-09-22 06:00:00,6.233,6.316,6.228,6.277,348083.35850403
2022-09-22 07:00:00,6.272,6.348,6.269,6.34,260496.21887808
2022-09-22 08:00:00,6.339,6.412,6.323,6.382,506526.69266492
2022-09-22 09:00:00,6.383,6.443,6.38,6.43,337804.55833547
2022-09-22 10:00:00,6.431,6.462,6.423,6.441,188684.47376554
2022-09-22 11:00:00,6.442,6.472,6.391,6.46,275922.34907235
2022-09-22 12:00:00,6.462,6.483,6.427,6.458,297254.55729148
2022-09-22 13:00:00,6.456,6.461,6.326,6.335,502081.9663754
2022-09-22 14:00:00,6.334,6.413,6.32,6.325,343984.3811442
2022-09-22 15:00:00,6.325,6.384,6.313,6.368,262904.70111334
2022-09-22 16:00:00,6.365,6.396,6.31,6.375,236648.23493363
2022-09-22 17:00:00,6.375,6.415,6.351,6.384,240925.64976224
2022-09-22 18:00:00,6.385,6.438,6.36,6.408,311441.46672942
2022-09-22 19:00:00,6.409,6.519,6.407,6.451,366674.24128407
2022-09-22 20:00:00,6.452,6.469,6.427,6.431,156711.19758342
2022-09-22 21:00:00,6.434,6.457,6.394,6.394,134230.88783022
2022-09-22 22:00:00,6.395,6.465,6.395,6.451,185575.68457697
2022-09-22 23:00:00,6.452,6.514,6.421,6.441,404280.60465797
2022-09-23 00:00:00,6.442,6.478,6.413,6.416,194272.74679824
2022-09-23 01:00:00,6.415,6.482,6.382,6.482,310839.90581649
2022-09-23 02:00:00,6.482,6.62,6.454,6.489,843941.90836201
2022-09-23 03:00:00,6.488,6.581,6.488,6.553,472316.5607828
2022-09-23 04:00:00,6.554,6.634,6.526,6.576,452642.96076392
2022-09-23 05:00:00,6.577,6.611,6.561,6.564,330364.92800544
2022-09-23 06:00:00,6.56,6.592,6.54,6.544,219184.94560042
2022-09-23 07:00:00,6.54,6.54,6.454,6.47,386952.26584403
2022-09-23 08:00:00,6.473,6.501,6.36,6.381,637424.33129657
2022-09-23 09:00:00,6.378,6.406,6.344,6.395,248988.49070084
2022-09-23 10:00:00,6.395,6.404,6.319,6.343,340261.01181965
2022-09-23 11:00:00,6.343,6.351,6.253,6.289,546958.8361414
2022-09-23 12:00:00,6.286,6.335,6.277,6.313,341011.61881014
2022-09-23 13:00:00,6.311,6.431,6.224,6.234,1073159.8929737
2022-09-23 14:00:00,6.234,6.301,6.188,6.272,746542.01578762
2022-09-23 15:00:00,6.272,6.359,6.253,6.302,349478.18384053
2022-09-23 16:00:00,6.301,6.31,6.233,6.29,334302.08959175
2022-09-23 17:00:00,6.288,6.319,6.249,6.29,324590.85660351
2022-09-23 18:00:00,6.288,6.326,6.231,6.253,486007.46921838
2022-09-23 19:00:00,6.251,6.338,6.245,6.329,502627.6716342
2022-09-23 20:00:00,6.327,6.42,6.327,6.39,287224.4883409
2022-09-23 21:00:00,6.396,6.408,6.291,6.388,384593.67581965
2022-09-23 22:00:00,6.39,6.467,6.39,6.452,327559.0144059
2022-09-23 23:00:00,6.452,6.479,6.404,6.428,200771.86450735
2022-09-24 00:00:00,6.426,6.451,6.376,6.43,246413.36779006
2022-09-24 01:00:00,6.429,6.45,6.396,6.42,180800.63877817
2022-09-24 02:00:00,6.421,6.506,6.412,6.451,320095.96598119
2022-09-24 03:00:00,6.451,6.46,6.407,6.427,172668.57089567
2022-09-24 04:00:00,6.427,6.471,6.425,6.469,128077.04557854
2022-09-24 05:00:00,6.474,6.49,6.442,6.478,217777.8976799
2022-09-24 06:00:00,6.479,6.483,6.437,6.459,140283.07233543
2022-09-24 07:00:00,6.459,6.461,6.38,6.406,201441.14049442
2022-09-24 08:00:00,6.406,6.444,6.365,6.442,176809.06090998
2022-09-24 09:00:00,6.444,6.454,6.398,6.43,130134.64810679
2022-09-24 10:00:00,6.429,6.435,6.382,6.424,145138.61183432
2022-09-24 11:00:00,6.424,6.445,6.401,6.413,147069.5290321
2022-09-24 12:00:00,6.412,6.472,6.411,6.449,144912.5757907
2022-09-24 13:00:00,6.45,6.475,6.441,6.442,142540.69539349
2022-09-24 14:00:00,6.444,6.461,6.424,6.44,179545.59059186
2022-09-24 15:00:00,6.441,6.448,6.406,6.448,129805.80790565
2022-09-24 16:00:00,6.449,6.46,6.424,6.435,141736.06203913
2022-09-24 17:00:00,6.435,6.45,6.403,6.409,123614.42743368
2022-09-24 18:00:00,6.407,6.467,6.403,6.459,261005.06061574
2022-09-24 19:00:00,6.459,6.46,6.419,6.423,104804.86543195
2022-09-24 20:00:00,6.423,6.439,6.41,6.431,93532.9300944
2022-09-24 21:00:00,6.429,6.434,6.341,6.359,203620.94910466
2022-09-24 22:00:00,6.357,6.357,6.232,6.273,400707.49974395
2022-09-24 23:00:00,6.27,6.282,6.234,6.27,212740.13718381
2022-09-25 00:00:00,6.269,6.299,6.249,6.297,255509.09642181
2022-09-25 01:00:00,6.297,6.302,6.271,6.285,153059.37499308
2022-09-25 02:00:00,6.285,6.298,6.261,6.289,75101.62933461
2022-09-25 03:00:00,6.293,6.333,6.272,6.332,199233.99766791
2022-09-25 04:00:00,6.331,6.331,6.308,6.32,102308.95336972
2022-09-25 05:00:00,6.319,6.33,6.273,6.304,242369.07474897
2022-09-25 06:00:00,6.304,6.326,6.292,6.313,123226.87665605
2022-09-25 07:00:00,6.311,6.35,6.294,6.34,231633.98719882
2022-09-25 08:00:00,6.341,6.37,6.321,6.323,264135.15709116
2022-09-25 09:00:00,6.323,6.334,6.291,6.296,181138.02331738
2022-09-25 10:00:00,6.296,6.326,6.259,6.325,182783.80049065
2022-09-25 11:00:00,6.325,6.352,6.311,6.331,220213.84367032
2022-09-25 12:00:00,6.329,6.337,6.294,6.313,236753.126945
2022-09-25 13:00:00,6.311,6.313,6.216,6.256,474869.03106571
2022-09-25 14:00:00,6.256,6.263,6.21,6.243,285716.54053417
2022-09-25 15:00:00,6.242,6.284,6.239,6.274,177908.10288745
2022-09-25 16:00:00,6.273,6.317,6.219,6.229,284325.25397063
2022-09-25 17:00:00,6.23,6.245,6.164,6.24,539052.18898611
2022-09-25 18:00:00,6.241,6.255,6.204,6.234,280792.10359731
2022-09-25 19:00:00,6.234,6.254,6.217,6.234,259762.4783237
2022-09-25 20:00:00,6.233,6.243,6.193,6.204,271792.2724818
2022-09-25 21:00:00,6.204,6.212,6.124,6.149,310595.10723856
2022-09-25 22:00:00,6.148,6.217,6.082,6.166,656691.1827499
2022-09-25 23:00:00,6.166,6.213,6.157,6.198,350003.53568572
2022-09-26 00:00:00,6.197,6.265,6.176,6.197,530307.36637373
2022-09-26 01:00:00,6.197,6.342,6.171,6.317,583183.64839445
2022-09-26 02:00:00,6.317,6.335,6.275,6.329,309159.29770017
2022-09-26 03:00:00,6.328,6.395,6.288,6.307,723299.90034547
2022-09-26 04:00:00,6.306,6.328,6.249,6.249,331287.44832585
2022-09-26 05:00:00,6.246,6.276,6.226,6.252,469818.18060713
2022-09-26 06:00:00,6.252,6.282,6.159,6.162,637004.91997486
2022-09-26 07:00:00,6.163,6.28,6.154,6.262,640257.245392
2022-09-26 08:00:00,6.263,6.414,6.257,6.402,762276.1287569
2022-09-26 09:00:00,6.402,6.435,6.331,6.332,400217.92993225
2022-09-26 10:00:00,6.331,6.377,6.317,6.351,258036.08013466
2022-09-26 11:00:00,6.353,6.412,6.273,6.387,503241.13120779
2022-09-26 12:00:00,6.388,6.491,6.364,6.454,740168.34238673
2022-09-26 13:00:00,6.45,6.487,6.415,6.465,408474.02268579
2022-09-26 14:00:00,6.465,6.53,6.447,6.496,516462.22980295
2022-09-26 15:00:00,6.496,6.556,6.483,6.534,600825.95150168
2022-09-26 16:00:00,6.535,6.542,6.443,6.492,433595.8401727
2022-09-26 17:00:00,6.493,6.509,6.452,6.494,290123.05735964
2022-09-26 18:00:00,6.495,6.524,6.471,6.514,353528.19539791
2022-09-26 19:00:00,6.51,6.576,6.506,6.526,372966.67761929
2022-09-26 20:00:00,6.527,6.573,6.52,6.549,222691.42801671
2022-09-26 21:00:00,6.549,6.557,6.507,6.508,91641.85231224
2022-09-26 22:00:00,6.508,6.561,6.495,6.513,213699.64744391
2022-09-26 23:00:00,6.513,6.556,6.505,6.556,142845.40245809
2022-09-27 00:00:00,6.554,6.645,6.54,6.605,467678.82963585
2022-09-27 01:00:00,6.606,6.693,6.599,6.669,535676.95714607
2022-09-27 02:00:00,6.67,6.698,6.642,6.698,378982.04123937
2022-09-27 03:00:00,6.698,6.781,6.694,6.748,785955.99140394
2022-09-27 04:00:00,6.749,6.766,6.733,6.741,161722.46415921
2022-09-27 05:00:00,6.742,6.78,6.726,6.778,159372.51111127
2022-09-27 06:00:00,6.777,6.798,6.763,6.771,185609.43425685
2022-09-27 07:00:00,6.771,6.783,6.729,6.729,147768.54920928
2022-09-27 08:00:00,6.73,6.741,6.687,6.692,171746.6900245
2022-09-27 09:00:00,6.691,6.715,6.673,6.705,188309.82511081
2022-09-27 10:00:00,6.705,6.747,6.704,6.72,168758.99681053
2022-09-27 11:00:00,6.72,6.757,6.69,6.71,208088.03834802
2022-09-27 12:00:00,6.711,6.754,6.703,6.714,235565.91795078
2022-09-27 13:00:00,6.712,6.768,6.667,6.715,406496.92355942
2022-09-27 14:00:00,6.715,6.725,6.672,6.698,303180.46247828
2022-09-27 15:00:00,6.698,6.706,6.625,6.636,380299.71198497
2022-09-27 16:00:00,6.637,6.655,6.287,6.332,1484595.76048417
2022-09-27 17:00:00,6.331,6.339,6.239,6.258,689788.34789629
2022-09-27 18:00:00,6.258,6.387,6.248,6.381,443169.60571601
2022-09-27 19:00:00,6.38,6.381,6.304,6.348,363627.74920885
2022-09-27 20:00:00,6.344,6.356,6.305,6.354,219054.29868374
2022-09-27 21:00:00,6.353,6.355,6.322,6.342,142971.87463357
2022-09-27 22:00:00,6.341,6.395,6.314,6.368,286402.42841035
2022-09-27 23:00:00,6.367,6.397,6.356,6.364,242960.80020708
2022-09-28 00:00:00,6.365,6.412,6.353,6.372,334513.01005209
2022-09-28 01:00:00,6.373,6.399,6.272,6.308,554199.30292532
2022-09-28 02:00:00,6.308,6.317,6.168,6.233,926294.3381448
2022-09-28 03:00:00,6.233,6.268,6.229,6.259,268334.56305391
2022-09-28 04:00:00,6.259,6.274,6.229,6.265,220392.6942313
2022-09-28 05:00:00,6.265,6.294,6.231,6.293,226689.95845007
2022-09-28 06:00:00,6.292,6.31,6.258,6.262,226721.30122943
2022-09-28 07:00:00,6.263,6.306,6.24,6.303,347084.55129304
2022-09-28 08:00:00,6.301,6.303,6.245,6.273,225698.29563823
2022-09-28 09:00:00,6.274,6.296,6.213,6.276,354667.33309146
2022-09-28 10:00:00,6.276,6.349,6.248,6.317,829802.84768311
2022-09-28 11:00:00,6.316,6.329,6.283,6.325,271693.35675286
2022-09-28 12:00:00,6.327,6.363,6.299,6.332,315320.33219551
2022-09-28 13:00:00,6.332,6.362,6.314,6.344,567042.82653702
2022-09-28 14:00:00,6.343,6.435,6.325,6.403,497608.23520938
2022-09-28 15:00:00,6.401,6.436,6.372,6.436,279432.61742925
2022-09-28 16:00:00,6.435,6.448,6.378,6.387,369499.60551189
2022-09-28 17:00:00,6.388,6.41,6.345,6.384,381940.359164
2022-09-28 18:00:00,6.385,6.434,6.384,6.42,300571.33601252
2022-09-28 19:00:00,6.42,6.465,6.412,6.423,277640.52010153
2022-09-28 20:00:00,6.425,6.465,6.404,6.426,436069.07275719
2022-09-28 21:00:00,6.427,6.434,6.381,6.382,120759.2348035
2022-09-28 22:00:00,6.382,6.419,6.365,6.388,249525.50805041
2022-09-28 23:00:00,6.389,6.424,6.376,6.384,191924.42749133
2022-09-29 00:00:00,6.384,6.428,6.363,6.387,316146.16135643
2022-09-29 01:00:00,6.387,6.45,6.383,6.416,244576.42710657
2022-09-29 02:00:00,6.418,6.44,6.388,6.41,286960.6687939
2022-09-29 03:00:00,6.408,6.438,6.39,6.432,247038.00158865
2022-09-29 04:00:00,6.433,6.47,6.427,6.432,258398.95306337
2022-09-29 05:00:00,6.433,6.469,6.417,6.428,260257.67340083
2022-09-29 06:00:00,6.427,6.427,6.375,6.401,314674.82225804
2022-09-29 07:00:00,6.402,6.409,6.337,6.387,433504.57890414
2022-09-29 08:00:00,6.386,6.405,6.368,6.386,224229.02728163
2022-09-29 09:00:00,6.387,6.451,6.371,6.44,259675.0415071
2022-09-29 10:00:00,6.443,6.488,6.439,6.447,290113.01820458
2022-09-29 11:00:00,6.447,6.481,6.425,6.446,289718.88351187
2022-09-29 12:00:00,6.444,6.446,6.351,6.387,538151.15165444
2022-09-29 13:00:00,6.388,6.414,6.269,6.292,776951.42626394
2022-09-29 14:00:00,6.29,6.362,6.256,6.35,588886.14305545
2022-09-29 15:00:00,6.351,6.37,6.318,6.36,465086.09045826
2022-09-29 16:00:00,6.361,6.409,6.322,6.361,456705.11338909
2022-09-29 17:00:00,6.362,6.39,6.338,6.338,292147.94642669
2022-09-29 18:00:00,6.337,6.381,6.324,6.339,251337.00581108
2022-09-29 19:00:00,6.341,6.396,6.341,6.372,303243.77600942
2022-09-29 20:00:00,6.376,6.41,6.375,6.402,167148.57701785
2022-09-29 21:00:00,6.403,6.431,6.385,6.393,331408.13824467
2022-09-29 22:00:00,6.393,6.431,6.364,6.379,246280.39701568
2022-09-29 23:00:00,6.38,6.44,6.375,6.43,219146.15522777
2022-09-30 00:00:00,6.43,6.472,6.395,6.455,414215.24700972
2022-09-30 01:00:00,6.456,6.482,6.413,6.443,253301.10730381
2022-09-30 02:00:00,6.442,6.444,6.405,6.423,250709.45426024
2022-09-30 03:00:00,6.426,6.445,6.395,6.407,290288.69623945
2022-09-30 04:00:00,6.408,6.431,6.403,6.422,136394.78617461
2022-09-30 05:00:00,6.422,6.444,6.414,6.42,151769.9967345
2022-09-30 06:00:00,6.423,6.443,6.413,6.432,151951.61416794
2022-09-30 07:00:00,6.433,6.528,6.424,6.506,476132.20937692
2022-09-30 08:00:00,6.506,6.533,6.486,6.512,247247.09117382
2022-09-30 09:00:00,6.512,6.512,6.473,6.482,207042.47189863
2022-09-30 10:00:00,6.482,6.489,6.451,6.462,185347.68860527
2022-09-30 11:00:00,6.462,6.469,6.405,6.419,220107.7746384
2022-09-30 12:00:00,6.422,6.474,6.337,6.413,1698492.03691436
2022-09-30 13:00:00,6.411,6.431,6.356,6.429,500675.00781025
2022-09-30 14:00:00,6.429,6.494,6.386,6.49,810706.30240611
2022-09-30 15:00:00,6.493,6.565,6.435,6.446,515243.32809765
2022-09-30 16:00:00,6.445,6.478,6.413,6.443,302853.39835075
2022-09-30 17:00:00,6.444,6.471,6.377,6.402,330236.23735139
2022-09-30 18:00:00,6.398,6.426,6.368,6.369,356343.36755137
2022-09-30 19:00:00,6.369,6.395,6.23,6.236,750346.72376007
2022-09-30 20:00:00,6.234,6.261,6.214,6.253,394709.22435559
2022-09-30 21:00:00,6.251,6.279,6.244,6.271,129040.01767576
2022-09-30 22:00:00,6.27,6.292,6.241,6.287,277461.69859343
2022-09-30 23:00:00,6.281,6.327,6.272,6.318,288864.28247919
2022-10-01 00:00:00,6.318,6.331,6.282,6.302,198086.63870566
2022-10-01 01:00:00,6.3,6.321,6.285,6.303,316204.13602889
2022-10-01 02:00:00,6.306,6.323,6.294,6.315,195274.95943502
2022-10-01 03:00:00,6.314,6.323,6.294,6.317,167747.1422058
2022-10-01 04:00:00,6.317,6.319,6.292,6.308,166053.22294708
2022-10-01 05:00:00,6.309,6.311,6.264,6.303,167738.11006309
2022-10-01 06:00:00,6.301,6.301,6.279,6.284,112012.9182245
2022-10-01 07:00:00,6.283,6.323,6.275,6.319,157386.14008441
2022-10-01 08:00:00,6.319,6.326,6.297,6.311,182332.56826894
2022-10-01 09:00:00,6.313,6.321,6.294,6.305,144279.05021533
2022-10-01 10:00:00,6.306,6.318,6.288,6.31,168836.24936912
2022-10-01 11:00:00,6.31,6.324,6.265,6.299,204682.69957786
2022-10-01 12:00:00,6.298,6.298,6.274,6.293,158002.45236663
2022-10-01 13:00:00,6.292,6.315,6.285,6.294,186127.91308706
2022-10-01 14:00:00,6.292,6.3,6.271,6.285,175817.25791358
2022-10-01 15:00:00,6.285,6.292,6.274,6.29,188383.23254775
2022-10-01 16:00:00,6.29,6.293,6.242,6.256,481688.9047158
2022-10-01 17:00:00,6.254,6.265,6.222,6.237,274069.74538619
2022-10-01 18:00:00,6.238,6.274,6.208,6.272,235886.49592487
2022-10-01 19:00:00,6.271,6.284,6.252,6.27,184220.38162519
2022-10-01 20:00:00,6.269,6.272,6.232,6.261,197306.74981732
2022-10-01 21:00:00,6.261,6.285,6.258,6.283,73996.88089211
2022-10-01 22:00:00,6.282,6.293,6.273,6.283,186259.27867112
2022-10-01 23:00:00,6.283,6.288,6.263,6.267,98490.82466204
2022-10-02 00:00:00,6.266,6.291,6.253,6.271,133440.12447085
2022-10-02 01:00:00,6.27,6.3,6.265,6.293,124194.56745907
2022-10-02 02:00:00,6.295,6.315,6.292,6.301,142543.51282746
2022-10-02 03:00:00,6.303,6.318,6.289,6.308,218857.50499947
2022-10-02 04:00:00,6.307,6.319,6.294,6.312,145355.43353043
2022-10-02 05:00:00,6.312,6.322,6.285,6.292,143704.86371931
2022-10-02 06:00:00,6.292,6.315,6.279,6.28,113931.89344359
2022-10-02 07:00:00,6.282,6.299,6.273,6.296,142192.24888342
2022-10-02 08:00:00,6.295,6.311,6.281,6.311,152309.57353586
2022-10-02 09:00:00,6.31,6.31,6.281,6.294,107684.81345639
2022-10-02 10:00:00,6.295,6.297,6.143,6.196,908524.48789956
2022-10-02 11:00:00,6.199,6.243,6.172,6.219,314888.49300598
2022-10-02 12:00:00,6.216,6.23,6.193,6.203,205214.56563417
2022-10-02 13:00:00,6.2,6.225,6.186,6.215,137352.94009137
2022-10-02 14:00:00,6.216,6.226,6.181,6.202,324685.66945217
2022-10-02 15:00:00,6.202,6.22,6.193,6.22,213199.61786543
2022-10-02 16:00:00,6.219,6.249,6.213,6.239,288424.41715046
2022-10-02 17:00:00,6.24,6.276,6.231,6.261,214109.02185482
2022-10-02 18:00:00,6.261,6.269,6.246,6.264,208626.09499385
2022-10-02 19:00:00,6.264,6.313,6.264,6.297,377959.62206957
2022-10-02 20:00:00,6.297,6.312,6.275,6.279,176256.40534465
2022-10-02 21:00:00,6.28,6.283,6.246,6.265,191755.44797823
2022-10-02 22:00:00,6.265,6.308,6.223,6.237,588791.76186566
2022-10-02 23:00:00,6.236,6.237,6.121,6.153,1070495.87824078
2022-10-03 00:00:00,6.153,6.191,6.084,6.187,778746.65590215
2022-10-03 01:00:00,6.188,6.263,6.183,6.256,447621.07040249
2022-10-03 02:00:00,6.256,6.261,6.229,6.233,313376.2828361
2022-10-03 03:00:00,6.235,6.248,6.23,6.234,239792.23985975
2022-10-03 04:00:00,6.234,6.237,6.184,6.184,294438.69803368
2022-10-03 05:00:00,6.183,6.26,6.178,6.25,285872.86336145
2022-10-03 06:00:00,6.253,6.266,6.21,6.213,361232.63817698
2022-10-03 07:00:00,6.213,6.244,6.191,6.222,349168.58490234
2022-10-03 08:00:00,6.221,6.232,6.207,6.231,214879.74618775
2022-10-03 09:00:00,6.23,6.244,6.21,6.242,198118.75868325
2022-10-03 10:00:00,6.244,6.289,6.23,6.275,259133.54619805
2022-10-03 11:00:00,6.277,6.304,6.26,6.291,415216.85086189
2022-10-03 12:00:00,6.291,6.307,6.269,6.293,313107.97937068
2022-10-03 13:00:00,6.293,6.316,6.249,6.26,457334.47182974
2022-10-03 14:00:00,6.261,6.356,6.261,6.329,485277.37901888
2022-10-03 15:00:00,6.328,6.363,6.313,6.317,301331.38917679
2022-10-03 16:00:00,6.317,6.331,6.294,6.32,233472.71949706
2022-10-03 17:00:00,6.323,6.373,6.323,6.334,283106.08285002
2022-10-03 18:00:00,6.334,6.361,6.32,6.321,259242.45792703
2022-10-03 19:00:00,6.32,6.338,6.293,6.326,216053.17400401
2022-10-03 20:00:00,6.33,6.383,6.325,6.37,288998.00809801
2022-10-03 21:00:00,6.372,6.374,6.348,6.361,69282.73453063
2022-10-03 22:00:00,6.363,6.379,6.357,6.37,295895.86603163
2022-10-03 23:00:00,6.371,6.402,6.36,6.365,449771.20160574
2022-10-04 00:00:00,6.364,6.403,6.358,6.364,289892.5546669
2022-10-04 01:00:00,6.364,6.365,6.347,6.351,130434.78712287
2022-10-04 02:00:00,6.35,6.359,6.343,6.358,94285.69873677
2022-10-04 03:00:00,6.357,6.386,6.346,6.383,188665.80107
2022-10-04 04:00:00,6.383,6.386,6.344,6.355,197565.64919768
2022-10-04 05:00:00,6.355,6.371,6.353,6.358,153021.42401168
2022-10-04 06:00:00,6.358,6.439,6.358,6.417,405696.99524281
2022-10-04 07:00:00,6.418,6.448,6.417,6.436,276659.23567269
2022-10-04 08:00:00,6.436,6.47,6.418,6.422,374548.31394281
2022-10-04 09:00:00,6.423,6.433,6.394,6.421,213218.76303052
2022-10-04 10:00:00,6.42,6.446,6.415,6.42,183347.38436889
2022-10-04 11:00:00,6.42,6.445,6.419,6.443,131876.68179632
2022-10-04 12:00:00,6.443,6.476,6.443,6.465,212813.29895583
2022-10-04 13:00:00,6.466,6.488,6.446,6.464,314429.20463152
2022-10-04 14:00:00,6.466,6.509,6.46,6.464,398593.46782237
2022-10-04 15:00:00,6.465,6.472,6.445,6.47,204286.1646488
2022-10-04 16:00:00,6.47,6.491,6.427,6.434,224531.97032679
2022-10-04 17:00:00,6.432,6.444,6.395,6.438,265271.76633817
2022-10-04 18:00:00,6.44,6.476,6.434,6.466,156279.42906544
2022-10-04 19:00:00,6.467,6.489,6.427,6.481,329815.20517906
2022-10-04 20:00:00,6.482,6.536,6.478,6.504,542722.3651397
2022-10-04 21:00:00,6.503,6.514,6.493,6.498,112532.45435032
2022-10-04 22:00:00,6.499,6.505,6.466,6.479,247514.61202052
2022-10-04 23:00:00,6.478,6.507,6.474,6.489,240849.07452317
2022-10-05 00:00:00,6.49,6.501,6.445,6.454,201329.7606309
2022-10-05 01:00:00,6.454,6.466,6.444,6.446,230185.37911464
2022-10-05 02:00:00,6.447,6.465,6.416,6.422,170805.08150726
2022-10-05 03:00:00,6.421,6.436,6.376,6.395,505875.10594551
2022-10-05 04:00:00,6.394,6.431,6.392,6.413,207284.94378895
2022-10-05 05:00:00,6.412,6.445,6.41,6.444,153311.94115119
2022-10-05 06:00:00,6.442,6.469,6.431,6.439,251007.727043
2022-10-05 07:00:00,6.439,6.448,6.413,6.422,234047.15293071
2022-10-05 08:00:00,6.421,6.424,6.355,6.392,459188.53769552
2022-10-05 09:00:00,6.392,6.392,6.365,6.374,193118.63741925
2022-10-05 10:00:00,6.373,6.393,6.361,6.382,252675.26295675
2022-10-05 11:00:00,6.383,6.383,6.318,6.331,349143.55210354
2022-10-05 12:00:00,6.331,6.337,6.303,6.326,238279.52048332
2022-10-05 13:00:00,6.324,6.332,6.272,6.312,477003.28878151
2022-10-05 14:00:00,6.312,6.319,6.268,6.296,346999.14116764
2022-10-05 15:00:00,6.297,6.333,6.297,6.333,162158.03664521
2022-10-05 16:00:00,6.333,6.389,6.319,6.368,286491.53251605
2022-10-05 17:00:00,6.368,6.399,6.356,6.356,201491.21274278
2022-10-05 18:00:00,6.357,6.392,6.345,6.392,194139.00844179
2022-10-05 19:00:00,6.392,6.412,6.369,6.386,298700.39706927
2022-10-05 20:00:00,6.386,6.431,6.376,6.416,267726.5559228
2022-10-05 21:00:00,6.415,6.416,6.387,6.391,112624.7732229
2022-10-05 22:00:00,6.39,6.429,6.379,6.419,259528.7115721
2022-10-05 23:00:00,6.42,6.441,6.403,6.431,224498.01030379
2022-10-06 00:00:00,6.432,6.488,6.43,6.457,544127.79138616
2022-10-06 01:00:00,6.458,6.512,6.458,6.51,225975.81639189
2022-10-06 02:00:00,6.51,6.521,6.486,6.503,159407.13520839
2022-10-06 03:00:00,6.504,6.507,6.47,6.484,218310.39725059
2022-10-06 04:00:00,6.484,6.513,6.468,6.474,196798.19394289
2022-10-06 05:00:00,6.476,6.486,6.453,6.479,190405.24257469
2022-10-06 06:00:00,6.477,6.478,6.435,6.435,158031.83497015
2022-10-06 07:00:00,6.435,6.452,6.422,6.445,162517.39668273
2022-10-06 08:00:00,6.445,6.451,6.412,6.448,162073.37161589
2022-10-06 09:00:00,6.449,6.451,6.427,6.427,103053.63976741
2022-10-06 10:00:00,6.426,6.438,6.407,6.418,100874.33639529
2022-10-06 11:00:00,6.417,6.469,6.406,6.464,215927.96165869
2022-10-06 12:00:00,6.465,6.49,6.436,6.445,254316.36540883
2022-10-06 13:00:00,6.442,6.477,6.413,6.423,342105.50757655
2022-10-06 14:00:00,6.421,6.421,6.35,6.398,379192.10367982
2022-10-06 15:00:00,6.399,6.409,6.373,6.375,281535.23361358
2022-10-06 16:00:00,6.374,6.4,6.354,6.386,266247.79460714
2022-10-06 17:00:00,6.387,6.419,6.374,6.396,236185.86021643
2022-10-06 18:00:00,6.397,6.397,6.352,6.372,229898.42806063
2022-10-06 19:00:00,6.371,6.399,6.369,6.385,239438.02698333
2022-10-06 20:00:00,6.384,6.385,6.356,6.374,85423.54276061
2022-10-06 21:00:00,6.372,6.372,6.32,6.329,147297.96154849
2022-10-06 22:00:00,6.329,6.343,6.312,6.324,231897.85195404
2022-10-06 23:00:00,6.324,6.341,6.316,6.34,173792.80845842
2022-10-07 00:00:00,6.341,6.373,6.336,6.35,201069.47749846
2022-10-07 01:00:00,6.349,6.367,6.346,6.355,190992.51384945
2022-10-07 02:00:00,6.356,6.385,6.342,6.373,139579.4493417
2022-10-07 03:00:00,6.373,6.374,6.36,6.368,103611.5100194
2022-10-07 04:00:00,6.369,6.38,6.354,6.354,121639.00180078
2022-10-07 05:00:00,6.352,6.383,6.347,6.372,118168.86056784
2022-10-07 06:00:00,6.372,6.392,6.337,6.348,216761.1005603
2022-10-07 07:00:00,6.349,6.371,6.344,6.36,169137.44179832
2022-10-07 08:00:00,6.361,6.388,6.357,6.372,115240.30116672
2022-10-07 09:00:00,6.372,6.387,6.362,6.364,144925.12577657
2022-10-07 10:00:00,6.364,6.364,6.348,6.363,121757.33306419
2022-10-07 11:00:00,6.365,6.371,6.354,6.371,134519.61438015
2022-10-07 12:00:00,6.37,6.383,6.255,6.295,1305790.2949593
2022-10-07 13:00:00,6.292,6.312,6.267,6.291,315666.01737091
2022-10-07 14:00:00,6.291,6.322,6.285,6.315,249909.88291446
2022-10-07 15:00:00,6.316,6.322,6.293,6.303,163717.64383728
2022-10-07 16:00:00,6.302,6.312,6.251,6.29,362172.39059308
2022-10-07 17:00:00,6.29,6.302,6.281,6.287,155610.72785901
2022-10-07 18:00:00,6.285,6.305,6.274,6.305,115685.84874244
2022-10-07 19:00:00,6.305,6.314,6.293,6.311,129488.96570954
2022-10-07 20:00:00,6.31,6.324,6.301,6.321,148015.28324376
2022-10-07 21:00:00,6.319,6.331,6.314,6.324,87773.99098097
2022-10-07 22:00:00,6.325,6.336,6.318,6.324,101634.10645013
2022-10-07 23:00:00,6.324,6.332,6.311,6.325,141000.31315194
2022-10-08 00:00:00,6.325,6.383,6.321,6.382,187207.26771953
2022-10-08 01:00:00,6.383,6.391,6.37,6.38,111154.92211639
2022-10-08 02:00:00,6.38,6.389,6.365,6.372,146441.93735931
2022-10-08 03:00:00,6.372,6.374,6.359,6.364,94128.3959778
2022-10-08 04:00:00,6.364,6.375,6.335,6.341,121188.79973174
2022-10-08 05:00:00,6.339,6.357,6.333,6.346,92852.20489909
2022-10-08 06:00:00,6.347,6.357,6.336,6.353,119903.06548534
2022-10-08 07:00:00,6.354,6.368,6.35,6.354,96190.97680383
2022-10-08 08:00:00,6.354,6.364,6.331,6.341,125749.92807524
2022-10-08 09:00:00,6.341,6.355,6.337,6.344,99045.96059752
2022-10-08 10:00:00,6.344,6.359,6.341,6.353,91836.73159434
2022-10-08 11:00:00,6.355,6.366,6.345,6.361,126355.36217199
2022-10-08 12:00:00,6.361,6.363,6.343,6.354,154128.37415707
2022-10-08 13:00:00,6.355,6.355,6.329,6.339,135371.64361938
2022-10-08 14:00:00,6.338,6.34,6.314,6.332,140951.95770251
2022-10-08 15:00:00,6.332,6.336,6.322,6.335,101302.70534558
2022-10-08 16:00:00,6.334,6.355,6.327,6.354,86302.20308897
2022-10-08 17:00:00,6.354,6.354,6.333,6.349,34579.78298836
2022-10-08 18:00:00,6.349,6.352,6.323,6.33,57202.88668445
2022-10-08 19:00:00,6.329,6.329,6.314,6.32,64026.52068884
2022-10-08 20:00:00,6.319,6.334,6.313,6.325,59438.30501181
2022-10-08 21:00:00,6.323,6.323,6.266,6.271,145297.2589575
2022-10-08 22:00:00,6.271,6.303,6.266,6.295,114147.5945593
2022-10-08 23:00:00,6.296,6.308,6.293,6.308,134517.93380947
2022-10-09 00:00:00,6.306,6.325,6.301,6.304,142618.93027392
2022-10-09 01:00:00,6.304,6.311,6.287,6.303,119733.14916363
2022-10-09 02:00:00,6.304,6.313,6.282,6.293,103872.54315551
2022-10-09 03:00:00,6.295,6.302,6.281,6.299,81423.42414687
2022-10-09 04:00:00,6.299,6.313,6.285,6.313,105732.17241884
2022-10-09 05:00:00,6.313,6.321,6.311,6.317,116545.90717834
2022-10-09 06:00:00,6.317,6.327,6.311,6.315,110615.43527795
2022-10-09 07:00:00,6.316,6.362,6.316,6.349,279395.44681062
2022-10-09 08:00:00,6.35,6.358,6.335,6.341,138330.38827355
2022-10-09 09:00:00,6.341,6.36,6.337,6.355,149536.18797853
2022-10-09 10:00:00,6.355,6.377,6.337,6.377,177585.2024115
2022-10-09 11:00:00,6.378,6.412,6.378,6.392,177519.44706458
2022-10-09 12:00:00,6.394,6.41,6.39,6.404,179265.17582896
2022-10-09 13:00:00,6.405,6.409,6.38,6.38,102676.36308762
2022-10-09 14:00:00,6.382,6.409,6.382,6.397,102892.03825743
2022-10-09 15:00:00,6.398,6.46,6.398,6.459,270802.0391118
2022-10-09 16:00:00,6.46,6.492,6.454,6.482,344585.60327739
2022-10-09 17:00:00,6.482,6.488,6.47,6.475,106573.9763829
2022-10-09 18:00:00,6.476,6.483,6.462,6.481,176399.87177011
2022-10-09 19:00:00,6.481,6.489,6.45,6.47,216114.62798854
2022-10-09 20:00:00,6.471,6.471,6.457,6.469,63389.8901176
2022-10-09 21:00:00,6.468,6.469,6.445,6.464,75077.36914445
2022-10-09 22:00:00,6.464,6.464,6.436,6.441,217455.93988884
2022-10-09 23:00:00,6.44,6.48,6.43,6.474,134202.47212076
2022-10-10 00:00:00,6.474,6.54,6.467,6.521,391028.70934601
2022-10-10 01:00:00,6.523,6.539,6.505,6.51,228812.26626155
2022-10-10 02:00:00,6.51,6.515,6.477,6.481,153915.15622948
2022-10-10 03:00:00,6.482,6.49,6.435,6.442,196890.10691985
2022-10-10 04:00:00,6.441,6.467,6.439,6.466,124849.50627326
2022-10-10 05:00:00,6.466,6.468,6.41,6.427,210960.92908423
2022-10-10 06:00:00,6.427,6.436,6.384,6.401,315238.32846691
2022-10-10 07:00:00,6.399,6.422,6.39,6.408,125191.31637455
2022-10-10 08:00:00,6.407,6.411,6.278,6.312,688027.44050675
2022-10-10 09:00:00,6.311,6.357,6.303,6.354,182373.95538297
2022-10-10 10:00:00,6.354,6.355,6.331,6.334,162136.22729026
2022-10-10 11:00:00,6.333,6.369,6.333,6.357,160730.87427215
2022-10-10 12:00:00,6.356,6.384,6.338,6.382,155938.53500751
2022-10-10 13:00:00,6.385,6.399,6.344,6.347,257120.58925866
2022-10-10 14:00:00,6.346,6.383,6.319,6.335,286588.26444853
2022-10-10 15:00:00,6.334,6.355,6.327,6.342,169437.60006461
2022-10-10 16:00:00,6.343,6.348,6.293,6.314,247813.05462246
2022-10-10 17:00:00,6.313,6.375,6.307,6.362,196612.65065341
2022-10-10 18:00:00,6.361,6.363,6.326,6.338,156095.58829849
2022-10-10 19:00:00,6.338,6.364,6.335,6.348,163159.75648715
2022-10-10 20:00:00,6.347,6.364,6.343,6.347,102855.48668332
2022-10-10 21:00:00,6.348,6.369,6.336,6.349,105808.0301494
2022-10-10 22:00:00,6.348,6.349,6.257,6.294,524382.14827976
2022-10-10 23:00:00,6.291,6.314,6.238,6.252,358699.57425542
2022-10-11 00:00:00,6.25,6.25,6.12,6.192,821766.39153413
2022-10-11 01:00:00,6.191,6.205,6.153,6.163,264772.60787051
2022-10-11 02:00:00,6.163,6.19,6.137,6.188,217548.10872969
2022-10-11 03:00:00,6.188,6.197,6.18,6.192,125118.03390626
2022-10-11 04:00:00,6.192,6.206,6.18,6.181,220911.70325923
2022-10-11 05:00:00,6.18,6.199,6.177,6.182,116526.04632359
2022-10-11 06:00:00,6.182,6.21,6.171,6.189,220171.28829252
2022-10-11 07:00:00,6.191,6.205,6.17,6.199,196034.17214902
2022-10-11 08:00:00,6.198,6.212,6.192,6.2,143349.83171604
2022-10-11 09:00:00,6.2,6.204,6.159,6.172,177564.90719166
2022-10-11 10:00:00,6.171,6.187,6.161,6.18,184036.82838511
2022-10-11 11:00:00,6.183,6.209,6.183,6.207,161292.80728683
2022-10-11 12:00:00,6.208,6.24,6.195,6.2,212208.12386597
2022-10-11 13:00:00,6.198,6.21,6.159,6.162,239351.60019118
2022-10-11 14:00:00,6.159,6.202,6.134,6.182,360231.32644486
2022-10-11 15:00:00,6.184,6.238,6.184,6.225,215477.58533029
2022-10-11 16:00:00,6.225,6.245,6.207,6.234,188138.59098017
2022-10-11 17:00:00,6.235,6.238,6.215,6.224,163684.42295687
2022-10-11 18:00:00,6.224,6.227,6.168,6.176,174199.53878494
2022-10-11 19:00:00,6.176,6.199,6.165,6.192,152982.61858649
2022-10-11 20:00:00,6.192,6.203,6.18,6.18,78033.65173629
2022-10-11 21:00:00,6.18,6.188,6.167,6.169,88263.15256355
2022-10-11 22:00:00,6.168,6.196,6.166,6.183,124673.58821166
2022-10-11 23:00:00,6.185,6.191,6.151,6.176,207193.49374803
2022-10-12 00:00:00,6.175,6.217,6.162,6.204,189965.57620761
2022-10-12 01:00:00,6.204,6.205,6.172,6.179,97903.15606804
2022-10-12 02:00:00,6.179,6.191,6.162,6.175,105103.75042338
2022-10-12 03:00:00,6.175,6.193,6.175,6.182,75977.23848184
2022-10-12 04:00:00,6.181,6.225,6.181,6.209,91533.01636244
2022-10-12 05:00:00,6.21,6.214,6.187,6.211,73382.82000764
2022-10-12 06:00:00,6.21,6.23,6.2,6.214,106671.27060674
2022-10-12 07:00:00,6.213,6.226,6.198,6.202,122977.65782275
2022-10-12 08:00:00,6.201,6.216,6.193,6.214,95161.29495638
2022-10-12 09:00:00,6.213,6.24,6.21,6.221,161211.43605207
2022-10-12 10:00:00,6.221,6.223,6.201,6.211,113939.31998795
2022-10-12 11:00:00,6.211,6.221,6.202,6.205,148006.01573262
2022-10-12 12:00:00,6.204,6.224,6.14,6.179,476963.56583623
2022-10-12 13:00:00,6.178,6.215,6.163,6.191,250522.46763672
2022-10-12 14:00:00,6.192,6.2,6.169,6.185,183693.47261016
2022-10-12 15:00:00,6.183,6.201,6.177,6.186,154183.11376134
2022-10-12 16:00:00,6.185,6.191,6.159,6.163,117769.75031496
2022-10-12 17:00:00,6.161,6.167,6.128,6.143,146631.89547395
2022-10-12 18:00:00,6.142,6.171,6.125,6.146,246929.10514424
2022-10-12 19:00:00,6.144,6.182,6.14,6.161,103387.75757268
2022-10-12 20:00:00,6.163,6.163,6.144,6.159,97350.0825641
2022-10-12 21:00:00,6.158,6.17,6.155,6.16,60396.16449845
2022-10-12 22:00:00,6.16,6.185,6.157,6.158,97129.900687
2022-10-12 23:00:00,6.155,6.174,6.155,6.169,76991.80583928
2022-10-13 00:00:00,6.168,6.177,6.16,6.161,78380.44767362
2022-10-13 01:00:00,6.161,6.172,6.11,6.126,199973.60775831
2022-10-13 02:00:00,6.126,6.126,6.015,6.083,641795.25983843
2022-10-13 03:00:00,6.083,6.098,6.076,6.091,133936.27542584
2022-10-13 04:00:00,6.09,6.098,6.074,6.09,148717.92515007
2022-10-13 05:00:00,6.089,6.095,6.058,6.083,169622.21165907
2022-10-13 06:00:00,6.083,6.088,6.008,6.041,529997.36074293
2022-10-13 07:00:00,6.04,6.04,5.811,5.882,1330497.04160099
2022-10-13 08:00:00,5.88,5.911,5.819,5.892,573418.82025167
2022-10-13 09:00:00,5.891,5.926,5.89,5.917,278535.38415251
2022-10-13 10:00:00,5.917,5.927,5.697,5.85,1463239.15228419
2022-10-13 11:00:00,5.849,5.895,5.84,5.861,369372.94354744
2022-10-13 12:00:00,5.862,6.028,5.675,5.845,2507248.00201579
2022-10-13 13:00:00,5.845,5.884,5.783,5.88,464940.80414671
2022-10-13 14:00:00,5.881,5.902,5.851,5.883,376510.66779933
2022-10-13 15:00:00,5.882,6.019,5.876,6.002,530484.25183633
2022-10-13 16:00:00,6.004,6.066,5.987,6.036,306506.48690777
2022-10-13 17:00:00,6.037,6.069,6.034,6.054,324648.41724863
2022-10-13 18:00:00,6.054,6.13,6.052,6.118,395268.21583961
2022-10-13 19:00:00,6.119,6.146,6.103,6.114,288986.48434813
2022-10-13 20:00:00,6.115,6.15,6.114,6.127,215521.2695671
2022-10-13 21:00:00,6.128,6.142,6.123,6.135,78713.05181178
2022-10-13 22:00:00,6.135,6.152,6.119,6.131,169290.65222776
2022-10-13 23:00:00,6.131,6.137,6.106,6.108,111326.28523903
2022-10-14 00:00:00,6.107,6.123,6.084,6.109,199711.22957268
2022-10-14 01:00:00,6.109,6.238,6.109,6.223,372759.44292333
2022-10-14 02:00:00,6.223,6.252,6.208,6.232,160952.55377822
2022-10-14 03:00:00,6.232,6.269,6.228,6.233,129535.83285701
2022-10-14 04:00:00,6.233,6.244,6.228,6.234,90801.55080789
2022-10-14 05:00:00,6.234,6.244,6.21,6.227,146623.85386023
2022-10-14 06:00:00,6.226,6.234,6.219,6.219,105899.44442522
2022-10-14 07:00:00,6.219,6.222,6.187,6.202,133937.83219922
2022-10-14 08:00:00,6.2,6.235,6.188,6.205,215390.85608549
2022-10-14 09:00:00,6.204,6.227,6.189,6.223,133493.66961362
2022-10-14 10:00:00,6.223,6.227,6.203,6.207,168606.67571323
2022-10-14 11:00:00,6.206,6.221,6.177,6.177,135169.9945417
2022-10-14 12:00:00,6.178,6.26,6.171,6.253,240433.2408185
2022-10-14 13:00:00,6.253,6.254,6.198,6.203,204452.91924553
2022-10-14 14:00:00,6.203,6.203,6.111,6.155,357073.1634762
2022-10-14 15:00:00,6.155,6.166,6.104,6.105,218257.52146477
2022-10-14 16:00:00,6.105,6.116,6.033,6.081,272511.98193289
2022-10-14 17:00:00,6.081,6.091,6.06,6.091,118950.63515106
2022-10-14 18:00:00,6.09,6.092,6.036,6.055,157049.20645951
2022-10-14 19:00:00,6.053,6.07,6.028,6.05,152245.26241438
2022-10-14 20:00:00,6.05,6.066,6.037,6.062,83579.27868952
2022-10-14 21:00:00,6.061,6.065,6.012,6.021,79730.80623214
2022-10-14 22:00:00,6.02,6.029,6.009,6.028,72045.49085815
2022-10-14 23:00:00,6.027,6.045,6.023,6.039,71364.95421151
2022-10-15 00:00:00,6.039,6.065,6.032,6.051,86213.9079651
2022-10-15 01:00:00,6.05,6.058,6.04,6.042,108615.23182936
2022-10-15 02:00:00,6.043,6.068,6.033,6.053,68714.92525162
2022-10-15 03:00:00,6.054,6.065,6.045,6.063,62334.0866404
2022-10-15 04:00:00,6.063,6.077,6.056,6.062,94455.36007773
2022-10-15 05:00:00,6.062,6.092,6.046,6.082,88649.2196939
2022-10-15 06:00:00,6.082,6.089,6.061,6.07,91809.39909443
2022-10-15 07:00:00,6.07,6.085,6.06,6.074,84920.70633638
2022-10-15 08:00:00,6.075,6.078,6.02,6.034,197122.69940704
2022-10-15 09:00:00,6.034,6.051,6.027,6.037,103429.32491655
2022-10-15 10:00:00,6.037,6.067,6.027,6.064,119368.58862044
2022-10-15 11:00:00,6.064,6.079,6.059,6.077,99919.39634746
2022-10-15 12:00:00,6.078,6.098,6.07,6.074,119299.48103327
2022-10-15 13:00:00,6.074,6.081,6.048,6.077,121355.31429735
2022-10-15 14:00:00,6.078,6.091,6.064,6.076,131945.60645327
2022-10-15 15:00:00,6.077,6.088,6.064,6.071,117066.01981577
2022-10-15 16:00:00,6.071,6.09,6.053,6.062,140003.272333
2022-10-15 17:00:00,6.063,6.066,6.032,6.038,120780.41919579
2022-10-15 18:00:00,6.037,6.067,6.036,6.062,105079.25457538
2022-10-15 19:00:00,6.061,6.075,6.05,6.073,100194.37013457
2022-10-15 20:00:00,6.073,6.088,6.062,6.085,61527.86896454
2022-10-15 21:00:00,6.084,6.084,6.054,6.065,80668.83761024
2022-10-15 22:00:00,6.065,6.07,6.052,6.052,72479.66521544
2022-10-15 23:00:00,6.053,6.082,6.029,6.046,150658.8288752
2022-10-16 00:00:00,6.047,6.137,6.044,6.116,231091.67779033
2022-10-16 01:00:00,6.116,6.14,6.108,6.128,118579.99524121
2022-10-16 02:00:00,6.129,6.136,6.11,6.119,93824.23470458
2022-10-16 03:00:00,6.12,6.133,6.113,6.121,92370.07575763
2022-10-16 04:00:00,6.121,6.146,6.119,6.133,128539.60407743
2022-10-16 05:00:00,6.133,6.154,6.129,6.139,111406.77488248
2022-10-16 06:00:00,6.139,6.143,6.117,6.128,95858.99257844
2022-10-16 07:00:00,6.128,6.136,6.122,6.123,93086.04278499
2022-10-16 08:00:00,6.124,6.187,6.124,6.171,168478.4243426
2022-10-16 09:00:00,6.171,6.171,6.15,6.154,117356.18095615
2022-10-16 10:00:00,6.154,6.164,6.128,6.134,120804.72891222
2022-10-16 11:00:00,6.135,6.156,6.129,6.154,95027.91980618
2022-10-16 12:00:00,6.155,6.161,6.127,6.14,146262.17244042
2022-10-16 13:00:00,6.141,6.148,6.133,6.137,115383.95400956
2022-10-16 14:00:00,6.137,6.142,6.121,6.132,119307.70841887
2022-10-16 15:00:00,6.131,6.164,6.129,6.158,158902.243174
2022-10-16 16:00:00,6.159,6.168,6.139,6.142,87265.22227339
2022-10-16 17:00:00,6.141,6.152,6.137,6.138,70158.89944224
2022-10-16 18:00:00,6.138,6.143,6.13,6.134,79141.3270987
2022-10-16 19:00:00,6.134,6.235,6.133,6.23,294353.28400584
2022-10-16 20:00:00,6.231,6.241,6.192,6.209,227378.67633394
2022-10-16 21:00:00,6.209,6.215,6.131,6.143,116862.89191611
2022-10-16 22:00:00,6.143,6.209,6.121,6.196,168822.16776738
2022-10-16 23:00:00,6.196,6.203,6.172,6.181,88022.33287258
2022-10-17 00:00:00,6.18,6.202,6.149,6.162,116766.9870718
2022-10-17 01:00:00,6.164,6.176,6.141,6.145,114271.77657477
2022-10-17 02:00:00,6.146,6.151,6.122,6.135,114357.83098199
2022-10-17 03:00:00,6.135,6.147,6.127,6.139,156579.18642001
2022-10-17 04:00:00,6.138,6.165,6.129,6.164,92156.53340287
2022-10-17 05:00:00,6.164,6.184,6.157,6.183,140163.31502807
2022-10-17 06:00:00,6.185,6.215,6.167,6.171,126717.1765842
2022-10-17 07:00:00,6.172,6.204,6.171,6.183,181610.23968696
2022-10-17 08:00:00,6.184,6.188,6.15,6.158,132664.39021457
2022-10-17 09:00:00,6.159,6.202,6.159,6.19,191842.49273995
2022-10-17 10:00:00,6.189,6.212,6.186,6.203,209221.91378108
2022-10-17 11:00:00,6.204,6.226,6.19,6.206,168842.7929252
2022-10-17 12:00:00,6.206,6.229,6.185,6.213,171887.79407226
2022-10-17 13:00:00,6.213,6.264,6.213,6.243,272660.17664376
2022-10-17 14:00:00,6.243,6.26,6.202,6.211,191445.88963234
2022-10-17 15:00:00,6.211,6.232,6.199,6.224,143536.52536612
2022-10-17 16:00:00,6.224,6.24,6.204,6.216,125533.49697406
2022-10-17 17:00:00,6.215,6.221,6.194,6.209,100229.6208182
2022-10-17 18:00:00,6.21,6.215,6.178,6.211,150982.74761061
2022-10-17 19:00:00,6.211,6.223,6.208,6.216,136284.68287596
2022-10-17 20:00:00,6.217,6.239,6.209,6.219,170219.29036031
2022-10-17 21:00:00,6.219,6.292,6.204,6.245,315782.51075487
2022-10-17 22:00:00,6.244,6.273,6.241,6.246,130995.84967476
2022-10-17 23:00:00,6.246,6.264,6.24,6.246,109635.71815515
2022-10-18 00:00:00,6.247,6.284,6.244,6.263,123623.81064673
2022-10-18 01:00:00,6.263,6.294,6.212,6.223,260553.78409733
2022-10-18 02:00:00,6.223,6.233,6.2,6.2,118257.40404506
2022-10-18 03:00:00,6.2,6.252,6.2,6.238,122228.34041505
2022-10-18 04:00:00,6.239,6.251,6.233,6.234,153186.48640963
2022-10-18 05:00:00,6.234,6.24,6.215,6.223,123442.89933747
2022-10-18 06:00:00,6.223,6.264,6.223,6.25,125030.63844196
2022-10-18 07:00:00,6.25,6.262,6.232,6.259,115028.62353146
2022-10-18 08:00:00,6.258,6.258,6.155,6.156,282439.05933528
2022-10-18 09:00:00,6.156,6.179,6.133,6.167,333500.52691799
2022-10-18 10:00:00,6.167,6.195,6.162,6.169,166222.13195909
2022-10-18 11:00:00,6.169,6.199,6.169,6.182,138019.02518011
2022-10-18 12:00:00,6.183,6.217,6.183,6.214,167743.90845076
2022-10-18 13:00:00,6.215,6.22,6.14,6.148,351836.70999281
2022-10-18 14:00:00,6.151,6.173,6.087,6.124,402108.02524166
2022-10-18 15:00:00,6.124,6.142,6.102,6.137,264396.08381848
2022-10-18 16:00:00,6.136,6.155,6.123,6.135,202463.92448861
2022-10-18 17:00:00,6.135,6.165,6.115,6.145,152185.43007346
2022-10-18 18:00:00,6.145,6.147,6.066,6.084,349373.36121511
2022-10-18 19:00:00,6.084,6.152,6.069,6.146,222553.7294171
2022-10-18 20:00:00,6.146,6.193,6.137,6.17,216487.84721001
2022-10-18 21:00:00,6.169,6.17,6.139,6.148,96418.66272389
2022-10-18 22:00:00,6.147,6.152,6.131,6.144,114195.64988587
2022-10-18 23:00:00,6.145,6.171,6.141,6.153,104154.70033794
2022-10-19 00:00:00,6.152,6.172,6.104,6.117,196904.20253922
2022-10-19 01:00:00,6.115,6.147,6.105,6.132,92244.7171849
2022-10-19 02:00:00,6.132,6.132,6.104,6.128,77465.04795807
2022-10-19 03:00:00,6.128,6.138,6.117,6.129,75784.78232437
2022-10-19 04:00:00,6.129,6.133,6.103,6.113,91365.05472719
2022-10-19 05:00:00,6.115,6.126,6.088,6.101,124671.27922553
2022-10-19 06:00:00,6.1,6.107,6.063,6.083,129450.50275699
2022-10-19 07:00:00,6.083,6.11,6.076,6.106,106813.62164121
2022-10-19 08:00:00,6.105,6.117,6.072,6.113,122265.72914894
2022-10-19 09:00:00,6.112,6.142,6.109,6.136,141079.30013065
2022-10-19 10:00:00,6.137,6.142,6.101,6.111,202257.66401405
2022-10-19 11:00:00,6.112,6.115,6.08,6.106,243007.85873612
2022-10-19 12:00:00,6.106,6.112,6.086,6.11,158617.91423002
2022-10-19 13:00:00,6.11,6.129,6.078,6.089,250322.45287045
2022-10-19 14:00:00,6.088,6.162,6.081,6.127,214225.50662974
2022-10-19 15:00:00,6.127,6.237,6.126,6.233,312037.17323234
2022-10-19 16:00:00,6.234,6.25,6.192,6.199,315983.69573473
2022-10-19 17:00:00,6.199,6.205,6.165,6.202,181364.39023978
2022-10-19 18:00:00,6.202,6.224,6.186,6.198,131783.27971858
2022-10-19 19:00:00,6.199,6.235,6.192,6.226,237300.95203871
2022-10-19 20:00:00,6.226,6.239,6.186,6.198,219410.71301392
2022-10-19 21:00:00,6.198,6.227,6.198,6.223,113078.83636585
2022-10-19 22:00:00,6.221,6.221,6.116,6.143,498561.38484288
2022-10-19 23:00:00,6.143,6.157,6.066,6.1,386401.55519895
2022-10-20 00:00:00,6.1,6.107,5.991,6.008,488516.76440174
2022-10-20 01:00:00,6.007,6.06,5.991,6.06,244059.44842562
2022-10-20 02:00:00,6.061,6.079,6.042,6.079,206954.15970642
2022-10-20 03:00:00,6.079,6.079,6.05,6.065,91343.66077612
2022-10-20 04:00:00,6.064,6.139,6.063,6.138,330857.12379694
2022-10-20 05:00:00,6.14,6.149,6.125,6.132,204138.57743932
2022-10-20 06:00:00,6.132,6.136,6.104,6.108,207617.92729107
2022-10-20 07:00:00,6.108,6.119,6.1,6.112,152573.76859531
2022-10-20 08:00:00,6.111,6.116,6.098,6.101,136155.84839044
2022-10-20 09:00:00,6.101,6.136,6.086,6.136,143600.81049126
2022-10-20 10:00:00,6.137,6.142,6.108,6.134,185346.41644056
2022-10-20 11:00:00,6.135,6.142,6.12,6.125,114561.82858502
2022-10-20 12:00:00,6.126,6.142,6.085,6.085,224952.4206075
2022-10-20 13:00:00,6.085,6.121,6.08,6.104,198042.42907432
2022-10-20 14:00:00,6.103,6.14,6.101,6.121,210398.54701042
2022-10-20 15:00:00,6.121,6.125,6.107,6.109,133143.11850836
2022-10-20 16:00:00,6.108,6.108,6.089,6.093,120134.73660749
2022-10-20 17:00:00,6.094,6.097,6.03,6.047,243864.0408773
2022-10-20 18:00:00,6.046,6.046,5.89,5.942,670795.387863
2022-10-20 19:00:00,5.941,5.972,5.932,5.956,210069.4781197
2022-10-20 20:00:00,5.956,5.967,5.887,5.918,347681.65272695
2022-10-20 21:00:00,5.918,5.918,5.82,5.884,443058.40069045
2022-10-20 22:00:00,5.883,5.902,5.857,5.881,243398.86372935
2022-10-20 23:00:00,5.881,5.895,5.844,5.881,265273.08179362
2022-10-21 00:00:00,5.881,5.881,5.775,5.846,585541.71934504
2022-10-21 01:00:00,5.846,5.862,5.814,5.859,233931.02858419
2022-10-21 02:00:00,5.859,5.884,5.853,5.877,154915.83141966
2022-10-21 03:00:00,5.876,5.885,5.86,5.86,120195.75049712
2022-10-21 04:00:00,5.861,5.873,5.846,5.86,146429.42334799
2022-10-21 05:00:00,5.859,5.866,5.843,5.856,182360.22381736
2022-10-21 06:00:00,5.855,5.871,5.833,5.836,145022.18760554
2022-10-21 07:00:00,5.837,5.863,5.817,5.834,194365.19976754
2022-10-21 08:00:00,5.833,5.837,5.725,5.775,545234.88225977
2022-10-21 09:00:00,5.775,5.827,5.757,5.82,268091.76832169
2022-10-21 10:00:00,5.821,5.859,5.802,5.847,295905.63266007
2022-10-21 11:00:00,5.845,5.86,5.806,5.819,356679.53886769
2022-10-21 12:00:00,5.819,5.836,5.738,5.829,870465.99348772
2022-10-21 13:00:00,5.829,5.888,5.818,5.885,577371.83383932
2022-10-21 14:00:00,5.89,5.899,5.827,5.842,380823.1851127
2022-10-21 15:00:00,5.843,5.871,5.759,5.851,981089.13132418
2022-10-21 16:00:00,5.852,5.888,5.826,5.829,329855.83302615
2022-10-21 17:00:00,5.829,5.835,5.784,5.816,239864.01834853
2022-10-21 18:00:00,5.816,5.845,5.799,5.819,229085.66311478
2022-10-21 19:00:00,5.819,5.884,5.813,5.862,288623.55229189
2022-10-21 20:00:00,5.861,5.875,5.845,5.852,115297.90232254
2022-10-21 21:00:00,5.852,5.857,5.829,5.835,67291.77579667
2022-10-21 22:00:00,5.836,5.846,5.827,5.837,147422.49128419
2022-10-21 23:00:00,5.837,5.84,5.82,5.833,133931.37888546
2022-10-22 00:00:00,5.834,5.847,5.811,5.835,116762.04252009
2022-10-22 01:00:00,5.837,5.844,5.801,5.807,142642.24724638
2022-10-22 02:00:00,5.809,5.818,5.789,5.792,127040.46349127
2022-10-22 03:00:00,5.792,5.808,5.787,5.808,72163.91659797
2022-10-22 04:00:00,5.808,5.81,5.778,5.783,124916.62020526
2022-10-22 05:00:00,5.783,5.788,5.766,5.787,155947.98122062
2022-10-22 06:00:00,5.786,5.819,5.784,5.815,121349.18596453
2022-10-22 07:00:00,5.815,5.83,5.797,5.813,180110.96362066
2022-10-22 08:00:00,5.813,5.824,5.812,5.815,111666.07577165
2022-10-22 09:00:00,5.816,5.826,5.801,5.801,190066.23027263
2022-10-22 10:00:00,5.801,5.829,5.801,5.826,125139.12165802
2022-10-22 11:00:00,5.826,5.856,5.821,5.845,210788.33397523
2022-10-22 12:00:00,5.846,5.854,5.819,5.838,326371.85115644
2022-10-22 13:00:00,5.839,5.874,5.839,5.847,195580.433122
2022-10-22 14:00:00,5.847,5.865,5.841,5.851,73704.34397948
2022-10-22 15:00:00,5.855,5.86,5.831,5.837,118772.17487318
2022-10-22 16:00:00,5.837,5.841,5.797,5.813,127125.75746913
2022-10-22 17:00:00,5.813,5.823,5.805,5.813,63024.44043317
2022-10-22 18:00:00,5.815,5.829,5.804,5.829,81923.11123899
2022-10-22 19:00:00,5.828,5.839,5.813,5.829,91644.0450547
2022-10-22 20:00:00,5.83,5.845,5.818,5.845,114641.64686235
2022-10-22 21:00:00,5.845,5.855,5.835,5.842,68751.47368174
2022-10-22 22:00:00,5.84,5.857,5.83,5.844,109217.24306813
2022-10-22 23:00:00,5.843,5.857,5.837,5.844,157728.73984748
2022-10-23 00:00:00,5.844,5.862,5.819,5.832,175199.42480489
2022-10-23 01:00:00,5.832,5.84,5.804,5.824,184514.67180351
2022-10-23 02:00:00,5.824,5.879,5.824,5.868,266871.61197361
2022-10-23 03:00:00,5.867,5.881,5.851,5.858,143653.26893812
2022-10-23 04:00:00,5.859,5.866,5.839,5.845,132983.15906678
2022-10-23 05:00:00,5.844,5.857,5.837,5.841,106426.30334919
2022-10-23 06:00:00,5.84,5.856,5.824,5.844,165808.88726578
2022-10-23 07:00:00,5.845,5.847,5.83,5.835,109567.55267327
2022-10-23 08:00:00,5.835,5.846,5.832,5.845,128204.83990854
2022-10-23 09:00:00,5.847,5.855,5.832,5.834,76113.51278788
2022-10-23 10:00:00,5.834,5.847,5.832,5.836,123764.51646041
2022-10-23 11:00:00,5.835,5.835,5.778,5.793,295568.94797998
2022-10-23 12:00:00,5.793,5.815,5.751,5.81,262828.15906925
2022-10-23 13:00:00,5.809,5.821,5.8,5.811,116770.33174281
2022-10-23 14:00:00,5.811,5.825,5.807,5.815,92376.47441788
2022-10-23 15:00:00,5.816,5.827,5.81,5.82,96724.67002788
2022-10-23 16:00:00,5.821,5.831,5.807,5.82,109245.33150243
2022-10-23 17:00:00,5.822,5.926,5.817,5.917,360466.57086455
2022-10-23 18:00:00,5.923,5.946,5.89,5.896,230631.75456258
2022-10-23 19:00:00,5.896,5.923,5.896,5.919,133786.58329511
2022-10-23 20:00:00,5.922,5.935,5.9,5.901,141075.83649194
2022-10-23 21:00:00,5.901,5.919,5.892,5.907,114352.26123449
2022-10-23 22:00:00,5.907,5.976,5.907,5.953,321632.83695529
2022-10-23 23:00:00,5.955,5.967,5.936,5.96,158943.66497753
2022-10-24 00:00:00,5.96,5.987,5.937,5.94,236720.76312022
2022-10-24 01:00:00,5.94,5.947,5.886,5.899,205969.96216321
2022-10-24 02:00:00,5.898,5.905,5.886,5.891,119955.79089066
2022-10-24 03:00:00,5.889,5.897,5.862,5.866,164258.04114533
2022-10-24 04:00:00,5.866,5.866,5.823,5.858,213247.42998244
2022-10-24 05:00:00,5.859,5.859,5.839,5.845,139144.37548276
2022-10-24 06:00:00,5.845,5.867,5.833,5.834,135836.90324623
2022-10-24 07:00:00,5.837,5.858,5.804,5.834,259873.3974542
2022-10-24 08:00:00,5.835,5.855,5.815,5.852,142502.40871065
2022-10-24 09:00:00,5.851,5.871,5.835,5.865,133957.88308294
2022-10-24 10:00:00,5.863,5.886,5.86,5.885,159078.22777798
2022-10-24 11:00:00,5.885,5.908,5.878,5.904,167184.69377811
2022-10-24 12:00:00,5.906,5.908,5.857,5.888,210247.02386296
2022-10-24 13:00:00,5.889,5.894,5.853,5.887,308688.99729921
2022-10-24 14:00:00,5.887,5.887,5.802,5.844,423653.08167856
2022-10-24 15:00:00,5.843,5.867,5.83,5.864,191187.9475919
2022-10-24 16:00:00,5.862,5.881,5.848,5.863,215183.31500469
2022-10-24 17:00:00,5.861,5.874,5.845,5.868,90838.12696101
2022-10-24 18:00:00,5.868,5.89,5.867,5.883,118064.85283278
2022-10-24 19:00:00,5.883,5.907,5.878,5.882,125332.5521081
2022-10-24 20:00:00,5.883,5.901,5.869,5.897,152659.78322096
2022-10-24 21:00:00,5.896,5.95,5.865,5.918,335670.55471172
2022-10-24 22:00:00,5.919,5.941,5.891,5.93,194432.76221205
2022-10-24 23:00:00,5.932,5.935,5.904,5.911,132374.24129857
2022-10-25 00:00:00,5.911,5.952,5.898,5.93,270779.2914065
2022-10-25 01:00:00,5.929,5.94,5.894,5.926,196358.82771772
2022-10-25 02:00:00,5.927,5.932,5.914,5.924,85743.22324981
2022-10-25 03:00:00,5.924,5.94,5.924,5.933,86544.92398195
2022-10-25 04:00:00,5.934,5.948,5.912,5.924,120597.18599026
2022-10-25 05:00:00,5.924,5.928,5.906,5.926,58688.47102137
2022-10-25 06:00:00,5.927,5.965,5.926,5.939,129672.65205196
2022-10-25 07:00:00,5.94,5.95,5.925,5.944,125620.97697598
2022-10-25 08:00:00,5.943,5.962,5.929,5.937,201707.17671989
2022-10-25 09:00:00,5.937,5.944,5.918,5.926,136685.99968002
2022-10-25 10:00:00,5.926,5.949,5.911,5.941,100541.24733935
2022-10-25 11:00:00,5.943,5.955,5.928,5.948,101546.58821523
2022-10-25 12:00:00,5.948,5.967,5.934,5.962,155943.87131897
2022-10-25 13:00:00,5.963,6.043,5.958,6.026,421840.49842633
2022-10-25 14:00:00,6.026,6.134,6.026,6.109,490751.18568103
2022-10-25 15:00:00,6.111,6.174,6.097,6.15,476915.26533466
2022-10-25 16:00:00,6.15,6.377,6.15,6.375,833111.9799299
2022-10-25 17:00:00,6.374,6.482,6.374,6.438,979041.6189845
2022-10-25 18:00:00,6.438,6.568,6.433,6.495,820574.19423297
2022-10-25 19:00:00,6.493,6.62,6.493,6.543,754288.79749124
2022-10-25 20:00:00,6.542,6.556,6.428,6.473,504079.99490178
2022-10-25 21:00:00,6.474,6.484,6.399,6.483,420007.837173
2022-10-25 22:00:00,6.483,6.485,6.404,6.421,260405.44453415
2022-10-25 23:00:00,6.422,6.46,6.407,6.435,183511.36968282
2022-10-26 00:00:00,6.436,6.481,6.427,6.477,237918.45328121
2022-10-26 01:00:00,6.477,6.486,6.427,6.474,231689.60744011
2022-10-26 02:00:00,6.474,6.512,6.46,6.5,197973.29398549
2022-10-26 03:00:00,6.499,6.52,6.48,6.488,106044.22758659
2022-10-26 04:00:00,6.487,6.498,6.468,6.48,126077.82663842
2022-10-26 05:00:00,6.48,6.492,6.467,6.478,155786.60860504
2022-10-26 06:00:00,6.478,6.54,6.477,6.523,373115.02242388
2022-10-26 07:00:00,6.524,6.546,6.493,6.513,222110.53541479
2022-10-26 08:00:00,6.518,6.606,6.481,6.576,498880.09481618
2022-10-26 09:00:00,6.577,6.588,6.547,6.563,177887.14090869
2022-10-26 10:00:00,6.563,6.609,6.537,6.574,250773.58336434
2022-10-26 11:00:00,6.575,6.592,6.515,6.515,162408.56939459
2022-10-26 12:00:00,6.515,6.518,6.444,6.463,333230.8203033
2022-10-26 13:00:00,6.463,6.496,6.408,6.461,335193.75976088
2022-10-26 14:00:00,6.463,6.584,6.463,6.493,764587.48675507
2022-10-26 15:00:00,6.492,6.523,6.456,6.473,180958.53286582
2022-10-26 16:00:00,6.475,6.501,6.447,6.462,256559.99846424
2022-10-26 17:00:00,6.458,6.491,6.445,6.486,152899.66567885
2022-10-26 18:00:00,6.486,6.5,6.428,6.438,124026.77042233
2022-10-26 19:00:00,6.44,6.474,6.427,6.46,151150.16572038
2022-10-26 20:00:00,6.463,6.477,6.431,6.452,184556.07067189
2022-10-26 21:00:00,6.454,6.459,6.434,6.453,51674.88533407
2022-10-26 22:00:00,6.452,6.479,6.425,6.466,190706.6755109
2022-10-26 23:00:00,6.466,6.496,6.457,6.465,135527.88969264
2022-10-27 00:00:00,6.465,6.514,6.458,6.489,140556.09604701
2022-10-27 01:00:00,6.489,6.534,6.489,6.519,111002.61415049
2022-10-27 02:00:00,6.515,6.537,6.469,6.469,189793.3576225
2022-10-27 03:00:00,6.472,6.525,6.452,6.505,199836.77668091
2022-10-27 04:00:00,6.509,6.54,6.49,6.527,108144.94964594
2022-10-27 05:00:00,6.524,6.585,6.515,6.564,171706.68263955
2022-10-27 06:00:00,6.568,6.64,6.547,6.547,263607.27945152
2022-10-27 07:00:00,6.545,6.564,6.461,6.517,254331.61488719
2022-10-27 08:00:00,6.518,6.534,6.479,6.503,162247.49359028
2022-10-27 09:00:00,6.503,6.503,6.446,6.472,185601.39598318
2022-10-27 10:00:00,6.471,6.488,6.429,6.457,241499.30677191
2022-10-27 11:00:00,6.456,6.491,6.436,6.455,168832.29814524
2022-10-27 12:00:00,6.453,6.538,6.405,6.537,504760.72345482
2022-10-27 13:00:00,6.537,6.541,6.397,6.431,273868.75101723
2022-10-27 14:00:00,6.431,6.491,6.406,6.423,393131.40080249
2022-10-27 15:00:00,6.425,6.46,6.413,6.427,205916.40480742
2022-10-27 16:00:00,6.426,6.434,6.374,6.409,261735.47457331
2022-10-27 17:00:00,6.411,6.436,6.4,6.417,135255.45137855
2022-10-27 18:00:00,6.418,6.425,6.404,6.418,78325.03616449
2022-10-27 19:00:00,6.425,6.466,6.425,6.448,125478.3566674
2022-10-27 20:00:00,6.448,6.453,6.278,6.341,606134.4972804
2022-10-27 21:00:00,6.34,6.345,6.313,6.344,86872.52573649
2022-10-27 22:00:00,6.344,6.361,6.293,6.34,282155.12444514
2022-10-27 23:00:00,6.338,6.352,6.304,6.329,283111.82984168
2022-10-28 00:00:00,6.326,6.366,6.26,6.351,390887.56347053
2022-10-28 01:00:00,6.351,6.402,6.333,6.394,197738.0888539
2022-10-28 02:00:00,6.395,6.395,6.307,6.341,379198.80085673
2022-10-28 03:00:00,6.341,6.378,6.328,6.374,170550.14251358
2022-10-28 04:00:00,6.374,6.389,6.366,6.376,151748.17566505
2022-10-28 05:00:00,6.378,6.388,6.342,6.386,143749.8825722
2022-10-28 06:00:00,6.386,6.413,6.372,6.383,102916.78339472
2022-10-28 07:00:00,6.384,6.388,6.318,6.361,262388.16158214
2022-10-28 08:00:00,6.363,6.408,6.363,6.395,169504.00231103
2022-10-28 09:00:00,6.395,6.403,6.364,6.397,92980.16961663
2022-10-28 10:00:00,6.395,6.409,6.363,6.39,124760.94934898
2022-10-28 11:00:00,6.389,6.402,6.359,6.375,127904.45611182
2022-10-28 12:00:00,6.375,6.419,6.326,6.396,344354.61366344
2022-10-28 13:00:00,6.395,6.487,6.389,6.444,412987.10333925
2022-10-28 14:00:00,6.445,6.47,6.4,6.45,265937.68839051
2022-10-28 15:00:00,6.45,6.453,6.416,6.444,104903.73888209
2022-10-28 16:00:00,6.445,6.535,6.44,6.526,344568.792319
2022-10-28 17:00:00,6.526,6.552,6.491,6.495,208493.71840978
2022-10-28 18:00:00,6.495,6.511,6.479,6.498,80141.48062902
2022-10-28 19:00:00,6.497,6.527,6.473,6.518,95618.74953712
2022-10-28 20:00:00,6.519,6.584,6.519,6.54,144922.64903794
2022-10-28 21:00:00,6.541,6.547,6.497,6.506,61819.20222321
2022-10-28 22:00:00,6.508,6.532,6.501,6.526,58672.89397157
2022-10-28 23:00:00,6.529,6.532,6.506,6.513,91566.85760771
2022-10-29 00:00:00,6.513,6.541,6.494,6.536,134761.70093015
2022-10-29 01:00:00,6.534,6.534,6.513,6.52,47158.83792457
2022-10-29 02:00:00,6.522,6.562,6.514,6.557,110034.72125505
2022-10-29 03:00:00,6.557,6.664,6.547,6.664,319592.70075108
2022-10-29 04:00:00,6.664,6.687,6.574,6.588,134511.51493874
2022-10-29 05:00:00,6.587,6.624,6.556,6.572,170330.02199179
2022-10-29 06:00:00,6.57,6.594,6.56,6.564,89433.7388752
2022-10-29 07:00:00,6.563,6.6,6.562,6.598,119113.26578695
2022-10-29 08:00:00,6.596,6.695,6.587,6.672,336294.6320003
2022-10-29 09:00:00,6.672,6.672,6.639,6.66,138668.66718615
2022-10-29 10:00:00,6.659,6.685,6.589,6.602,280578.7550254
2022-10-29 11:00:00,6.604,6.614,6.54,6.564,194663.01580503
2022-10-29 12:00:00,6.564,6.592,6.556,6.575,154746.70945155
2022-10-29 13:00:00,6.575,6.577,6.492,6.541,221762.82019994
2022-10-29 14:00:00,6.543,6.585,6.521,6.533,268211.48800387
2022-10-29 15:00:00,6.534,6.568,6.528,6.534,342807.0672007
2022-10-29 16:00:00,6.533,6.773,6.519,6.697,674530.49407891
2022-10-29 17:00:00,6.696,6.765,6.609,6.632,629299.09110715
2022-10-29 18:00:00,6.631,6.695,6.605,6.668,505033.50660499
2022-10-29 19:00:00,6.668,6.681,6.627,6.675,265557.19073478
2022-10-29 20:00:00,6.677,6.698,6.652,6.667,221036.11821811
2022-10-29 21:00:00,6.666,6.698,6.656,6.657,121712.99036722
2022-10-29 22:00:00,6.657,6.676,6.564,6.597,271689.90205118
2022-10-29 23:00:00,6.595,6.637,6.576,6.635,107268.27039131
2022-10-30 00:00:00,6.634,6.64,6.58,6.584,134964.56642046
2022-10-30 01:00:00,6.584,6.646,6.572,6.646,120692.29457982
2022-10-30 02:00:00,6.649,6.654,6.605,6.618,98312.99003615
2022-10-30 03:00:00,6.619,6.649,6.614,6.628,85554.06963587
2022-10-30 04:00:00,6.63,6.635,6.6,6.606,108747.15181318
2022-10-30 05:00:00,6.604,6.641,6.595,6.603,150249.09844426
2022-10-30 06:00:00,6.603,6.651,6.588,6.644,178540.71204798
2022-10-30 07:00:00,6.643,6.736,6.63,6.732,252935.22846411
2022-10-30 08:00:00,6.732,6.739,6.594,6.656,351965.26057215
2022-10-30 09:00:00,6.654,6.679,6.543,6.578,289132.78123475
2022-10-30 10:00:00,6.577,6.605,6.56,6.589,191116.50297542
2022-10-30 11:00:00,6.588,6.623,6.558,6.613,150845.92279777
2022-10-30 12:00:00,6.613,6.617,6.573,6.606,177940.98201811
2022-10-30 13:00:00,6.605,6.609,6.542,6.559,256044.35334121
2022-10-30 14:00:00,6.563,6.629,6.554,6.619,154243.81513861
2022-10-30 15:00:00,6.618,6.629,6.525,6.537,238254.79016604
2022-10-30 16:00:00,6.536,6.585,6.515,6.548,214772.12150316
2022-10-30 17:00:00,6.554,6.586,6.535,6.581,120189.80120905
2022-10-30 18:00:00,6.582,6.613,6.564,6.594,126308.04218196
2022-10-30 19:00:00,6.597,6.627,6.586,6.608,121288.47468468
2022-10-30 20:00:00,6.611,6.645,6.611,6.63,121578.68486963
2022-10-30 21:00:00,6.633,6.654,6.633,6.647,79304.43994872
2022-10-30 22:00:00,6.65,6.653,6.539,6.613,375460.63152714
2022-10-30 23:00:00,6.612,6.659,6.593,6.651,160347.94625594
2022-10-31 00:00:00,6.65,6.693,6.626,6.628,259161.32876565
2022-10-31 01:00:00,6.631,6.652,6.57,6.616,285209.90600896
2022-10-31 02:00:00,6.615,6.629,6.574,6.627,195419.50655266
2022-10-31 03:00:00,6.627,6.791,6.616,6.753,468122.28535459
2022-10-31 04:00:00,6.753,6.759,6.693,6.716,196680.73675145
2022-10-31 05:00:00,6.713,6.737,6.676,6.693,134846.19831472
2022-10-31 06:00:00,6.695,6.699,6.635,6.684,178662.37478229
2022-10-31 07:00:00,6.686,6.735,6.648,6.734,194362.51786652
2022-10-31 08:00:00,6.733,6.733,6.649,6.671,159541.73231369
2022-10-31 09:00:00,6.668,6.821,6.654,6.798,390569.8873417
2022-10-31 10:00:00,6.798,6.829,6.761,6.784,229826.6602163
2022-10-31 11:00:00,6.784,6.822,6.781,6.785,178908.42899579
2022-10-31 12:00:00,6.784,6.8,6.74,6.745,183935.7782942
2022-10-31 13:00:00,6.744,6.801,6.603,6.605,528330.79485445
2022-10-31 14:00:00,6.606,6.698,6.587,6.641,545427.27303936
2022-10-31 15:00:00,6.639,6.68,6.61,6.645,285962.71050361
2022-10-31 16:00:00,6.646,6.694,6.601,6.633,325081.98627623
2022-10-31 17:00:00,6.631,6.686,6.61,6.661,211952.70603035
2022-10-31 18:00:00,6.66,6.698,6.651,6.673,217892.4888323
2022-10-31 19:00:00,6.676,6.676,6.628,6.636,129080.74984293
2022-10-31 20:00:00,6.634,6.663,6.619,6.626,132116.02217034
2022-10-31 21:00:00,6.624,6.628,6.594,6.598,107259.99656603
2022-10-31 22:00:00,6.596,6.647,6.564,6.63,312550.7126156
2022-10-31 23:00:00,6.632,6.643,6.614,6.62,115493.49193304
2022-11-01 00:00:00,6.621,6.649,6.591,6.622,256279.03111941
2022-11-01 01:00:00,6.618,6.664,6.617,6.654,96512.29650739
2022-11-01 02:00:00,6.655,6.685,6.641,6.678,111170.52574841
2022-11-01 03:00:00,6.678,6.69,6.617,6.624,98827.85631453
2022-11-01 04:00:00,6.623,6.628,6.598,6.616,128755.54585553
2022-11-01 05:00:00,6.616,6.65,6.608,6.644,92678.2744494
2022-11-01 06:00:00,6.646,6.702,6.632,6.694,165284.00518074
2022-11-01 07:00:00,6.696,6.71,6.67,6.683,80528.31161331
2022-11-01 08:00:00,6.683,6.71,6.674,6.677,88290.8929088
2022-11-01 09:00:00,6.68,6.701,6.654,6.665,187682.58748859
2022-11-01 10:00:00,6.663,6.693,6.646,6.676,149566.81674631
2022-11-01 11:00:00,6.679,6.679,6.596,6.626,209857.89076806
2022-11-01 12:00:00,6.624,6.633,6.598,6.614,159265.55613162
2022-11-01 13:00:00,6.613,6.613,6.493,6.539,387822.24858131
2022-11-01 14:00:00,6.54,6.544,6.494,6.5,294081.27116676
2022-11-01 15:00:00,6.505,6.531,6.474,6.513,173750.18720942
2022-11-01 16:00:00,6.512,6.528,6.458,6.477,177263.76201001
2022-11-01 17:00:00,6.475,6.508,6.465,6.507,99551.72706818
2022-11-01 18:00:00,6.508,6.514,6.494,6.511,74314.08663278
2022-11-01 19:00:00,6.512,6.517,6.484,6.491,54927.90908139
2022-11-01 20:00:00,6.49,6.49,6.471,6.485,77914.7305779
2022-11-01 21:00:00,6.482,6.488,6.464,6.466,30096.77211915
2022-11-01 22:00:00,6.469,6.483,6.466,6.483,68369.83971921
2022-11-01 23:00:00,6.482,6.487,6.448,6.454,81501.63747438
2022-11-02 00:00:00,6.452,6.463,6.395,6.462,266827.85379403
2022-11-02 01:00:00,6.462,6.465,6.438,6.438,60930.38734981
2022-11-02 02:00:00,6.439,6.44,6.404,6.425,96400.4532613
2022-11-02 03:00:00,6.426,6.462,6.424,6.44,100888.7079091
2022-11-02 04:00:00,6.443,6.453,6.422,6.439,66107.28190682
2022-11-02 05:00:00,6.439,6.462,6.423,6.423,105501.82605156
2022-11-02 06:00:00,6.424,6.424,6.4,6.402,76694.71288069
2022-11-02 07:00:00,6.403,6.408,6.323,6.357,235848.54863697
2022-11-02 08:00:00,6.357,6.455,6.343,6.434,305935.0247861
2022-11-02 09:00:00,6.436,6.463,6.324,6.328,405430.77732354
2022-11-02 10:00:00,6.33,6.354,6.283,6.352,357071.25997059
2022-11-02 11:00:00,6.35,6.373,6.348,6.353,95486.9929353
2022-11-02 12:00:00,6.351,6.372,6.332,6.341,133705.99291454
2022-11-02 13:00:00,6.34,6.372,6.316,6.342,153006.68346769
2022-11-02 14:00:00,6.343,6.396,6.33,6.357,244681.20732759
2022-11-02 15:00:00,6.358,6.359,6.321,6.322,174886.30340958
2022-11-02 16:00:00,6.321,6.351,6.263,6.344,210664.95988602
2022-11-02 17:00:00,6.344,6.35,6.275,6.303,265460.43322991
2022-11-02 18:00:00,6.304,6.521,6.26,6.381,2090301.5198575
2022-11-02 19:00:00,6.38,6.464,6.25,6.286,742428.18297888
2022-11-02 20:00:00,6.286,6.315,6.157,6.212,794006.05730258
2022-11-02 21:00:00,6.21,6.23,6.204,6.229,124671.40681778
2022-11-02 22:00:00,6.228,6.231,6.168,6.193,229973.3413615
2022-11-02 23:00:00,6.194,6.252,6.178,6.252,177794.78058146
2022-11-03 00:00:00,6.251,6.338,6.223,6.327,258230.98518282
2022-11-03 01:00:00,6.328,6.374,6.32,6.369,209664.86678296
2022-11-03 02:00:00,6.371,6.416,6.367,6.4,147302.19059698
2022-11-03 03:00:00,6.404,6.439,6.4,6.429,154377.44876988
2022-11-03 04:00:00,6.43,6.499,6.42,6.423,191117.46121643
2022-11-03 05:00:00,6.423,6.464,6.419,6.464,141776.52493486
2022-11-03 06:00:00,6.465,6.48,6.437,6.468,183121.1436814
2022-11-03 07:00:00,6.467,6.528,6.43,6.434,324674.66680837
2022-11-03 08:00:00,6.433,6.462,6.41,6.45,202112.25703344
2022-11-03 09:00:00,6.452,6.474,6.44,6.458,151099.95041664
2022-11-03 10:00:00,6.46,6.493,6.45,6.459,221058.38440417
2022-11-03 11:00:00,6.461,6.474,6.342,6.38,384347.37421952
2022-11-03 12:00:00,6.382,6.416,6.321,6.359,437702.35005478
2022-11-03 13:00:00,6.359,6.428,6.353,6.361,435471.87667775
2022-11-03 14:00:00,6.364,6.48,6.342,6.473,562145.4881984
2022-11-03 15:00:00,6.472,6.478,6.42,6.44,279108.97219746
2022-11-03 16:00:00,6.441,6.492,6.436,6.489,210473.31701177
2022-11-03 17:00:00,6.489,6.494,6.442,6.461,277585.04854569
2022-11-03 18:00:00,6.461,6.492,6.437,6.491,159003.21583996
2022-11-03 19:00:00,6.492,6.52,6.48,6.495,262678.59475124
2022-11-03 20:00:00,6.498,6.502,6.458,6.458,196164.50329092
2022-11-03 21:00:00,6.458,6.498,6.457,6.49,103766.01704237
2022-11-03 22:00:00,6.488,6.495,6.44,6.447,331160.90823483
2022-11-03 23:00:00,6.448,6.466,6.407,6.418,236693.72197328
2022-11-04 00:00:00,6.418,6.564,6.383,6.531,551216.1007196
2022-11-04 01:00:00,6.53,6.581,6.5,6.521,337649.66463437
2022-11-04 02:00:00,6.522,6.557,6.512,6.525,172668.75580352
2022-11-04 03:00:00,6.527,6.606,6.527,6.589,271094.22153042
2022-11-04 04:00:00,6.59,6.618,6.575,6.596,254172.54260588
2022-11-04 05:00:00,6.599,6.635,6.572,6.631,301974.87211724
2022-11-04 06:00:00,6.631,6.717,6.631,6.711,439703.33580735
2022-11-04 07:00:00,6.712,6.72,6.678,6.685,177157.02601906
2022-11-04 08:00:00,6.686,6.738,6.686,6.698,193480.95863336
2022-11-04 09:00:00,6.698,6.712,6.675,6.689,148308.94470326
2022-11-04 10:00:00,6.69,6.774,6.69,6.763,223351.25647777
2022-11-04 11:00:00,6.762,6.763,6.676,6.681,259562.91735559
2022-11-04 12:00:00,6.682,6.824,6.595,6.808,1107100.43368746
2022-11-04 13:00:00,6.807,6.886,6.784,6.827,691946.6977481
2022-11-04 14:00:00,6.829,6.952,6.822,6.946,898772.78754829
2022-11-04 15:00:00,6.949,6.96,6.744,6.744,532436.35419736
2022-11-04 16:00:00,6.742,6.817,6.717,6.798,423793.47359185
2022-11-04 17:00:00,6.797,6.807,6.767,6.79,177258.25412593
2022-11-04 18:00:00,6.793,7.0,6.778,6.922,329834.87169038
2022-11-04 19:00:00,6.923,6.995,6.905,6.988,202887.87473448
2022-11-04 20:00:00,6.986,7.002,6.955,6.979,142033.86677555
2022-11-04 21:00:00,6.977,6.996,6.961,6.987,49550.23518864
2022-11-04 22:00:00,6.985,7.091,6.947,7.066,270455.9409059
2022-11-04 23:00:00,7.065,7.091,7.026,7.05,270635.00437131
2022-11-05 00:00:00,7.051,7.178,7.012,7.15,661539.2136932
2022-11-05 01:00:00,7.145,7.236,7.111,7.122,584707.27649645
2022-11-05 02:00:00,7.123,7.165,7.059,7.064,309587.60974355
2022-11-05 03:00:00,7.063,7.099,7.032,7.072,345250.67964184
2022-11-05 04:00:00,7.07,7.094,7.02,7.022,220030.06299703
2022-11-05 05:00:00,7.022,7.093,7.019,7.06,152689.23947393
2022-11-05 06:00:00,7.06,7.087,7.044,7.085,115425.33746859
2022-11-05 07:00:00,7.085,7.086,7.051,7.063,112508.22390457
2022-11-05 08:00:00,7.061,7.061,6.958,7.002,322045.02089718
2022-11-05 09:00:00,7.003,7.042,6.956,6.996,208238.45903474
2022-11-05 10:00:00,6.997,7.026,6.994,7.022,199474.71974227
2022-11-05 11:00:00,7.026,7.09,7.024,7.061,341457.94816011
2022-11-05 12:00:00,7.058,7.076,7.014,7.017,155407.19363667
2022-11-05 13:00:00,7.017,7.034,6.984,7.001,101628.37075936
2022-11-05 14:00:00,7.001,7.042,6.966,7.013,93023.86829932
2022-11-05 15:00:00,7.015,7.132,7.007,7.106,294392.29987715
2022-11-05 16:00:00,7.105,7.244,7.105,7.17,327228.2251606
2022-11-05 17:00:00,7.167,7.167,7.123,7.136,100023.69696045
2022-11-05 18:00:00,7.135,7.145,7.042,7.052,154201.69182228
2022-11-05 19:00:00,7.055,7.132,7.055,7.129,155841.2868546
2022-11-05 20:00:00,7.129,7.129,7.095,7.105,64158.90489317
2022-11-05 21:00:00,7.106,7.106,7.076,7.096,27320.32087431
2022-11-05 22:00:00,7.096,7.105,7.045,7.052,98484.23318717
2022-11-05 23:00:00,7.052,7.063,6.936,7.022,375324.26130889
2022-11-06 00:00:00,7.021,7.059,6.946,7.018,292745.71598795
2022-11-06 01:00:00,7.016,7.062,6.972,6.991,371859.28911033
2022-11-06 02:00:00,6.986,7.053,6.975,6.998,180705.49365128
2022-11-06 03:00:00,7.002,7.07,7.002,7.069,147916.02019333
2022-11-06 04:00:00,7.069,7.069,7.01,7.019,84239.92656812
2022-11-06 05:00:00,7.02,7.023,6.948,6.962,117874.71340811
2022-11-06 06:00:00,6.962,7.002,6.961,6.987,86839.69569418
2022-11-06 07:00:00,6.989,7.017,6.977,7.003,79517.48112556
2022-11-06 08:00:00,7.002,7.077,6.984,7.04,212833.10221955
2022-11-06 09:00:00,7.043,7.062,7.025,7.029,85631.1464365
2022-11-06 10:00:00,7.033,7.134,7.031,7.097,203920.13704503
2022-11-06 11:00:00,7.1,7.118,7.028,7.1,159616.83816066
2022-11-06 12:00:00,7.1,7.112,7.063,7.075,72819.60910289
2022-11-06 13:00:00,7.073,7.096,7.035,7.041,130431.43836996
2022-11-06 14:00:00,7.042,7.092,7.018,7.072,158730.456581
2022-11-06 15:00:00,7.076,7.14,7.071,7.092,165977.08622907
2022-11-06 16:00:00,7.092,7.138,6.991,7.101,353953.14816061
2022-11-06 17:00:00,7.098,7.099,7.034,7.079,141188.1444785
2022-11-06 18:00:00,7.075,7.095,7.001,7.048,186333.85538997
2022-11-06 19:00:00,7.046,7.048,6.97,7.019,198115.48807828
2022-11-06 20:00:00,7.017,7.03,6.994,7.03,133515.23220471
2022-11-06 21:00:00,7.031,7.038,6.955,6.961,218782.22353136
2022-11-06 22:00:00,6.962,6.992,6.886,6.916,176662.62949769
2022-11-06 23:00:00,6.913,6.913,6.787,6.812,630636.68067828
2022-11-07 00:00:00,6.809,6.861,6.786,6.821,395900.5268043
2022-11-07 01:00:00,6.817,6.892,6.793,6.884,255553.7174373
2022-11-07 02:00:00,6.884,6.938,6.874,6.916,190630.3863589
2022-11-07 03:00:00,6.915,6.919,6.856,6.869,147345.01553236
2022-11-07 04:00:00,6.872,6.901,6.845,6.901,86620.72035979
2022-11-07 05:00:00,6.901,6.917,6.868,6.869,193372.41693205
2022-11-07 06:00:00,6.868,6.883,6.844,6.857,136899.05004374
2022-11-07 07:00:00,6.854,6.854,6.66,6.668,607295.58687289
2022-11-07 08:00:00,6.668,6.769,6.652,6.761,287495.85555419
2022-11-07 09:00:00,6.763,6.78,6.74,6.746,146406.81390316
2022-11-07 10:00:00,6.746,6.836,6.746,6.822,213186.91859631
2022-11-07 11:00:00,6.822,6.845,6.81,6.813,123370.62645488
2022-11-07 12:00:00,6.814,6.891,6.808,6.89,252775.88149148
2022-11-07 13:00:00,6.893,6.95,6.878,6.905,397990.85884596
2022-11-07 14:00:00,6.908,6.976,6.898,6.96,355618.3246901
2022-11-07 15:00:00,6.964,7.135,6.963,7.134,541607.92680454
2022-11-07 16:00:00,7.134,7.164,7.083,7.112,340075.14313594
2022-11-07 17:00:00,7.111,7.21,7.111,7.206,237151.9080413
2022-11-07 18:00:00,7.206,7.378,7.206,7.292,599986.00069185
2022-11-07 19:00:00,7.293,7.413,7.269,7.343,410365.33440669
2022-11-07 20:00:00,7.341,7.358,7.293,7.313,213639.49076363
2022-11-07 21:00:00,7.311,7.335,7.211,7.229,269983.20216274
2022-11-07 22:00:00,7.228,7.228,7.031,7.098,392969.32449906
2022-11-07 23:00:00,7.101,7.15,7.093,7.112,331885.72277733
2022-11-08 00:00:00,7.116,7.195,7.013,7.022,503769.66367329
2022-11-08 01:00:00,7.021,7.169,7.006,7.103,336609.33439146
2022-11-08 02:00:00,7.103,7.129,6.933,6.946,534603.51792829
2022-11-08 03:00:00,6.944,6.967,6.703,6.727,1420824.68416517
2022-11-08 04:00:00,6.727,6.789,6.513,6.566,2062108.17289816
2022-11-08 05:00:00,6.564,6.592,6.365,6.515,1725348.85671887
2022-11-08 06:00:00,6.515,6.704,6.479,6.673,1200261.35074608
2022-11-08 07:00:00,6.672,6.703,6.611,6.637,717807.95512113
2022-11-08 08:00:00,6.639,6.672,6.589,6.621,552020.45245252
2022-11-08 09:00:00,6.62,6.655,6.583,6.613,565334.5593072
2022-11-08 10:00:00,6.612,6.638,6.566,6.583,495480.06052297
2022-11-08 11:00:00,6.582,6.626,6.522,6.571,481335.62573869
2022-11-08 12:00:00,6.57,6.621,6.555,6.612,361271.08381431
2022-11-08 13:00:00,6.61,6.622,6.52,6.53,453707.50414075
2022-11-08 14:00:00,6.528,6.587,6.41,6.497,1047008.89041717
2022-11-08 15:00:00,6.497,6.583,6.408,6.583,520070.27331316
2022-11-08 16:00:00,6.583,6.967,6.542,6.813,2736963.19583467
2022-11-08 17:00:00,6.814,6.86,6.48,6.501,1942782.9285452
2022-11-08 18:00:00,6.502,6.582,6.125,6.296,5253727.45369572
2022-11-08 19:00:00,6.292,6.326,5.8,6.197,4567264.60078192
2022-11-08 20:00:00,6.196,6.263,6.046,6.194,3328691.829835
2022-11-08 21:00:00,6.194,6.284,6.147,6.279,1263461.03335475
2022-11-08 22:00:00,6.276,6.302,6.204,6.226,443813.90190568
2022-11-08 23:00:00,6.228,6.388,6.201,6.299,1173703.04708138
2022-11-09 00:00:00,6.299,6.376,6.226,6.244,1014104.86751389
2022-11-09 01:00:00,6.243,6.298,6.217,6.225,914418.21144661
2022-11-09 02:00:00,6.222,6.315,6.12,6.129,1149762.06335647
2022-11-09 03:00:00,6.128,6.203,6.063,6.185,995828.40572336
2022-11-09 04:00:00,6.186,6.217,6.113,6.173,794324.95875686
2022-11-09 05:00:00,6.174,6.262,6.097,6.172,764196.04919044
2022-11-09 06:00:00,6.175,6.314,6.169,6.231,579035.2361068
2022-11-09 07:00:00,6.231,6.325,6.231,6.271,635239.54727912
2022-11-09 08:00:00,6.273,6.275,6.083,6.196,1026430.16328298
2022-11-09 09:00:00,6.197,6.21,5.992,6.065,1088123.01737633
2022-11-09 10:00:00,6.063,6.119,5.89,6.048,1171354.59113043
2022-11-09 11:00:00,6.052,6.261,6.02,6.244,649650.26166325
2022-11-09 12:00:00,6.245,6.315,6.173,6.233,710389.92956317
2022-11-09 13:00:00,6.234,6.259,6.13,6.15,556362.60090707
2022-11-09 14:00:00,6.15,6.216,6.031,6.136,618834.95923681
2022-11-09 15:00:00,6.133,6.19,5.957,5.99,914363.06572825
2022-11-09 16:00:00,5.987,6.082,5.891,5.973,586451.68261773
2022-11-09 17:00:00,5.971,6.016,5.893,5.91,380147.29296227
2022-11-09 18:00:00,5.909,5.936,5.786,5.876,568306.54289322
2022-11-09 19:00:00,5.876,6.006,5.86,5.929,480948.11991395
2022-11-09 20:00:00,5.928,5.988,5.787,5.846,542835.39312214
2022-11-09 21:00:00,5.847,5.85,5.321,5.418,2088058.19326586
2022-11-09 22:00:00,5.418,5.512,5.368,5.398,526742.04692232
2022-11-09 23:00:00,5.396,5.48,5.327,5.406,929576.46498645
2022-11-10 00:00:00,5.408,5.501,5.311,5.497,685588.14478449
2022-11-10 01:00:00,5.497,5.569,5.356,5.4,718199.13988541
2022-11-10 02:00:00,5.399,5.446,5.349,5.443,539815.57443393
2022-11-10 03:00:00,5.446,5.673,5.439,5.577,806429.00709548
2022-11-10 04:00:00,5.579,5.647,5.527,5.626,682871.13900256
2022-11-10 05:00:00,5.626,5.755,5.607,5.743,911452.64853943
2022-11-10 06:00:00,5.743,5.801,5.69,5.742,516913.82863066
2022-11-10 07:00:00,5.742,5.796,5.696,5.733,377886.97390154
2022-11-10 08:00:00,5.733,5.755,5.588,5.735,558057.25087272
2022-11-10 09:00:00,5.735,5.772,5.694,5.697,320399.23888324
2022-11-10 10:00:00,5.699,5.721,5.564,5.581,449417.30580353
2022-11-10 11:00:00,5.58,5.653,5.549,5.596,447448.04905418
2022-11-10 12:00:00,5.596,5.734,5.55,5.663,823244.12453987
2022-11-10 13:00:00,5.662,6.054,5.654,6.033,1003873.86515869
2022-11-10 14:00:00,6.034,6.038,5.923,6.032,373655.70818386
2022-11-10 15:00:00,6.031,6.135,5.985,6.034,480339.76860471
2022-11-10 16:00:00,6.031,6.15,5.995,6.063,458913.20305665
2022-11-10 17:00:00,6.063,6.066,5.834,5.898,717223.64128332
2022-11-10 18:00:00,5.899,5.948,5.853,5.917,391126.27058382
2022-11-10 19:00:00,5.917,5.951,5.867,5.943,197347.88340684
2022-11-10 20:00:00,5.943,6.049,5.889,6.019,433145.50600009
2022-11-10 21:00:00,6.023,6.053,5.97,5.996,248828.90350548
2022-11-10 22:00:00,5.992,6.016,5.939,5.975,122759.67470016
2022-11-10 23:00:00,5.975,5.992,5.868,5.955,217234.02665553
2022-11-11 00:00:00,5.954,5.976,5.861,5.939,227605.16838185
2022-11-11 01:00:00,5.94,5.991,5.785,5.803,337632.37341681
2022-11-11 02:00:00,5.804,5.825,5.694,5.784,500067.89410873
2022-11-11 03:00:00,5.784,5.784,5.664,5.706,419055.69975474
2022-11-11 04:00:00,5.705,5.746,5.673,5.705,213917.8067495
2022-11-11 05:00:00,5.704,5.804,5.698,5.796,229427.82273741
2022-11-11 06:00:00,5.795,5.806,5.745,5.764,158499.5009604
2022-11-11 07:00:00,5.763,5.845,5.732,5.811,209303.97986293
2022-11-11 08:00:00,5.811,5.845,5.787,5.815,188268.26509822
2022-11-11 09:00:00,5.816,5.816,5.764,5.785,272372.8826134
2022-11-11 10:00:00,5.784,5.822,5.751,5.791,195662.75980609
2022-11-11 11:00:00,5.789,5.849,5.782,5.816,147996.32653175
2022-11-11 12:00:00,5.815,5.828,5.765,5.819,176395.10564562
2022-11-11 13:00:00,5.817,5.915,5.816,5.852,315278.15237758
2022-11-11 14:00:00,5.851,5.851,5.524,5.68,1600026.39423247
2022-11-11 15:00:00,5.677,5.715,5.605,5.622,584409.27725307
2022-11-11 16:00:00,5.625,5.648,5.5,5.607,563507.67899192
2022-11-11 17:00:00,5.607,5.639,5.575,5.62,246410.04244472
2022-11-11 18:00:00,5.619,5.663,5.589,5.596,330709.39221757
2022-11-11 19:00:00,5.594,5.656,5.558,5.624,377036.42910396
2022-11-11 20:00:00,5.625,5.656,5.561,5.626,289631.39167838
2022-11-11 21:00:00,5.63,5.692,5.604,5.668,242372.26180894
2022-11-11 22:00:00,5.671,5.775,5.671,5.741,186950.8806956
2022-11-11 23:00:00,5.744,5.77,5.689,5.739,99294.28004928
2022-11-12 00:00:00,5.741,5.756,5.7,5.741,119787.20661542
2022-11-12 01:00:00,5.743,5.787,5.695,5.754,77839.88225575
2022-11-12 02:00:00,5.753,5.82,5.735,5.781,107090.26468935
2022-11-12 03:00:00,5.782,5.806,5.759,5.772,147682.29548886
2022-11-12 04:00:00,5.773,5.779,5.633,5.645,164058.38636292
2022-11-12 05:00:00,5.646,5.65,5.55,5.586,326186.19455248
2022-11-12 06:00:00,5.586,5.69,5.57,5.666,261745.00470281
2022-11-12 07:00:00,5.665,5.741,5.665,5.689,257814.32472851
2022-11-12 08:00:00,5.69,5.718,5.631,5.684,180464.23405299
2022-11-12 09:00:00,5.683,5.702,5.662,5.683,106935.66035046
2022-11-12 10:00:00,5.683,5.724,5.659,5.693,131018.760322
2022-11-12 11:00:00,5.693,5.71,5.67,5.705,85087.1121421
2022-11-12 12:00:00,5.708,5.749,5.694,5.729,163546.86451989
2022-11-12 13:00:00,5.73,5.73,5.67,5.715,109781.33438399
2022-11-12 14:00:00,5.72,5.763,5.663,5.732,151340.16686413
2022-11-12 15:00:00,5.732,5.798,5.729,5.766,148249.09241963
2022-11-12 16:00:00,5.766,5.814,5.749,5.783,108248.88016085
2022-11-12 17:00:00,5.783,5.806,5.755,5.806,201652.12098359
2022-11-12 18:00:00,5.806,5.838,5.767,5.803,236921.33449356
2022-11-12 19:00:00,5.805,5.828,5.798,5.822,55047.0423071
2022-11-12 20:00:00,5.819,5.828,5.799,5.807,148398.83433892
2022-11-12 21:00:00,5.807,5.864,5.792,5.829,159105.03102645
2022-11-12 22:00:00,5.829,5.865,5.822,5.83,80719.65247049
2022-11-12 23:00:00,5.832,5.834,5.715,5.766,234445.63658971
2022-11-13 00:00:00,5.767,5.829,5.745,5.812,142719.06711191
2022-11-13 01:00:00,5.812,5.841,5.811,5.823,70077.69283452
2022-11-13 02:00:00,5.826,5.86,5.805,5.855,58348.62133493
2022-11-13 03:00:00,5.856,5.865,5.804,5.839,95975.54684673
2022-11-13 04:00:00,5.838,5.849,5.809,5.81,44325.11498244
2022-11-13 05:00:00,5.812,5.839,5.803,5.839,47137.91005878
2022-11-13 06:00:00,5.835,5.888,5.795,5.854,199965.03549488
2022-11-13 07:00:00,5.853,5.958,5.787,5.874,348723.09094681
2022-11-13 08:00:00,5.872,5.877,5.684,5.717,362762.67260678
2022-11-13 09:00:00,5.718,5.738,5.666,5.71,305920.95281151
2022-11-13 10:00:00,5.711,5.734,5.685,5.722,113842.74608591
2022-11-13 11:00:00,5.721,5.798,5.718,5.777,154169.39765748
2022-11-13 12:00:00,5.773,5.781,5.722,5.741,170444.97068062
2022-11-13 13:00:00,5.74,5.864,5.729,5.809,370710.58544882
2022-11-13 14:00:00,5.808,5.857,5.808,5.822,195237.0980082
2022-11-13 15:00:00,5.824,5.883,5.786,5.828,297268.9446642
2022-11-13 16:00:00,5.829,5.835,5.759,5.779,161802.70568387
2022-11-13 17:00:00,5.778,5.781,5.71,5.758,268861.72483745
2022-11-13 18:00:00,5.759,5.799,5.742,5.797,172607.14334397
2022-11-13 19:00:00,5.799,5.816,5.768,5.789,136537.34012225
2022-11-13 20:00:00,5.789,5.793,5.681,5.687,287549.91583328
2022-11-13 21:00:00,5.687,5.754,5.613,5.686,348116.9459628
2022-11-13 22:00:00,5.686,5.77,5.678,5.742,175267.62016814
2022-11-13 23:00:00,5.745,5.769,5.673,5.744,321323.41403194
2022-11-14 00:00:00,5.745,5.782,5.53,5.642,697917.49767568
2022-11-14 01:00:00,5.642,5.665,5.491,5.546,409248.23767156
2022-11-14 02:00:00,5.546,5.599,5.46,5.576,359362.5315987
2022-11-14 03:00:00,5.572,5.593,5.516,5.527,145633.8985602
2022-11-14 04:00:00,5.528,5.543,5.444,5.527,284871.424988
2022-11-14 05:00:00,5.529,5.561,5.494,5.54,161783.91303865
2022-11-14 06:00:00,5.54,5.753,5.519,5.748,399425.03369482
2022-11-14 07:00:00,5.741,5.806,5.663,5.789,337424.25692697
2022-11-14 08:00:00,5.791,5.845,5.776,5.812,220949.46345443
2022-11-14 09:00:00,5.811,5.819,5.757,5.787,135793.87292133
2022-11-14 10:00:00,5.789,5.816,5.783,5.81,94237.32380753
2022-11-14 11:00:00,5.814,5.828,5.776,5.788,99413.18781613
2022-11-14 12:00:00,5.784,5.815,5.747,5.807,135421.59597459
2022-11-14 13:00:00,5.811,5.891,5.689,5.771,554756.44150353
2022-11-14 14:00:00,5.773,5.813,5.667,5.767,433535.40170476
2022-11-14 15:00:00,5.768,5.85,5.742,5.819,204182.4154905
2022-11-14 16:00:00,5.82,5.877,5.756,5.787,261942.1809972
2022-11-14 17:00:00,5.788,5.824,5.77,5.804,98695.24603282
2022-11-14 18:00:00,5.806,5.812,5.763,5.774,114699.89382692
2022-11-14 19:00:00,5.774,5.783,5.684,5.712,342041.44816559
2022-11-14 20:00:00,5.713,5.757,5.702,5.742,143173.59405732
2022-11-14 21:00:00,5.744,5.786,5.726,5.785,118576.05187964
2022-11-14 22:00:00,5.785,5.814,5.779,5.808,48358.21836396
2022-11-14 23:00:00,5.806,5.876,5.806,5.858,145942.55164144
2022-11-15 00:00:00,5.857,5.89,5.8,5.813,197259.37474807
2022-11-15 01:00:00,5.814,5.884,5.794,5.843,140612.06744059
2022-11-15 02:00:00,5.844,5.897,5.836,5.868,68483.43246547
2022-11-15 03:00:00,5.87,5.898,5.862,5.869,72027.5486633
2022-11-15 04:00:00,5.869,5.879,5.851,5.854,51169.50552145
2022-11-15 05:00:00,5.855,5.864,5.824,5.826,84805.01249236
2022-11-15 06:00:00,5.827,5.853,5.827,5.851,41083.96081617
2022-11-15 07:00:00,5.852,5.913,5.848,5.901,106504.89396149
2022-11-15 08:00:00,5.9,5.934,5.889,5.914,87878.91802208
2022-11-15 09:00:00,5.915,5.921,5.874,5.91,106606.97278208
2022-11-15 10:00:00,5.91,5.932,5.884,5.932,53478.86462642
2022-11-15 11:00:00,5.932,5.949,5.893,5.926,102682.2399844
2022-11-15 12:00:00,5.928,5.99,5.923,5.983,140428.36449583
2022-11-15 13:00:00,5.983,6.038,5.944,5.996,291583.13048109
2022-11-15 14:00:00,5.999,6.01,5.96,5.999,122426.85144596
2022-11-15 15:00:00,5.999,6.044,5.968,5.999,130338.10530905
2022-11-15 16:00:00,5.999,6.025,5.98,6.007,132769.76810823
2022-11-15 17:00:00,6.007,6.026,5.97,6.008,81194.45152349
2022-11-15 18:00:00,6.009,6.009,5.881,5.921,177382.84779226
2022-11-15 19:00:00,5.921,5.934,5.877,5.912,110807.72970329
2022-11-15 20:00:00,5.914,5.929,5.889,5.914,103945.22757997
2022-11-15 21:00:00,5.909,5.925,5.889,5.908,68156.84775787
2022-11-15 22:00:00,5.913,5.922,5.899,5.899,43989.71057346
2022-11-15 23:00:00,5.898,5.933,5.883,5.917,107666.34296469
2022-11-16 00:00:00,5.917,5.935,5.865,5.889,170783.24768694
2022-11-16 01:00:00,5.89,5.935,5.886,5.935,81301.43383725
2022-11-16 02:00:00,5.938,5.972,5.914,5.948,95868.43412556
2022-11-16 03:00:00,5.95,5.981,5.947,5.981,63168.04820851
2022-11-16 04:00:00,5.981,5.983,5.951,5.965,40283.63714593
2022-11-16 05:00:00,5.964,5.978,5.947,5.969,28103.14244126
2022-11-16 06:00:00,5.969,5.988,5.917,5.947,85598.24227306
2022-11-16 07:00:00,5.945,5.956,5.926,5.93,34781.00277696
2022-11-16 08:00:00,5.93,5.94,5.82,5.856,209415.11517497
2022-11-16 09:00:00,5.857,5.865,5.825,5.845,93715.05678135
2022-11-16 10:00:00,5.844,5.859,5.81,5.831,86209.47668616
2022-11-16 11:00:00,5.834,5.856,5.795,5.801,194078.37724364
2022-11-16 12:00:00,5.798,5.809,5.762,5.784,162772.45415278
2022-11-16 13:00:00,5.783,5.783,5.705,5.712,269404.80270689
2022-11-16 14:00:00,5.715,5.725,5.641,5.696,271338.65744821
2022-11-16 15:00:00,5.696,5.711,5.625,5.658,202367.42409873
2022-11-16 16:00:00,5.657,5.718,5.609,5.69,207271.42603972
2022-11-16 17:00:00,5.689,5.723,5.689,5.701,105762.25726913
2022-11-16 18:00:00,5.702,5.713,5.68,5.684,95205.18493447
2022-11-16 19:00:00,5.684,5.686,5.652,5.673,93208.4136538
2022-11-16 20:00:00,5.672,5.673,5.64,5.663,99090.13365167
2022-11-16 21:00:00,5.665,5.69,5.66,5.686,69401.29442535
2022-11-16 22:00:00,5.687,5.726,5.671,5.722,58918.43232919
2022-11-16 23:00:00,5.723,5.737,5.694,5.702,129632.99633206
2022-11-17 00:00:00,5.703,5.724,5.688,5.709,236755.26315595
2022-11-17 01:00:00,5.709,5.718,5.691,5.7,45043.40959361
2022-11-17 02:00:00,5.7,5.702,5.672,5.675,59685.02709702
2022-11-17 03:00:00,5.675,5.694,5.646,5.661,102800.22861675
2022-11-17 04:00:00,5.663,5.667,5.586,5.641,197756.67827688
2022-11-17 05:00:00,5.641,5.689,5.629,5.689,115515.43813394
2022-11-17 06:00:00,5.688,5.705,5.645,5.653,84303.23694628
2022-11-17 07:00:00,5.653,5.684,5.634,5.679,118617.14363261
2022-11-17 08:00:00,5.679,5.689,5.664,5.672,69387.40083431
2022-11-17 09:00:00,5.671,5.671,5.61,5.625,163265.09919278
2022-11-17 10:00:00,5.625,5.64,5.616,5.631,80706.49703455
2022-11-17 11:00:00,5.632,5.656,5.631,5.643,38646.06051402
2022-11-17 12:00:00,5.645,5.646,5.622,5.638,71315.11198684
2022-11-17 13:00:00,5.638,5.638,5.562,5.61,271363.02732507
2022-11-17 14:00:00,5.607,5.627,5.574,5.611,142967.61143695
2022-11-17 15:00:00,5.61,5.694,5.601,5.65,240602.41309965
2022-11-17 16:00:00,5.65,5.698,5.633,5.693,168417.49132593
2022-11-17 17:00:00,5.694,5.703,5.672,5.701,141921.65531953
2022-11-17 18:00:00,5.701,5.717,5.697,5.704,53279.63323554
2022-11-17 19:00:00,5.705,5.706,5.676,5.68,38562.91131165
2022-11-17 20:00:00,5.678,5.706,5.677,5.701,51692.15004839
2022-11-17 21:00:00,5.703,5.711,5.684,5.686,69888.25586443
2022-11-17 22:00:00,5.684,5.704,5.684,5.7,26585.89950542
2022-11-17 23:00:00,5.7,5.702,5.647,5.672,105151.65434854
2022-11-18 00:00:00,5.671,5.733,5.667,5.727,146958.7511927
2022-11-18 01:00:00,5.726,5.738,5.709,5.723,65969.01483175
2022-11-18 02:00:00,5.725,5.768,5.71,5.748,119943.74803584
2022-11-18 03:00:00,5.747,5.773,5.74,5.742,55132.87444807
2022-11-18 04:00:00,5.741,5.745,5.731,5.734,37794.67301047
2022-11-18 05:00:00,5.732,5.745,5.728,5.734,27284.53432554
2022-11-18 06:00:00,5.735,5.739,5.71,5.719,47026.21341172
2022-11-18 07:00:00,5.72,5.726,5.7,5.711,62961.27501921
2022-11-18 08:00:00,5.71,5.71,5.678,5.685,90981.52163475
2022-11-18 09:00:00,5.685,5.692,5.679,5.681,45933.11762949
2022-11-18 10:00:00,5.68,5.723,5.678,5.71,72376.7339484
2022-11-18 11:00:00,5.711,5.732,5.709,5.73,56207.61697371
2022-11-18 12:00:00,5.731,5.747,5.728,5.738,46662.94653049
2022-11-18 13:00:00,5.737,5.753,5.714,5.725,126908.88591572
2022-11-18 14:00:00,5.725,5.744,5.686,5.713,137378.59792559
2022-11-18 15:00:00,5.712,5.716,5.676,5.703,113161.11745336
2022-11-18 16:00:00,5.704,5.715,5.671,5.679,82754.36504666
2022-11-18 17:00:00,5.678,5.683,5.635,5.651,158914.05210236
2022-11-18 18:00:00,5.652,5.658,5.629,5.655,162451.01667674
2022-11-18 19:00:00,5.654,5.664,5.639,5.656,75624.59404659
2022-11-18 20:00:00,5.658,5.658,5.631,5.634,88670.50564983
2022-11-18 21:00:00,5.634,5.645,5.625,5.633,40165.216685
2022-11-18 22:00:00,5.632,5.632,5.608,5.617,52224.60510351
2022-11-18 23:00:00,5.617,5.643,5.604,5.64,78600.76086913
2022-11-19 00:00:00,5.64,5.653,5.619,5.62,53259.98171701
2022-11-19 01:00:00,5.62,5.628,5.612,5.624,39698.78865497
2022-11-19 02:00:00,5.624,5.624,5.586,5.606,98494.4886398
2022-11-19 03:00:00,5.607,5.617,5.598,5.604,40301.46081152
2022-11-19 04:00:00,5.605,5.61,5.593,5.596,65238.02963659
2022-11-19 05:00:00,5.595,5.604,5.524,5.567,369235.22097543
2022-11-19 06:00:00,5.566,5.569,5.531,5.545,146590.89540284
2022-11-19 07:00:00,5.546,5.569,5.545,5.551,155188.21674256
2022-11-19 08:00:00,5.548,5.57,5.54,5.563,88311.5799714
2022-11-19 09:00:00,5.561,5.567,5.551,5.554,30062.98237618
2022-11-19 10:00:00,5.554,5.564,5.548,5.558,28221.04930098
2022-11-19 11:00:00,5.558,5.573,5.558,5.571,37899.15343609
2022-11-19 12:00:00,5.574,5.576,5.557,5.562,29356.78424003
2022-11-19 13:00:00,5.562,5.573,5.555,5.562,34270.65759128
2022-11-19 14:00:00,5.56,5.566,5.548,5.554,59729.89758718
2022-11-19 15:00:00,5.553,5.605,5.551,5.588,138902.39451146
2022-11-19 16:00:00,5.589,5.606,5.584,5.592,47911.50483542
2022-11-19 17:00:00,5.593,5.594,5.565,5.567,137130.59432469
2022-11-19 18:00:00,5.567,5.577,5.566,5.573,18503.32414234
2022-11-19 19:00:00,5.574,5.575,5.561,5.565,28391.49034825
2022-11-19 20:00:00,5.565,5.567,5.555,5.564,36910.88091589
2022-11-19 21:00:00,5.566,5.578,5.556,5.578,36490.68148042
2022-11-19 22:00:00,5.578,5.634,5.578,5.595,78231.75057148
2022-11-19 23:00:00,5.595,5.612,5.579,5.595,57614.70533675
2022-11-20 00:00:00,5.594,5.655,5.594,5.62,90459.95594799
2022-11-20 01:00:00,5.619,5.63,5.603,5.612,49367.39020932
2022-11-20 02:00:00,5.613,5.615,5.606,5.609,20772.15800828
2022-11-20 03:00:00,5.608,5.608,5.59,5.591,29232.71032873
2022-11-20 04:00:00,5.592,5.628,5.592,5.625,122232.38260717
2022-11-20 05:00:00,5.624,5.628,5.596,5.602,51410.38264148
2022-11-20 06:00:00,5.601,5.609,5.598,5.608,12798.73867356
2022-11-20 07:00:00,5.607,5.623,5.6,5.613,32065.06763085
2022-11-20 08:00:00,5.613,5.618,5.499,5.534,288779.02183068
2022-11-20 09:00:00,5.532,5.568,5.521,5.554,76387.81256133
2022-11-20 10:00:00,5.554,5.572,5.517,5.547,81694.80777563
2022-11-20 11:00:00,5.547,5.547,5.42,5.457,425149.90152887
2022-11-20 12:00:00,5.455,5.479,5.416,5.467,315979.83144219
2022-11-20 13:00:00,5.466,5.495,5.458,5.469,118083.82873995
2022-11-20 14:00:00,5.467,5.48,5.459,5.461,66752.26010375
2022-11-20 15:00:00,5.461,5.472,5.445,5.461,113720.01309842
2022-11-20 16:00:00,5.461,5.462,5.409,5.433,241412.42924648
2022-11-20 17:00:00,5.433,5.454,5.414,5.419,107223.20696602
2022-11-20 18:00:00,5.419,5.442,5.385,5.442,207918.15244134
2022-11-20 19:00:00,5.444,5.464,5.434,5.448,176334.57211047
2022-11-20 20:00:00,5.449,5.452,5.373,5.403,253437.87522708
2022-11-20 21:00:00,5.402,5.404,5.263,5.294,673800.77363706
2022-11-20 22:00:00,5.295,5.327,5.249,5.28,276578.60289646
2022-11-20 23:00:00,5.281,5.294,5.242,5.286,297747.96976307
2022-11-21 00:00:00,5.284,5.289,5.188,5.277,705270.85001484
2022-11-21 01:00:00,5.278,5.285,5.234,5.247,243437.48312773
2022-11-21 02:00:00,5.246,5.255,5.132,5.205,611313.88286794
2022-11-21 03:00:00,5.204,5.238,5.165,5.231,299467.30544139
2022-11-21 04:00:00,5.232,5.274,5.226,5.237,301226.77894128
2022-11-21 05:00:00,5.237,5.279,5.235,5.271,112938.40320715
2022-11-21 06:00:00,5.271,5.279,5.236,5.237,166485.07592483
2022-11-21 07:00:00,5.236,5.245,5.177,5.208,378552.76706325
2022-11-21 08:00:00,5.208,5.212,5.177,5.181,179474.25281346
2022-11-21 09:00:00,5.182,5.228,5.164,5.213,292108.60544155
2022-11-21 10:00:00,5.213,5.228,5.193,5.22,124221.91756184
2022-11-21 11:00:00,5.22,5.228,5.194,5.195,118564.00687926
2022-11-21 12:00:00,5.195,5.216,5.177,5.207,139863.856816
2022-11-21 13:00:00,5.208,5.265,5.205,5.252,231842.92227041
2022-11-21 14:00:00,5.252,5.265,5.229,5.241,193476.16935412
2022-11-21 15:00:00,5.241,5.247,5.219,5.232,147289.79277457
2022-11-21 16:00:00,5.23,5.238,5.133,5.197,432244.02726612
2022-11-21 17:00:00,5.197,5.209,5.151,5.166,285712.58942041
2022-11-21 18:00:00,5.166,5.177,5.109,5.152,464592.48308579
2022-11-21 19:00:00,5.151,5.171,5.055,5.128,598970.95668933
2022-11-21 20:00:00,5.127,5.225,5.123,5.182,341626.50084941
2022-11-21 21:00:00,5.183,5.214,5.115,5.151,337847.76650906
2022-11-21 22:00:00,5.151,5.215,5.146,5.181,182970.87992614
2022-11-21 23:00:00,5.18,5.216,5.172,5.182,311093.71127939
2022-11-22 00:00:00,5.184,5.253,5.167,5.218,345327.5656909
2022-11-22 01:00:00,5.217,5.222,5.185,5.189,85734.71421243
2022-11-22 02:00:00,5.19,5.195,5.155,5.178,135002.1082202
2022-11-22 03:00:00,5.179,5.205,5.166,5.171,69803.11415087
2022-11-22 04:00:00,5.172,5.184,5.157,5.162,99055.68373986
2022-11-22 05:00:00,5.164,5.167,5.13,5.133,176558.43043476
2022-11-22 06:00:00,5.134,5.143,5.067,5.071,303741.77981642
2022-11-22 07:00:00,5.071,5.071,4.962,5.049,674832.4119972
2022-11-22 08:00:00,5.048,5.048,4.99,5.015,294543.09420959
2022-11-22 09:00:00,5.016,5.034,4.995,5.003,156357.4965725
2022-11-22 10:00:00,5.001,5.036,4.985,5.033,159166.03726093
2022-11-22 11:00:00,5.034,5.038,5.008,5.013,166722.85980449
2022-11-22 12:00:00,5.015,5.093,5.001,5.084,399092.17182307
2022-11-22 13:00:00,5.084,5.301,5.084,5.29,913441.77296126
2022-11-22 14:00:00,5.29,5.3,5.22,5.257,487712.02721236
2022-11-22 15:00:00,5.257,5.305,5.254,5.287,333493.89874333
2022-11-22 16:00:00,5.288,5.31,5.263,5.275,242925.16625323
2022-11-22 17:00:00,5.276,5.286,5.208,5.216,168181.08171867
2022-11-22 18:00:00,5.217,5.254,5.207,5.231,172304.59682335
2022-11-22 19:00:00,5.229,5.248,5.216,5.234,168026.83854661
2022-11-22 20:00:00,5.235,5.269,5.234,5.258,170192.37669565
2022-11-22 21:00:00,5.258,5.278,5.237,5.271,183181.49590819
2022-11-22 22:00:00,5.271,5.283,5.243,5.267,87044.81389641
2022-11-22 23:00:00,5.265,5.287,5.255,5.277,151927.59007048
2022-11-23 00:00:00,5.278,5.303,5.252,5.26,249691.87315738
2022-11-23 01:00:00,5.259,5.271,5.247,5.259,88032.74424308
2022-11-23 02:00:00,5.258,5.368,5.258,5.35,488361.95808698
2022-11-23 03:00:00,5.351,5.41,5.344,5.394,304669.47558383
2022-11-23 04:00:00,5.396,5.403,5.373,5.389,122755.90345277
2022-11-23 05:00:00,5.391,5.415,5.387,5.397,154132.17384398
2022-11-23 06:00:00,5.396,5.42,5.392,5.411,118827.76300233
2022-11-23 07:00:00,5.411,5.438,5.409,5.438,108951.41830518
2022-11-23 08:00:00,5.438,5.476,5.412,5.414,307772.05903374
2022-11-23 09:00:00,5.413,5.431,5.379,5.394,187665.42957659
2022-11-23 10:00:00,5.394,5.43,5.368,5.409,226518.83149936
2022-11-23 11:00:00,5.409,5.42,5.381,5.386,166257.10228132
2022-11-23 12:00:00,5.386,5.393,5.344,5.347,249778.35300123
2022-11-23 13:00:00,5.346,5.371,5.311,5.316,216349.36972392
2022-11-23 14:00:00,5.315,5.378,5.308,5.37,243787.9223703
2022-11-23 15:00:00,5.371,5.385,5.343,5.367,217326.49189776
2022-11-23 16:00:00,5.367,5.375,5.306,5.311,204511.89175194
2022-11-23 17:00:00,5.311,5.34,5.306,5.33,99547.91714608
2022-11-23 18:00:00,5.328,5.391,5.326,5.377,180480.89501849
2022-11-23 19:00:00,5.377,5.436,5.357,5.388,415854.97265435
2022-11-23 20:00:00,5.389,5.412,5.367,5.412,200207.62396245
2022-11-23 21:00:00,5.411,5.418,5.392,5.401,154494.33587962
2022-11-23 22:00:00,5.4,5.42,5.385,5.392,74791.18509067
2022-11-23 23:00:00,5.392,5.444,5.39,5.427,224096.33675554
2022-11-24 00:00:00,5.427,5.44,5.387,5.397,207581.45017393
2022-11-24 01:00:00,5.396,5.46,5.386,5.454,213432.85104803
2022-11-24 02:00:00,5.454,5.469,5.416,5.433,176040.87992036
2022-11-24 03:00:00,5.433,5.465,5.432,5.462,233610.63208115
2022-11-24 04:00:00,5.463,5.477,5.44,5.463,191941.01172002
2022-11-24 05:00:00,5.464,5.466,5.441,5.458,152142.6981808
2022-11-24 06:00:00,5.459,5.497,5.459,5.493,162016.24840875
2022-11-24 07:00:00,5.492,5.512,5.463,5.471,182434.78891481
2022-11-24 08:00:00,5.471,5.476,5.417,5.436,155754.26285064
2022-11-24 09:00:00,5.436,5.457,5.436,5.445,155071.56934384
2022-11-24 10:00:00,5.445,5.449,5.371,5.394,201577.57148385
2022-11-24 11:00:00,5.394,5.398,5.362,5.384,120329.32536231
2022-11-24 12:00:00,5.385,5.393,5.347,5.365,181196.79417903
2022-11-24 13:00:00,5.364,5.391,5.359,5.383,157002.10614228
2022-11-24 14:00:00,5.383,5.385,5.341,5.362,200761.64196351
2022-11-24 15:00:00,5.362,5.386,5.357,5.372,80343.38038538
2022-11-24 16:00:00,5.372,5.413,5.362,5.395,313485.55870575
2022-11-24 17:00:00,5.394,5.415,5.379,5.381,158016.04812626
2022-11-24 18:00:00,5.381,5.384,5.361,5.38,118263.56408318
2022-11-24 19:00:00,5.378,5.383,5.358,5.368,102653.502
2022-11-24 20:00:00,5.369,5.383,5.355,5.362,104043.69132791
2022-11-24 21:00:00,5.362,5.371,5.325,5.348,133287.45381919
2022-11-24 22:00:00,5.347,5.369,5.339,5.367,86696.37457112
2022-11-24 23:00:00,5.367,5.405,5.348,5.382,280442.94334678
2022-11-25 00:00:00,5.381,5.383,5.321,5.343,305340.53084884
2022-11-25 01:00:00,5.341,5.354,5.323,5.328,137492.02650029
2022-11-25 02:00:00,5.328,5.334,5.27,5.286,348339.7529681
2022-11-25 03:00:00,5.287,5.292,5.261,5.283,178395.90307369
2022-11-25 04:00:00,5.282,5.284,5.241,5.28,286501.92176195
2022-11-25 05:00:00,5.279,5.285,5.256,5.26,174889.54010461
2022-11-25 06:00:00,5.259,5.305,5.249,5.29,221879.63013311
2022-11-25 07:00:00,5.291,5.296,5.279,5.292,81982.33015512
2022-11-25 08:00:00,5.29,5.303,5.271,5.281,164003.6089724
2022-11-25 09:00:00,5.28,5.294,5.275,5.278,118583.39883667
2022-11-25 10:00:00,5.278,5.322,5.266,5.319,200867.37827771
2022-11-25 11:00:00,5.318,5.375,5.316,5.325,350968.71210394
2022-11-25 12:00:00,5.325,5.362,5.301,5.302,203315.4376794
2022-11-25 13:00:00,5.301,5.312,5.272,5.274,149186.42580658
2022-11-25 14:00:00,5.274,5.286,5.251,5.284,174204.62492105
2022-11-25 15:00:00,5.285,5.291,5.273,5.279,118666.14979367
2022-11-25 16:00:00,5.278,5.278,5.244,5.268,145030.13434194
2022-11-25 17:00:00,5.267,5.304,5.261,5.29,165978.75591249
2022-11-25 18:00:00,5.289,5.294,5.261,5.269,163820.78173095
2022-11-25 19:00:00,5.27,5.288,5.261,5.277,93921.32006051
2022-11-25 20:00:00,5.278,5.308,5.277,5.286,160236.49503556
2022-11-25 21:00:00,5.287,5.288,5.277,5.279,48277.05558508
2022-11-25 22:00:00,5.278,5.279,5.256,5.262,100565.49375757
2022-11-25 23:00:00,5.263,5.279,5.254,5.26,128980.99365455
2022-11-26 00:00:00,5.261,5.301,5.234,5.29,358256.21745579
2022-11-26 01:00:00,5.29,5.346,5.289,5.313,287521.57596611
2022-11-26 02:00:00,5.316,5.34,5.314,5.317,121962.26433679
2022-11-26 03:00:00,5.317,5.319,5.295,5.305,69395.04287031
2022-11-26 04:00:00,5.306,5.315,5.292,5.311,157718.06454045
2022-11-26 05:00:00,5.31,5.338,5.309,5.336,111354.04870484
2022-11-26 06:00:00,5.335,5.335,5.297,5.303,89525.04383434
2022-11-26 07:00:00,5.303,5.344,5.301,5.342,131035.30351059
2022-11-26 08:00:00,5.342,5.388,5.337,5.362,242598.21788179
2022-11-26 09:00:00,5.362,5.415,5.36,5.408,136397.8269786
2022-11-26 10:00:00,5.408,5.428,5.394,5.402,130705.3466856
2022-11-26 11:00:00,5.402,5.405,5.375,5.395,65480.69715091
2022-11-26 12:00:00,5.395,5.4,5.385,5.399,39223.81669539
2022-11-26 13:00:00,5.399,5.411,5.396,5.407,39076.72510022
2022-11-26 14:00:00,5.408,5.449,5.339,5.366,345971.04660911
2022-11-26 15:00:00,5.368,5.401,5.328,5.384,457189.50868932
2022-11-26 16:00:00,5.384,5.404,5.347,5.349,197736.56420631
2022-11-26 17:00:00,5.346,5.372,5.325,5.364,137752.49472493
2022-11-26 18:00:00,5.363,5.377,5.334,5.337,138371.77671999
2022-11-26 19:00:00,5.333,5.333,5.287,5.33,205762.47133125
2022-11-26 20:00:00,5.329,5.336,5.32,5.331,57213.35054673
2022-11-26 21:00:00,5.332,5.335,5.323,5.325,32043.02163601
2022-11-26 22:00:00,5.325,5.331,5.252,5.274,210216.01378857
2022-11-26 23:00:00,5.273,5.3,5.265,5.293,100560.43900913
2022-11-27 00:00:00,5.293,5.321,5.291,5.306,62906.61826886
2022-11-27 01:00:00,5.304,5.335,5.304,5.33,52064.01374673
2022-11-27 02:00:00,5.331,5.351,5.331,5.351,52669.08264015
2022-11-27 03:00:00,5.352,5.372,5.349,5.372,43809.44891965
2022-11-27 04:00:00,5.373,5.393,5.373,5.375,67774.31368734
2022-11-27 05:00:00,5.374,5.374,5.355,5.357,78221.81120223
2022-11-27 06:00:00,5.358,5.391,5.357,5.386,67340.11531935
2022-11-27 07:00:00,5.387,5.429,5.387,5.399,88810.77684486
2022-11-27 08:00:00,5.398,5.41,5.362,5.385,103902.51829403
2022-11-27 09:00:00,5.383,5.389,5.338,5.341,127014.98069402
2022-11-27 10:00:00,5.342,5.382,5.321,5.34,168369.47788834
2022-11-27 11:00:00,5.338,5.356,5.322,5.353,100492.82982099
2022-11-27 12:00:00,5.353,5.376,5.352,5.359,79661.1035297
2022-11-27 13:00:00,5.36,5.388,5.352,5.387,106100.65798845
2022-11-27 14:00:00,5.387,5.389,5.365,5.38,139908.84371338
2022-11-27 15:00:00,5.38,5.408,5.368,5.407,58572.56914498
2022-11-27 16:00:00,5.408,5.42,5.385,5.388,116570.2797196
2022-11-27 17:00:00,5.39,5.397,5.372,5.376,96683.64449864
2022-11-27 18:00:00,5.378,5.403,5.378,5.401,73562.61986212
2022-11-27 19:00:00,5.401,5.403,5.385,5.397,99769.23402814
2022-11-27 20:00:00,5.397,5.403,5.393,5.399,24700.87622047
2022-11-27 21:00:00,5.399,5.404,5.382,5.396,64806.87733413
2022-11-27 22:00:00,5.395,5.399,5.384,5.387,39475.53689957
2022-11-27 23:00:00,5.385,5.385,5.254,5.294,905643.11690502
2022-11-28 00:00:00,5.295,5.311,5.275,5.279,265771.16587659
2022-11-28 01:00:00,5.28,5.294,5.048,5.092,1429057.58921086
2022-11-28 02:00:00,5.089,5.11,5.058,5.065,408519.3245495
2022-11-28 03:00:00,5.065,5.121,5.055,5.114,154465.22051001
2022-11-28 04:00:00,5.113,5.142,5.105,5.141,121983.48057636
2022-11-28 05:00:00,5.14,5.155,5.117,5.121,209697.53503054
2022-11-28 06:00:00,5.121,5.151,5.12,5.15,239487.22436781
2022-11-28 07:00:00,5.15,5.178,5.141,5.176,131160.83797342
2022-11-28 08:00:00,5.175,5.187,5.155,5.18,202432.22795108
2022-11-28 09:00:00,5.18,5.194,5.159,5.175,168938.56582476
2022-11-28 10:00:00,5.175,5.179,5.156,5.175,140686.56550917
2022-11-28 11:00:00,5.175,5.197,5.168,5.19,103755.28274172
2022-11-28 12:00:00,5.187,5.19,5.137,5.151,195265.5618056
2022-11-28 13:00:00,5.151,5.161,5.131,5.15,143474.11969744
2022-11-28 14:00:00,5.151,5.201,5.147,5.163,284904.72706548
2022-11-28 15:00:00,5.163,5.173,5.098,5.119,500682.0153151
2022-11-28 16:00:00,5.12,5.202,5.07,5.178,615006.44470816
2022-11-28 17:00:00,5.179,5.225,5.168,5.189,481071.05396176
2022-11-28 18:00:00,5.187,5.198,5.155,5.158,199167.08406144
2022-11-28 19:00:00,5.156,5.175,5.146,5.16,149372.03273977
2022-11-28 20:00:00,5.16,5.179,5.156,5.179,97155.11146504
2022-11-28 21:00:00,5.178,5.181,5.152,5.173,103818.13590422
2022-11-28 22:00:00,5.173,5.174,5.158,5.162,46366.09271189
2022-11-28 23:00:00,5.163,5.166,5.099,5.128,348547.5625261
2022-11-29 00:00:00,5.127,5.137,5.089,5.109,455474.24683349
2022-11-29 01:00:00,5.109,5.172,5.109,5.16,219344.4333674
2022-11-29 02:00:00,5.161,5.185,5.148,5.151,177745.17505245
2022-11-29 03:00:00,5.152,5.17,5.151,5.162,91047.64074337
2022-11-29 04:00:00,5.162,5.248,5.161,5.23,458629.76471658
2022-11-29 05:00:00,5.231,5.274,5.231,5.249,180419.69273964
2022-11-29 06:00:00,5.252,5.278,5.246,5.267,134323.30172195
2022-11-29 07:00:00,5.268,5.279,5.254,5.255,187543.59184209
2022-11-29 08:00:00,5.254,5.303,5.251,5.288,179622.72896482
2022-11-29 09:00:00,5.289,5.3,5.278,5.292,98453.16513321
2022-11-29 10:00:00,5.291,5.303,5.274,5.282,100076.47740308
2022-11-29 11:00:00,5.281,5.303,5.278,5.287,130925.50606213
2022-11-29 12:00:00,5.287,5.309,5.283,5.297,80351.85103533
2022-11-29 13:00:00,5.295,5.299,5.238,5.263,272601.00235675
2022-11-29 14:00:00,5.263,5.291,5.239,5.255,310444.93824309
2022-11-29 15:00:00,5.253,5.298,5.25,5.27,192559.52622173
2022-11-29 16:00:00,5.271,5.284,5.222,5.268,243365.57118305
2022-11-29 17:00:00,5.268,5.269,5.225,5.25,116185.12343023
2022-11-29 18:00:00,5.25,5.347,5.246,5.333,237458.62668987
2022-11-29 19:00:00,5.334,5.34,5.294,5.295,150191.01356731
2022-11-29 20:00:00,5.296,5.329,5.29,5.319,168083.39037924
2022-11-29 21:00:00,5.322,5.329,5.305,5.309,107175.6777663
2022-11-29 22:00:00,5.311,5.32,5.308,5.318,65999.19119852
2022-11-29 23:00:00,5.321,5.332,5.297,5.301,148137.08570945
2022-11-30 00:00:00,5.301,5.492,5.301,5.472,790345.42845623
2022-11-30 01:00:00,5.473,5.498,5.411,5.451,272243.2065062
2022-11-30 02:00:00,5.449,5.473,5.437,5.445,123355.94107082
2022-11-30 03:00:00,5.445,5.459,5.347,5.347,256408.73928091
2022-11-30 04:00:00,5.348,5.39,5.348,5.38,198335.45478505
2022-11-30 05:00:00,5.381,5.394,5.371,5.393,89447.13367939
2022-11-30 06:00:00,5.392,5.395,5.37,5.384,70103.76875696
2022-11-30 07:00:00,5.385,5.427,5.385,5.419,118155.81281973
2022-11-30 08:00:00,5.42,5.443,5.388,5.399,163098.51936989
2022-11-30 09:00:00,5.399,5.412,5.351,5.389,216742.38046069
2022-11-30 10:00:00,5.389,5.407,5.38,5.388,109609.68773555
2022-11-30 11:00:00,5.388,5.423,5.38,5.398,172759.50034494
2022-11-30 12:00:00,5.398,5.405,5.358,5.36,135166.70601201
2022-11-30 13:00:00,5.36,5.407,5.358,5.371,140192.52064209
2022-11-30 14:00:00,5.372,5.398,5.367,5.39,71075.4333427
2022-11-30 15:00:00,5.388,5.418,5.376,5.418,93213.18489876
2022-11-30 16:00:00,5.417,5.419,5.377,5.392,123623.44926012
2022-11-30 17:00:00,5.393,5.395,5.299,5.33,355008.08188162
2022-11-30 18:00:00,5.331,5.404,5.297,5.374,447501.10616371
2022-11-30 19:00:00,5.372,5.459,5.372,5.414,418256.39527711
2022-11-30 20:00:00,5.415,5.451,5.409,5.45,138231.17709673
2022-11-30 21:00:00,5.445,5.462,5.426,5.461,176669.04518
2022-11-30 22:00:00,5.461,5.485,5.444,5.469,82746.74496358
2022-11-30 23:00:00,5.468,5.487,5.447,5.461,187309.45768696
2022-12-01 00:00:00,5.463,5.474,5.413,5.442,111962.26320059
2022-12-01 01:00:00,5.441,5.441,5.391,5.414,120929.00456944
2022-12-01 02:00:00,5.416,5.422,5.394,5.412,132456.498018
2022-12-01 03:00:00,5.412,5.432,5.412,5.429,63701.67699099
2022-12-01 04:00:00,5.43,5.435,5.403,5.409,94650.86969149
2022-12-01 05:00:00,5.412,5.433,5.38,5.404,212701.43126288
2022-12-01 06:00:00,5.405,5.41,5.392,5.402,77734.48641453
2022-12-01 07:00:00,5.403,5.404,5.37,5.37,156514.58891838
2022-12-01 08:00:00,5.37,5.39,5.364,5.384,147032.5588204
2022-12-01 09:00:00,5.384,5.387,5.366,5.386,109694.86102337
2022-12-01 10:00:00,5.385,5.39,5.375,5.381,101817.84609756
2022-12-01 11:00:00,5.382,5.397,5.367,5.397,123284.39891075
2022-12-01 12:00:00,5.397,5.412,5.386,5.411,147640.6982624
2022-12-01 13:00:00,5.41,5.438,5.331,5.369,560110.86508284
2022-12-01 14:00:00,5.369,5.396,5.341,5.387,280791.15742726
2022-12-01 15:00:00,5.387,5.397,5.314,5.377,543799.52703898
2022-12-01 16:00:00,5.376,5.395,5.347,5.378,151454.32316816
2022-12-01 17:00:00,5.376,5.392,5.351,5.389,132376.84096687
2022-12-01 18:00:00,5.388,5.399,5.374,5.387,100127.10382402
2022-12-01 19:00:00,5.388,5.391,5.375,5.379,80646.92904205
2022-12-01 20:00:00,5.378,5.381,5.364,5.364,36168.70169982
2022-12-01 21:00:00,5.364,5.383,5.35,5.38,133731.46755159
2022-12-01 22:00:00,5.378,5.403,5.378,5.391,67142.95317812
2022-12-01 23:00:00,5.393,5.406,5.365,5.406,131484.28736246
2022-12-02 00:00:00,5.405,5.48,5.393,5.454,395819.50059622
2022-12-02 01:00:00,5.452,5.463,5.363,5.407,302333.64772907
2022-12-02 02:00:00,5.408,5.437,5.367,5.435,336402.80374365
2022-12-02 03:00:00,5.435,5.46,5.416,5.422,169429.5936145
2022-12-02 04:00:00,5.422,5.427,5.381,5.42,243152.02865823
2022-12-02 05:00:00,5.422,5.442,5.402,5.413,159160.10580406
2022-12-02 06:00:00,5.413,5.422,5.398,5.399,96806.66267215
2022-12-02 07:00:00,5.399,5.429,5.392,5.427,86913.27854375
2022-12-02 08:00:00,5.424,5.542,5.42,5.528,397727.75277133
2022-12-02 09:00:00,5.529,5.554,5.497,5.533,284800.31278958
2022-12-02 10:00:00,5.535,5.574,5.529,5.567,238406.3288406
2022-12-02 11:00:00,5.567,5.617,5.549,5.61,412684.51618743
2022-12-02 12:00:00,5.611,5.632,5.577,5.614,552861.30499594
2022-12-02 13:00:00,5.615,5.623,5.532,5.559,751425.44220109
2022-12-02 14:00:00,5.558,5.646,5.534,5.607,411351.52096081
2022-12-02 15:00:00,5.607,5.68,5.607,5.642,499885.37266372
2022-12-02 16:00:00,5.641,5.652,5.605,5.621,202218.3076555
2022-12-02 17:00:00,5.62,5.628,5.589,5.604,124598.66780125
2022-12-02 18:00:00,5.604,5.615,5.596,5.607,51031.99776149
2022-12-02 19:00:00,5.61,5.625,5.598,5.621,112625.12594384
2022-12-02 20:00:00,5.621,5.637,5.611,5.628,123041.89491638
2022-12-02 21:00:00,5.628,5.633,5.608,5.621,92382.69386485
2022-12-02 22:00:00,5.623,5.645,5.622,5.625,75707.64729237
2022-12-02 23:00:00,5.622,5.646,5.617,5.621,136415.5691712
2022-12-03 00:00:00,5.621,5.704,5.611,5.656,451440.5090787
2022-12-03 01:00:00,5.655,5.665,5.623,5.628,133813.77382457
2022-12-03 02:00:00,5.628,5.638,5.583,5.604,331426.3025936
2022-12-03 03:00:00,5.605,5.605,5.584,5.594,106490.19551262
2022-12-03 04:00:00,5.593,5.618,5.578,5.585,159439.60726
2022-12-03 05:00:00,5.583,5.614,5.571,5.595,168573.95369854
2022-12-03 06:00:00,5.597,5.599,5.558,5.58,144282.1401201
2022-12-03 07:00:00,5.577,5.581,5.549,5.554,131842.37124473
2022-12-03 08:00:00,5.552,5.565,5.533,5.543,99903.75522148
2022-12-03 09:00:00,5.54,5.595,5.534,5.579,117861.08795736
2022-12-03 10:00:00,5.58,5.584,5.566,5.58,41130.43698393
2022-12-03 11:00:00,5.579,5.596,5.558,5.595,113521.05002119
2022-12-03 12:00:00,5.595,5.599,5.574,5.585,76495.78085021
2022-12-03 13:00:00,5.584,5.587,5.57,5.573,27769.2642591
2022-12-03 14:00:00,5.572,5.575,5.546,5.558,89442.42846231
2022-12-03 15:00:00,5.558,5.564,5.549,5.553,46738.36556867
2022-12-03 16:00:00,5.552,5.556,5.53,5.554,75312.30567092
2022-12-03 17:00:00,5.552,5.583,5.548,5.56,68743.73041633
2022-12-03 18:00:00,5.56,5.562,5.546,5.553,43037.57877385
2022-12-03 19:00:00,5.554,5.556,5.537,5.55,54951.99877168
2022-12-03 20:00:00,5.55,5.552,5.531,5.542,52426.59581702
2022-12-03 21:00:00,5.541,5.544,5.513,5.533,144099.46054145
2022-12-03 22:00:00,5.536,5.536,5.482,5.508,131058.79872929
2022-12-03 23:00:00,5.509,5.509,5.48,5.492,74374.73953416
2022-12-04 00:00:00,5.49,5.546,5.487,5.526,101302.17091083
2022-12-04 01:00:00,5.527,5.554,5.517,5.542,50692.71952466
2022-12-04 02:00:00,5.542,5.544,5.532,5.535,25012.66909195
2022-12-04 03:00:00,5.538,5.538,5.519,5.52,52244.80051785
2022-12-04 04:00:00,5.522,5.551,5.518,5.544,65555.41116334
2022-12-04 05:00:00,5.543,5.552,5.526,5.543,65444.09232076
2022-12-04 06:00:00,5.544,5.569,5.541,5.566,45158.47879639
2022-12-04 07:00:00,5.565,5.6,5.559,5.58,180864.94588416
2022-12-04 08:00:00,5.579,5.589,5.556,5.562,74692.49548578
2022-12-04 09:00:00,5.562,5.562,5.533,5.533,103122.34370584
2022-12-04 10:00:00,5.532,5.538,5.518,5.53,83739.24756754
2022-12-04 11:00:00,5.529,5.546,5.506,5.516,229987.41921274
2022-12-04 12:00:00,5.516,5.529,5.512,5.526,34022.64225062
2022-12-04 13:00:00,5.526,5.528,5.511,5.526,56225.27818006
2022-12-04 14:00:00,5.526,5.542,5.507,5.542,113899.13971036
2022-12-04 15:00:00,5.542,5.553,5.536,5.542,40877.46373757
2022-12-04 16:00:00,5.542,5.562,5.535,5.555,67869.09012263
2022-12-04 17:00:00,5.556,5.565,5.539,5.556,54268.89792455
2022-12-04 18:00:00,5.559,5.583,5.549,5.562,220159.80573472
2022-12-04 19:00:00,5.564,5.572,5.551,5.551,78365.82385038
2022-12-04 20:00:00,5.551,5.566,5.519,5.556,162036.78309609
2022-12-04 21:00:00,5.557,5.565,5.555,5.561,12049.11417079
2022-12-04 22:00:00,5.56,5.574,5.558,5.574,51620.20806155
2022-12-04 23:00:00,5.575,5.609,5.57,5.587,180599.02807622
2022-12-05 00:00:00,5.588,5.647,5.574,5.627,230155.81876096
2022-12-05 01:00:00,5.629,5.634,5.617,5.633,43338.51646316
2022-12-05 02:00:00,5.635,5.677,5.632,5.658,119627.33999896
2022-12-05 03:00:00,5.657,5.696,5.657,5.675,57969.28874845
2022-12-05 04:00:00,5.675,5.716,5.673,5.714,143942.50746946
2022-12-05 05:00:00,5.71,5.726,5.706,5.711,124469.68130749
2022-12-05 06:00:00,5.711,5.713,5.687,5.691,127406.12402575
2022-12-05 07:00:00,5.692,5.717,5.678,5.699,92601.29375049
2022-12-05 08:00:00,5.699,5.723,5.697,5.712,290924.6214301
2022-12-05 09:00:00,5.712,5.713,5.684,5.684,101658.0944734
2022-12-05 10:00:00,5.683,5.687,5.661,5.674,72205.83837952
2022-12-05 11:00:00,5.676,5.677,5.668,5.67,35408.0922535
2022-12-05 12:00:00,5.669,5.669,5.624,5.635,70013.01785171
2022-12-05 13:00:00,5.635,5.639,5.613,5.617,74957.68071841
2022-12-05 14:00:00,5.613,5.63,5.6,5.625,81200.63884195
2022-12-05 15:00:00,5.625,5.625,5.528,5.543,453384.80846509
2022-12-05 16:00:00,5.542,5.551,5.511,5.533,196037.88727764
2022-12-05 17:00:00,5.532,5.562,5.523,5.552,168032.81889106
2022-12-05 18:00:00,5.549,5.566,5.541,5.545,82833.02361519
2022-12-05 19:00:00,5.54,5.544,5.437,5.474,460145.37793733
2022-12-05 20:00:00,5.471,5.481,5.452,5.481,143697.52873196
2022-12-05 21:00:00,5.482,5.501,5.474,5.491,89372.27866138
2022-12-05 22:00:00,5.491,5.495,5.476,5.481,41246.34673458
2022-12-05 23:00:00,5.479,5.491,5.455,5.485,130436.1636192
2022-12-06 00:00:00,5.486,5.494,5.462,5.49,123409.74597113
2022-12-06 01:00:00,5.494,5.511,5.493,5.501,67515.04750048
2022-12-06 02:00:00,5.502,5.511,5.492,5.494,48278.40928609
2022-12-06 03:00:00,5.494,5.508,5.492,5.492,57981.58401179
2022-12-06 04:00:00,5.492,5.498,5.467,5.487,128028.85268056
2022-12-06 05:00:00,5.486,5.487,5.463,5.473,75808.2938859
2022-12-06 06:00:00,5.471,5.488,5.466,5.48,49737.81503792
2022-12-06 07:00:00,5.481,5.488,5.474,5.486,45975.10840318
2022-12-06 08:00:00,5.485,5.5,5.467,5.495,62846.38797068
2022-12-06 09:00:00,5.497,5.497,5.454,5.457,59833.99698894
2022-12-06 10:00:00,5.457,5.465,5.441,5.459,117829.06634935
2022-12-06 11:00:00,5.458,5.463,5.421,5.463,117878.68123556
2022-12-06 12:00:00,5.463,5.487,5.463,5.484,176620.08925982
2022-12-06 13:00:00,5.485,5.495,5.476,5.482,102053.87740284
2022-12-06 14:00:00,5.482,5.496,5.467,5.471,92107.43236604
2022-12-06 15:00:00,5.472,5.486,5.432,5.476,318159.37183463
2022-12-06 16:00:00,5.475,5.486,5.469,5.473,72040.67698201
2022-12-06 17:00:00,5.474,5.478,5.455,5.468,111100.38021453
2022-12-06 18:00:00,5.468,5.479,5.448,5.476,95288.03350531
2022-12-06 19:00:00,5.475,5.476,5.455,5.466,83011.8047497
2022-12-06 20:00:00,5.464,5.467,5.451,5.464,39957.89423115
2022-12-06 21:00:00,5.463,5.468,5.461,5.465,24301.18422246
2022-12-06 22:00:00,5.465,5.468,5.426,5.443,124656.88253679
2022-12-06 23:00:00,5.443,5.513,5.443,5.499,283808.12366713
2022-12-07 00:00:00,5.499,5.522,5.488,5.498,220782.52247978
2022-12-07 01:00:00,5.499,5.506,5.48,5.487,39156.20723255
2022-12-07 02:00:00,5.489,5.491,5.451,5.474,106791.97948793
2022-12-07 03:00:00,5.473,5.476,5.462,5.474,72036.08658947
2022-12-07 04:00:00,5.472,5.479,5.459,5.476,91618.10081383
2022-12-07 05:00:00,5.473,5.473,5.451,5.457,84935.6476046
2022-12-07 06:00:00,5.456,5.456,5.376,5.388,209348.96170863
2022-12-07 07:00:00,5.387,5.397,5.243,5.257,895962.06892424
2022-12-07 08:00:00,5.255,5.295,5.235,5.279,373935.79866025
2022-12-07 09:00:00,5.278,5.304,5.275,5.304,187573.65336312
2022-12-07 10:00:00,5.303,5.332,5.299,5.328,171271.78732103
2022-12-07 11:00:00,5.328,5.328,5.292,5.302,174544.7488306
2022-12-07 12:00:00,5.302,5.322,5.295,5.312,194848.58435677
2022-12-07 13:00:00,5.314,5.346,5.308,5.334,171956.86156593
2022-12-07 14:00:00,5.334,5.351,5.314,5.318,147972.75834344
2022-12-07 15:00:00,5.317,5.332,5.305,5.324,192372.03206124
2022-12-07 16:00:00,5.324,5.326,5.301,5.312,155746.97056103
2022-12-07 17:00:00,5.312,5.314,5.282,5.284,66471.44908166
2022-12-07 18:00:00,5.284,5.301,5.269,5.27,147764.91888447
2022-12-07 19:00:00,5.27,5.284,5.264,5.277,187996.91828493
2022-12-07 20:00:00,5.275,5.277,5.251,5.253,177758.26039376
2022-12-07 21:00:00,5.256,5.276,5.256,5.275,136170.31529568
2022-12-07 22:00:00,5.277,5.297,5.26,5.283,75045.69179936
2022-12-07 23:00:00,5.283,5.303,5.273,5.294,126701.66312186
2022-12-08 00:00:00,5.294,5.312,5.272,5.272,172778.91707905
2022-12-08 01:00:00,5.273,5.298,5.261,5.279,191164.87835969
2022-12-08 02:00:00,5.279,5.323,5.263,5.304,154748.20254127
2022-12-08 03:00:00,5.302,5.32,5.301,5.301,76030.7556699
2022-12-08 04:00:00,5.303,5.304,5.28,5.285,104819.05328203
2022-12-08 05:00:00,5.284,5.295,5.272,5.292,70315.57351948
2022-12-08 06:00:00,5.29,5.294,5.278,5.287,86877.79825087
2022-12-08 07:00:00,5.287,5.304,5.287,5.297,76244.07663858
2022-12-08 08:00:00,5.297,5.315,5.294,5.306,98133.41103516
2022-12-08 09:00:00,5.306,5.308,5.279,5.279,60800.02255817
2022-12-08 10:00:00,5.281,5.303,5.28,5.294,59977.35758357
2022-12-08 11:00:00,5.295,5.325,5.247,5.316,390087.40630785
2022-12-08 12:00:00,5.317,5.322,5.291,5.302,154858.04436493
2022-12-08 13:00:00,5.304,5.32,5.292,5.317,103555.40890294
2022-12-08 14:00:00,5.317,5.329,5.294,5.316,139556.62594844
2022-12-08 15:00:00,5.317,5.337,5.301,5.314,206634.45328583
2022-12-08 16:00:00,5.314,5.317,5.302,5.313,100817.8116541
2022-12-08 17:00:00,5.313,5.324,5.308,5.32,64489.64058122
2022-12-08 18:00:00,5.322,5.424,5.315,5.401,477380.26340993
2022-12-08 19:00:00,5.402,5.46,5.4,5.451,303884.13642294
2022-12-08 20:00:00,5.452,5.455,5.402,5.41,180820.52684431
2022-12-08 21:00:00,5.41,5.418,5.408,5.418,87945.85405007
2022-12-08 22:00:00,5.417,5.427,5.413,5.421,65737.51241374
2022-12-08 23:00:00,5.421,5.44,5.419,5.427,87153.57805504
2022-12-09 00:00:00,5.427,5.435,5.405,5.411,139136.30804785
2022-12-09 01:00:00,5.412,5.437,5.41,5.422,64321.28507428
2022-12-09 02:00:00,5.422,5.426,5.404,5.411,45064.91088257
2022-12-09 03:00:00,5.411,5.412,5.395,5.409,108866.54449741
2022-12-09 04:00:00,5.409,5.412,5.393,5.399,75061.48745873
2022-12-09 05:00:00,5.399,5.4,5.388,5.389,50723.85542792
2022-12-09 06:00:00,5.388,5.396,5.383,5.396,59791.34453023
2022-12-09 07:00:00,5.396,5.415,5.396,5.409,60719.18183974
2022-12-09 08:00:00,5.409,5.409,5.39,5.401,75379.97505404
2022-12-09 09:00:00,5.403,5.419,5.4,5.408,72847.00577321
2022-12-09 10:00:00,5.407,5.416,5.387,5.393,93012.32254498
2022-12-09 11:00:00,5.393,5.398,5.383,5.392,68392.21137908
2022-12-09 12:00:00,5.391,5.417,5.358,5.395,174585.13549577
2022-12-09 13:00:00,5.395,5.398,5.32,5.355,425005.39813355
2022-12-09 14:00:00,5.355,5.357,5.312,5.338,187509.64338908
2022-12-09 15:00:00,5.339,5.35,5.331,5.35,76748.37348131
2022-12-09 16:00:00,5.349,5.357,5.321,5.324,107380.91657768
2022-12-09 17:00:00,5.323,5.327,5.31,5.323,75266.0061232
2022-12-09 18:00:00,5.322,5.322,5.279,5.28,156698.25766986
2022-12-09 19:00:00,5.279,5.288,5.258,5.279,170205.87525336
2022-12-09 20:00:00,5.278,5.29,5.274,5.279,73721.83941347
2022-12-09 21:00:00,5.279,5.287,5.267,5.276,97168.02048715
2022-12-09 22:00:00,5.276,5.286,5.273,5.286,26566.10890763
2022-12-09 23:00:00,5.286,5.303,5.284,5.298,47260.76552044
2022-12-10 00:00:00,5.297,5.298,5.278,5.297,86630.69053909
2022-12-10 01:00:00,5.298,5.301,5.291,5.292,40859.64622376
2022-12-10 02:00:00,5.293,5.294,5.286,5.292,42241.44246002
2022-12-10 03:00:00,5.292,5.296,5.289,5.291,43616.65033394
2022-12-10 04:00:00,5.291,5.292,5.286,5.288,44692.94652379
2022-12-10 05:00:00,5.287,5.288,5.281,5.281,33172.13320399
2022-12-10 06:00:00,5.281,5.297,5.281,5.297,44648.70589391
2022-12-10 07:00:00,5.298,5.298,5.285,5.286,26541.64671761
2022-12-10 08:00:00,5.285,5.286,5.271,5.276,37965.36355649
2022-12-10 09:00:00,5.275,5.279,5.256,5.278,95450.90422876
2022-12-10 10:00:00,5.278,5.303,5.277,5.299,83867.00214189
2022-12-10 11:00:00,5.3,5.3,5.293,5.299,25329.6333032
2022-12-10 12:00:00,5.298,5.299,5.283,5.285,59479.61731094
2022-12-10 13:00:00,5.286,5.292,5.272,5.286,81623.33771753
2022-12-10 14:00:00,5.287,5.303,5.284,5.295,51069.80601666
2022-12-10 15:00:00,5.294,5.318,5.291,5.318,118425.76077049
2022-12-10 16:00:00,5.318,5.326,5.301,5.307,79934.5246809
2022-12-10 17:00:00,5.307,5.309,5.296,5.302,58449.91281891
2022-12-10 18:00:00,5.302,5.309,5.29,5.304,48712.57821432
2022-12-10 19:00:00,5.304,5.306,5.301,5.305,10641.27443302
2022-12-10 20:00:00,5.305,5.305,5.293,5.294,36097.57761425
2022-12-10 21:00:00,5.294,5.295,5.265,5.265,73876.9441791
2022-12-10 22:00:00,5.263,5.274,5.257,5.269,75362.72569518
2022-12-10 23:00:00,5.268,5.277,5.261,5.277,102694.94734919
2022-12-11 00:00:00,5.276,5.286,5.272,5.285,52812.03468704
2022-12-11 01:00:00,5.286,5.29,5.283,5.288,22534.24290745
2022-12-11 02:00:00,5.288,5.288,5.278,5.285,23577.49423808
2022-12-11 03:00:00,5.283,5.289,5.282,5.287,29503.671745
2022-12-11 04:00:00,5.288,5.288,5.279,5.288,30127.0743547
2022-12-11 05:00:00,5.288,5.295,5.284,5.292,34874.27197861
2022-12-11 06:00:00,5.293,5.298,5.286,5.287,41007.52281909
2022-12-11 07:00:00,5.286,5.286,5.273,5.278,62449.05062036
2022-12-11 08:00:00,5.277,5.28,5.274,5.28,35460.32647473
2022-12-11 09:00:00,5.28,5.28,5.275,5.278,26172.10589999
2022-12-11 10:00:00,5.278,5.281,5.273,5.277,41633.52239654
2022-12-11 11:00:00,5.276,5.278,5.271,5.278,14480.62251909
2022-12-11 12:00:00,5.278,5.29,5.275,5.288,31944.33430886
2022-12-11 13:00:00,5.288,5.292,5.278,5.28,39935.72230207
2022-12-11 14:00:00,5.279,5.288,5.269,5.287,64241.97680639
2022-12-11 15:00:00,5.288,5.297,5.282,5.297,37137.73226717
2022-12-11 16:00:00,5.297,5.3,5.281,5.286,56258.61860101
2022-12-11 17:00:00,5.287,5.293,5.286,5.293,17193.71364887
2022-12-11 18:00:00,5.293,5.305,5.285,5.304,56313.89255584
2022-12-11 19:00:00,5.306,5.319,5.275,5.291,206853.60255842
2022-12-11 20:00:00,5.289,5.289,5.121,5.2,984250.01083698
2022-12-11 21:00:00,5.199,5.2,5.174,5.19,156826.63300099
2022-12-11 22:00:00,5.189,5.202,5.121,5.154,406012.09638727
2022-12-11 23:00:00,5.153,5.177,5.149,5.163,354810.46002019
2022-12-12 00:00:00,5.162,5.162,5.121,5.138,654124.73018925
2022-12-12 01:00:00,5.138,5.157,5.129,5.157,191868.27063382
2022-12-12 02:00:00,5.156,5.156,5.007,5.065,1450368.31172321
2022-12-12 03:00:00,5.064,5.094,5.051,5.09,414518.88969667
2022-12-12 04:00:00,5.089,5.114,5.081,5.112,193359.32900244
2022-12-12 05:00:00,5.113,5.141,5.11,5.14,139778.05192624
2022-12-12 06:00:00,5.141,5.141,5.111,5.125,152894.9282502
2022-12-12 07:00:00,5.124,5.139,5.119,5.122,248902.27778489
2022-12-12 08:00:00,5.122,5.133,5.113,5.133,154524.22085732
2022-12-12 09:00:00,5.132,5.146,5.132,5.136,139858.07784444
2022-12-12 10:00:00,5.135,5.155,5.134,5.15,120003.49112593
2022-12-12 11:00:00,5.151,5.159,5.151,5.157,43207.37491681
2022-12-12 12:00:00,5.157,5.162,5.115,5.131,498494.93267538
2022-12-12 13:00:00,5.132,5.147,5.123,5.129,192029.97785592
2022-12-12 14:00:00,5.128,5.151,5.115,5.134,387355.21352789
2022-12-12 15:00:00,5.135,5.146,5.124,5.126,185175.43461223
2022-12-12 16:00:00,5.126,5.143,5.126,5.133,109265.45904435
2022-12-12 17:00:00,5.134,5.135,5.126,5.131,97838.32186411
2022-12-12 18:00:00,5.132,5.137,5.123,5.136,97985.65725101
2022-12-12 19:00:00,5.136,5.137,5.117,5.131,89445.03749405
2022-12-12 20:00:00,5.131,5.155,5.123,5.152,128172.96680441
2022-12-12 21:00:00,5.151,5.18,5.143,5.175,301211.00064587
2022-12-12 22:00:00,5.176,5.201,5.154,5.161,154991.74684021
2022-12-12 23:00:00,5.161,5.175,5.155,5.175,113081.78132066
2022-12-13 00:00:00,5.174,5.187,5.155,5.157,122904.90798416
2022-12-13 01:00:00,5.157,5.162,5.141,5.144,107429.99120736
2022-12-13 02:00:00,5.143,5.147,5.126,5.137,101875.7143095
2022-12-13 03:00:00,5.137,5.143,5.112,5.116,141619.77024473
2022-12-13 04:00:00,5.114,5.125,5.08,5.124,203130.25036455
2022-12-13 05:00:00,5.125,5.126,5.11,5.122,53213.97971723
2022-12-13 06:00:00,5.121,5.129,5.077,5.079,181260.34052662
2022-12-13 07:00:00,5.08,5.081,4.99,5.067,757249.28123512
2022-12-13 08:00:00,5.067,5.087,5.061,5.068,124383.18817634
2022-12-13 09:00:00,5.067,5.14,5.065,5.127,326352.29977551
2022-12-13 10:00:00,5.126,5.158,5.121,5.133,336131.41133397
2022-12-13 11:00:00,5.134,5.157,5.134,5.152,188553.33555916
2022-12-13 12:00:00,5.153,5.169,5.144,5.152,173965.70236654
2022-12-13 13:00:00,5.15,5.312,5.141,5.312,1152691.36610915
2022-12-13 14:00:00,5.313,5.34,5.284,5.295,538958.19234119
2022-12-13 15:00:00,5.296,5.309,5.256,5.263,254675.42967118
2022-12-13 16:00:00,5.263,5.282,5.255,5.264,121750.60843873
2022-12-13 17:00:00,5.267,5.278,5.213,5.225,283934.13930829
2022-12-13 18:00:00,5.224,5.249,5.22,5.246,106059.78155247
2022-12-13 19:00:00,5.243,5.266,5.24,5.255,61738.23673436
2022-12-13 20:00:00,5.254,5.268,5.252,5.26,48092.23168399
2022-12-13 21:00:00,5.26,5.278,5.259,5.277,78610.51161734
2022-12-13 22:00:00,5.274,5.282,5.262,5.275,66887.60400909
2022-12-13 23:00:00,5.277,5.29,5.274,5.289,93738.83239914
2022-12-14 00:00:00,5.289,5.316,5.28,5.302,282046.55904788
2022-12-14 01:00:00,5.303,5.309,5.277,5.277,144172.88845015
2022-12-14 02:00:00,5.277,5.283,5.266,5.28,95123.9025892
2022-12-14 03:00:00,5.28,5.305,5.28,5.286,147420.79124235
2022-12-14 04:00:00,5.288,5.294,5.267,5.278,135332.04558614
2022-12-14 05:00:00,5.279,5.287,5.268,5.285,167142.06574
2022-12-14 06:00:00,5.285,5.296,5.273,5.291,98988.14547068
2022-12-14 07:00:00,5.291,5.306,5.28,5.291,362067.6432551
2022-12-14 08:00:00,5.292,5.31,5.287,5.295,132464.55663148
2022-12-14 09:00:00,5.295,5.3,5.268,5.279,112549.67666564
2022-12-14 10:00:00,5.279,5.296,5.275,5.294,125778.74209604
2022-12-14 11:00:00,5.295,5.31,5.292,5.304,88339.17938499
2022-12-14 12:00:00,5.304,5.33,5.301,5.319,155185.17662872
2022-12-14 13:00:00,5.322,5.327,5.292,5.299,172086.1708128
2022-12-14 14:00:00,5.298,5.339,5.291,5.335,139361.64003848
2022-12-14 15:00:00,5.336,5.352,5.33,5.342,125019.74841844
2022-12-14 16:00:00,5.343,5.358,5.301,5.307,164714.935254
2022-12-14 17:00:00,5.308,5.32,5.295,5.295,106895.463771
2022-12-14 18:00:00,5.295,5.342,5.269,5.286,421377.40020427
2022-12-14 19:00:00,5.285,5.316,5.162,5.21,1161279.57253762
2022-12-14 20:00:00,5.21,5.241,5.176,5.208,386960.48022943
2022-12-14 21:00:00,5.205,5.22,5.204,5.213,120971.8506031
2022-12-14 22:00:00,5.212,5.217,5.205,5.215,66050.04220558
2022-12-14 23:00:00,5.215,5.219,5.198,5.213,578685.92492843
2022-12-15 00:00:00,5.214,5.219,5.193,5.194,237662.4832913
2022-12-15 01:00:00,5.196,5.203,5.118,5.144,816515.47228789
2022-12-15 02:00:00,5.141,5.16,5.119,5.158,432147.79203749
2022-12-15 03:00:00,5.158,5.185,5.158,5.175,187244.05419211
2022-12-15 04:00:00,5.177,5.178,5.163,5.174,107436.62056583
2022-12-15 05:00:00,5.174,5.181,5.16,5.173,124514.16506505
2022-12-15 06:00:00,5.172,5.188,5.167,5.168,143192.23225772
2022-12-15 07:00:00,5.168,5.191,5.164,5.18,206201.54787864
2022-12-15 08:00:00,5.18,5.2,5.173,5.184,141355.27738935
2022-12-15 09:00:00,5.185,5.209,5.181,5.206,191327.36565869
2022-12-15 10:00:00,5.206,5.206,5.191,5.201,132043.98345795
2022-12-15 11:00:00,5.201,5.221,5.194,5.216,154721.65337006
2022-12-15 12:00:00,5.216,5.243,5.199,5.238,192362.23176526
2022-12-15 13:00:00,5.238,5.242,5.21,5.223,359608.32761595
2022-12-15 14:00:00,5.221,5.224,5.2,5.214,192700.62729138
2022-12-15 15:00:00,5.213,5.253,5.21,5.218,199873.20393268
2022-12-15 16:00:00,5.218,5.224,5.193,5.207,159096.1400668
2022-12-15 17:00:00,5.206,5.206,5.176,5.186,93589.49010149
2022-12-15 18:00:00,5.185,5.189,5.146,5.169,165203.84983903
2022-12-15 19:00:00,5.169,5.223,5.169,5.213,94347.50979729
2022-12-15 20:00:00,5.214,5.216,5.204,5.208,58025.74701452
2022-12-15 21:00:00,5.208,5.246,5.198,5.234,115337.7393371
2022-12-15 22:00:00,5.233,5.233,5.203,5.223,80085.84560613
2022-12-15 23:00:00,5.224,5.233,5.21,5.23,230773.56564756
2022-12-16 00:00:00,5.23,5.25,5.213,5.24,213483.56492795
2022-12-16 01:00:00,5.241,5.249,5.205,5.205,207112.053226
2022-12-16 02:00:00,5.208,5.222,5.208,5.21,76119.92763087
2022-12-16 03:00:00,5.209,5.216,5.208,5.212,80504.14627739
2022-12-16 04:00:00,5.215,5.215,5.201,5.202,58789.2836485
2022-12-16 05:00:00,5.202,5.203,5.187,5.203,50616.7983232
2022-12-16 06:00:00,5.206,5.212,5.199,5.212,37538.8491391
2022-12-16 07:00:00,5.211,5.244,5.211,5.235,77165.59088695
2022-12-16 08:00:00,5.235,5.249,5.148,5.162,264747.15400102
2022-12-16 09:00:00,5.16,5.16,5.068,5.116,1010637.75881638
2022-12-16 10:00:00,5.116,5.119,5.096,5.111,165660.98505915
2022-12-16 11:00:00,5.111,5.117,5.094,5.098,98203.11803052
2022-12-16 12:00:00,5.098,5.099,5.074,5.098,133994.56004399
2022-12-16 13:00:00,5.097,5.097,5.036,5.054,184351.21974029
2022-12-16 14:00:00,5.055,5.087,5.018,5.08,281423.42842398
2022-12-16 15:00:00,5.079,5.079,5.038,5.053,122311.72395933
2022-12-16 16:00:00,5.052,5.053,4.999,5.013,445298.36433656
2022-12-16 17:00:00,5.013,5.052,5.009,5.024,172794.26826702
2022-12-16 18:00:00,5.025,5.038,5.023,5.03,41887.61058127
2022-12-16 19:00:00,5.026,5.042,5.021,5.042,39581.31187566
2022-12-16 20:00:00,5.041,5.056,5.033,5.044,50894.99220413
2022-12-16 21:00:00,5.046,5.046,4.926,4.959,244112.16812342
2022-12-16 22:00:00,4.958,4.977,4.492,4.699,1636874.67208831
2022-12-16 23:00:00,4.698,4.719,4.579,4.65,1101249.20798453
2022-12-17 00:00:00,4.649,4.705,4.629,4.689,265890.66859324
2022-12-17 01:00:00,4.688,4.689,4.631,4.638,228984.74186088
2022-12-17 02:00:00,4.638,4.641,4.581,4.64,422955.35541159
2022-12-17 03:00:00,4.64,4.669,4.634,4.651,159958.27125995
2022-12-17 04:00:00,4.651,4.673,4.641,4.67,111237.21812605
2022-12-17 05:00:00,4.671,4.683,4.663,4.664,133759.7556798
2022-12-17 06:00:00,4.664,4.698,4.64,4.679,199312.32656563
2022-12-17 07:00:00,4.677,4.703,4.666,4.697,109688.57825373
2022-12-17 08:00:00,4.697,4.701,4.678,4.688,102921.54891839
2022-12-17 09:00:00,4.689,4.693,4.667,4.667,104640.36754999
2022-12-17 10:00:00,4.667,4.698,4.661,4.69,102612.66004183
2022-12-17 11:00:00,4.689,4.698,4.661,4.671,84161.1111117
2022-12-17 12:00:00,4.671,4.687,4.666,4.672,79120.66573526
2022-12-17 13:00:00,4.675,4.68,4.664,4.669,85026.52478071
2022-12-17 14:00:00,4.669,4.686,4.666,4.666,58773.3610935
2022-12-17 15:00:00,4.667,4.697,4.664,4.688,69604.4634999
2022-12-17 16:00:00,4.687,4.687,4.671,4.674,66541.51560653
2022-12-17 17:00:00,4.674,4.676,4.647,4.668,96749.5339906
2022-12-17 18:00:00,4.666,4.684,4.664,4.677,62168.76417384
2022-12-17 19:00:00,4.677,4.689,4.666,4.669,47158.70544287
2022-12-17 20:00:00,4.67,4.676,4.662,4.671,43202.88039579
2022-12-17 21:00:00,4.669,4.683,4.667,4.679,37171.33192865
2022-12-17 22:00:00,4.678,4.718,4.672,4.704,70047.26441463
2022-12-17 23:00:00,4.704,4.717,4.683,4.706,317453.36667427
2022-12-18 00:00:00,4.705,4.713,4.678,4.683,126562.17663583
2022-12-18 01:00:00,4.682,4.683,4.668,4.679,71521.88379842
2022-12-18 02:00:00,4.678,4.691,4.676,4.689,48202.15254051
2022-12-18 03:00:00,4.688,4.691,4.681,4.689,53108.2467628
2022-12-18 04:00:00,4.687,4.704,4.684,4.694,56096.61336088
2022-12-18 05:00:00,4.694,4.695,4.681,4.682,27615.04804783
2022-12-18 06:00:00,4.682,4.684,4.675,4.68,39762.81116065
2022-12-18 07:00:00,4.681,4.686,4.68,4.681,11148.38322771
2022-12-18 08:00:00,4.681,4.681,4.676,4.679,23069.13346354
2022-12-18 09:00:00,4.678,4.678,4.625,4.65,154128.4441798
2022-12-18 10:00:00,4.647,4.66,4.639,4.654,82253.16996303
2022-12-18 11:00:00,4.655,4.667,4.648,4.649,38952.87703635
2022-12-18 12:00:00,4.651,4.662,4.649,4.658,57030.26242594
2022-12-18 13:00:00,4.658,4.658,4.644,4.645,36961.1763429
2022-12-18 14:00:00,4.645,4.649,4.633,4.641,33983.98337882
2022-12-18 15:00:00,4.641,4.642,4.619,4.62,46079.23779783
2022-12-18 16:00:00,4.62,4.641,4.616,4.64,56101.04490184
2022-12-18 17:00:00,4.64,4.657,4.637,4.657,33477.557366
2022-12-18 18:00:00,4.658,4.685,4.643,4.661,182103.49334869
2022-12-18 19:00:00,4.662,4.667,4.65,4.662,131170.34157398
2022-12-18 20:00:00,4.663,4.683,4.656,4.676,94999.2241542
2022-12-18 21:00:00,4.675,4.675,4.65,4.656,100387.28083298
2022-12-18 22:00:00,4.653,4.681,4.641,4.663,130124.00237688
2022-12-18 23:00:00,4.663,4.694,4.646,4.653,178116.18320002
2022-12-19 00:00:00,4.653,4.701,4.639,4.683,156763.11712595
2022-12-19 01:00:00,4.683,4.702,4.676,4.688,73342.19464949
2022-12-19 02:00:00,4.688,4.689,4.647,4.657,80153.69656455
2022-12-19 03:00:00,4.657,4.657,4.566,4.603,602937.32709529
2022-12-19 04:00:00,4.602,4.635,4.597,4.625,147327.88081579
2022-12-19 05:00:00,4.627,4.632,4.609,4.611,106600.02232662
2022-12-19 06:00:00,4.611,4.629,4.609,4.629,101862.74275905
2022-12-19 07:00:00,4.629,4.633,4.602,4.615,108999.63260901
2022-12-19 08:00:00,4.615,4.627,4.605,4.619,119771.1306765
2022-12-19 09:00:00,4.619,4.628,4.612,4.617,74567.30378917
2022-12-19 10:00:00,4.617,4.634,4.612,4.625,121857.20426796
2022-12-19 11:00:00,4.625,4.63,4.616,4.621,126483.20381086
2022-12-19 12:00:00,4.621,4.642,4.615,4.636,88357.76886083
2022-12-19 13:00:00,4.636,4.651,4.622,4.626,132553.07109976
2022-12-19 14:00:00,4.624,4.646,4.594,4.637,179581.7322403
2022-12-19 15:00:00,4.638,4.649,4.616,4.617,102105.84462072
2022-12-19 16:00:00,4.616,4.62,4.563,4.577,294623.10803379
2022-12-19 17:00:00,4.577,4.581,4.501,4.536,474512.04946011
2022-12-19 18:00:00,4.535,4.549,4.448,4.478,450587.66150234
2022-12-19 19:00:00,4.478,4.525,4.475,4.514,183393.98820996
2022-12-19 20:00:00,4.514,4.532,4.505,4.531,115913.00178259
2022-12-19 21:00:00,4.53,4.541,4.524,4.525,109908.60509889
2022-12-19 22:00:00,4.52,4.521,4.404,4.47,245578.11456828
2022-12-19 23:00:00,4.47,4.486,4.451,4.479,256581.56462763
2022-12-20 00:00:00,4.477,4.51,4.456,4.5,174498.02583733
2022-12-20 01:00:00,4.501,4.549,4.498,4.538,183248.44502868
2022-12-20 02:00:00,4.538,4.592,4.522,4.568,223357.46270922
2022-12-20 03:00:00,4.568,4.592,4.545,4.554,164580.74467204
2022-12-20 04:00:00,4.554,4.613,4.545,4.589,231793.3290552
2022-12-20 05:00:00,4.59,4.598,4.579,4.593,86391.03324218
2022-12-20 06:00:00,4.594,4.617,4.579,4.615,98273.03325687
2022-12-20 07:00:00,4.616,4.618,4.59,4.602,72997.40572405
2022-12-20 08:00:00,4.602,4.617,4.587,4.612,68475.72301732
2022-12-20 09:00:00,4.613,4.619,4.603,4.613,52879.30299772
2022-12-20 10:00:00,4.614,4.615,4.601,4.603,67039.87349022
2022-12-20 11:00:00,4.603,4.619,4.598,4.608,79463.46566467
2022-12-20 12:00:00,4.609,4.622,4.603,4.603,35446.1834943
2022-12-20 13:00:00,4.603,4.605,4.578,4.593,68349.33703786
2022-12-20 14:00:00,4.591,4.621,4.557,4.607,208758.73804032
2022-12-20 15:00:00,4.607,4.65,4.602,4.618,196438.04665201
2022-12-20 16:00:00,4.617,4.623,4.579,4.597,96379.77880157
2022-12-20 17:00:00,4.595,4.598,4.581,4.583,52975.58197763
2022-12-20 18:00:00,4.584,4.599,4.574,4.59,55875.33168786
2022-12-20 19:00:00,4.59,4.603,4.59,4.597,59279.95270203
2022-12-20 20:00:00,4.597,4.604,4.581,4.583,34141.92579913
2022-12-20 21:00:00,4.583,4.602,4.58,4.599,39999.47067592
2022-12-20 22:00:00,4.599,4.606,4.594,4.602,24982.99884237
2022-12-20 23:00:00,4.602,4.619,4.602,4.604,137593.76925526
2022-12-21 00:00:00,4.604,4.614,4.572,4.574,210735.06631947
2022-12-21 01:00:00,4.573,4.582,4.565,4.57,98839.97370032
2022-12-21 02:00:00,4.568,4.569,4.544,4.547,82831.55426545
2022-12-21 03:00:00,4.547,4.547,4.513,4.526,203797.64160805
2022-12-21 04:00:00,4.525,4.526,4.497,4.5,163731.82296525
2022-12-21 05:00:00,4.499,4.515,4.481,4.51,128272.70071255
2022-12-21 06:00:00,4.51,4.52,4.499,4.513,85894.47714347
2022-12-21 07:00:00,4.514,4.526,4.51,4.516,81042.61944585
2022-12-21 08:00:00,4.515,4.531,4.469,4.518,339596.87988784
2022-12-21 09:00:00,4.518,4.525,4.506,4.525,93027.06232481
2022-12-21 10:00:00,4.525,4.533,4.519,4.519,68219.29102825
2022-12-21 11:00:00,4.519,4.522,4.507,4.52,111455.93612908
2022-12-21 12:00:00,4.52,4.521,4.494,4.495,116095.10247686
2022-12-21 13:00:00,4.496,4.505,4.453,4.481,267549.93092784
2022-12-21 14:00:00,4.482,4.496,4.446,4.461,281452.5404158
2022-12-21 15:00:00,4.462,4.487,4.455,4.487,172936.74959121
2022-12-21 16:00:00,4.487,4.492,4.47,4.473,79939.67856998
2022-12-21 17:00:00,4.474,4.478,4.465,4.475,47480.27205764
2022-12-21 18:00:00,4.476,4.478,4.463,4.468,55116.74232705
2022-12-21 19:00:00,4.467,4.482,4.439,4.454,124395.84499476
2022-12-21 20:00:00,4.451,4.463,4.444,4.459,44178.69859294
2022-12-21 21:00:00,4.459,4.479,4.457,4.479,83675.54674132
2022-12-21 22:00:00,4.48,4.48,4.458,4.458,54083.6650536
2022-12-21 23:00:00,4.459,4.485,4.447,4.485,103684.36237426
2022-12-22 00:00:00,4.484,4.493,4.462,4.493,96441.7688936
2022-12-22 01:00:00,4.493,4.495,4.472,4.473,55765.0398839
2022-12-22 02:00:00,4.472,4.483,4.471,4.481,35862.3998117
2022-12-22 03:00:00,4.482,4.484,4.476,4.483,48494.13141939
2022-12-22 04:00:00,4.483,4.483,4.465,4.465,50007.68563093
2022-12-22 05:00:00,4.465,4.466,4.455,4.457,52769.54218639
2022-12-22 06:00:00,4.454,4.454,4.435,4.439,102402.79735322
2022-12-22 07:00:00,4.439,4.444,4.415,4.433,206857.76501662
2022-12-22 08:00:00,4.432,4.447,4.424,4.442,101856.70200779
2022-12-22 09:00:00,4.442,4.474,4.437,4.472,119237.90525424
2022-12-22 10:00:00,4.471,4.471,4.456,4.457,66182.3386985
2022-12-22 11:00:00,4.458,4.496,4.45,4.476,221500.91468089
2022-12-22 12:00:00,4.479,4.492,4.464,4.467,146517.65684902
2022-12-22 13:00:00,4.467,4.47,4.44,4.445,197156.35297633
2022-12-22 14:00:00,4.445,4.45,4.395,4.416,289446.03287013
2022-12-22 15:00:00,4.41,4.415,4.369,4.39,290848.84523938
2022-12-22 16:00:00,4.389,4.412,4.379,4.408,198869.91040268
2022-12-22 17:00:00,4.409,4.41,4.368,4.381,159780.43479603
2022-12-22 18:00:00,4.38,4.391,4.372,4.385,65754.31136123
2022-12-22 19:00:00,4.386,4.414,4.386,4.406,95890.82909586
2022-12-22 20:00:00,4.408,4.491,4.404,4.471,279256.53119963
2022-12-22 21:00:00,4.471,4.485,4.465,4.481,55535.07224245
2022-12-22 22:00:00,4.481,4.494,4.476,4.483,60107.91032595
2022-12-22 23:00:00,4.482,4.531,4.482,4.528,299274.02717554
2022-12-23 00:00:00,4.528,4.536,4.494,4.496,251115.60593578
2022-12-23 01:00:00,4.495,4.505,4.478,4.504,184448.45025876
2022-12-23 02:00:00,4.506,4.537,4.504,4.531,120121.91578745
2022-12-23 03:00:00,4.533,4.543,4.511,4.517,158076.20227241
2022-12-23 04:00:00,4.518,4.531,4.514,4.531,92000.42346235
2022-12-23 05:00:00,4.531,4.535,4.517,4.517,106911.34129156
2022-12-23 06:00:00,4.517,4.521,4.5,4.514,131309.26599209
2022-12-23 07:00:00,4.513,4.518,4.51,4.514,61589.19488624
2022-12-23 08:00:00,4.514,4.52,4.497,4.503,139399.47490952
2022-12-23 09:00:00,4.504,4.51,4.499,4.503,35880.18772423
2022-12-23 10:00:00,4.505,4.527,4.501,4.521,91166.26410112
2022-12-23 11:00:00,4.521,4.523,4.5,4.506,36518.37616835
2022-12-23 12:00:00,4.506,4.513,4.491,4.503,90036.27467233
2022-12-23 13:00:00,4.503,4.518,4.459,4.493,512605.31628239
2022-12-23 14:00:00,4.491,4.494,4.452,4.464,109248.82818013
2022-12-23 15:00:00,4.462,4.498,4.456,4.486,94190.40901321
2022-12-23 16:00:00,4.485,4.491,4.481,4.481,58382.5702748
2022-12-23 17:00:00,4.483,4.495,4.483,4.486,36045.29803951
2022-12-23 18:00:00,4.486,4.496,4.478,4.479,59532.11969578
2022-12-23 19:00:00,4.478,4.49,4.477,4.482,39375.51966746
2022-12-23 20:00:00,4.483,4.492,4.465,4.465,63526.99563106
2022-12-23 21:00:00,4.466,4.471,4.46,4.47,32787.91359969
2022-12-23 22:00:00,4.469,4.469,4.459,4.465,21996.69599569
2022-12-23 23:00:00,4.465,4.472,4.463,4.472,23218.2681638
2022-12-24 00:00:00,4.472,4.489,4.472,4.48,39868.78271652
2022-12-24 01:00:00,4.479,4.485,4.474,4.475,14780.13962516
2022-12-24 02:00:00,4.474,4.482,4.472,4.479,36481.48920697
2022-12-24 03:00:00,4.479,4.48,4.468,4.477,79278.16845391
2022-12-24 04:00:00,4.477,4.486,4.477,4.484,32919.17297977
2022-12-24 05:00:00,4.483,4.483,4.462,4.47,65059.20418563
2022-12-24 06:00:00,4.469,4.469,4.453,4.454,35757.3826995
2022-12-24 07:00:00,4.453,4.468,4.447,4.467,90819.75666325
2022-12-24 08:00:00,4.466,4.466,4.444,4.444,61146.01521744
2022-12-24 09:00:00,4.444,4.445,4.429,4.441,90407.63937273
2022-12-24 10:00:00,4.437,4.446,4.437,4.443,31945.58301309
2022-12-24 11:00:00,4.444,4.446,4.44,4.442,16014.7435787
2022-12-24 12:00:00,4.441,4.444,4.436,4.442,18973.39678154
2022-12-24 13:00:00,4.442,4.457,4.442,4.456,26145.4086324
2022-12-24 14:00:00,4.455,4.455,4.45,4.451,19490.92229071
2022-12-24 15:00:00,4.451,4.457,4.447,4.457,22730.06447576
2022-12-24 16:00:00,4.456,4.458,4.452,4.456,16631.58702564
2022-12-24 17:00:00,4.457,4.464,4.454,4.46,33802.86343835
2022-12-24 18:00:00,4.46,4.466,4.456,4.462,42762.82368627
2022-12-24 19:00:00,4.462,4.471,4.46,4.461,57190.56073872
2022-12-24 20:00:00,4.46,4.46,4.452,4.454,16794.43469578
2022-12-24 21:00:00,4.454,4.463,4.441,4.444,53430.53285829
2022-12-24 22:00:00,4.443,4.447,4.441,4.443,28221.81176046
2022-12-24 23:00:00,4.443,4.455,4.438,4.452,55541.59796942
2022-12-25 00:00:00,4.452,4.467,4.447,4.467,69883.79809396
2022-12-25 01:00:00,4.468,4.47,4.46,4.464,26930.84781249
2022-12-25 02:00:00,4.464,4.464,4.445,4.447,28088.7218632
2022-12-25 03:00:00,4.448,4.458,4.447,4.454,16947.38252438
2022-12-25 04:00:00,4.453,4.455,4.439,4.445,51526.47505571
2022-12-25 05:00:00,4.445,4.445,4.431,4.437,52755.78236624
2022-12-25 06:00:00,4.437,4.441,4.433,4.441,33262.65706747
2022-12-25 07:00:00,4.441,4.442,4.434,4.438,38988.61705201
2022-12-25 08:00:00,4.437,4.44,4.435,4.437,25678.37363015
2022-12-25 09:00:00,4.437,4.441,4.437,4.44,21153.85617971
2022-12-25 10:00:00,4.441,4.441,4.434,4.436,13550.63285484
2022-12-25 11:00:00,4.435,4.445,4.428,4.441,57482.65079535
2022-12-25 12:00:00,4.439,4.443,4.433,4.441,19001.68745375
2022-12-25 13:00:00,4.442,4.449,4.433,4.436,36849.91491344
2022-12-25 14:00:00,4.438,4.442,4.401,4.434,239603.8070784
2022-12-25 15:00:00,4.433,4.46,4.43,4.437,66172.53418411
2022-12-25 16:00:00,4.436,4.437,4.421,4.432,45449.69878318
2022-12-25 17:00:00,4.431,4.431,4.416,4.418,51120.37186921
2022-12-25 18:00:00,4.418,4.426,4.416,4.418,23111.93339636
2022-12-25 19:00:00,4.418,4.429,4.394,4.427,207311.43931199
2022-12-25 20:00:00,4.428,4.428,4.419,4.424,16499.65008915
2022-12-25 21:00:00,4.425,4.466,4.425,4.465,75772.91705045
2022-12-25 22:00:00,4.467,4.479,4.465,4.47,72190.45630635
2022-12-25 23:00:00,4.469,4.496,4.468,4.491,89457.32462926
2022-12-26 00:00:00,4.491,4.497,4.466,4.468,76217.42635005
2022-12-26 01:00:00,4.469,4.487,4.468,4.487,37505.97028211
2022-12-26 02:00:00,4.489,4.5,4.48,4.495,46089.55342622
2022-12-26 03:00:00,4.495,4.498,4.48,4.49,31729.61883185
2022-12-26 04:00:00,4.493,4.497,4.486,4.489,43915.86010716
2022-12-26 05:00:00,4.491,4.495,4.472,4.476,75019.52486072
2022-12-26 06:00:00,4.476,4.486,4.476,4.477,36538.37357497
2022-12-26 07:00:00,4.477,4.488,4.474,4.48,54302.50131142
2022-12-26 08:00:00,4.48,4.481,4.463,4.473,47115.38927943
2022-12-26 09:00:00,4.473,4.485,4.47,4.479,29847.40225143
2022-12-26 10:00:00,4.477,4.499,4.475,4.487,55337.75419199
2022-12-26 11:00:00,4.488,4.504,4.487,4.501,112994.97504444
2022-12-26 12:00:00,4.501,4.513,4.501,4.502,71592.3786152
2022-12-26 13:00:00,4.503,4.507,4.497,4.505,41288.47493542
2022-12-26 14:00:00,4.506,4.515,4.5,4.505,62254.23982243
2022-12-26 15:00:00,4.506,4.506,4.497,4.501,61699.88946914
2022-12-26 16:00:00,4.5,4.522,4.498,4.519,44614.51440906
2022-12-26 17:00:00,4.52,4.523,4.507,4.519,74251.10845996
2022-12-26 18:00:00,4.519,4.522,4.513,4.519,35674.21961859
2022-12-26 19:00:00,4.519,4.534,4.515,4.526,66909.86330022
2022-12-26 20:00:00,4.526,4.531,4.517,4.522,25256.82529457
2022-12-26 21:00:00,4.521,4.532,4.516,4.52,60653.33103756
2022-12-26 22:00:00,4.52,4.535,4.518,4.531,43960.12348616
2022-12-26 23:00:00,4.532,4.573,4.528,4.568,90488.51245694
2022-12-27 00:00:00,4.568,4.582,4.53,4.535,125205.9077972
2022-12-27 01:00:00,4.535,4.539,4.517,4.521,27793.84295351
2022-12-27 02:00:00,4.52,4.529,4.52,4.523,27443.48975839
2022-12-27 03:00:00,4.522,4.522,4.505,4.509,70529.14673328
2022-12-27 04:00:00,4.509,4.525,4.507,4.52,35364.20732192
2022-12-27 05:00:00,4.52,4.52,4.507,4.508,29964.77455619
2022-12-27 06:00:00,4.508,4.527,4.508,4.524,35248.05406577
2022-12-27 07:00:00,4.526,4.527,4.516,4.522,36143.87949266
2022-12-27 08:00:00,4.521,4.526,4.498,4.5,88109.85609973
2022-12-27 09:00:00,4.5,4.54,4.494,4.536,74642.24338517
2022-12-27 10:00:00,4.537,4.568,4.537,4.546,173409.26075089
2022-12-27 11:00:00,4.544,4.544,4.526,4.531,40102.6895625
2022-12-27 12:00:00,4.53,4.53,4.51,4.515,79684.64633299
2022-12-27 13:00:00,4.511,4.53,4.511,4.516,37894.04161524
2022-12-27 14:00:00,4.516,4.531,4.475,4.501,227860.78364885
2022-12-27 15:00:00,4.499,4.516,4.485,4.49,212025.94544434
2022-12-27 16:00:00,4.489,4.499,4.473,4.48,104640.99880761
2022-12-27 17:00:00,4.478,4.486,4.451,4.469,213837.64150683
2022-12-27 18:00:00,4.468,4.487,4.462,4.481,75257.38663264
2022-12-27 19:00:00,4.481,4.491,4.468,4.491,80042.70797463
2022-12-27 20:00:00,4.491,4.492,4.474,4.475,29294.57550024
2022-12-27 21:00:00,4.476,4.476,4.465,4.469,33550.46064838
2022-12-27 22:00:00,4.469,4.48,4.467,4.479,30999.77849111
2022-12-27 23:00:00,4.477,4.48,4.47,4.476,45222.53262842
2022-12-28 00:00:00,4.476,4.481,4.46,4.466,73838.28365182
2022-12-28 01:00:00,4.466,4.479,4.435,4.462,163016.45310048
2022-12-28 02:00:00,4.463,4.468,4.448,4.456,62189.54150293
2022-12-28 03:00:00,4.453,4.453,4.402,4.433,246921.43905142
2022-12-28 04:00:00,4.431,4.441,4.421,4.438,98005.46296182
2022-12-28 05:00:00,4.435,4.441,4.26,4.317,1475228.88232563
2022-12-28 06:00:00,4.314,4.333,4.309,4.321,174951.33167141
2022-12-28 07:00:00,4.322,4.354,4.321,4.352,187208.92917012
2022-12-28 08:00:00,4.351,4.361,4.338,4.345,74679.92657631
2022-12-28 09:00:00,4.342,4.357,4.336,4.343,104366.4275905
2022-12-28 10:00:00,4.343,4.35,4.334,4.338,76055.98817533
2022-12-28 11:00:00,4.339,4.353,4.339,4.349,44412.80619557
2022-12-28 12:00:00,4.35,4.354,4.337,4.337,47119.92729702
2022-12-28 13:00:00,4.337,4.342,4.334,4.335,57436.62771266
2022-12-28 14:00:00,4.335,4.375,4.323,4.357,244688.98002887
2022-12-28 15:00:00,4.359,4.385,4.315,4.316,186462.05244136
2022-12-28 16:00:00,4.316,4.358,4.311,4.322,199576.22287512
2022-12-28 17:00:00,4.32,4.324,4.309,4.32,88720.02591523
2022-12-28 18:00:00,4.319,4.326,4.303,4.308,49433.47079047
2022-12-28 19:00:00,4.307,4.315,4.289,4.297,101935.72349583
2022-12-28 20:00:00,4.296,4.316,4.296,4.312,63799.97045953
2022-12-28 21:00:00,4.312,4.312,4.238,4.267,434325.67964921
2022-12-28 22:00:00,4.265,4.268,4.246,4.262,64148.88242254
2022-12-28 23:00:00,4.262,4.283,4.262,4.282,59298.6919939
2022-12-29 00:00:00,4.283,4.294,4.266,4.293,77820.61751222
2022-12-29 01:00:00,4.293,4.295,4.271,4.272,20976.10491244
2022-12-29 02:00:00,4.272,4.272,4.221,4.264,298827.02110525
2022-12-29 03:00:00,4.264,4.304,4.264,4.301,96553.05840017
2022-12-29 04:00:00,4.302,4.309,4.288,4.304,109230.84525261
2022-12-29 05:00:00,4.305,4.314,4.295,4.312,62132.18753466
2022-12-29 06:00:00,4.311,4.317,4.304,4.31,27524.15994336
2022-12-29 07:00:00,4.312,4.319,4.3,4.319,50903.89135642
2022-12-29 08:00:00,4.319,4.322,4.29,4.303,119751.70618092
2022-12-29 09:00:00,4.304,4.34,4.304,4.325,58078.82263463
2022-12-29 10:00:00,4.326,4.341,4.324,4.334,71537.68761147
2022-12-29 11:00:00,4.335,4.344,4.331,4.333,49587.96240264
2022-12-29 12:00:00,4.333,4.341,4.324,4.329,27942.68203904
2022-12-29 13:00:00,4.33,4.338,4.32,4.328,72191.76012763
2022-12-29 14:00:00,4.324,4.345,4.317,4.333,41365.1222084
2022-12-29 15:00:00,4.334,4.349,4.331,4.332,86047.38323408
2022-12-29 16:00:00,4.332,4.342,4.321,4.333,44086.76313559
2022-12-29 17:00:00,4.334,4.336,4.317,4.328,44258.03351955
2022-12-29 18:00:00,4.328,4.328,4.314,4.323,59897.91771063
2022-12-29 19:00:00,4.323,4.333,4.292,4.309,86461.45781819
2022-12-29 20:00:00,4.309,4.31,4.234,4.262,340109.87974489
2022-12-29 21:00:00,4.262,4.268,4.253,4.256,87128.00050163
2022-12-29 22:00:00,4.256,4.308,4.253,4.28,110564.85127127
2022-12-29 23:00:00,4.28,4.315,4.279,4.303,103481.64125134
2022-12-30 00:00:00,4.303,4.321,4.297,4.308,64319.97584374
2022-12-30 01:00:00,4.309,4.31,4.281,4.284,53708.88524442
2022-12-30 02:00:00,4.282,4.301,4.271,4.29,84672.06359635
2022-12-30 03:00:00,4.291,4.302,4.288,4.292,49617.60681055
2022-12-30 04:00:00,4.291,4.296,4.284,4.296,16425.33661839
2022-12-30 05:00:00,4.296,4.296,4.264,4.272,49035.83773189
2022-12-30 06:00:00,4.27,4.274,4.26,4.263,46101.74073778
2022-12-30 07:00:00,4.264,4.265,4.221,4.246,218546.82510334
2022-12-30 08:00:00,4.245,4.259,4.242,4.255,46389.01970594
2022-12-30 09:00:00,4.254,4.269,4.254,4.269,48193.2926477
2022-12-30 10:00:00,4.268,4.28,4.262,4.262,48142.46475181
2022-12-30 11:00:00,4.263,4.277,4.26,4.268,33004.91689811
2022-12-30 12:00:00,4.268,4.286,4.263,4.276,105736.47998487
2022-12-30 13:00:00,4.276,4.285,4.263,4.265,20674.38638411
2022-12-30 14:00:00,4.265,4.28,4.234,4.265,172144.73756025
2022-12-30 15:00:00,4.267,4.297,4.257,4.289,82190.4657195
2022-12-30 16:00:00,4.29,4.297,4.282,4.296,57819.83024379
2022-12-30 17:00:00,4.297,4.319,4.292,4.313,48814.88602332
2022-12-30 18:00:00,4.315,4.33,4.302,4.329,38320.81752393
2022-12-30 19:00:00,4.328,4.328,4.316,4.316,15952.34507179
2022-12-30 20:00:00,4.316,4.326,4.315,4.324,18404.43807864
2022-12-30 21:00:00,4.326,4.336,4.317,4.317,42316.28341361
2022-12-30 22:00:00,4.314,4.314,4.284,4.306,46340.67975343
2022-12-30 23:00:00,4.307,4.322,4.304,4.32,22669.89353111
2022-12-31 00:00:00,4.32,4.33,4.318,4.318,54695.47610303
2022-12-31 01:00:00,4.318,4.318,4.304,4.307,30652.7358737
2022-12-31 02:00:00,4.305,4.319,4.304,4.317,18872.96039769
2022-12-31 03:00:00,4.32,4.32,4.305,4.306,16224.57912638
2022-12-31 04:00:00,4.306,4.319,4.306,4.318,12477.51422606
2022-12-31 05:00:00,4.317,4.323,4.309,4.313,28036.07874327
2022-12-31 06:00:00,4.314,4.318,4.314,4.316,4628.04523585
2022-12-31 07:00:00,4.318,4.343,4.318,4.338,44294.48907331
2022-12-31 08:00:00,4.338,4.345,4.334,4.341,26965.97448783
2022-12-31 09:00:00,4.34,4.341,4.335,4.337,27415.31203096
2022-12-31 10:00:00,4.338,4.348,4.338,4.343,24858.55785784
2022-12-31 11:00:00,4.343,4.36,4.343,4.346,34236.86022665
2022-12-31 12:00:00,4.346,4.349,4.338,4.343,29425.3267783
2022-12-31 13:00:00,4.343,4.358,4.34,4.356,17025.82579951
2022-12-31 14:00:00,4.356,4.376,4.347,4.374,83990.80941302
2022-12-31 15:00:00,4.372,4.389,4.358,4.363,34842.30561897
2022-12-31 16:00:00,4.364,4.37,4.345,4.351,51852.97539552
2022-12-31 17:00:00,4.348,4.351,4.332,4.335,37399.93148774
2022-12-31 18:00:00,4.335,4.347,4.333,4.339,20884.07646612
2022-12-31 19:00:00,4.338,4.35,4.333,4.345,24061.19756582
2022-12-31 20:00:00,4.341,4.344,4.335,4.341,41305.7597761
2022-12-31 21:00:00,4.341,4.343,4.311,4.321,64178.04894262
2022-12-31 22:00:00,4.322,4.326,4.301,4.315,85166.62456365
2022-12-31 23:00:00,4.315,4.318,4.295,4.304,59449.66711727
2023-01-01 00:00:00,4.305,4.308,4.276,4.284,90457.42603179
2023-01-01 01:00:00,4.283,4.301,4.274,4.296,69805.48974312
2023-01-01 02:00:00,4.293,4.303,4.288,4.297,28675.40138814
2023-01-01 03:00:00,4.296,4.3,4.29,4.3,33799.74753344
2023-01-01 04:00:00,4.298,4.3,4.275,4.278,38267.68195375
2023-01-01 05:00:00,4.279,4.294,4.277,4.293,39910.17597235
2023-01-01 06:00:00,4.293,4.302,4.29,4.298,15603.18080129
2023-01-01 07:00:00,4.299,4.303,4.287,4.301,70910.54243541
2023-01-01 08:00:00,4.301,4.301,4.288,4.289,17573.79351938
2023-01-01 09:00:00,4.29,4.316,4.285,4.311,50213.10910346
2023-01-01 10:00:00,4.313,4.339,4.305,4.339,187776.2073599
2023-01-01 11:00:00,4.338,4.339,4.326,4.335,76485.78833581
2023-01-01 12:00:00,4.333,4.339,4.325,4.325,32615.97012159
2023-01-01 13:00:00,4.325,4.33,4.315,4.315,17120.88784247
2023-01-01 14:00:00,4.316,4.327,4.316,4.321,7704.63117658
2023-01-01 15:00:00,4.321,4.336,4.321,4.336,10742.30992128
2023-01-01 16:00:00,4.336,4.341,4.332,4.337,25621.84760519
2023-01-01 17:00:00,4.338,4.356,4.338,4.356,14909.2919655
2023-01-01 18:00:00,4.356,4.368,4.356,4.357,20848.25443807
2023-01-01 19:00:00,4.358,4.372,4.347,4.35,51684.83644652
2023-01-01 20:00:00,4.351,4.373,4.351,4.367,21215.99051794
2023-01-01 21:00:00,4.366,4.382,4.36,4.377,45990.48337963
2023-01-01 22:00:00,4.375,4.376,4.364,4.369,39140.70522395
2023-01-01 23:00:00,4.369,4.381,4.358,4.367,52319.68489642
2023-01-02 00:00:00,4.367,4.373,4.342,4.345,70728.82431113
2023-01-02 01:00:00,4.344,4.345,4.312,4.334,161315.60155877
2023-01-02 02:00:00,4.332,4.393,4.33,4.369,145785.46478432
2023-01-02 03:00:00,4.368,4.446,4.368,4.437,224462.01800482
2023-01-02 04:00:00,4.438,4.466,4.43,4.436,179079.6293895
2023-01-02 05:00:00,4.439,4.449,4.432,4.439,40214.2606099
2023-01-02 06:00:00,4.438,4.449,4.422,4.427,32226.3146639
2023-01-02 07:00:00,4.427,4.491,4.423,4.466,356753.44492653
2023-01-02 08:00:00,4.469,4.496,4.466,4.487,99691.07513381
2023-01-02 09:00:00,4.486,4.515,4.486,4.486,59720.46224519
2023-01-02 10:00:00,4.488,4.497,4.478,4.484,88239.43074852
2023-01-02 11:00:00,4.484,4.486,4.472,4.485,44862.56122379
2023-01-02 12:00:00,4.485,4.493,4.48,4.48,30489.9515007
2023-01-02 13:00:00,4.481,4.483,4.467,4.472,41186.19292942
2023-01-02 14:00:00,4.472,4.491,4.472,4.491,39730.78353843
2023-01-02 15:00:00,4.491,4.511,4.483,4.495,80330.37851161
2023-01-02 16:00:00,4.496,4.531,4.492,4.503,241343.12529432
2023-01-02 17:00:00,4.502,4.51,4.483,4.493,55458.3373312
2023-01-02 18:00:00,4.494,4.509,4.493,4.505,14279.50019988
2023-01-02 19:00:00,4.506,4.52,4.506,4.515,22108.40941306
2023-01-02 20:00:00,4.514,4.518,4.495,4.501,42992.35911252
2023-01-02 21:00:00,4.499,4.519,4.492,4.506,62910.58772341
2023-01-02 22:00:00,4.507,4.508,4.474,4.481,37868.25918778
2023-01-02 23:00:00,4.481,4.499,4.472,4.488,41875.77071417
2023-01-03 00:00:00,4.487,4.504,4.485,4.497,36480.13319776
2023-01-03 01:00:00,4.499,4.499,4.463,4.479,62233.13466718
2023-01-03 02:00:00,4.476,4.492,4.476,4.478,39367.71138926
2023-01-03 03:00:00,4.478,4.497,4.475,4.491,37492.06694424
2023-01-03 04:00:00,4.491,4.491,4.478,4.483,37567.11538392
2023-01-03 05:00:00,4.484,4.51,4.479,4.51,78993.33514831
2023-01-03 06:00:00,4.511,4.539,4.502,4.504,153536.08392147
2023-01-03 07:00:00,4.507,4.512,4.496,4.508,49792.13840038
2023-01-03 08:00:00,4.508,4.515,4.486,4.504,34871.13990867
2023-01-03 09:00:00,4.503,4.536,4.503,4.527,62172.6739541
2023-01-03 10:00:00,4.53,4.532,4.521,4.521,41211.01562324
2023-01-03 11:00:00,4.521,4.529,4.507,4.515,63976.21319029
2023-01-03 12:00:00,4.517,4.529,4.51,4.514,57911.46730855
2023-01-03 13:00:00,4.515,4.525,4.513,4.515,50152.89786771
2023-01-03 14:00:00,4.516,4.541,4.484,4.492,204516.22168715
2023-01-03 15:00:00,4.492,4.512,4.486,4.506,100007.7250666
2023-01-03 16:00:00,4.505,4.518,4.488,4.492,117856.15363386
2023-01-03 17:00:00,4.488,4.502,4.476,4.485,62349.61460383
2023-01-03 18:00:00,4.483,4.496,4.48,4.491,42488.68169549
2023-01-03 19:00:00,4.491,4.511,4.479,4.507,33482.38571898
2023-01-03 20:00:00,4.508,4.52,4.508,4.511,29107.66470787
2023-01-03 21:00:00,4.512,4.516,4.502,4.508,36170.56047066
2023-01-03 22:00:00,4.506,4.512,4.499,4.51,28172.31944391
2023-01-03 23:00:00,4.513,4.524,4.512,4.522,40442.05005091
2023-01-04 00:00:00,4.522,4.55,4.522,4.538,92054.73888843
2023-01-04 01:00:00,4.538,4.63,4.535,4.621,474169.42839179
2023-01-04 02:00:00,4.62,4.656,4.615,4.648,257057.34191604
2023-01-04 03:00:00,4.647,4.685,4.644,4.675,195315.55467163
2023-01-04 04:00:00,4.678,4.678,4.647,4.659,88247.5474688
2023-01-04 05:00:00,4.658,4.659,4.644,4.655,38490.48887901
2023-01-04 06:00:00,4.655,4.663,4.639,4.663,77139.99274808
2023-01-04 07:00:00,4.663,4.673,4.648,4.659,87801.58739641
2023-01-04 08:00:00,4.659,4.669,4.623,4.638,107257.77780815
2023-01-04 09:00:00,4.639,4.654,4.634,4.64,105977.58770157
2023-01-04 10:00:00,4.641,4.644,4.632,4.636,62265.54915667
2023-01-04 11:00:00,4.636,4.639,4.625,4.631,44529.09144586
2023-01-04 12:00:00,4.63,4.647,4.625,4.631,58389.74761271
2023-01-04 13:00:00,4.632,4.648,4.632,4.646,23085.77308529
2023-01-04 14:00:00,4.646,4.647,4.624,4.634,84357.69885488
2023-01-04 15:00:00,4.633,4.654,4.605,4.652,144109.26404068
2023-01-04 16:00:00,4.651,4.663,4.631,4.638,101451.87325066
2023-01-04 17:00:00,4.637,4.664,4.627,4.643,104316.11285334
2023-01-04 18:00:00,4.642,4.663,4.637,4.655,82736.71682473
2023-01-04 19:00:00,4.655,4.661,4.608,4.615,131402.4629397
2023-01-04 20:00:00,4.616,4.622,4.582,4.589,77422.20061371
2023-01-04 21:00:00,4.588,4.609,4.586,4.601,37750.04608989
2023-01-04 22:00:00,4.604,4.615,4.6,4.608,17932.02148226
2023-01-04 23:00:00,4.607,4.63,4.607,4.628,45143.58095011
2023-01-05 00:00:00,4.629,4.645,4.615,4.615,68959.77940625
2023-01-05 01:00:00,4.613,4.633,4.596,4.622,79218.681505
2023-01-05 02:00:00,4.622,4.636,4.611,4.612,91244.49348573
2023-01-05 03:00:00,4.614,4.62,4.582,4.598,108101.29443135
2023-01-05 04:00:00,4.598,4.63,4.598,4.622,130025.10626469
2023-01-05 05:00:00,4.621,4.634,4.621,4.628,92763.75246852
2023-01-05 06:00:00,4.628,4.632,4.595,4.607,46968.91516808
2023-01-05 07:00:00,4.604,4.61,4.564,4.584,46929.17829184
2023-01-05 08:00:00,4.58,4.585,4.553,4.566,66579.75791702
2023-01-05 09:00:00,4.566,4.571,4.544,4.562,137275.88491291
2023-01-05 10:00:00,4.562,4.578,4.556,4.574,58484.97484054
2023-01-05 11:00:00,4.574,4.583,4.565,4.581,39731.98474674
2023-01-05 12:00:00,4.58,4.585,4.565,4.574,52034.78777643
2023-01-05 13:00:00,4.575,4.583,4.544,4.546,106711.1670164
2023-01-05 14:00:00,4.544,4.573,4.542,4.568,113654.68247136
2023-01-05 15:00:00,4.568,4.59,4.567,4.573,81162.77226704
2023-01-05 16:00:00,4.569,4.583,4.564,4.57,54314.94332264
2023-01-05 17:00:00,4.57,4.574,4.561,4.563,37688.02866774
2023-01-05 18:00:00,4.562,4.584,4.559,4.582,61204.14257737
2023-01-05 19:00:00,4.583,4.601,4.581,4.6,71055.87049922
2023-01-05 20:00:00,4.599,4.613,4.595,4.609,53320.58480783
2023-01-05 21:00:00,4.609,4.619,4.598,4.615,128770.30401727
2023-01-05 22:00:00,4.616,4.634,4.612,4.618,101008.54691556
2023-01-05 23:00:00,4.619,4.625,4.591,4.617,168412.31305485
2023-01-06 00:00:00,4.617,4.66,4.616,4.655,207452.139536
2023-01-06 01:00:00,4.655,4.655,4.628,4.633,66643.3669587
2023-01-06 02:00:00,4.634,4.639,4.615,4.639,82146.99339654
2023-01-06 03:00:00,4.64,4.655,4.631,4.631,52186.20547347
2023-01-06 04:00:00,4.631,4.642,4.604,4.622,101252.35162949
2023-01-06 05:00:00,4.623,4.625,4.611,4.619,60708.81036784
2023-01-06 06:00:00,4.619,4.624,4.553,4.558,255265.89133967
2023-01-06 07:00:00,4.557,4.578,4.549,4.575,68260.63171144
2023-01-06 08:00:00,4.574,4.59,4.574,4.582,71762.07952054
2023-01-06 09:00:00,4.58,4.581,4.56,4.573,47651.34317145
2023-01-06 10:00:00,4.572,4.589,4.566,4.572,92890.80012428
2023-01-06 11:00:00,4.573,4.605,4.567,4.6,114487.89535773
2023-01-06 12:00:00,4.599,4.601,4.572,4.584,84456.30322637
2023-01-06 13:00:00,4.584,4.65,4.558,4.616,382108.63122385
2023-01-06 14:00:00,4.617,4.643,4.61,4.633,99721.28708609
2023-01-06 15:00:00,4.634,4.674,4.634,4.666,132999.81796087
2023-01-06 16:00:00,4.666,4.678,4.649,4.659,87852.75217204
2023-01-06 17:00:00,4.658,4.665,4.652,4.66,37026.60896725
2023-01-06 18:00:00,4.659,4.681,4.656,4.656,107916.31361307
2023-01-06 19:00:00,4.658,4.683,4.646,4.673,102083.50622913
2023-01-06 20:00:00,4.675,4.683,4.646,4.649,69900.74896976
2023-01-06 21:00:00,4.65,4.659,4.647,4.653,15065.95769385
2023-01-06 22:00:00,4.654,4.694,4.654,4.693,36238.41120375
2023-01-06 23:00:00,4.693,4.701,4.676,4.68,174118.56839615
2023-01-07 00:00:00,4.681,4.691,4.67,4.689,59990.64501929
2023-01-07 01:00:00,4.689,4.696,4.682,4.689,41072.6172551
2023-01-07 02:00:00,4.69,4.701,4.683,4.684,44392.74397458
2023-01-07 03:00:00,4.684,4.693,4.678,4.685,67405.47204677
2023-01-07 04:00:00,4.685,4.688,4.664,4.666,41566.51444108
2023-01-07 05:00:00,4.667,4.671,4.662,4.662,53210.56749554
2023-01-07 06:00:00,4.663,4.664,4.652,4.659,42655.07086911
2023-01-07 07:00:00,4.659,4.667,4.658,4.665,44922.35910816
2023-01-07 08:00:00,4.667,4.669,4.654,4.654,35998.70219276
2023-01-07 09:00:00,4.654,4.664,4.651,4.661,37367.8786701
2023-01-07 10:00:00,4.659,4.659,4.65,4.658,21378.31394453
2023-01-07 11:00:00,4.657,4.657,4.646,4.646,33148.54734199
2023-01-07 12:00:00,4.646,4.648,4.633,4.647,35152.36391164
2023-01-07 13:00:00,4.647,4.658,4.644,4.651,51426.42695533
2023-01-07 14:00:00,4.65,4.654,4.637,4.654,44960.05121096
2023-01-07 15:00:00,4.653,4.66,4.651,4.658,32055.87027666
2023-01-07 16:00:00,4.657,4.661,4.641,4.644,42433.05827864
2023-01-07 17:00:00,4.645,4.648,4.637,4.641,25889.06325283
2023-01-07 18:00:00,4.641,4.651,4.64,4.648,14257.86349039
2023-01-07 19:00:00,4.649,4.676,4.649,4.669,121303.93228776
2023-01-07 20:00:00,4.67,4.676,4.659,4.666,117242.66609959
2023-01-07 21:00:00,4.666,4.667,4.655,4.655,18977.76366886
2023-01-07 22:00:00,4.656,4.658,4.646,4.654,21508.39840405
2023-01-07 23:00:00,4.656,4.664,4.649,4.663,35931.04930635
2023-01-08 00:00:00,4.665,4.676,4.607,4.611,136130.51016047
2023-01-08 01:00:00,4.61,4.622,4.601,4.622,61515.25069766
2023-01-08 02:00:00,4.621,4.622,4.607,4.621,21620.13340134
2023-01-08 03:00:00,4.622,4.631,4.621,4.631,22162.96263954
2023-01-08 04:00:00,4.631,4.632,4.625,4.627,26341.92038773
2023-01-08 05:00:00,4.627,4.639,4.627,4.637,22270.72145132
2023-01-08 06:00:00,4.639,4.641,4.634,4.64,26105.33055378
2023-01-08 07:00:00,4.641,4.642,4.633,4.636,24533.65469906
2023-01-08 08:00:00,4.636,4.643,4.634,4.639,35524.66432056
2023-01-08 09:00:00,4.64,4.668,4.639,4.666,219214.49118347
2023-01-08 10:00:00,4.667,4.686,4.662,4.664,65071.95963189
2023-01-08 11:00:00,4.666,4.675,4.659,4.661,29563.25716581
2023-01-08 12:00:00,4.66,4.67,4.66,4.664,22686.43747491
2023-01-08 13:00:00,4.663,4.685,4.663,4.685,23970.83730434
2023-01-08 14:00:00,4.685,4.749,4.685,4.722,177917.80975924
2023-01-08 15:00:00,4.722,4.755,4.71,4.747,93317.03279233
2023-01-08 16:00:00,4.747,4.753,4.701,4.72,97133.41075657
2023-01-08 17:00:00,4.72,4.74,4.706,4.707,58283.55836824
2023-01-08 18:00:00,4.707,4.717,4.704,4.714,16409.42590551
2023-01-08 19:00:00,4.714,4.731,4.707,4.727,44943.24981262
2023-01-08 20:00:00,4.727,4.758,4.719,4.751,141505.63249205
2023-01-08 21:00:00,4.752,4.755,4.736,4.744,58016.44353602
2023-01-08 22:00:00,4.745,4.756,4.737,4.752,31329.07745115
2023-01-08 23:00:00,4.753,4.823,4.753,4.822,280234.26471775
2023-01-09 00:00:00,4.82,4.866,4.797,4.863,357079.92552277
2023-01-09 01:00:00,4.863,4.906,4.847,4.9,379002.78956881
2023-01-09 02:00:00,4.902,4.919,4.875,4.881,220671.10022151
2023-01-09 03:00:00,4.882,4.914,4.87,4.901,154032.52072381
2023-01-09 04:00:00,4.901,4.955,4.901,4.926,202849.34088819
2023-01-09 05:00:00,4.927,4.941,4.92,4.92,71562.06945632
2023-01-09 06:00:00,4.922,4.927,4.884,4.886,55022.37462881
2023-01-09 07:00:00,4.89,4.922,4.883,4.909,69163.93825826
2023-01-09 08:00:00,4.91,4.916,4.882,4.893,134060.93604113
2023-01-09 09:00:00,4.895,4.946,4.894,4.946,120851.10612227
2023-01-09 10:00:00,4.946,5.056,4.938,4.985,477589.24831515
2023-01-09 11:00:00,4.986,5.03,4.964,4.967,350664.31897748
2023-01-09 12:00:00,4.968,4.988,4.956,4.98,183759.82214318
2023-01-09 13:00:00,4.978,5.034,4.956,4.977,370704.04893396
2023-01-09 14:00:00,4.977,5.013,4.935,4.996,386456.24317173
2023-01-09 15:00:00,4.996,5.073,4.977,5.034,440390.55884851
2023-01-09 16:00:00,5.034,5.051,4.998,5.027,305314.98683579
2023-01-09 17:00:00,5.029,5.036,4.987,5.005,244652.37378182
2023-01-09 18:00:00,5.005,5.012,4.94,4.964,264747.95607676
2023-01-09 19:00:00,4.963,4.968,4.938,4.945,78693.13137351
2023-01-09 20:00:00,4.944,4.951,4.858,4.884,334242.70470454
2023-01-09 21:00:00,4.882,4.922,4.874,4.888,119213.10726119
2023-01-09 22:00:00,4.889,4.916,4.882,4.905,36444.76023879
2023-01-09 23:00:00,4.903,4.903,4.867,4.888,77435.50706971
2023-01-10 00:00:00,4.885,4.936,4.885,4.935,81499.6782847
2023-01-10 01:00:00,4.935,4.936,4.894,4.9,80833.95860139
2023-01-10 02:00:00,4.901,4.921,4.822,4.865,222735.48943378
2023-01-10 03:00:00,4.866,4.886,4.852,4.883,47792.44431257
2023-01-10 04:00:00,4.888,4.908,4.876,4.908,37431.15875382
2023-01-10 05:00:00,4.91,4.911,4.894,4.905,28199.547167
2023-01-10 06:00:00,4.909,4.912,4.884,4.9,55050.19062733
2023-01-10 07:00:00,4.897,4.903,4.87,4.885,72223.082694
2023-01-10 08:00:00,4.885,4.917,4.875,4.912,139132.57441213
2023-01-10 09:00:00,4.908,4.918,4.901,4.912,51425.32818001
2023-01-10 10:00:00,4.912,4.926,4.904,4.923,29650.97744716
2023-01-10 11:00:00,4.922,4.927,4.891,4.901,68054.19179354
2023-01-10 12:00:00,4.9,4.904,4.872,4.872,81333.05379759
2023-01-10 13:00:00,4.874,4.893,4.859,4.88,99817.20223166
2023-01-10 14:00:00,4.882,4.921,4.861,4.901,140547.01247729
2023-01-10 15:00:00,4.9,4.931,4.892,4.918,116979.00846795
2023-01-10 16:00:00,4.923,4.925,4.885,4.902,46323.09678589
2023-01-10 17:00:00,4.899,4.915,4.893,4.915,61869.58155747
2023-01-10 18:00:00,4.914,4.946,4.912,4.939,119810.21949627
2023-01-10 19:00:00,4.941,4.958,4.933,4.953,73402.95949988
2023-01-10 20:00:00,4.953,4.967,4.937,4.959,103792.02566787
2023-01-10 21:00:00,4.959,4.959,4.932,4.937,70125.99409176
2023-01-10 22:00:00,4.937,4.937,4.889,4.909,124593.87907018
2023-01-10 23:00:00,4.908,4.923,4.903,4.918,61741.69958391
2023-01-11 00:00:00,4.918,4.933,4.901,4.927,85764.20763446
2023-01-11 01:00:00,4.928,4.938,4.909,4.922,136985.48755755
2023-01-11 02:00:00,4.921,4.921,4.862,4.867,98614.26023833
2023-01-11 03:00:00,4.866,4.879,4.837,4.861,123758.44774716
2023-01-11 04:00:00,4.861,4.876,4.849,4.861,53568.88164869
2023-01-11 05:00:00,4.861,4.88,4.857,4.864,46362.97906664
2023-01-11 06:00:00,4.864,4.884,4.857,4.878,57618.71014729
2023-01-11 07:00:00,4.878,4.891,4.872,4.883,30150.81535189
2023-01-11 08:00:00,4.883,4.883,4.859,4.882,62890.03888311
2023-01-11 09:00:00,4.882,4.898,4.877,4.889,50747.04757867
2023-01-11 10:00:00,4.892,4.905,4.887,4.905,49812.05517589
2023-01-11 11:00:00,4.906,4.912,4.888,4.902,120603.00695895
2023-01-11 12:00:00,4.9,4.909,4.889,4.892,51505.82696911
2023-01-11 13:00:00,4.895,4.907,4.871,4.882,82731.56679047
2023-01-11 14:00:00,4.882,4.89,4.856,4.882,87185.56242287
2023-01-11 15:00:00,4.882,4.893,4.833,4.846,178499.53896468
2023-01-11 16:00:00,4.843,4.853,4.828,4.832,96369.41777872
2023-01-11 17:00:00,4.83,4.846,4.828,4.837,34291.55039887
2023-01-11 18:00:00,4.838,4.896,4.838,4.893,133692.72437945
2023-01-11 19:00:00,4.893,5.024,4.89,5.019,386021.64813693
2023-01-11 20:00:00,5.02,5.031,4.978,4.991,212433.53196661
2023-01-11 21:00:00,4.992,4.995,4.966,4.978,66890.16457256
2023-01-11 22:00:00,4.979,5.031,4.943,5.031,145432.1764704
2023-01-11 23:00:00,5.028,5.135,5.025,5.129,525936.76036122
2023-01-12 00:00:00,5.129,5.175,5.089,5.172,360121.9561866
2023-01-12 01:00:00,5.173,5.173,5.108,5.136,256992.03668671
2023-01-12 02:00:00,5.132,5.167,5.104,5.113,168089.84623495
2023-01-12 03:00:00,5.116,5.158,5.115,5.144,107679.49076134
2023-01-12 04:00:00,5.146,5.168,5.144,5.154,63066.4986064
2023-01-12 05:00:00,5.155,5.163,5.108,5.108,190569.19763949
2023-01-12 06:00:00,5.111,5.127,5.086,5.104,93931.32697893
2023-01-12 07:00:00,5.105,5.128,5.101,5.119,82198.78106731
2023-01-12 08:00:00,5.118,5.118,5.072,5.091,111966.27687333
2023-01-12 09:00:00,5.092,5.096,5.073,5.076,57402.01286153
2023-01-12 10:00:00,5.074,5.076,5.043,5.075,105844.72669133
2023-01-12 11:00:00,5.075,5.08,5.066,5.077,57234.36365449
2023-01-12 12:00:00,5.077,5.108,5.071,5.108,86512.87817338
2023-01-12 13:00:00,5.107,5.18,5.01,5.163,943971.57987918
2023-01-12 14:00:00,5.161,5.167,5.017,5.046,462706.58454393
2023-01-12 15:00:00,5.047,5.088,5.046,5.071,130910.70034162
2023-01-12 16:00:00,5.069,5.091,5.06,5.08,62729.10196212
2023-01-12 17:00:00,5.078,5.22,5.075,5.216,581624.90190841
2023-01-12 18:00:00,5.215,5.235,5.145,5.18,400155.26307128
2023-01-12 19:00:00,5.185,5.232,5.17,5.194,150594.76865631
2023-01-12 20:00:00,5.2,5.233,5.182,5.223,103007.11552196
2023-01-12 21:00:00,5.225,5.231,5.185,5.217,140414.9219782
2023-01-12 22:00:00,5.218,5.256,5.193,5.227,96390.16034377
2023-01-12 23:00:00,5.226,5.242,5.213,5.231,105602.2549178
2023-01-13 00:00:00,5.23,5.245,5.171,5.193,124927.34222899
2023-01-13 01:00:00,5.197,5.205,5.166,5.188,68274.96662258
2023-01-13 02:00:00,5.189,5.203,5.17,5.203,90003.11627521
2023-01-13 03:00:00,5.202,5.232,5.199,5.231,50830.43789257
2023-01-13 04:00:00,5.232,5.267,5.226,5.247,119522.16489291
2023-01-13 05:00:00,5.246,5.261,5.209,5.209,113475.3777327
2023-01-13 06:00:00,5.208,5.253,5.207,5.247,87238.52747572
2023-01-13 07:00:00,5.247,5.249,5.214,5.216,61733.13228017
2023-01-13 08:00:00,5.219,5.235,5.21,5.23,64942.04724013
2023-01-13 09:00:00,5.231,5.282,5.231,5.263,138743.46566387
2023-01-13 10:00:00,5.262,5.269,5.207,5.258,168402.40637524
2023-01-13 11:00:00,5.258,5.258,5.206,5.215,83446.38788704
2023-01-13 12:00:00,5.212,5.232,5.169,5.181,119611.69989751
2023-01-13 13:00:00,5.181,5.2,5.162,5.178,79257.41877609
2023-01-13 14:00:00,5.176,5.232,5.166,5.212,138991.84967531
2023-01-13 15:00:00,5.212,5.299,5.21,5.285,282154.4166713
2023-01-13 16:00:00,5.285,5.291,5.225,5.252,256662.77936492
2023-01-13 17:00:00,5.25,5.28,5.226,5.251,143585.66754721
2023-01-13 18:00:00,5.252,5.262,5.239,5.241,63656.78190818
2023-01-13 19:00:00,5.242,5.279,5.235,5.273,63942.2720695
2023-01-13 20:00:00,5.278,5.329,5.256,5.317,159050.04548588
2023-01-13 21:00:00,5.316,5.421,5.29,5.392,330289.67154861
2023-01-13 22:00:00,5.392,5.418,5.312,5.356,174420.58692409
2023-01-13 23:00:00,5.357,5.399,5.352,5.397,102787.08964112
2023-01-14 00:00:00,5.397,5.623,5.393,5.511,1347640.92642715
2023-01-14 01:00:00,5.51,5.708,5.494,5.676,319947.126402
2023-01-14 02:00:00,5.676,5.725,5.622,5.641,388867.78385826
2023-01-14 03:00:00,5.644,5.659,5.576,5.639,296804.97292521
2023-01-14 04:00:00,5.638,5.663,5.618,5.641,134133.14321034
2023-01-14 05:00:00,5.645,5.764,5.601,5.71,287355.30100656
2023-01-14 06:00:00,5.711,6.551,5.709,6.34,1832333.49882298
2023-01-14 07:00:00,6.341,6.346,6.115,6.213,839529.41312048
2023-01-14 08:00:00,6.213,6.395,6.207,6.305,466663.08120393
2023-01-14 09:00:00,6.305,6.327,5.837,6.044,1880626.06979681
2023-01-14 10:00:00,6.042,6.05,5.855,6.034,637724.18897257
2023-01-14 11:00:00,6.033,6.101,5.987,6.056,300948.33246331
2023-01-14 12:00:00,6.053,6.135,5.993,6.099,197353.685223
2023-01-14 13:00:00,6.096,6.101,6.003,6.075,161991.76654295
2023-01-14 14:00:00,6.076,6.263,5.938,6.06,601997.12950957
2023-01-14 15:00:00,6.061,6.126,6.013,6.114,414210.1094023
2023-01-14 16:00:00,6.115,6.143,6.057,6.084,234173.92329389
2023-01-14 17:00:00,6.082,6.158,6.015,6.023,267184.35094339
2023-01-14 18:00:00,6.022,6.045,5.975,6.033,88861.8823957
2023-01-14 19:00:00,6.033,6.056,5.988,6.01,89132.05761671
2023-01-14 20:00:00,6.009,6.059,5.971,6.026,109197.17738531
2023-01-14 21:00:00,6.029,6.033,5.939,5.973,153620.15754499
2023-01-14 22:00:00,5.976,6.034,5.944,6.021,68961.48839573
2023-01-14 23:00:00,6.021,6.063,6.006,6.03,85158.37179151
2023-01-15 00:00:00,6.029,6.068,5.78,5.933,609106.17991172
2023-01-15 01:00:00,5.935,5.953,5.869,5.946,177496.67283611
2023-01-15 02:00:00,5.945,5.967,5.842,5.845,244808.42660726
2023-01-15 03:00:00,5.846,5.896,5.819,5.895,162344.96289028
2023-01-15 04:00:00,5.892,5.908,5.875,5.9,59859.48803089
2023-01-15 05:00:00,5.899,5.927,5.872,5.899,63020.55260913
2023-01-15 06:00:00,5.902,5.902,5.835,5.846,79258.97587166
2023-01-15 07:00:00,5.85,5.874,5.807,5.874,91654.67575111
2023-01-15 08:00:00,5.875,5.888,5.772,5.794,244809.21626165
2023-01-15 09:00:00,5.799,5.931,5.796,5.916,201134.89633366
2023-01-15 10:00:00,5.917,5.93,5.887,5.925,59035.10803702
2023-01-15 11:00:00,5.925,5.982,5.91,5.946,86026.94415327
2023-01-15 12:00:00,5.946,5.971,5.894,5.95,113351.69781308
2023-01-15 13:00:00,5.951,5.981,5.905,5.918,135334.11563395
2023-01-15 14:00:00,5.916,6.024,5.913,6.022,132273.72778834
2023-01-15 15:00:00,6.023,6.055,5.954,6.031,345839.18969051
2023-01-15 16:00:00,6.03,6.034,5.936,5.977,344324.34175202
2023-01-15 17:00:00,5.977,6.037,5.923,5.964,164244.9552698
2023-01-15 18:00:00,5.965,5.983,5.855,5.964,297511.20790708
2023-01-15 19:00:00,5.964,5.966,5.91,5.917,124197.68085456
2023-01-15 20:00:00,5.92,5.92,5.883,5.918,64067.1073827
2023-01-15 21:00:00,5.916,5.921,5.888,5.913,229111.68316468
2023-01-15 22:00:00,5.912,5.971,5.885,5.96,143038.82867231
2023-01-15 23:00:00,5.959,5.973,5.909,5.934,92081.76309771
2023-01-16 00:00:00,5.928,5.989,5.862,5.959,251398.06483629
2023-01-16 01:00:00,5.961,6.033,5.94,6.02,258856.17497487
2023-01-16 02:00:00,6.019,6.086,5.997,6.029,160575.07746804
2023-01-16 03:00:00,6.03,6.032,5.961,5.968,159369.17227074
2023-01-16 04:00:00,5.97,6.008,5.933,5.986,132356.3330285
2023-01-16 05:00:00,5.986,6.046,5.972,6.046,56401.43734485
2023-01-16 06:00:00,6.042,6.054,5.987,6.005,116457.59489582
2023-01-16 07:00:00,6.004,6.004,5.95,5.968,104292.43171161
2023-01-16 08:00:00,5.972,5.975,5.636,5.77,1127656.12828951
2023-01-16 09:00:00,5.77,5.828,5.749,5.818,271371.13976469
2023-01-16 10:00:00,5.817,5.847,5.782,5.812,291607.58414371
2023-01-16 11:00:00,5.811,5.817,5.762,5.78,229461.74864854
2023-01-16 12:00:00,5.78,5.806,5.755,5.762,157194.4894933
2023-01-16 13:00:00,5.76,5.815,5.746,5.791,190924.50985401
2023-01-16 14:00:00,5.791,5.81,5.723,5.763,299398.76604564
2023-01-16 15:00:00,5.764,5.789,5.609,5.764,1116333.66296454
2023-01-16 16:00:00,5.764,5.789,5.734,5.766,301025.32276663
2023-01-16 17:00:00,5.767,5.804,5.756,5.799,206816.64758498
2023-01-16 18:00:00,5.8,5.842,5.769,5.84,277127.73579212
2023-01-16 19:00:00,5.839,5.888,5.826,5.865,324010.44844183
2023-01-16 20:00:00,5.867,5.91,5.845,5.86,270580.47239321
2023-01-16 21:00:00,5.861,5.863,5.798,5.845,215042.01013806
2023-01-16 22:00:00,5.843,5.863,5.812,5.823,63469.93589513
2023-01-16 23:00:00,5.82,5.827,5.782,5.81,154857.83174614
2023-01-17 00:00:00,5.811,5.857,5.748,5.785,273898.48508204
2023-01-17 01:00:00,5.782,5.808,5.689,5.762,257574.98578003
2023-01-17 02:00:00,5.76,5.774,5.725,5.773,119991.8661798
2023-01-17 03:00:00,5.772,5.792,5.761,5.787,92157.752873
2023-01-17 04:00:00,5.789,5.847,5.779,5.837,131764.383856
2023-01-17 05:00:00,5.838,5.898,5.825,5.895,94894.22856635
2023-01-17 06:00:00,5.896,5.899,5.861,5.885,125195.12816335
2023-01-17 07:00:00,5.888,6.105,5.878,6.006,463974.96318025
2023-01-17 08:00:00,6.001,6.015,5.971,5.998,106020.53142406
2023-01-17 09:00:00,5.994,6.035,5.962,6.004,103329.46097194
2023-01-17 10:00:00,6.002,6.013,5.972,5.988,59750.60711258
2023-01-17 11:00:00,5.989,5.997,5.928,5.989,169901.3213891
2023-01-17 12:00:00,5.99,6.009,5.969,5.995,99938.78186722
2023-01-17 13:00:00,5.997,6.081,5.979,6.025,221063.56523131
2023-01-17 14:00:00,6.025,6.097,5.921,6.003,632131.8974049
2023-01-17 15:00:00,6.003,6.21,5.961,6.005,638221.65942558
2023-01-17 16:00:00,6.008,6.113,5.929,6.047,380284.98790397
2023-01-17 17:00:00,6.049,6.064,5.979,6.053,201643.98509366
2023-01-17 18:00:00,6.053,6.094,6.028,6.083,135452.32258824
2023-01-17 19:00:00,6.085,6.119,6.057,6.119,207659.51266083
2023-01-17 20:00:00,6.121,6.126,6.056,6.078,98302.87009416
2023-01-17 21:00:00,6.083,6.083,6.007,6.029,217763.9200483
2023-01-17 22:00:00,6.028,6.039,5.978,5.985,81143.49301867
2023-01-17 23:00:00,5.988,6.011,5.931,5.951,196631.43289955
2023-01-18 00:00:00,5.952,5.999,5.934,5.976,114612.61885796
2023-01-18 01:00:00,5.976,6.015,5.956,6.008,99474.80295395
2023-01-18 02:00:00,6.011,6.064,5.99,6.049,177459.77174016
2023-01-18 03:00:00,6.05,6.071,6.019,6.026,129862.67606715
2023-01-18 04:00:00,6.029,6.051,6.003,6.032,120945.81220163
2023-01-18 05:00:00,6.033,6.063,6.019,6.061,32665.64472808
2023-01-18 06:00:00,6.063,6.063,5.995,6.01,70751.099194
2023-01-18 07:00:00,6.012,6.032,5.991,6.008,104515.98160581
2023-01-18 08:00:00,6.013,6.017,5.925,5.944,189295.59455494
2023-01-18 09:00:00,5.942,5.961,5.881,5.937,259346.95515835
2023-01-18 10:00:00,5.934,5.941,5.872,5.886,148679.9356516
2023-01-18 11:00:00,5.883,5.933,5.881,5.916,87530.50141595
2023-01-18 12:00:00,5.915,5.971,5.915,5.963,99329.82182992
2023-01-18 13:00:00,5.964,6.128,5.917,6.098,609175.87652973
2023-01-18 14:00:00,6.099,6.219,6.091,6.172,690875.22402489
2023-01-18 15:00:00,6.173,6.193,5.677,5.829,1299439.82247022
2023-01-18 16:00:00,5.829,5.829,5.601,5.776,1779869.63199603
2023-01-18 17:00:00,5.776,5.865,5.711,5.763,736575.6960589
2023-01-18 18:00:00,5.765,5.833,5.742,5.769,314977.66220871
2023-01-18 19:00:00,5.768,5.772,5.727,5.734,174270.74400551
2023-01-18 20:00:00,5.736,5.757,5.623,5.652,611938.47292015
2023-01-18 21:00:00,5.655,5.849,5.622,5.705,869509.04043474
2023-01-18 22:00:00,5.704,5.723,5.65,5.722,125001.82173926
2023-01-18 23:00:00,5.721,5.724,5.585,5.648,395122.80221203
2023-01-19 00:00:00,5.648,5.705,5.645,5.674,154481.08171482
2023-01-19 01:00:00,5.674,5.735,5.671,5.688,214266.96823591
2023-01-19 02:00:00,5.688,5.753,5.678,5.744,62167.22462068
2023-01-19 03:00:00,5.745,5.764,5.734,5.744,87442.26110008
2023-01-19 04:00:00,5.744,5.798,5.743,5.781,65049.90909611
2023-01-19 05:00:00,5.785,5.798,5.752,5.77,140520.80987755
2023-01-19 06:00:00,5.771,5.784,5.756,5.761,86623.47341668
2023-01-19 07:00:00,5.765,5.765,5.734,5.734,95824.96374605
2023-01-19 08:00:00,5.741,5.797,5.741,5.759,80852.7761623
2023-01-19 09:00:00,5.758,5.782,5.736,5.777,60393.4526223
2023-01-19 10:00:00,5.776,5.785,5.743,5.768,38275.48800652
2023-01-19 11:00:00,5.77,5.776,5.703,5.724,165093.55084557
2023-01-19 12:00:00,5.723,5.749,5.684,5.718,90320.46775215
2023-01-19 13:00:00,5.718,5.747,5.665,5.736,201585.60323795
2023-01-19 14:00:00,5.737,5.763,5.685,5.748,372504.72361534
2023-01-19 15:00:00,5.748,5.798,5.734,5.74,176131.62718475
2023-01-19 16:00:00,5.741,5.769,5.725,5.749,67785.02384808
2023-01-19 17:00:00,5.751,5.772,5.706,5.723,95174.7215277
2023-01-19 18:00:00,5.723,5.756,5.714,5.755,66613.37371046
2023-01-19 19:00:00,5.757,5.817,5.752,5.798,308939.98412851
2023-01-19 20:00:00,5.798,5.842,5.792,5.819,146950.31534072
2023-01-19 21:00:00,5.817,5.826,5.771,5.771,98314.75166335
2023-01-19 22:00:00,5.772,5.793,5.772,5.792,42761.77008236
2023-01-19 23:00:00,5.791,5.814,5.778,5.802,57213.48859474
2023-01-20 00:00:00,5.802,5.826,5.767,5.787,205759.27306049
2023-01-20 01:00:00,5.787,5.856,5.773,5.847,164614.43921352
2023-01-20 02:00:00,5.847,5.88,5.834,5.834,92059.09745564
2023-01-20 03:00:00,5.833,5.866,5.833,5.851,44231.13880425
2023-01-20 04:00:00,5.852,5.882,5.808,5.818,155702.51621793
2023-01-20 05:00:00,5.816,5.838,5.797,5.812,197110.75839435
2023-01-20 06:00:00,5.811,5.837,5.797,5.809,62456.70412937
2023-01-20 07:00:00,5.81,5.861,5.807,5.836,87847.43642325
2023-01-20 08:00:00,5.834,5.838,5.81,5.829,112867.69113582
2023-01-20 09:00:00,5.83,5.83,5.784,5.82,82720.35382738
2023-01-20 10:00:00,5.823,5.823,5.79,5.81,42027.4043465
2023-01-20 11:00:00,5.809,5.811,5.755,5.763,66754.58013113
2023-01-20 12:00:00,5.762,5.823,5.753,5.806,62644.22488484
2023-01-20 13:00:00,5.808,5.838,5.797,5.813,72930.56037561
2023-01-20 14:00:00,5.812,5.87,5.799,5.87,166452.78242623
2023-01-20 15:00:00,5.87,5.917,5.847,5.852,438020.46884966
2023-01-20 16:00:00,5.853,5.903,5.841,5.878,281548.34672652
2023-01-20 17:00:00,5.88,5.941,5.88,5.921,230922.41735381
2023-01-20 18:00:00,5.921,5.948,5.905,5.931,155970.63542645
2023-01-20 19:00:00,5.934,6.008,5.919,5.995,215141.75097986
2023-01-20 20:00:00,5.997,6.188,5.997,6.177,773099.14000409
2023-01-20 21:00:00,6.178,6.22,6.115,6.166,357290.03726319
2023-01-20 22:00:00,6.167,6.236,6.139,6.194,261625.50791185
2023-01-20 23:00:00,6.191,6.297,6.191,6.25,293468.75927783
2023-01-21 00:00:00,6.251,6.312,6.155,6.25,633798.83611915
2023-01-21 01:00:00,6.248,6.312,6.235,6.237,280568.188758
2023-01-21 02:00:00,6.24,6.267,6.185,6.2,207373.63894502
2023-01-21 03:00:00,6.201,6.24,6.177,6.237,150325.35972356
2023-01-21 04:00:00,6.237,6.265,6.224,6.244,115525.75489464
2023-01-21 05:00:00,6.245,6.255,6.213,6.22,102075.91564155
2023-01-21 06:00:00,6.219,6.26,6.199,6.252,183355.5200733
2023-01-21 07:00:00,6.253,6.289,6.243,6.26,154336.99356673
2023-01-21 08:00:00,6.258,6.292,6.198,6.22,256661.48923904
2023-01-21 09:00:00,6.221,6.304,6.199,6.283,363624.43444657
2023-01-21 10:00:00,6.286,6.348,5.998,6.179,2491866.06543278
2023-01-21 11:00:00,6.179,6.216,6.123,6.201,351152.97435332
2023-01-21 12:00:00,6.201,6.233,6.188,6.23,316770.52861987
2023-01-21 13:00:00,6.229,6.236,6.159,6.205,360167.4365934
2023-01-21 14:00:00,6.206,6.246,6.193,6.204,203382.95099423
2023-01-21 15:00:00,6.206,6.259,6.119,6.153,1456563.48307108
2023-01-21 16:00:00,6.153,6.404,6.151,6.303,611675.19062245
2023-01-21 17:00:00,6.303,6.369,6.26,6.338,396992.54079355
2023-01-21 18:00:00,6.337,6.368,6.309,6.355,193845.91261834
2023-01-21 19:00:00,6.354,6.38,6.328,6.359,179677.2385646
2023-01-21 20:00:00,6.363,6.438,6.307,6.398,277528.50508983
2023-01-21 21:00:00,6.398,6.465,6.359,6.405,220251.43051865
2023-01-21 22:00:00,6.407,6.407,6.223,6.223,220633.84374882
2023-01-21 23:00:00,6.223,6.343,6.217,6.241,342131.37759543
2023-01-22 00:00:00,6.241,6.309,6.234,6.28,137759.58717383
2023-01-22 01:00:00,6.279,6.279,6.167,6.207,157050.58153605
2023-01-22 02:00:00,6.205,6.214,6.14,6.168,129404.80223316
2023-01-22 03:00:00,6.169,6.213,6.169,6.209,81268.13157951
2023-01-22 04:00:00,6.209,6.257,6.203,6.251,70426.80603206
2023-01-22 05:00:00,6.252,6.275,6.233,6.275,82354.46486793
2023-01-22 06:00:00,6.271,6.295,6.258,6.274,57267.87577743
2023-01-22 07:00:00,6.276,6.287,6.25,6.256,67682.1282325
2023-01-22 08:00:00,6.26,6.313,6.223,6.3,159085.80700988
2023-01-22 09:00:00,6.3,6.301,6.24,6.245,146985.2474837
2023-01-22 10:00:00,6.244,6.297,6.243,6.291,111971.10439643
2023-01-22 11:00:00,6.295,6.304,6.238,6.252,148112.35967284
2023-01-22 12:00:00,6.255,6.293,6.206,6.293,169358.13459133
2023-01-22 13:00:00,6.293,6.304,6.26,6.303,78734.14415431
2023-01-22 14:00:00,6.303,6.376,6.285,6.368,162366.93754896
2023-01-22 15:00:00,6.368,6.418,6.213,6.307,618150.33678388
2023-01-22 16:00:00,6.311,6.4,6.262,6.363,313995.12348258
2023-01-22 17:00:00,6.365,6.468,6.346,6.433,336264.52069464
2023-01-22 18:00:00,6.436,6.441,6.357,6.372,176356.82611233
2023-01-22 19:00:00,6.371,6.389,6.274,6.301,252333.87916431
2023-01-22 20:00:00,6.297,6.3,6.08,6.126,994809.41866162
2023-01-22 21:00:00,6.123,6.187,6.096,6.18,289266.10933457
2023-01-22 22:00:00,6.177,6.19,6.135,6.186,91985.57417521
2023-01-22 23:00:00,6.184,6.215,6.169,6.206,123439.65991385
2023-01-23 00:00:00,6.206,6.304,6.199,6.279,225167.57835704
2023-01-23 01:00:00,6.278,6.362,6.278,6.304,156265.51076876
2023-01-23 02:00:00,6.308,6.374,6.306,6.358,111285.32768208
2023-01-23 03:00:00,6.357,6.368,6.286,6.294,192474.74770138
2023-01-23 04:00:00,6.295,6.337,6.287,6.337,66625.61236635
2023-01-23 05:00:00,6.337,6.343,6.276,6.28,95064.97752756
2023-01-23 06:00:00,6.282,6.333,6.263,6.32,131854.63751543
2023-01-23 07:00:00,6.324,6.327,6.252,6.285,132955.81156724
2023-01-23 08:00:00,6.286,6.345,6.266,6.298,149334.01524076
2023-01-23 09:00:00,6.296,6.329,6.291,6.314,98698.79328796
2023-01-23 10:00:00,6.315,6.38,6.304,6.354,140799.46595581
2023-01-23 11:00:00,6.359,6.415,6.346,6.415,113007.72945349
2023-01-23 12:00:00,6.415,6.457,6.341,6.44,274198.63016562
2023-01-23 13:00:00,6.44,6.513,6.3,6.362,641548.46416418
2023-01-23 14:00:00,6.364,6.562,6.294,6.354,1217543.49120518
2023-01-23 15:00:00,6.356,6.597,6.318,6.547,983307.59678493
2023-01-23 16:00:00,6.547,6.625,6.52,6.532,699826.49525535
2023-01-23 17:00:00,6.535,6.629,6.476,6.606,513589.448159
2023-01-23 18:00:00,6.607,6.818,6.593,6.709,938332.16625496
2023-01-23 19:00:00,6.707,6.767,6.623,6.676,555494.65456471
2023-01-23 20:00:00,6.672,6.726,6.613,6.672,442706.86224871
2023-01-23 21:00:00,6.67,6.725,6.641,6.683,226635.72377706
2023-01-23 22:00:00,6.684,6.76,6.63,6.659,153616.26078868
2023-01-23 23:00:00,6.662,6.68,6.55,6.563,235562.23586612
2023-01-24 00:00:00,6.565,6.625,6.531,6.605,428148.34691392
2023-01-24 01:00:00,6.604,6.68,6.576,6.679,179679.07212411
2023-01-24 02:00:00,6.676,6.706,6.631,6.655,190301.36106612
2023-01-24 03:00:00,6.655,6.705,6.642,6.658,155842.58285935
2023-01-24 04:00:00,6.662,6.675,6.608,6.632,100279.94624326
2023-01-24 05:00:00,6.632,6.653,6.608,6.631,73815.76983206
2023-01-24 06:00:00,6.633,6.654,6.6,6.615,75325.96625137
2023-01-24 07:00:00,6.614,6.62,6.579,6.607,97212.36348184
2023-01-24 08:00:00,6.607,6.65,6.6,6.618,78141.71912585
2023-01-24 09:00:00,6.618,6.618,6.53,6.549,300721.10521917
2023-01-24 10:00:00,6.546,6.578,6.535,6.552,93146.20720943
2023-01-24 11:00:00,6.551,6.556,6.476,6.512,215824.58766699
2023-01-24 12:00:00,6.517,6.519,6.473,6.486,120466.35070903
2023-01-24 13:00:00,6.487,6.519,6.418,6.476,218368.33478881
2023-01-24 14:00:00,6.474,6.504,6.433,6.461,299908.69332154
2023-01-24 15:00:00,6.461,6.491,6.431,6.484,157403.52609365
2023-01-24 16:00:00,6.488,6.5,6.429,6.459,121691.36990208
2023-01-24 17:00:00,6.459,6.464,6.373,6.453,269483.57626973
2023-01-24 18:00:00,6.452,6.515,6.435,6.499,138084.54206931
2023-01-24 19:00:00,6.501,6.521,6.493,6.509,92600.13775031
2023-01-24 20:00:00,6.51,6.523,6.428,6.479,137263.89112343
2023-01-24 21:00:00,6.476,6.514,6.333,6.388,475212.11166312
2023-01-24 22:00:00,6.39,6.401,6.087,6.217,614479.2806993
2023-01-24 23:00:00,6.216,6.244,6.118,6.192,594848.81102099
2023-01-25 00:00:00,6.194,6.21,6.06,6.136,537222.75445033
2023-01-25 01:00:00,6.133,6.148,6.011,6.112,576824.32265676
2023-01-25 02:00:00,6.111,6.19,6.094,6.156,303683.91235515
2023-01-25 03:00:00,6.155,6.194,6.14,6.194,79317.53339427
2023-01-25 04:00:00,6.19,6.193,6.167,6.17,90295.00831409
2023-01-25 05:00:00,6.172,6.207,6.167,6.192,89991.52844194
2023-01-25 06:00:00,6.194,6.252,6.171,6.242,124101.49550306
2023-01-25 07:00:00,6.24,6.282,6.226,6.267,103458.61111897
2023-01-25 08:00:00,6.267,6.293,6.245,6.253,144125.38916129
2023-01-25 09:00:00,6.25,6.252,6.201,6.203,136387.35949828
2023-01-25 10:00:00,6.205,6.212,6.156,6.199,156002.38189822
2023-01-25 11:00:00,6.197,6.199,6.154,6.177,118818.67922534
2023-01-25 12:00:00,6.177,6.283,6.175,6.261,273062.79382978
2023-01-25 13:00:00,6.264,6.296,6.234,6.241,288724.83409917
2023-01-25 14:00:00,6.241,6.262,6.165,6.182,474104.08040245
2023-01-25 15:00:00,6.182,6.219,6.113,6.174,538175.33316809
2023-01-25 16:00:00,6.172,6.209,6.136,6.201,161784.46203807
2023-01-25 17:00:00,6.202,6.202,6.145,6.183,181469.42006975
2023-01-25 18:00:00,6.183,6.218,6.161,6.218,143074.6947681
2023-01-25 19:00:00,6.22,6.248,6.199,6.244,134636.59323245
2023-01-25 20:00:00,6.249,6.365,6.247,6.354,390460.19630151
2023-01-25 21:00:00,6.357,6.499,6.3,6.49,525200.60512846
2023-01-25 22:00:00,6.49,6.561,6.28,6.316,570150.03663379
2023-01-25 23:00:00,6.314,6.422,6.301,6.397,329347.88274473
2023-01-26 00:00:00,6.399,6.475,6.392,6.457,233333.50766183
2023-01-26 01:00:00,6.459,6.497,6.444,6.471,172996.15976413
2023-01-26 02:00:00,6.468,6.482,6.427,6.438,128112.19294393
2023-01-26 03:00:00,6.443,6.454,6.421,6.422,114899.6556447
2023-01-26 04:00:00,6.423,6.461,6.41,6.436,71552.8253527
2023-01-26 05:00:00,6.446,6.48,6.432,6.474,69720.87697565
2023-01-26 06:00:00,6.474,6.495,6.354,6.461,343977.23096129
2023-01-26 07:00:00,6.463,6.465,6.395,6.396,127333.1692976
2023-01-26 08:00:00,6.395,6.432,6.368,6.392,114301.8262817
2023-01-26 09:00:00,6.397,6.414,6.333,6.378,121381.37275137
2023-01-26 10:00:00,6.378,6.378,6.301,6.333,184804.1326022
2023-01-26 11:00:00,6.335,6.368,6.321,6.354,102083.26005816
2023-01-26 12:00:00,6.353,6.418,6.352,6.414,118923.44461653
2023-01-26 13:00:00,6.412,6.505,6.322,6.502,537479.88902622
2023-01-26 14:00:00,6.502,6.56,6.401,6.464,1181203.72291213
2023-01-26 15:00:00,6.464,6.537,6.378,6.403,421788.39957442
2023-01-26 16:00:00,6.401,6.454,6.306,6.423,714736.13685273
2023-01-26 17:00:00,6.421,6.474,6.409,6.416,154760.46185213
2023-01-26 18:00:00,6.419,6.489,6.394,6.449,152609.46337666
2023-01-26 19:00:00,6.453,6.462,6.407,6.456,93945.20277064
2023-01-26 20:00:00,6.455,6.513,6.443,6.509,144210.56025367
2023-01-26 21:00:00,6.51,6.512,6.433,6.478,219593.36155606
2023-01-26 22:00:00,6.478,6.496,6.459,6.464,54160.06681583
2023-01-26 23:00:00,6.465,6.49,6.437,6.467,152240.45007887
2023-01-27 00:00:00,6.469,6.511,6.377,6.396,227951.6411942
2023-01-27 01:00:00,6.395,6.423,6.233,6.326,620810.04840244
2023-01-27 02:00:00,6.325,6.375,6.319,6.375,118868.68571854
2023-01-27 03:00:00,6.377,6.401,6.37,6.376,111188.59671595
2023-01-27 04:00:00,6.377,6.407,6.365,6.369,88850.42970364
2023-01-27 05:00:00,6.368,6.434,6.362,6.421,127508.7638953
2023-01-27 06:00:00,6.422,6.433,6.403,6.423,86234.13481503
2023-01-27 07:00:00,6.424,6.462,6.388,6.454,115025.55562839
2023-01-27 08:00:00,6.457,6.476,6.42,6.423,162949.49714597
2023-01-27 09:00:00,6.423,6.442,6.411,6.433,79029.54067302
2023-01-27 10:00:00,6.435,6.437,6.378,6.397,79733.64083653
2023-01-27 11:00:00,6.396,6.433,6.39,6.429,90060.6018907
2023-01-27 12:00:00,6.428,6.452,6.393,6.399,116450.78581206
2023-01-27 13:00:00,6.403,6.435,6.345,6.387,261018.63909352
2023-01-27 14:00:00,6.388,6.427,6.354,6.397,157262.11220899
2023-01-27 15:00:00,6.401,6.468,6.391,6.407,175720.61414065
2023-01-27 16:00:00,6.405,6.465,6.404,6.45,103635.8208158
2023-01-27 17:00:00,6.45,6.506,6.443,6.497,109564.26841887
2023-01-27 18:00:00,6.497,6.507,6.472,6.503,88541.50886778
2023-01-27 19:00:00,6.503,6.535,6.477,6.535,79234.12296366
2023-01-27 20:00:00,6.535,6.623,6.48,6.513,367906.16287591
2023-01-27 21:00:00,6.513,6.543,6.484,6.513,137085.4770844
2023-01-27 22:00:00,6.515,6.534,6.497,6.502,326576.97714304
2023-01-27 23:00:00,6.504,6.587,6.504,6.586,113214.03204305
2023-01-28 00:00:00,6.589,6.666,6.564,6.649,248562.98435891
2023-01-28 01:00:00,6.648,6.669,6.585,6.592,109375.44772899
2023-01-28 02:00:00,6.59,6.629,6.576,6.579,107330.78356401
2023-01-28 03:00:00,6.58,6.6,6.565,6.594,43178.97770621
2023-01-28 04:00:00,6.595,6.615,6.593,6.608,60196.14381366
2023-01-28 05:00:00,6.609,6.623,6.58,6.62,103666.71924905
2023-01-28 06:00:00,6.62,6.642,6.565,6.581,150087.2287734
2023-01-28 07:00:00,6.58,6.58,6.463,6.522,238192.30313337
2023-01-28 08:00:00,6.522,6.533,6.488,6.488,102832.43229566
2023-01-28 09:00:00,6.492,6.522,6.47,6.508,77372.57755073
2023-01-28 10:00:00,6.509,6.518,6.482,6.482,73978.0564456
2023-01-28 11:00:00,6.48,6.517,6.47,6.503,80761.9766776
2023-01-28 12:00:00,6.505,6.509,6.427,6.453,217545.18343005
2023-01-28 13:00:00,6.449,6.452,6.327,6.417,554858.2110477
2023-01-28 14:00:00,6.413,6.42,6.373,6.376,104401.97441672
2023-01-28 15:00:00,6.374,6.455,6.359,6.44,175777.8844621
2023-01-28 16:00:00,6.442,6.459,6.433,6.448,55201.12241599
2023-01-28 17:00:00,6.449,6.458,6.383,6.409,139626.93320922
2023-01-28 18:00:00,6.413,6.413,6.383,6.395,58911.84675798
2023-01-28 19:00:00,6.396,6.433,6.391,6.425,44833.3621878
2023-01-28 20:00:00,6.427,6.428,6.341,6.348,126601.99632642
2023-01-28 21:00:00,6.346,6.37,6.337,6.359,61770.64380047
2023-01-28 22:00:00,6.361,6.377,6.328,6.353,104599.19977557
2023-01-28 23:00:00,6.351,6.411,6.333,6.4,107382.98827515
2023-01-29 00:00:00,6.4,6.446,6.325,6.442,263365.77319532
2023-01-29 01:00:00,6.44,6.525,6.44,6.493,386219.71039871
2023-01-29 02:00:00,6.49,6.52,6.44,6.469,187928.79931367
2023-01-29 03:00:00,6.47,6.499,6.461,6.496,60173.1803009
2023-01-29 04:00:00,6.496,6.517,6.479,6.512,87967.12172203
2023-01-29 05:00:00,6.515,6.516,6.494,6.508,50927.12383962
2023-01-29 06:00:00,6.514,6.516,6.487,6.489,55210.74476917
2023-01-29 07:00:00,6.491,6.506,6.483,6.503,53986.74053126
2023-01-29 08:00:00,6.503,6.515,6.488,6.493,48830.05923635
2023-01-29 09:00:00,6.495,6.593,6.488,6.579,183905.65469259
2023-01-29 10:00:00,6.581,6.607,6.567,6.598,106682.78861776
2023-01-29 11:00:00,6.6,6.626,6.548,6.595,207257.36613179
2023-01-29 12:00:00,6.596,6.6,6.553,6.586,111906.91307069
2023-01-29 13:00:00,6.585,6.619,6.58,6.59,116739.53615244
2023-01-29 14:00:00,6.591,6.608,6.555,6.591,94201.73035868
2023-01-29 15:00:00,6.59,6.595,6.565,6.567,89655.42891043
2023-01-29 16:00:00,6.568,6.583,6.521,6.562,178794.2010972
2023-01-29 17:00:00,6.563,6.655,6.555,6.613,190053.14893214
2023-01-29 18:00:00,6.614,6.641,6.587,6.632,142589.99490807
2023-01-29 19:00:00,6.632,6.7,6.625,6.683,287880.6846075
2023-01-29 20:00:00,6.685,6.691,6.577,6.605,288399.72433663
2023-01-29 21:00:00,6.604,6.629,6.589,6.616,54960.43388166
2023-01-29 22:00:00,6.617,6.627,6.608,6.616,35147.29626553
2023-01-29 23:00:00,6.612,6.646,6.591,6.611,124065.42150414
2023-01-30 00:00:00,6.612,6.649,6.593,6.644,137483.94674
2023-01-30 01:00:00,6.644,6.651,6.562,6.572,141021.46830996
2023-01-30 02:00:00,6.567,6.569,6.518,6.544,120337.62809901
2023-01-30 03:00:00,6.544,6.566,6.529,6.558,69665.78129066
2023-01-30 04:00:00,6.56,6.587,6.556,6.562,47661.07016364
2023-01-30 05:00:00,6.561,6.561,6.528,6.548,52859.08425556
2023-01-30 06:00:00,6.544,6.544,6.515,6.522,65249.16961983
2023-01-30 07:00:00,6.522,6.525,6.46,6.48,245898.75716542
2023-01-30 08:00:00,6.476,6.504,6.426,6.446,154575.10549511
2023-01-30 09:00:00,6.444,6.445,6.225,6.269,1321828.54798103
2023-01-30 10:00:00,6.267,6.328,6.222,6.294,377057.91701572
2023-01-30 11:00:00,6.294,6.309,6.263,6.277,297298.31958611
2023-01-30 12:00:00,6.275,6.301,6.238,6.264,329302.8779969
2023-01-30 13:00:00,6.263,6.294,6.248,6.251,135035.9787662
2023-01-30 14:00:00,6.251,6.337,6.242,6.335,183427.15592504
2023-01-30 15:00:00,6.336,6.34,6.242,6.288,213475.2399232
2023-01-30 16:00:00,6.288,6.319,6.272,6.299,209351.35420351
2023-01-30 17:00:00,6.297,6.344,6.268,6.271,227104.45190331
2023-01-30 18:00:00,6.268,6.289,6.251,6.273,164508.92624072
2023-01-30 19:00:00,6.273,6.273,6.015,6.146,1200964.01788786
2023-01-30 20:00:00,6.141,6.15,6.056,6.129,363730.804879
2023-01-30 21:00:00,6.13,6.167,6.127,6.145,120782.6106651
2023-01-30 22:00:00,6.144,6.181,6.112,6.179,56524.16179552
2023-01-30 23:00:00,6.179,6.199,6.159,6.194,148630.14432279
2023-01-31 00:00:00,6.196,6.227,6.147,6.212,250524.39779923
2023-01-31 01:00:00,6.213,6.241,6.182,6.22,185255.89515663
2023-01-31 02:00:00,6.221,6.269,6.217,6.229,206613.36596125
2023-01-31 03:00:00,6.229,6.237,6.21,6.22,126639.98552185
2023-01-31 04:00:00,6.221,6.233,6.212,6.224,80361.57116636
2023-01-31 05:00:00,6.224,6.225,6.167,6.167,67702.14715385
2023-01-31 06:00:00,6.17,6.214,6.164,6.191,325845.55542126
2023-01-31 07:00:00,6.189,6.269,6.189,6.258,164629.28856794
2023-01-31 08:00:00,6.26,6.272,6.198,6.222,105310.09545096
2023-01-31 09:00:00,6.222,6.241,6.219,6.224,55548.27548526
2023-01-31 10:00:00,6.222,6.223,6.169,6.179,96925.74602776
2023-01-31 11:00:00,6.179,6.21,6.163,6.207,74898.26097124
2023-01-31 12:00:00,6.208,6.219,6.194,6.207,56007.96966588
2023-01-31 13:00:00,6.208,6.276,6.207,6.275,223133.94237992
2023-01-31 14:00:00,6.276,6.289,6.242,6.263,129926.0087309
2023-01-31 15:00:00,6.261,6.303,6.261,6.274,151638.1007618
2023-01-31 16:00:00,6.276,6.322,6.261,6.277,181321.68554906
2023-01-31 17:00:00,6.275,6.297,6.264,6.291,65668.37656598
2023-01-31 18:00:00,6.294,6.3,6.276,6.3,85692.32029679
2023-01-31 19:00:00,6.294,6.309,6.274,6.304,66872.61842501
2023-01-31 20:00:00,6.306,6.309,6.262,6.294,76096.82823711
2023-01-31 21:00:00,6.291,6.312,6.19,6.234,374717.42019493
2023-01-31 22:00:00,6.237,6.309,6.2,6.271,123128.73379989
2023-01-31 23:00:00,6.272,6.28,6.244,6.262,170361.17009301
2023-02-01 00:00:00,6.263,6.286,6.227,6.25,228376.66622882
2023-02-01 01:00:00,6.251,6.281,6.221,6.268,105010.2131949
2023-02-01 02:00:00,6.268,6.273,6.238,6.255,77503.73725581
2023-02-01 03:00:00,6.257,6.259,6.221,6.248,85640.72755531
2023-02-01 04:00:00,6.247,6.259,6.24,6.249,38611.69170873
2023-02-01 05:00:00,6.248,6.276,6.24,6.241,69664.07581828
2023-02-01 06:00:00,6.24,6.241,6.172,6.179,168335.28793665
2023-02-01 07:00:00,6.178,6.22,6.155,6.211,145205.67542351
2023-02-01 08:00:00,6.21,6.217,6.134,6.155,251419.214782
2023-02-01 09:00:00,6.158,6.178,6.107,6.108,883402.51855846
2023-02-01 10:00:00,6.108,6.142,6.101,6.131,157139.36734358
2023-02-01 11:00:00,6.13,6.162,6.125,6.155,89287.88818254
2023-02-01 12:00:00,6.155,6.171,6.146,6.17,51428.14234576
2023-02-01 13:00:00,6.169,6.196,6.126,6.168,168646.01233034
2023-02-01 14:00:00,6.168,6.205,6.15,6.183,137032.31731798
2023-02-01 15:00:00,6.183,6.194,6.029,6.06,647213.67654589
2023-02-01 16:00:00,6.059,6.103,6.044,6.083,234791.29211635
2023-02-01 17:00:00,6.082,6.1,6.025,6.063,181075.57415087
2023-02-01 18:00:00,6.06,6.12,6.03,6.105,374952.40370272
2023-02-01 19:00:00,6.105,6.346,6.058,6.293,2112087.9761816
2023-02-01 20:00:00,6.296,6.412,6.283,6.381,652744.64682065
2023-02-01 21:00:00,6.383,6.438,6.383,6.419,389831.84844605
2023-02-01 22:00:00,6.424,6.482,6.424,6.454,155366.34566671
2023-02-01 23:00:00,6.457,6.487,6.442,6.464,166872.47213505
2023-02-02 00:00:00,6.466,6.588,6.448,6.58,851283.27889235
2023-02-02 01:00:00,6.579,6.582,6.521,6.534,165524.51169673
2023-02-02 02:00:00,6.534,6.553,6.515,6.541,94573.33933048
2023-02-02 03:00:00,6.54,6.575,6.53,6.539,70802.13563411
2023-02-02 04:00:00,6.54,6.574,6.538,6.561,58912.33932275
2023-02-02 05:00:00,6.561,6.584,6.532,6.535,169594.55511572
2023-02-02 06:00:00,6.534,6.544,6.47,6.503,181674.76356598
2023-02-02 07:00:00,6.504,6.519,6.473,6.493,80994.86562609
2023-02-02 08:00:00,6.492,6.526,6.485,6.514,58402.04806736
2023-02-02 09:00:00,6.513,6.568,6.507,6.568,138726.18503831
2023-02-02 10:00:00,6.569,6.571,6.522,6.535,58651.88750422
2023-02-02 11:00:00,6.537,6.568,6.534,6.557,66097.69686423
2023-02-02 12:00:00,6.558,6.667,6.558,6.642,230377.76457121
2023-02-02 13:00:00,6.638,6.647,6.579,6.647,187921.83185693
2023-02-02 14:00:00,6.649,6.66,6.522,6.558,476497.45993451
2023-02-02 15:00:00,6.556,6.649,6.548,6.629,205745.88879594
2023-02-02 16:00:00,6.631,6.916,6.628,6.76,1116831.80490476
2023-02-02 17:00:00,6.761,6.829,6.733,6.759,280537.98250468
2023-02-02 18:00:00,6.758,6.834,6.757,6.81,278096.12776573
2023-02-02 19:00:00,6.811,6.816,6.668,6.714,255400.71221423
2023-02-02 20:00:00,6.714,6.714,6.676,6.714,83730.34870554
2023-02-02 21:00:00,6.715,6.733,6.487,6.5,756892.4699978
2023-02-02 22:00:00,6.501,6.591,6.465,6.581,245624.47091479
2023-02-02 23:00:00,6.58,6.599,6.517,6.543,215300.80833683
2023-02-03 00:00:00,6.545,6.599,6.506,6.572,270065.16178189
2023-02-03 01:00:00,6.576,6.59,6.551,6.554,90733.95255209
2023-02-03 02:00:00,6.556,6.577,6.52,6.558,117452.48549427
2023-02-03 03:00:00,6.555,6.641,6.517,6.626,236006.15730381
2023-02-03 04:00:00,6.626,6.685,6.612,6.675,123170.66135633
2023-02-03 05:00:00,6.675,6.761,6.673,6.76,247564.63252754
2023-02-03 06:00:00,6.76,6.773,6.687,6.697,88657.86790261
2023-02-03 07:00:00,6.697,6.733,6.665,6.676,92364.49574524
2023-02-03 08:00:00,6.68,6.748,6.645,6.739,115220.3047794
2023-02-03 09:00:00,6.742,6.843,6.734,6.786,314370.31948495
2023-02-03 10:00:00,6.787,6.834,6.776,6.787,134024.52463562
2023-02-03 11:00:00,6.79,6.823,6.758,6.81,114395.4167676
2023-02-03 12:00:00,6.813,6.866,6.79,6.83,121059.35074132
2023-02-03 13:00:00,6.831,6.888,6.744,6.78,745310.65442567
2023-02-03 14:00:00,6.78,7.019,6.725,6.946,861428.91926356
2023-02-03 15:00:00,6.944,7.042,6.9,6.953,526508.49158941
2023-02-03 16:00:00,6.957,7.058,6.924,6.983,303139.08592005
2023-02-03 17:00:00,6.98,7.121,6.979,7.043,386714.48181965
2023-02-03 18:00:00,7.041,7.048,6.973,7.028,244853.95500239
2023-02-03 19:00:00,7.029,7.075,6.976,6.982,175749.96667054
2023-02-03 20:00:00,6.977,6.98,6.924,6.948,211685.49326875
2023-02-03 21:00:00,6.949,6.988,6.944,6.972,110671.6744685
2023-02-03 22:00:00,6.973,7.033,6.973,7.002,80474.14707972
2023-02-03 23:00:00,7.002,7.034,6.995,7.005,61109.27852694
2023-02-04 00:00:00,7.006,7.04,6.967,6.986,152106.11531804
2023-02-04 01:00:00,6.985,6.985,6.903,6.903,104774.37141831
2023-02-04 02:00:00,6.906,6.923,6.87,6.901,169146.47876521
2023-02-04 03:00:00,6.9,6.904,6.871,6.878,85242.60394014
2023-02-04 04:00:00,6.878,6.887,6.856,6.864,53906.88625009
2023-02-04 05:00:00,6.863,6.863,6.822,6.848,117730.13714084
2023-02-04 06:00:00,6.848,6.875,6.816,6.869,56549.92035602
2023-02-04 07:00:00,6.868,6.886,6.857,6.87,54475.15836032
2023-02-04 08:00:00,6.87,6.887,6.847,6.847,33345.42337853
2023-02-04 09:00:00,6.847,6.882,6.846,6.869,26920.30119754
2023-02-04 10:00:00,6.869,6.893,6.866,6.885,58588.68381117
2023-02-04 11:00:00,6.887,6.907,6.885,6.891,60099.18488218
2023-02-04 12:00:00,6.891,6.948,6.891,6.948,153794.31871313
2023-02-04 13:00:00,6.946,7.071,6.946,6.996,284292.17227577
2023-02-04 14:00:00,6.995,7.006,6.941,6.982,121916.52016988
2023-02-04 15:00:00,6.983,6.983,6.921,6.943,149345.31369744
2023-02-04 16:00:00,6.942,6.954,6.887,6.909,150724.28769435
2023-02-04 17:00:00,6.909,6.964,6.895,6.957,153636.15898449
2023-02-04 18:00:00,6.957,6.957,6.901,6.937,125664.47000981
2023-02-04 19:00:00,6.938,6.941,6.931,6.935,32701.12213095
2023-02-04 20:00:00,6.932,6.947,6.923,6.935,31691.72681622
2023-02-04 21:00:00,6.934,6.967,6.922,6.964,48547.14832773
2023-02-04 22:00:00,6.966,6.981,6.942,6.956,26518.47039399
2023-02-04 23:00:00,6.953,6.975,6.835,6.867,316022.45316102
2023-02-05 00:00:00,6.867,6.888,6.766,6.787,372479.85480469
2023-02-05 01:00:00,6.788,6.827,6.781,6.821,98976.83873589
2023-02-05 02:00:00,6.821,6.856,6.788,6.788,220281.808215
2023-02-05 03:00:00,6.788,6.829,6.786,6.81,81938.78115831
2023-02-05 04:00:00,6.812,6.855,6.809,6.853,44990.42293912
2023-02-05 05:00:00,6.854,6.863,6.844,6.854,50569.62409077
2023-02-05 06:00:00,6.855,6.879,6.835,6.879,65306.98776015
2023-02-05 07:00:00,6.879,6.886,6.851,6.854,46935.97240494
2023-02-05 08:00:00,6.853,6.882,6.844,6.867,85518.0256008
2023-02-05 09:00:00,6.868,6.88,6.844,6.849,50219.09995352
2023-02-05 10:00:00,6.848,6.866,6.839,6.855,104226.71726057
2023-02-05 11:00:00,6.854,6.855,6.797,6.815,147150.96644673
2023-02-05 12:00:00,6.814,6.841,6.6,6.661,1022315.89290501
2023-02-05 13:00:00,6.662,6.71,6.616,6.686,499986.13616696
2023-02-05 14:00:00,6.685,6.704,6.661,6.68,197084.88854392
2023-02-05 15:00:00,6.68,6.698,6.62,6.628,220670.72789973
2023-02-05 16:00:00,6.628,6.67,6.598,6.619,296674.87100215
2023-02-05 17:00:00,6.62,6.641,6.539,6.575,729982.90049524
2023-02-05 18:00:00,6.574,6.604,6.558,6.569,219206.05613909
2023-02-05 19:00:00,6.568,6.6,6.539,6.59,283124.45262155
2023-02-05 20:00:00,6.59,6.605,6.555,6.565,119611.84292279
2023-02-05 21:00:00,6.566,6.574,6.513,6.573,281647.60834923
2023-02-05 22:00:00,6.573,6.651,6.561,6.648,124382.6876414
2023-02-05 23:00:00,6.646,6.651,6.623,6.637,71914.44077473
2023-02-06 00:00:00,6.637,6.766,6.637,6.75,239528.9359432
2023-02-06 01:00:00,6.751,6.79,6.704,6.708,174560.68730832
2023-02-06 02:00:00,6.708,6.721,6.651,6.651,89559.49773178
2023-02-06 03:00:00,6.651,6.689,6.627,6.666,88374.31922691
2023-02-06 04:00:00,6.665,6.684,6.647,6.649,45156.23294963
2023-02-06 05:00:00,6.649,6.668,6.566,6.643,248862.6908304
2023-02-06 06:00:00,6.643,6.683,6.612,6.665,217196.3062716
2023-02-06 07:00:00,6.667,6.782,6.648,6.746,123716.39465098
2023-02-06 08:00:00,6.746,6.772,6.716,6.72,59639.94877378
2023-02-06 09:00:00,6.721,6.733,6.688,6.703,95347.24879977
2023-02-06 10:00:00,6.705,6.727,6.67,6.697,95135.19063345
2023-02-06 11:00:00,6.696,6.71,6.608,6.707,216256.68264591
2023-02-06 12:00:00,6.707,6.728,6.672,6.699,91156.03826483
2023-02-06 13:00:00,6.7,6.731,6.658,6.668,91957.60204251
2023-02-06 14:00:00,6.669,6.697,6.629,6.662,181627.98692288
2023-02-06 15:00:00,6.663,6.759,6.612,6.759,229410.00969952
2023-02-06 16:00:00,6.758,6.776,6.683,6.709,346710.99344917
2023-02-06 17:00:00,6.71,6.734,6.692,6.715,98884.44265249
2023-02-06 18:00:00,6.716,6.727,6.654,6.679,176343.69502487
2023-02-06 19:00:00,6.678,6.708,6.644,6.658,69775.50421382
2023-02-06 20:00:00,6.658,6.658,6.624,6.637,66659.31125227
2023-02-06 21:00:00,6.635,6.642,6.572,6.591,88402.8575675
2023-02-06 22:00:00,6.592,6.6,6.564,6.573,56407.53123055
2023-02-06 23:00:00,6.574,6.578,6.414,6.494,752631.77758641
2023-02-07 00:00:00,6.493,6.519,6.474,6.511,145421.64835267
2023-02-07 01:00:00,6.511,6.561,6.506,6.559,66008.00125078
2023-02-07 02:00:00,6.56,6.603,6.552,6.602,77615.2441726
2023-02-07 03:00:00,6.604,6.608,6.578,6.599,41234.73866985
2023-02-07 04:00:00,6.6,6.629,6.593,6.596,93600.01286375
2023-02-07 05:00:00,6.596,6.643,6.596,6.639,79993.71808196
2023-02-07 06:00:00,6.641,6.666,6.626,6.629,103561.12726801
2023-02-07 07:00:00,6.629,6.661,6.617,6.627,81806.75113014
2023-02-07 08:00:00,6.626,6.649,6.599,6.626,94646.99791272
2023-02-07 09:00:00,6.626,6.707,6.626,6.703,116512.17668977
2023-02-07 10:00:00,6.703,6.731,6.689,6.693,95713.66863246
2023-02-07 11:00:00,6.693,6.72,6.686,6.709,140411.8163163
2023-02-07 12:00:00,6.71,6.743,6.698,6.737,92166.82555117
2023-02-07 13:00:00,6.738,6.74,6.683,6.723,146038.82236698
2023-02-07 14:00:00,6.723,6.739,6.702,6.712,147364.45833644
2023-02-07 15:00:00,6.714,6.717,6.644,6.678,292299.80492497
2023-02-07 16:00:00,6.678,6.722,6.645,6.709,172641.39044486
2023-02-07 17:00:00,6.708,6.832,6.653,6.82,627251.03740178
2023-02-07 18:00:00,6.821,6.848,6.586,6.688,1106619.21571563
2023-02-07 19:00:00,6.688,6.779,6.688,6.774,340141.13821326
2023-02-07 20:00:00,6.775,6.839,6.746,6.823,175639.96219897
2023-02-07 21:00:00,6.825,6.87,6.824,6.845,223304.33350219
2023-02-07 22:00:00,6.844,6.915,6.834,6.885,264767.98664486
2023-02-07 23:00:00,6.885,6.945,6.885,6.938,216472.99713859
2023-02-08 00:00:00,6.938,6.991,6.922,6.965,208561.49437271
2023-02-08 01:00:00,6.966,7.018,6.93,6.969,222973.27650422
2023-02-08 02:00:00,6.969,6.983,6.936,6.936,65703.53867311
2023-02-08 03:00:00,6.937,6.944,6.926,6.936,59453.52443359
2023-02-08 04:00:00,6.936,6.948,6.916,6.923,38302.0927309
2023-02-08 05:00:00,6.922,6.924,6.847,6.879,110949.58134975
2023-02-08 06:00:00,6.879,6.899,6.85,6.886,65324.14250232
2023-02-08 07:00:00,6.885,6.918,6.873,6.904,78463.12490667
2023-02-08 08:00:00,6.904,6.904,6.861,6.874,179642.3122698
2023-02-08 09:00:00,6.875,6.887,6.843,6.857,148703.30739484
2023-02-08 10:00:00,6.858,6.86,6.83,6.845,161656.79834079
2023-02-08 11:00:00,6.846,6.901,6.834,6.893,97263.07147508
2023-02-08 12:00:00,6.894,6.915,6.853,6.867,98986.54943665
2023-02-08 13:00:00,6.868,6.891,6.835,6.886,142043.07194161
2023-02-08 14:00:00,6.883,6.895,6.831,6.861,264701.44237742
2023-02-08 15:00:00,6.86,6.86,6.753,6.763,564517.42416983
2023-02-08 16:00:00,6.763,6.776,6.619,6.754,864581.88704613
2023-02-08 17:00:00,6.754,6.813,6.716,6.788,325336.81819184
2023-02-08 18:00:00,6.788,6.811,6.701,6.727,231375.15870052
2023-02-08 19:00:00,6.728,6.768,6.704,6.725,182092.40043395
2023-02-08 20:00:00,6.723,6.723,6.655,6.667,271377.87997091
2023-02-08 21:00:00,6.666,6.752,6.655,6.738,84727.9163965
2023-02-08 22:00:00,6.737,6.756,6.724,6.735,43237.9412942
2023-02-08 23:00:00,6.737,6.768,6.702,6.753,120670.34742893
2023-02-09 00:00:00,6.755,6.864,6.727,6.857,189893.37586991
2023-02-09 01:00:00,6.858,6.869,6.788,6.788,191327.15690341
2023-02-09 02:00:00,6.787,6.787,6.652,6.652,389571.3671678
2023-02-09 03:00:00,6.654,6.657,6.513,6.562,1903616.13944802
2023-02-09 04:00:00,6.561,6.613,6.512,6.599,484362.08659139
2023-02-09 05:00:00,6.599,6.645,6.591,6.623,233288.44634951
2023-02-09 06:00:00,6.624,6.693,6.613,6.684,169201.84497891
2023-02-09 07:00:00,6.684,6.693,6.651,6.683,159609.94095889
2023-02-09 08:00:00,6.683,6.977,6.679,6.929,1099215.32819638
2023-02-09 09:00:00,6.93,6.97,6.822,6.875,434369.00435321
2023-02-09 10:00:00,6.877,6.893,6.811,6.851,196942.57329061
2023-02-09 11:00:00,6.852,6.877,6.814,6.826,254202.23075903
2023-02-09 12:00:00,6.826,6.886,6.768,6.85,471314.95053526
2023-02-09 13:00:00,6.849,6.885,6.828,6.877,274554.61179808
2023-02-09 14:00:00,6.877,6.91,6.828,6.84,607473.0574194
2023-02-09 15:00:00,6.84,6.945,6.79,6.847,822593.5635195
2023-02-09 16:00:00,6.848,6.886,6.705,6.754,776546.90892647
2023-02-09 17:00:00,6.752,6.799,6.697,6.729,546455.24577457
2023-02-09 18:00:00,6.728,6.752,6.672,6.691,392672.97010025
2023-02-09 19:00:00,6.689,6.694,6.26,6.403,2892439.69755445
2023-02-09 20:00:00,6.403,6.403,6.287,6.341,857880.12390899
2023-02-09 21:00:00,6.342,6.347,6.196,6.284,1466581.81510697
2023-02-09 22:00:00,6.285,6.313,6.076,6.164,741705.43013443
2023-02-09 23:00:00,6.163,6.25,6.157,6.238,444886.77041008
2023-02-10 00:00:00,6.237,6.281,6.207,6.227,358586.84435545
2023-02-10 01:00:00,6.228,6.272,6.208,6.271,200741.56815043
2023-02-10 02:00:00,6.272,6.282,6.243,6.276,124909.2150513
2023-02-10 03:00:00,6.274,6.276,6.243,6.25,66935.49427234
2023-02-10 04:00:00,6.249,6.262,6.201,6.225,161045.57020813
2023-02-10 05:00:00,6.225,6.255,6.165,6.233,420113.15620493
2023-02-10 06:00:00,6.231,6.28,6.222,6.28,116408.2057865
2023-02-10 07:00:00,6.279,6.294,6.251,6.291,99261.21870975
2023-02-10 08:00:00,6.291,6.3,6.259,6.28,131232.27895603
2023-02-10 09:00:00,6.282,6.306,6.267,6.271,90722.65926512
2023-02-10 10:00:00,6.271,6.278,6.242,6.274,74422.84995202
2023-02-10 11:00:00,6.273,6.273,6.202,6.21,217255.74406119
2023-02-10 12:00:00,6.211,6.239,6.188,6.193,146386.02765732
2023-02-10 13:00:00,6.194,6.253,6.194,6.221,152975.57886424
2023-02-10 14:00:00,6.217,6.275,6.205,6.255,183855.04638221
2023-02-10 15:00:00,6.255,6.277,6.124,6.204,812000.07192464
2023-02-10 16:00:00,6.205,6.241,6.155,6.172,271413.42087123
2023-02-10 17:00:00,6.171,6.21,6.145,6.205,174725.64143647
2023-02-10 18:00:00,6.208,6.243,6.198,6.23,100677.90859938
2023-02-10 19:00:00,6.231,6.306,6.215,6.291,194053.64846563
2023-02-10 20:00:00,6.291,6.295,6.259,6.268,66032.73113253
2023-02-10 21:00:00,6.269,6.271,6.151,6.177,479029.6412497
2023-02-10 22:00:00,6.178,6.203,6.142,6.156,162849.88099896
2023-02-10 23:00:00,6.154,6.201,6.112,6.183,192922.41451498
2023-02-11 00:00:00,6.181,6.202,6.156,6.192,138007.1982919
2023-02-11 01:00:00,6.191,6.206,6.161,6.179,56084.39350531
2023-02-11 02:00:00,6.18,6.212,6.177,6.195,46017.31612564
2023-02-11 03:00:00,6.197,6.237,6.196,6.224,77508.36666605
2023-02-11 04:00:00,6.224,6.243,6.212,6.235,80338.84561958
2023-02-11 05:00:00,6.235,6.241,6.204,6.211,31028.63311922
2023-02-11 06:00:00,6.212,6.212,6.191,6.201,27688.46378923
2023-02-11 07:00:00,6.201,6.215,6.18,6.208,40257.93248312
2023-02-11 08:00:00,6.209,6.21,6.196,6.206,23666.24234826
2023-02-11 09:00:00,6.208,6.222,6.203,6.222,14989.38154914
2023-02-11 10:00:00,6.222,6.222,6.194,6.205,42748.67252452
2023-02-11 11:00:00,6.205,6.209,6.197,6.207,22411.01192535
2023-02-11 12:00:00,6.208,6.233,6.186,6.208,57737.59572719
2023-02-11 13:00:00,6.209,6.233,6.201,6.233,77329.22867999
2023-02-11 14:00:00,6.233,6.255,6.211,6.25,129307.41512556
2023-02-11 15:00:00,6.25,6.255,6.216,6.237,77143.58598078
2023-02-11 16:00:00,6.238,6.238,6.198,6.212,60876.33989976
2023-02-11 17:00:00,6.213,6.213,6.178,6.197,49950.63018778
2023-02-11 18:00:00,6.197,6.217,6.168,6.189,112535.02545104
2023-02-11 19:00:00,6.188,6.212,6.185,6.211,32109.40704633
2023-02-11 20:00:00,6.212,6.227,6.198,6.208,40039.58453017
2023-02-11 21:00:00,6.208,6.272,6.195,6.263,150033.23114325
2023-02-11 22:00:00,6.264,6.286,6.239,6.27,116881.10641668
2023-02-11 23:00:00,6.269,6.293,6.261,6.276,57442.06480453
2023-02-12 00:00:00,6.276,6.281,6.249,6.26,76907.77369523
2023-02-12 01:00:00,6.26,6.268,6.249,6.257,25682.66643784
2023-02-12 02:00:00,6.258,6.273,6.251,6.266,8459.5141617
2023-02-12 03:00:00,6.266,6.267,6.235,6.239,28502.85864361
2023-02-12 04:00:00,6.238,6.241,6.224,6.233,26498.9334804
2023-02-12 05:00:00,6.233,6.244,6.228,6.241,18821.25447475
2023-02-12 06:00:00,6.241,6.251,6.241,6.251,6876.1539303
2023-02-12 07:00:00,6.252,6.26,6.247,6.247,51130.76491047
2023-02-12 08:00:00,6.249,6.27,6.245,6.249,17793.37534027
2023-02-12 09:00:00,6.248,6.316,6.248,6.302,137514.43560996
2023-02-12 10:00:00,6.302,6.336,6.287,6.322,77729.77234054
2023-02-12 11:00:00,6.324,6.332,6.302,6.323,25102.755241
2023-02-12 12:00:00,6.325,6.336,6.278,6.29,87941.96736483
2023-02-12 13:00:00,6.29,6.311,6.26,6.283,128778.39221263
2023-02-12 14:00:00,6.283,6.343,6.279,6.313,118552.28853088
2023-02-12 15:00:00,6.314,6.342,6.295,6.324,83176.93769552
2023-02-12 16:00:00,6.325,6.382,6.322,6.359,213575.03669619
2023-02-12 17:00:00,6.358,6.377,6.351,6.357,75566.22933023
2023-02-12 18:00:00,6.356,6.373,6.339,6.351,107114.18444741
2023-02-12 19:00:00,6.35,6.365,6.318,6.355,44991.90643155
2023-02-12 20:00:00,6.357,6.372,6.332,6.339,32023.71545521
2023-02-12 21:00:00,6.339,6.339,6.155,6.16,544397.7959287
2023-02-12 22:00:00,6.159,6.182,6.065,6.17,432725.45583659
2023-02-12 23:00:00,6.171,6.191,6.142,6.18,169751.6593304
2023-02-13 00:00:00,6.18,6.217,6.142,6.188,157061.51229551
2023-02-13 01:00:00,6.188,6.192,6.096,6.125,289361.08141457
2023-02-13 02:00:00,6.125,6.147,6.036,6.145,508028.00864532
2023-02-13 03:00:00,6.145,6.171,6.127,6.17,178311.28919476
2023-02-13 04:00:00,6.169,6.235,6.161,6.189,517055.3323718
2023-02-13 05:00:00,6.19,6.207,6.181,6.197,101419.14165871
2023-02-13 06:00:00,6.197,6.217,6.193,6.205,93333.79853246
2023-02-13 07:00:00,6.205,6.24,6.191,6.218,267375.84789696
2023-02-13 08:00:00,6.218,6.219,6.084,6.1,663267.28594102
2023-02-13 09:00:00,6.1,6.117,5.957,6.019,1844143.34717437
2023-02-13 10:00:00,6.019,6.056,5.972,6.048,487750.75445284
2023-02-13 11:00:00,6.049,6.076,6.041,6.049,222493.01500476
2023-02-13 12:00:00,6.051,6.099,6.041,6.075,163545.22231111
2023-02-13 13:00:00,6.075,6.088,6.044,6.046,195045.37814834
2023-02-13 14:00:00,6.047,6.091,6.041,6.087,355442.02421594
2023-02-13 15:00:00,6.088,6.088,5.999,6.002,254316.69220549
2023-02-13 16:00:00,6.003,6.054,5.929,5.979,709083.89216452
2023-02-13 17:00:00,5.978,5.993,5.883,5.929,618450.68049159
2023-02-13 18:00:00,5.929,6.032,5.926,6.01,309380.92529585
2023-02-13 19:00:00,6.011,6.031,5.995,6.029,121568.3314183
2023-02-13 20:00:00,6.029,6.037,6.007,6.037,112260.26090736
2023-02-13 21:00:00,6.038,6.043,6.011,6.016,92877.67300538
2023-02-13 22:00:00,6.016,6.056,6.003,6.043,148925.39146003
2023-02-13 23:00:00,6.043,6.151,6.037,6.151,751223.50748856
2023-02-14 00:00:00,6.152,6.163,6.105,6.107,332635.17385265
2023-02-14 01:00:00,6.109,6.113,6.085,6.09,144122.15785695
2023-02-14 02:00:00,6.09,6.111,6.082,6.099,76727.75728995
2023-02-14 03:00:00,6.099,6.13,6.091,6.095,84417.0117028
2023-02-14 04:00:00,6.095,6.124,6.089,6.099,65088.9278112
2023-02-14 05:00:00,6.101,6.117,6.088,6.103,77040.58763454
2023-02-14 06:00:00,6.104,6.129,6.099,6.113,63567.80297631
2023-02-14 07:00:00,6.115,6.132,6.107,6.124,56717.52739761
2023-02-14 08:00:00,6.125,6.126,6.063,6.072,113364.87038534
2023-02-14 09:00:00,6.071,6.158,6.064,6.134,254939.87038343
2023-02-14 10:00:00,6.135,6.14,6.111,6.116,174473.82960259
2023-02-14 11:00:00,6.117,6.121,6.089,6.1,85297.63438597
2023-02-14 12:00:00,6.101,6.13,6.097,6.113,110592.68890535
2023-02-14 13:00:00,6.113,6.153,6.014,6.122,1595074.47530512
2023-02-14 14:00:00,6.121,6.235,6.016,6.22,1485622.71352682
2023-02-14 15:00:00,6.221,6.266,6.134,6.205,882511.72832809
2023-02-14 16:00:00,6.206,6.226,6.149,6.183,459438.87726721
2023-02-14 17:00:00,6.181,6.205,6.18,6.2,127637.0486012
2023-02-14 18:00:00,6.202,6.235,6.202,6.228,258423.10378997
2023-02-14 19:00:00,6.228,6.26,6.212,6.257,231745.43515129
2023-02-14 20:00:00,6.258,6.263,6.229,6.234,181508.32937143
2023-02-14 21:00:00,6.236,6.246,6.207,6.221,195596.2071776
2023-02-14 22:00:00,6.222,6.236,6.212,6.224,39253.07885019
2023-02-14 23:00:00,6.223,6.245,6.218,6.231,53063.33436902
2023-02-15 00:00:00,6.231,6.239,6.183,6.193,101067.24410416
2023-02-15 01:00:00,6.193,6.206,6.18,6.182,56815.81876051
2023-02-15 02:00:00,6.184,6.195,6.165,6.172,39940.77466883
2023-02-15 03:00:00,6.173,6.22,6.166,6.186,182758.67823144
2023-02-15 04:00:00,6.186,6.203,6.181,6.183,52637.3030159
2023-02-15 05:00:00,6.184,6.214,6.184,6.203,89211.58165167
2023-02-15 06:00:00,6.202,6.216,6.189,6.197,54574.46903947
2023-02-15 07:00:00,6.198,6.215,6.189,6.197,69578.87514665
2023-02-15 08:00:00,6.197,6.205,6.177,6.184,70940.49316732
2023-02-15 09:00:00,6.184,6.214,6.176,6.21,64489.7202415
2023-02-15 10:00:00,6.211,6.227,6.196,6.217,83818.06481023
2023-02-15 11:00:00,6.217,6.273,6.204,6.272,402526.25759869
2023-02-15 12:00:00,6.271,6.349,6.271,6.327,490896.1350367
2023-02-15 13:00:00,6.328,6.353,6.308,6.318,231822.80615814
2023-02-15 14:00:00,6.317,6.325,6.271,6.289,158069.70704084
2023-02-15 15:00:00,6.289,6.325,6.276,6.308,157578.0524318
2023-02-15 16:00:00,6.306,6.335,6.281,6.288,183967.01493409
2023-02-15 17:00:00,6.289,6.305,6.277,6.298,102758.40134165
2023-02-15 18:00:00,6.298,6.343,6.295,6.332,142915.9495964
2023-02-15 19:00:00,6.331,6.425,6.324,6.424,349382.14478162
2023-02-15 20:00:00,6.424,6.568,6.416,6.55,672629.4360828
2023-02-15 21:00:00,6.552,6.573,6.504,6.533,328095.53040016
2023-02-15 22:00:00,6.535,6.601,6.534,6.566,183528.61873363
2023-02-15 23:00:00,6.566,6.616,6.559,6.613,244141.15135588
2023-02-16 00:00:00,6.614,6.684,6.558,6.58,810021.26259234
2023-02-16 01:00:00,6.581,6.634,6.581,6.628,215872.14110747
2023-02-16 02:00:00,6.628,6.637,6.607,6.626,164250.64256251
2023-02-16 03:00:00,6.626,6.642,6.611,6.629,221202.14820475
2023-02-16 04:00:00,6.629,6.644,6.601,6.629,184140.26853557
2023-02-16 05:00:00,6.628,6.659,6.626,6.636,87499.65739583
2023-02-16 06:00:00,6.635,6.671,6.627,6.643,217073.53920144
2023-02-16 07:00:00,6.643,6.646,6.568,6.605,271139.16562115
2023-02-16 08:00:00,6.605,6.612,6.583,6.588,63448.0783507
2023-02-16 09:00:00,6.587,6.619,6.579,6.619,77997.19495868
2023-02-16 10:00:00,6.617,6.628,6.59,6.593,85840.95621634
2023-02-16 11:00:00,6.594,6.597,6.538,6.564,126613.14570101
2023-02-16 12:00:00,6.564,6.601,6.527,6.58,117223.64790944
2023-02-16 13:00:00,6.579,6.611,6.47,6.503,639044.28316667
2023-02-16 14:00:00,6.504,6.545,6.481,6.538,338476.50127797
2023-02-16 15:00:00,6.538,6.657,6.521,6.657,447718.9200089
2023-02-16 16:00:00,6.657,6.677,6.543,6.633,1070997.73494419
2023-02-16 17:00:00,6.634,6.664,6.599,6.646,375345.54015226
2023-02-16 18:00:00,6.647,6.736,6.638,6.694,427499.27834966
2023-02-16 19:00:00,6.694,6.709,6.646,6.68,193158.51538471
2023-02-16 20:00:00,6.68,6.747,6.576,6.617,650631.28812147
2023-02-16 21:00:00,6.618,6.618,6.522,6.583,418460.45801243
2023-02-16 22:00:00,6.584,6.596,6.389,6.391,290715.41938046
2023-02-16 23:00:00,6.39,6.425,6.318,6.327,838891.21807593
2023-02-17 00:00:00,6.327,6.445,6.288,6.425,341886.62981326
2023-02-17 01:00:00,6.425,6.482,6.422,6.477,152189.32171457
2023-02-17 02:00:00,6.479,6.507,6.462,6.496,108780.10993115
2023-02-17 03:00:00,6.496,6.571,6.496,6.57,117639.90130758
2023-02-17 04:00:00,6.57,6.82,6.57,6.793,1023228.90997885
2023-02-17 05:00:00,6.793,6.806,6.643,6.68,518520.57745168
2023-02-17 06:00:00,6.68,6.768,6.659,6.724,360620.66326672
2023-02-17 07:00:00,6.722,6.747,6.638,6.645,363033.38925647
2023-02-17 08:00:00,6.646,6.699,6.618,6.696,362391.26929604
2023-02-17 09:00:00,6.694,6.709,6.658,6.694,164806.0835293
2023-02-17 10:00:00,6.695,6.767,6.694,6.734,384207.4212717
2023-02-17 11:00:00,6.733,6.787,6.722,6.759,256509.25849434
2023-02-17 12:00:00,6.76,6.77,6.715,6.746,133274.42718704
2023-02-17 13:00:00,6.748,6.79,6.683,6.758,491349.51685057
2023-02-17 14:00:00,6.757,6.856,6.695,6.754,1177168.40173383
2023-02-17 15:00:00,6.754,6.893,6.749,6.834,814429.08744837
2023-02-17 16:00:00,6.833,7.121,6.811,7.032,1627897.00872282
2023-02-17 17:00:00,7.03,7.357,7.03,7.181,2474870.85850213
2023-02-17 18:00:00,7.184,7.368,7.182,7.366,819004.43138352
2023-02-17 19:00:00,7.365,7.396,7.242,7.374,643550.25167467
2023-02-17 20:00:00,7.375,7.418,7.332,7.357,472070.24269882
2023-02-17 21:00:00,7.359,7.398,7.308,7.308,236528.84711819
2023-02-17 22:00:00,7.307,7.343,7.142,7.341,461593.08126932
2023-02-17 23:00:00,7.342,7.356,7.259,7.287,165841.41221764
2023-02-18 00:00:00,7.287,7.345,7.167,7.198,381805.50313252
2023-02-18 01:00:00,7.197,7.267,7.196,7.26,118909.56133101
2023-02-18 02:00:00,7.259,7.37,7.249,7.265,213380.51352134
2023-02-18 03:00:00,7.264,7.375,7.252,7.323,141323.60035081
2023-02-18 04:00:00,7.323,7.337,7.281,7.288,149429.26237707
2023-02-18 05:00:00,7.288,7.313,7.263,7.291,136642.05287007
2023-02-18 06:00:00,7.291,7.341,7.262,7.267,97736.09805663
2023-02-18 07:00:00,7.266,7.287,7.214,7.249,387248.55241288
2023-02-18 08:00:00,7.249,7.26,7.182,7.215,178655.85341681
2023-02-18 09:00:00,7.216,7.234,7.194,7.229,64215.54555212
2023-02-18 10:00:00,7.23,7.234,7.117,7.132,262158.96323514
2023-02-18 11:00:00,7.133,7.213,7.133,7.193,126391.18998255
2023-02-18 12:00:00,7.192,7.257,7.179,7.234,282219.56726061
2023-02-18 13:00:00,7.233,7.258,7.208,7.214,169000.1816529
2023-02-18 14:00:00,7.214,7.295,7.186,7.225,245762.08107092
2023-02-18 15:00:00,7.223,7.247,7.208,7.219,93512.54860277
2023-02-18 16:00:00,7.217,7.235,7.166,7.186,216811.73712202
2023-02-18 17:00:00,7.186,7.218,7.146,7.197,199597.6677969
2023-02-18 18:00:00,7.198,7.267,7.19,7.246,251239.32263498
2023-02-18 19:00:00,7.247,7.314,7.183,7.221,217464.75818669
2023-02-18 20:00:00,7.223,7.232,7.174,7.226,114843.01518626
2023-02-18 21:00:00,7.225,7.252,7.211,7.25,65822.43516138
2023-02-18 22:00:00,7.25,7.269,7.231,7.249,50623.0914259
2023-02-18 23:00:00,7.248,7.271,7.232,7.232,52977.9929188
2023-02-19 00:00:00,7.233,7.295,7.216,7.294,89380.61644465
2023-02-19 01:00:00,7.294,7.325,7.194,7.216,182148.44729787
2023-02-19 02:00:00,7.218,7.26,7.218,7.248,50973.79887187
2023-02-19 03:00:00,7.246,7.259,7.191,7.208,99754.0343759
2023-02-19 04:00:00,7.207,7.309,7.192,7.293,135978.49325366
2023-02-19 05:00:00,7.293,7.344,7.277,7.303,334453.80795637
2023-02-19 06:00:00,7.303,7.553,7.296,7.444,673378.12282791
2023-02-19 07:00:00,7.443,7.554,7.342,7.402,490190.81359493
2023-02-19 08:00:00,7.403,7.523,7.403,7.41,295466.02027557
2023-02-19 09:00:00,7.409,7.431,7.37,7.38,339513.73109362
2023-02-19 10:00:00,7.382,7.461,7.351,7.443,398639.00422208
2023-02-19 11:00:00,7.441,7.785,7.441,7.649,1163742.1174064
2023-02-19 12:00:00,7.649,7.775,7.644,7.731,444808.00373664
2023-02-19 13:00:00,7.732,7.8,7.657,7.663,504065.33322933
2023-02-19 14:00:00,7.665,7.705,7.639,7.662,254545.91907461
2023-02-19 15:00:00,7.662,7.755,7.604,7.735,513572.40428603
2023-02-19 16:00:00,7.735,7.897,7.474,7.61,1402091.6352032
2023-02-19 17:00:00,7.609,7.654,7.426,7.482,833111.27496365
2023-02-19 18:00:00,7.478,7.62,7.478,7.612,323546.24350733
2023-02-19 19:00:00,7.611,7.645,7.547,7.554,256975.11670814
2023-02-19 20:00:00,7.554,7.602,7.483,7.602,461744.48324566
2023-02-19 21:00:00,7.602,7.613,7.52,7.538,175647.78042135
2023-02-19 22:00:00,7.538,7.543,7.477,7.486,113115.70016614
2023-02-19 23:00:00,7.487,7.525,7.414,7.445,264799.17476667
2023-02-20 00:00:00,7.446,7.526,7.446,7.464,172484.7995444
2023-02-20 01:00:00,7.464,7.467,7.246,7.403,724647.87905896
2023-02-20 02:00:00,7.404,7.503,7.383,7.484,273003.85728228
2023-02-20 03:00:00,7.484,7.508,7.447,7.5,170660.70470784
2023-02-20 04:00:00,7.501,7.537,7.488,7.515,192825.54835383
2023-02-20 05:00:00,7.516,7.516,7.443,7.481,161985.0638804
2023-02-20 06:00:00,7.48,7.54,7.459,7.525,112968.49978405
2023-02-20 07:00:00,7.523,7.547,7.493,7.504,196639.00438354
2023-02-20 08:00:00,7.505,7.523,7.426,7.449,169808.25182989
2023-02-20 09:00:00,7.45,7.528,7.412,7.504,367481.44205658
2023-02-20 10:00:00,7.504,7.545,7.484,7.523,204098.90815779
2023-02-20 11:00:00,7.523,7.567,7.511,7.542,204937.85681532
2023-02-20 12:00:00,7.544,7.575,7.452,7.493,256470.27751092
2023-02-20 13:00:00,7.492,7.518,7.484,7.509,99024.94730945
2023-02-20 14:00:00,7.507,7.542,7.457,7.527,382969.34885539
2023-02-20 15:00:00,7.526,7.556,7.501,7.513,237930.24088688
2023-02-20 16:00:00,7.516,7.516,7.383,7.488,490398.44290793
2023-02-20 17:00:00,7.489,7.567,7.466,7.47,294999.45379398
2023-02-20 18:00:00,7.472,7.492,7.441,7.467,262246.52809315
2023-02-20 19:00:00,7.465,7.523,7.459,7.518,214247.05466001
2023-02-20 20:00:00,7.519,7.528,7.481,7.499,179101.61945834
2023-02-20 21:00:00,7.5,7.537,7.485,7.498,84178.10714755
2023-02-20 22:00:00,7.499,7.553,7.487,7.518,47278.44193375
2023-02-20 23:00:00,7.517,7.572,7.511,7.558,127178.10505562
2023-02-21 00:00:00,7.558,7.578,7.493,7.505,173995.71552343
2023-02-21 01:00:00,7.505,7.531,7.446,7.48,212550.83645708
2023-02-21 02:00:00,7.479,7.529,7.461,7.471,148023.45056076
2023-02-21 03:00:00,7.471,7.508,7.446,7.462,73266.812619
2023-02-21 04:00:00,7.461,7.473,7.423,7.435,66398.32076634
2023-02-21 05:00:00,7.435,7.473,7.43,7.468,50400.68123968
2023-02-21 06:00:00,7.468,7.506,7.463,7.506,96992.19308023
2023-02-21 07:00:00,7.506,7.506,7.459,7.482,73386.67087586
2023-02-21 08:00:00,7.484,7.538,7.25,7.313,631736.51762324
2023-02-21 09:00:00,7.311,7.384,7.277,7.358,212188.07866187
2023-02-21 10:00:00,7.355,7.355,7.244,7.287,259781.23616718
2023-02-21 11:00:00,7.287,7.326,7.256,7.287,252859.99188907
2023-02-21 12:00:00,7.287,7.355,7.278,7.335,193120.97972262
2023-02-21 13:00:00,7.335,7.353,7.242,7.281,218457.65519283
2023-02-21 14:00:00,7.281,7.357,7.27,7.307,216252.86466365
2023-02-21 15:00:00,7.307,7.327,7.243,7.275,211209.60444045
2023-02-21 16:00:00,7.276,7.291,7.222,7.246,327807.33149881
2023-02-21 17:00:00,7.247,7.348,7.231,7.344,154741.80774903
2023-02-21 18:00:00,7.346,7.37,7.321,7.363,93816.38352766
2023-02-21 19:00:00,7.365,7.366,7.287,7.311,127667.53093752
2023-02-21 20:00:00,7.312,7.321,7.263,7.264,204256.33895113
2023-02-21 21:00:00,7.264,7.276,7.116,7.139,759350.58570707
2023-02-21 22:00:00,7.138,7.219,7.129,7.219,139099.08154689
2023-02-21 23:00:00,7.219,7.259,7.202,7.254,107847.03504731
2023-02-22 00:00:00,7.255,7.275,7.194,7.25,160841.73254815
2023-02-22 01:00:00,7.249,7.257,7.123,7.162,240903.78686221
2023-02-22 02:00:00,7.162,7.168,7.033,7.147,886409.24886121
2023-02-22 03:00:00,7.147,7.203,7.134,7.196,130460.32737521
2023-02-22 04:00:00,7.196,7.2,7.139,7.186,168347.44257225
2023-02-22 05:00:00,7.187,7.187,7.119,7.159,192709.58647806
2023-02-22 06:00:00,7.158,7.165,7.061,7.077,411999.86848141
2023-02-22 07:00:00,7.078,7.131,7.048,7.119,292607.44634155
2023-02-22 08:00:00,7.119,7.127,6.959,7.003,634249.92707888
2023-02-22 09:00:00,7.003,7.097,6.979,7.065,455142.76810563
2023-02-22 10:00:00,7.064,7.146,7.061,7.125,296782.4652546
2023-02-22 11:00:00,7.125,7.147,7.059,7.102,313531.53222393
2023-02-22 12:00:00,7.103,7.137,7.073,7.094,176763.99454057
2023-02-22 13:00:00,7.095,7.12,7.057,7.102,173450.53255402
2023-02-22 14:00:00,7.103,7.103,7.004,7.025,340873.52862767
2023-02-22 15:00:00,7.026,7.039,6.877,6.927,928082.3810741
2023-02-22 16:00:00,6.926,6.952,6.886,6.922,650297.36058818
2023-02-22 17:00:00,6.923,7.016,6.916,6.995,364934.58404184
2023-02-22 18:00:00,6.994,7.034,6.985,7.002,146750.2956901
2023-02-22 19:00:00,7.002,7.094,6.983,7.035,577593.27691694
2023-02-22 20:00:00,7.036,7.068,7.008,7.03,135063.42852427
2023-02-22 21:00:00,7.032,7.067,7.022,7.055,73242.33624152
2023-02-22 22:00:00,7.057,7.149,7.052,7.149,73704.59203551
2023-02-22 23:00:00,7.148,7.186,7.14,7.184,137920.62266148
2023-02-23 00:00:00,7.185,7.225,7.167,7.201,151045.1577973
2023-02-23 01:00:00,7.203,7.251,7.2,7.233,142308.46803521
2023-02-23 02:00:00,7.233,7.347,7.233,7.34,261715.64512009
2023-02-23 03:00:00,7.341,7.361,7.327,7.329,131563.09961516
2023-02-23 04:00:00,7.33,7.382,7.313,7.38,133807.50943761
2023-02-23 05:00:00,7.38,7.383,7.302,7.306,232827.07595139
2023-02-23 06:00:00,7.306,7.334,7.265,7.298,103772.64201461
2023-02-23 07:00:00,7.299,7.344,7.294,7.321,102337.34312915
2023-02-23 08:00:00,7.321,7.336,7.283,7.284,75398.09167246
2023-02-23 09:00:00,7.285,7.302,7.252,7.265,108631.28552372
2023-02-23 10:00:00,7.264,7.324,7.258,7.312,112491.69459596
2023-02-23 11:00:00,7.312,7.312,7.121,7.161,566318.7037947
2023-02-23 12:00:00,7.16,7.266,7.127,7.259,270698.9374818
2023-02-23 13:00:00,7.259,7.33,7.22,7.265,385653.93468413
2023-02-23 14:00:00,7.264,7.299,7.217,7.226,256754.68033832
2023-02-23 15:00:00,7.227,7.243,7.186,7.209,203684.02044559
2023-02-23 16:00:00,7.209,7.215,7.138,7.139,196278.66643241
2023-02-23 17:00:00,7.141,7.178,7.102,7.121,188598.56819335
2023-02-23 18:00:00,7.121,7.136,7.044,7.092,195647.70689187
2023-02-23 19:00:00,7.09,7.148,7.075,7.119,90802.27187125
2023-02-23 20:00:00,7.117,7.162,7.111,7.118,73796.89844464
2023-02-23 21:00:00,7.12,7.143,7.058,7.058,93838.90628767
2023-02-23 22:00:00,7.059,7.073,7.02,7.071,74246.39335285
2023-02-23 23:00:00,7.07,7.099,7.054,7.097,43555.10877986
2023-02-24 00:00:00,7.099,7.125,7.056,7.096,120763.67279777
2023-02-24 01:00:00,7.096,7.149,7.091,7.092,105712.85422786
2023-02-24 02:00:00,7.092,7.116,7.062,7.069,88432.63005544
2023-02-24 03:00:00,7.069,7.082,7.049,7.053,44536.13856425
2023-02-24 04:00:00,7.053,7.076,7.045,7.054,68096.96223057
2023-02-24 05:00:00,7.054,7.056,7.011,7.036,99581.49632916
2023-02-24 06:00:00,7.036,7.088,7.016,7.077,98228.11867663
2023-02-24 07:00:00,7.077,7.08,7.033,7.053,75960.8973604
2023-02-24 08:00:00,7.054,7.073,7.016,7.056,107852.503251
2023-02-24 09:00:00,7.056,7.066,6.995,7.004,139077.53419894
2023-02-24 10:00:00,7.004,7.011,6.921,7.009,210686.06205091
2023-02-24 11:00:00,7.008,7.03,6.991,7.01,88012.20598838
2023-02-24 12:00:00,7.009,7.045,6.988,7.006,165915.42871045
2023-02-24 13:00:00,7.004,7.01,6.915,6.94,429565.22548128
2023-02-24 14:00:00,6.94,6.966,6.904,6.944,367048.78345353
2023-02-24 15:00:00,6.944,6.955,6.7,6.715,1202615.14528551
2023-02-24 16:00:00,6.715,6.731,6.536,6.636,1786814.3428335
2023-02-24 17:00:00,6.635,6.659,6.597,6.622,443262.18721097
2023-02-24 18:00:00,6.621,6.648,6.59,6.625,223956.03438967
2023-02-24 19:00:00,6.624,6.65,6.524,6.648,701606.58173657
2023-02-24 20:00:00,6.647,6.69,6.616,6.637,458290.60102776
2023-02-24 21:00:00,6.636,6.636,6.505,6.529,255653.24152861
2023-02-24 22:00:00,6.528,6.56,6.469,6.558,180828.46931901
2023-02-24 23:00:00,6.556,6.624,6.531,6.616,275306.21077972
2023-02-25 00:00:00,6.616,6.636,6.605,6.63,56993.33247731
2023-02-25 01:00:00,6.629,6.645,6.616,6.635,39202.05477602
2023-02-25 02:00:00,6.636,6.653,6.589,6.622,89553.70699873
2023-02-25 03:00:00,6.624,6.634,6.609,6.612,31262.91203182
2023-02-25 04:00:00,6.611,6.615,6.586,6.595,62014.21657869
2023-02-25 05:00:00,6.596,6.596,6.532,6.554,63449.21869067
2023-02-25 06:00:00,6.555,6.605,6.555,6.599,39235.48819604
2023-02-25 07:00:00,6.599,6.603,6.581,6.6,68615.07509309
2023-02-25 08:00:00,6.603,6.643,6.601,6.628,104473.31756297
2023-02-25 09:00:00,6.629,6.631,6.586,6.602,84380.40274529
2023-02-25 10:00:00,6.602,6.602,6.547,6.55,157890.56829892
2023-02-25 11:00:00,6.551,6.597,6.547,6.59,124049.55128854
2023-02-25 12:00:00,6.589,6.598,6.521,6.598,333090.75605891
2023-02-25 13:00:00,6.598,6.618,6.574,6.593,119834.14100169
2023-02-25 14:00:00,6.593,6.601,6.57,6.58,227329.42723823
2023-02-25 15:00:00,6.581,6.598,6.549,6.571,119934.67482241
2023-02-25 16:00:00,6.571,6.608,6.556,6.562,91705.68036278
2023-02-25 17:00:00,6.561,6.577,6.551,6.564,71961.02670815
2023-02-25 18:00:00,6.563,6.565,6.447,6.459,219361.86647505
2023-02-25 19:00:00,6.46,6.495,6.412,6.466,292652.11565995
2023-02-25 20:00:00,6.465,6.479,6.338,6.423,555316.10104576
2023-02-25 21:00:00,6.423,6.424,6.335,6.379,296558.09862877
2023-02-25 22:00:00,6.377,6.511,6.372,6.507,149292.80572755
2023-02-25 23:00:00,6.505,6.545,6.491,6.544,77537.65029264
2023-02-26 00:00:00,6.543,6.543,6.5,6.512,107437.30780994
2023-02-26 01:00:00,6.512,6.532,6.499,6.526,37286.65012864
2023-02-26 02:00:00,6.526,6.593,6.509,6.589,151515.66963391
2023-02-26 03:00:00,6.588,6.616,6.567,6.605,66253.43910848
2023-02-26 04:00:00,6.606,6.617,6.567,6.578,38558.96631698
2023-02-26 05:00:00,6.578,6.586,6.563,6.563,19286.26742612
2023-02-26 06:00:00,6.563,6.571,6.541,6.57,24456.13521445
2023-02-26 07:00:00,6.571,6.603,6.56,6.579,95607.94289914
2023-02-26 08:00:00,6.579,6.585,6.557,6.585,22186.71771935
2023-02-26 09:00:00,6.586,6.615,6.583,6.607,97356.99408561
2023-02-26 10:00:00,6.607,6.609,6.594,6.597,37373.59906909
2023-02-26 11:00:00,6.599,6.605,6.576,6.595,36901.62509919
2023-02-26 12:00:00,6.595,6.599,6.537,6.548,43132.23737089
2023-02-26 13:00:00,6.549,6.575,6.535,6.575,145136.60097277
2023-02-26 14:00:00,6.574,6.61,6.558,6.575,110622.53370054
2023-02-26 15:00:00,6.574,6.605,6.574,6.604,36210.82017743
2023-02-26 16:00:00,6.603,6.609,6.576,6.583,82244.65012092
2023-02-26 17:00:00,6.584,6.609,6.558,6.609,26482.71179613
2023-02-26 18:00:00,6.609,6.693,6.601,6.679,175309.71461014
2023-02-26 19:00:00,6.68,6.701,6.65,6.693,69814.41441222
2023-02-26 20:00:00,6.692,6.726,6.681,6.707,133247.64171817
2023-02-26 21:00:00,6.705,6.707,6.678,6.693,169922.69084374
2023-02-26 22:00:00,6.692,6.692,6.612,6.645,99074.46362342
2023-02-26 23:00:00,6.644,6.693,6.638,6.691,130764.07361567
2023-02-27 00:00:00,6.691,6.691,6.663,6.674,84483.18972682
2023-02-27 01:00:00,6.674,6.674,6.642,6.672,60802.25524605
2023-02-27 02:00:00,6.673,6.7,6.669,6.675,41897.63862346
2023-02-27 03:00:00,6.676,6.707,6.662,6.666,100464.09582544
2023-02-27 04:00:00,6.667,6.67,6.618,6.638,142174.03134888
2023-02-27 05:00:00,6.638,6.644,6.59,6.603,150866.2225002
2023-02-27 06:00:00,6.604,6.625,6.587,6.612,75501.34902581
2023-02-27 07:00:00,6.612,6.632,6.609,6.611,61635.26142488
2023-02-27 08:00:00,6.612,6.625,6.564,6.566,152876.52719148
2023-02-27 09:00:00,6.565,6.597,6.544,6.587,107129.30371981
2023-02-27 10:00:00,6.587,6.591,6.545,6.566,81163.22574458
2023-02-27 11:00:00,6.565,6.614,6.563,6.605,48740.30218928
2023-02-27 12:00:00,6.605,6.616,6.575,6.592,59644.23442276
2023-02-27 13:00:00,6.593,6.728,6.593,6.716,242817.40624908
2023-02-27 14:00:00,6.717,6.745,6.702,6.738,174830.29095541
2023-02-27 15:00:00,6.738,6.782,6.657,6.69,379193.450892
2023-02-27 16:00:00,6.692,6.706,6.592,6.645,394113.14184582
2023-02-27 17:00:00,6.644,6.644,6.586,6.607,113790.9938216
2023-02-27 18:00:00,6.606,6.615,6.487,6.528,437387.09417011
2023-02-27 19:00:00,6.528,6.559,6.508,6.527,118796.1766619
2023-02-27 20:00:00,6.526,6.548,6.489,6.547,208810.39613345
2023-02-27 21:00:00,6.547,6.563,6.54,6.556,88072.85354876
2023-02-27 22:00:00,6.555,6.592,6.54,6.578,66990.3774656
2023-02-27 23:00:00,6.578,6.614,6.574,6.588,96897.75363662
2023-02-28 00:00:00,6.586,6.6,6.551,6.556,117647.99145153
2023-02-28 01:00:00,6.557,6.572,6.531,6.557,89237.84275054
2023-02-28 02:00:00,6.556,6.557,6.525,6.547,42762.65478541
2023-02-28 03:00:00,6.548,6.591,6.547,6.585,83179.03855089
2023-02-28 04:00:00,6.585,6.59,6.536,6.554,54279.80378419
2023-02-28 05:00:00,6.553,6.568,6.535,6.538,37443.54651655
2023-02-28 06:00:00,6.537,6.553,6.526,6.533,38171.91578455
2023-02-28 07:00:00,6.534,6.539,6.443,6.445,326608.9279541
2023-02-28 08:00:00,6.445,6.469,6.427,6.445,179707.33947667
2023-02-28 09:00:00,6.445,6.474,6.431,6.441,126833.1573424
2023-02-28 10:00:00,6.441,6.481,6.42,6.474,132436.0919264
2023-02-28 11:00:00,6.473,6.479,6.444,6.47,45733.02936024
2023-02-28 12:00:00,6.471,6.52,6.467,6.5,85041.15119008
2023-02-28 13:00:00,6.501,6.512,6.461,6.466,92793.96910764
2023-02-28 14:00:00,6.467,6.513,6.435,6.449,183006.30159983
2023-02-28 15:00:00,6.45,6.491,6.433,6.482,98528.05490483
2023-02-28 16:00:00,6.482,6.509,6.436,6.443,119901.99615604
2023-02-28 17:00:00,6.441,6.492,6.44,6.485,77238.2623244
2023-02-28 18:00:00,6.484,6.498,6.443,6.465,53713.02992194
2023-02-28 19:00:00,6.465,6.467,6.362,6.388,191870.62751873
2023-02-28 20:00:00,6.389,6.426,6.363,6.4,95696.66234101
2023-02-28 21:00:00,6.4,6.4,6.274,6.312,358732.20345374
2023-02-28 22:00:00,6.313,6.361,6.3,6.35,83570.53595864
2023-02-28 23:00:00,6.348,6.368,6.335,6.35,157626.29065636
2023-03-01 00:00:00,6.348,6.395,6.317,6.341,200061.57698034
2023-03-01 01:00:00,6.343,6.424,6.338,6.406,155856.24011396
2023-03-01 02:00:00,6.406,6.462,6.406,6.452,84969.00052541
2023-03-01 03:00:00,6.454,6.528,6.449,6.526,144786.45492624
2023-03-01 04:00:00,6.527,6.586,6.516,6.577,179400.71715515
2023-03-01 05:00:00,6.579,6.594,6.528,6.54,119462.81040554
2023-03-01 06:00:00,6.541,6.558,6.53,6.543,82692.51095837
2023-03-01 07:00:00,6.543,6.559,6.536,6.539,50200.05690939
2023-03-01 08:00:00,6.538,6.602,6.527,6.564,146175.55231443
2023-03-01 09:00:00,6.563,6.571,6.53,6.536,78090.97853952
2023-03-01 10:00:00,6.535,6.555,6.526,6.555,78083.2874528
2023-03-01 11:00:00,6.554,6.554,6.535,6.549,59069.23854124
2023-03-01 12:00:00,6.55,6.557,6.529,6.539,52723.26404202
2023-03-01 13:00:00,6.539,6.542,6.488,6.512,88902.24833519
2023-03-01 14:00:00,6.511,6.574,6.482,6.521,276293.65077833
2023-03-01 15:00:00,6.521,6.545,6.485,6.528,162424.03058594
2023-03-01 16:00:00,6.526,6.526,6.444,6.485,139961.94938841
2023-03-01 17:00:00,6.485,6.485,6.457,6.46,72725.38319197
2023-03-01 18:00:00,6.46,6.464,6.433,6.448,42479.19806379
2023-03-01 19:00:00,6.448,6.455,6.38,6.395,182337.57847252
2023-03-01 20:00:00,6.393,6.441,6.384,6.431,87694.13710221
2023-03-01 21:00:00,6.431,6.495,6.421,6.484,102276.8664882
2023-03-01 22:00:00,6.483,6.492,6.461,6.488,74020.56311919
2023-03-01 23:00:00,6.488,6.54,6.479,6.535,104910.62860146
2023-03-02 00:00:00,6.534,6.56,6.477,6.478,172603.1601903
2023-03-02 01:00:00,6.479,6.49,6.391,6.428,138341.77318138
2023-03-02 02:00:00,6.428,6.442,6.364,6.387,94477.72909851
2023-03-02 03:00:00,6.387,6.405,6.352,6.401,117999.8285063
2023-03-02 04:00:00,6.4,6.439,6.394,6.439,30714.79164835
2023-03-02 05:00:00,6.438,6.438,6.389,6.398,83843.22910756
2023-03-02 06:00:00,6.399,6.405,6.366,6.396,52682.4720194
2023-03-02 07:00:00,6.394,6.404,6.373,6.391,46626.30772993
2023-03-02 08:00:00,6.39,6.404,6.357,6.393,121973.92287411
2023-03-02 09:00:00,6.394,6.406,6.371,6.371,81431.45719078
2023-03-02 10:00:00,6.371,6.385,6.337,6.362,91449.05094991
2023-03-02 11:00:00,6.362,6.375,6.35,6.361,48178.66802473
2023-03-02 12:00:00,6.36,6.372,6.307,6.335,137992.18326665
2023-03-02 13:00:00,6.335,6.346,6.266,6.278,230380.03019671
2023-03-02 14:00:00,6.279,6.293,6.223,6.275,379657.29014633
2023-03-02 15:00:00,6.274,6.314,6.273,6.313,78483.51940518
2023-03-02 16:00:00,6.311,6.32,6.256,6.264,84701.95367653
2023-03-02 17:00:00,6.264,6.285,6.258,6.263,45757.13605057
2023-03-02 18:00:00,6.262,6.316,6.255,6.316,101598.98479809
2023-03-02 19:00:00,6.315,6.343,6.292,6.328,91604.93935028
2023-03-02 20:00:00,6.33,6.338,6.299,6.301,75620.98819392
2023-03-02 21:00:00,6.303,6.31,6.272,6.272,54354.34092251
2023-03-02 22:00:00,6.272,6.334,6.271,6.316,40730.60253599
2023-03-02 23:00:00,6.316,6.336,6.309,6.336,68030.85909355
2023-03-03 00:00:00,6.336,6.34,6.3,6.312,93522.08122851
2023-03-03 01:00:00,6.314,6.32,5.772,5.859,3665586.57760522
2023-03-03 02:00:00,5.86,5.953,5.841,5.948,719933.63146575
2023-03-03 03:00:00,5.947,6.05,5.941,6.043,420908.5957788
2023-03-03 04:00:00,6.043,6.116,6.011,6.07,485501.81224052
2023-03-03 05:00:00,6.071,6.086,6.032,6.05,188014.79299817
2023-03-03 06:00:00,6.05,6.062,6.028,6.032,224659.54477093
2023-03-03 07:00:00,6.032,6.056,6.024,6.044,84686.81024581
2023-03-03 08:00:00,6.043,6.072,6.036,6.072,137465.53178701
2023-03-03 09:00:00,6.072,6.085,6.043,6.046,146486.89127516
2023-03-03 10:00:00,6.048,6.058,6.033,6.035,94261.60232418
2023-03-03 11:00:00,6.034,6.053,6.032,6.036,103007.89767613
2023-03-03 12:00:00,6.034,6.048,6.026,6.032,143212.69568027
2023-03-03 13:00:00,6.03,6.071,6.005,6.063,368146.83980114
2023-03-03 14:00:00,6.062,6.091,6.051,6.053,200988.973368
2023-03-03 15:00:00,6.053,6.065,6.018,6.044,223358.02268211
2023-03-03 16:00:00,6.045,6.062,6.036,6.062,77024.72326358
2023-03-03 17:00:00,6.061,6.076,6.053,6.068,72009.46679209
2023-03-03 18:00:00,6.068,6.073,6.02,6.035,178191.01456969
2023-03-03 19:00:00,6.036,6.05,6.023,6.044,64643.05263026
2023-03-03 20:00:00,6.045,6.058,6.031,6.039,59911.80142511
2023-03-03 21:00:00,6.037,6.038,5.982,6.003,304322.92937856
2023-03-03 22:00:00,6.004,6.027,5.991,6.026,45706.75057918
2023-03-03 23:00:00,6.025,6.042,6.021,6.039,40075.03936639
2023-03-04 00:00:00,6.04,6.049,6.012,6.04,65378.09971088
2023-03-04 01:00:00,6.04,6.057,6.008,6.01,56866.20262162
2023-03-04 02:00:00,6.011,6.016,5.978,5.981,114079.33042127
2023-03-04 03:00:00,5.98,5.988,5.969,5.976,52657.88312779
2023-03-04 04:00:00,5.975,5.988,5.947,5.966,59300.44539643
2023-03-04 05:00:00,5.966,5.974,5.911,5.941,94551.16515784
2023-03-04 06:00:00,5.94,6.0,5.934,5.991,62211.64085194
2023-03-04 07:00:00,5.99,5.998,5.987,5.989,26423.75974519
2023-03-04 08:00:00,5.988,6.006,5.977,5.999,53548.04096166
2023-03-04 09:00:00,5.997,6.02,5.997,6.012,33467.66375359
2023-03-04 10:00:00,6.013,6.034,6.005,6.016,60918.40836365
2023-03-04 11:00:00,6.015,6.021,5.99,6.011,53372.0079867
2023-03-04 12:00:00,6.012,6.02,5.99,6.013,54388.09422485
2023-03-04 13:00:00,6.013,6.019,5.992,5.994,59156.32711593
2023-03-04 14:00:00,5.994,6.004,5.978,5.991,46275.6178764
2023-03-04 15:00:00,5.991,6.011,5.971,5.971,50784.47669213
2023-03-04 16:00:00,5.971,5.981,5.959,5.978,93184.73807092
2023-03-04 17:00:00,5.978,5.984,5.961,5.962,71879.61402396
2023-03-04 18:00:00,5.962,5.963,5.913,5.955,166727.53778143
2023-03-04 19:00:00,5.954,5.959,5.864,5.885,343801.04927551
2023-03-04 20:00:00,5.883,5.883,5.78,5.843,323570.00216994
2023-03-04 21:00:00,5.844,5.845,5.726,5.779,513529.79562533
2023-03-04 22:00:00,5.778,5.902,5.765,5.859,215030.11642281
2023-03-04 23:00:00,5.859,5.918,5.854,5.918,79079.6458652
2023-03-05 00:00:00,5.917,5.954,5.896,5.95,86357.76139674
2023-03-05 01:00:00,5.952,6.028,5.936,6.011,365615.60917562
2023-03-05 02:00:00,6.013,6.039,5.884,5.976,332372.227007
2023-03-05 03:00:00,5.977,6.018,5.976,5.998,44792.12588655
2023-03-05 04:00:00,5.999,6.022,5.999,6.004,67102.20257453
2023-03-05 05:00:00,6.004,6.005,5.978,5.979,37687.66554614
2023-03-05 06:00:00,5.979,5.99,5.967,5.988,31771.69037313
2023-03-05 07:00:00,5.988,5.988,5.963,5.979,44318.98823166
2023-03-05 08:00:00,5.978,5.991,5.95,5.953,53517.8385895
2023-03-05 09:00:00,5.954,5.998,5.944,5.986,85598.06543067
2023-03-05 10:00:00,5.984,6.012,5.984,6.011,53343.01351499
2023-03-05 11:00:00,6.012,6.022,5.997,6.008,38095.69214325
2023-03-05 12:00:00,6.008,6.034,6.006,6.03,53492.23114465
2023-03-05 13:00:00,6.03,6.061,6.02,6.044,109192.19693216
2023-03-05 14:00:00,6.044,6.051,6.021,6.023,56881.578566
2023-03-05 15:00:00,6.023,6.048,6.022,6.038,51666.27174745
2023-03-05 16:00:00,6.038,6.038,6.023,6.027,33949.26905147
2023-03-05 17:00:00,6.028,6.029,6.0,6.0,44086.9164981
2023-03-05 18:00:00,5.999,6.013,5.993,6.006,30895.21340943
2023-03-05 19:00:00,6.007,6.018,5.989,6.017,64736.24361346
2023-03-05 20:00:00,6.016,6.027,6.008,6.017,65645.89746312
2023-03-05 21:00:00,6.017,6.046,5.965,6.021,164836.46171571
2023-03-05 22:00:00,6.02,6.02,5.967,5.982,76858.73485149
2023-03-05 23:00:00,5.982,5.988,5.931,5.973,180398.88701947
2023-03-06 00:00:00,5.973,5.991,5.94,5.966,147135.04328072
2023-03-06 01:00:00,5.967,5.992,5.888,5.9,474366.77657132
2023-03-06 02:00:00,5.899,5.921,5.856,5.917,506652.02813713
2023-03-06 03:00:00,5.917,5.935,5.912,5.93,95084.88266983
2023-03-06 04:00:00,5.93,5.944,5.903,5.905,182210.22921371
2023-03-06 05:00:00,5.906,5.913,5.875,5.91,168124.062233
2023-03-06 06:00:00,5.909,5.942,5.909,5.928,95021.57612302
2023-03-06 07:00:00,5.928,5.942,5.916,5.927,76097.13605543
2023-03-06 08:00:00,5.927,5.943,5.891,5.942,121275.80360218
2023-03-06 09:00:00,5.942,5.945,5.924,5.941,96096.88080794
2023-03-06 10:00:00,5.942,5.968,5.934,5.956,148053.55056561
2023-03-06 11:00:00,5.956,5.961,5.922,5.927,114866.10463221
2023-03-06 12:00:00,5.928,5.947,5.906,5.943,128427.48153869
2023-03-06 13:00:00,5.943,6.005,5.933,5.982,198403.6774051
2023-03-06 14:00:00,5.983,6.003,5.96,5.996,207639.49588449
2023-03-06 15:00:00,5.997,6.038,5.975,6.029,237346.41023422
2023-03-06 16:00:00,6.029,6.039,5.985,6.006,181758.58763446
2023-03-06 17:00:00,6.006,6.006,5.984,5.986,51171.34475885
2023-03-06 18:00:00,5.987,6.001,5.984,5.986,67085.96952322
2023-03-06 19:00:00,5.987,5.993,5.942,5.954,199533.74071403
2023-03-06 20:00:00,5.955,5.956,5.908,5.909,188857.81501959
2023-03-06 21:00:00,5.908,5.939,5.89,5.923,94567.47278716
2023-03-06 22:00:00,5.922,5.933,5.918,5.931,34051.41688579
2023-03-06 23:00:00,5.93,5.933,5.909,5.919,92291.50128929
2023-03-07 00:00:00,5.918,5.922,5.883,5.905,192453.19996935
2023-03-07 01:00:00,5.907,5.992,5.907,5.97,170490.52713571
2023-03-07 02:00:00,5.97,5.996,5.963,5.985,65044.5655639
2023-03-07 03:00:00,5.986,6.015,5.947,5.954,89278.00221769
2023-03-07 04:00:00,5.955,5.961,5.941,5.952,45488.29379254
2023-03-07 05:00:00,5.952,5.957,5.936,5.955,20458.62651119
2023-03-07 06:00:00,5.954,5.955,5.92,5.933,35501.24313782
2023-03-07 07:00:00,5.932,5.943,5.916,5.923,55364.53107361
2023-03-07 08:00:00,5.924,5.933,5.917,5.931,22916.8018832
2023-03-07 09:00:00,5.93,5.931,5.869,5.878,127904.88710892
2023-03-07 10:00:00,5.878,5.9,5.822,5.83,292712.03960747
2023-03-07 11:00:00,5.829,5.844,5.812,5.815,201785.14570158
2023-03-07 12:00:00,5.816,5.854,5.806,5.848,120052.97416807
2023-03-07 13:00:00,5.846,5.85,5.814,5.819,73388.76285261
2023-03-07 14:00:00,5.818,5.854,5.787,5.837,325566.47247459
2023-03-07 15:00:00,5.835,5.886,5.734,5.855,1607292.41617583
2023-03-07 16:00:00,5.854,5.883,5.798,5.82,398085.03377164
2023-03-07 17:00:00,5.821,5.903,5.815,5.888,159818.22128231
2023-03-07 18:00:00,5.887,5.901,5.837,5.845,129362.75654866
2023-03-07 19:00:00,5.844,5.852,5.8,5.81,114231.95846532
2023-03-07 20:00:00,5.808,5.817,5.772,5.781,200436.98116532
2023-03-07 21:00:00,5.779,5.798,5.74,5.787,125108.1134062
2023-03-07 22:00:00,5.787,5.798,5.74,5.797,66514.01274773
2023-03-07 23:00:00,5.795,5.857,5.791,5.843,100509.78349823
2023-03-08 00:00:00,5.843,5.941,5.843,5.891,130242.87203429
2023-03-08 01:00:00,5.892,5.902,5.846,5.848,101865.9699491
2023-03-08 02:00:00,5.849,5.869,5.834,5.835,36597.85789749
2023-03-08 03:00:00,5.835,5.848,5.802,5.83,72321.64016544
2023-03-08 04:00:00,5.83,5.842,5.816,5.823,36348.26220869
2023-03-08 05:00:00,5.823,5.823,5.62,5.653,713782.24832355
2023-03-08 06:00:00,5.652,5.709,5.626,5.706,227587.27244833
2023-03-08 07:00:00,5.706,5.717,5.683,5.689,70193.27222735
2023-03-08 08:00:00,5.69,5.727,5.676,5.711,65694.84255299
2023-03-08 09:00:00,5.711,5.725,5.697,5.714,107140.90869995
2023-03-08 10:00:00,5.714,5.742,5.699,5.732,108405.84726669
2023-03-08 11:00:00,5.732,5.735,5.688,5.697,104256.70152577
2023-03-08 12:00:00,5.698,5.707,5.669,5.68,77263.25281666
2023-03-08 13:00:00,5.678,5.692,5.591,5.62,422752.66629767
2023-03-08 14:00:00,5.622,5.628,5.557,5.589,714765.76813109
2023-03-08 15:00:00,5.59,5.689,5.545,5.677,845330.33888915
2023-03-08 16:00:00,5.675,5.704,5.628,5.675,322610.78370274
2023-03-08 17:00:00,5.675,5.71,5.659,5.659,93797.52859944
2023-03-08 18:00:00,5.66,5.681,5.618,5.65,206758.21439352
2023-03-08 19:00:00,5.65,5.704,5.636,5.683,182730.3210144
2023-03-08 20:00:00,5.683,5.763,5.655,5.734,374883.55978467
2023-03-08 21:00:00,5.735,5.751,5.63,5.664,224846.70305774
2023-03-08 22:00:00,5.665,5.667,5.496,5.56,441569.73429246
2023-03-08 23:00:00,5.558,5.61,5.52,5.594,641904.67825055
2023-03-09 00:00:00,5.593,5.616,5.557,5.589,248433.13284384
2023-03-09 01:00:00,5.589,5.611,5.562,5.591,150849.99186957
2023-03-09 02:00:00,5.592,5.645,5.592,5.634,103730.66131563
2023-03-09 03:00:00,5.633,5.646,5.619,5.631,58187.6025278
2023-03-09 04:00:00,5.633,5.639,5.621,5.632,83246.05058434
2023-03-09 05:00:00,5.634,5.652,5.623,5.629,63707.27086863
2023-03-09 06:00:00,5.628,5.662,5.623,5.658,54612.7998155
2023-03-09 07:00:00,5.657,5.659,5.593,5.607,95724.66025547
2023-03-09 08:00:00,5.607,5.624,5.558,5.617,267795.30418481
2023-03-09 09:00:00,5.617,5.628,5.599,5.615,136927.75209594
2023-03-09 10:00:00,5.615,5.644,5.6,5.641,87682.61852093
2023-03-09 11:00:00,5.641,5.698,5.638,5.68,107072.68904552
2023-03-09 12:00:00,5.681,5.713,5.665,5.69,88866.74806628
2023-03-09 13:00:00,5.691,5.751,5.658,5.744,350862.46295847
2023-03-09 14:00:00,5.742,5.79,5.74,5.755,296506.1358092
2023-03-09 15:00:00,5.756,5.781,5.719,5.737,179696.28957565
2023-03-09 16:00:00,5.736,5.796,5.694,5.714,465182.50532822
2023-03-09 17:00:00,5.715,5.74,5.693,5.707,194357.4430151
2023-03-09 18:00:00,5.706,5.71,5.593,5.617,1187145.57529379
2023-03-09 19:00:00,5.617,5.617,5.457,5.492,1083194.15267221
2023-03-09 20:00:00,5.491,5.494,5.233,5.272,3413619.32586308
2023-03-09 21:00:00,5.274,5.406,5.274,5.337,948261.11205743
2023-03-09 22:00:00,5.335,5.403,5.309,5.309,317521.78968513
2023-03-09 23:00:00,5.31,5.389,5.293,5.382,410155.83772377
2023-03-10 00:00:00,5.383,5.385,5.304,5.327,493266.64328922
2023-03-10 01:00:00,5.328,5.433,5.284,5.431,970884.68873183
2023-03-10 02:00:00,5.431,5.453,5.402,5.408,213621.38281518
2023-03-10 03:00:00,5.41,5.417,5.373,5.377,127155.37886998
2023-03-10 04:00:00,5.376,5.393,5.346,5.39,407193.77814886
2023-03-10 05:00:00,5.389,5.431,5.382,5.415,194820.18132596
2023-03-10 06:00:00,5.415,5.453,5.383,5.399,327435.84141362
2023-03-10 07:00:00,5.4,5.434,5.353,5.378,653823.68490505
2023-03-10 08:00:00,5.378,5.379,5.273,5.316,470845.78586833
2023-03-10 09:00:00,5.317,5.322,5.22,5.23,740163.30598009
2023-03-10 10:00:00,5.23,5.248,5.14,5.215,1643880.81683819
2023-03-10 11:00:00,5.215,5.292,5.214,5.286,422778.50942734
2023-03-10 12:00:00,5.285,5.34,5.263,5.332,510354.80495332
2023-03-10 13:00:00,5.332,5.553,5.321,5.524,1359513.02485341
2023-03-10 14:00:00,5.525,5.56,5.361,5.416,957845.52070801
2023-03-10 15:00:00,5.418,5.48,5.39,5.475,414408.04577274
2023-03-10 16:00:00,5.473,5.546,5.441,5.483,315461.66773454
2023-03-10 17:00:00,5.482,5.511,5.439,5.476,207385.51863934
2023-03-10 18:00:00,5.475,5.526,5.441,5.448,167816.9027522
2023-03-10 19:00:00,5.448,5.535,5.447,5.526,183874.8581281
2023-03-10 20:00:00,5.526,5.551,5.481,5.481,163617.72089169
2023-03-10 21:00:00,5.482,5.525,5.434,5.51,196981.81767791
2023-03-10 22:00:00,5.51,5.572,5.494,5.565,154716.18908874
2023-03-10 23:00:00,5.564,5.593,5.549,5.559,163385.26573465
2023-03-11 00:00:00,5.561,5.597,5.551,5.576,194952.70022173
2023-03-11 01:00:00,5.576,5.722,5.576,5.705,612672.8871611
2023-03-11 02:00:00,5.705,5.717,5.658,5.678,483997.75922265
2023-03-11 03:00:00,5.679,5.679,5.614,5.63,375391.22898901
2023-03-11 04:00:00,5.629,5.63,5.556,5.563,273939.91235935
2023-03-11 05:00:00,5.564,5.601,5.552,5.593,155802.083605
2023-03-11 06:00:00,5.59,5.603,5.513,5.543,243570.02618647
2023-03-11 07:00:00,5.544,5.557,5.304,5.344,1193492.00218794
2023-03-11 08:00:00,5.344,5.448,5.317,5.381,761942.87833023
2023-03-11 09:00:00,5.381,5.426,5.355,5.396,312646.62698569
2023-03-11 10:00:00,5.395,5.409,5.361,5.365,174198.96454217
2023-03-11 11:00:00,5.363,5.369,5.309,5.335,265876.80486062
2023-03-11 12:00:00,5.334,5.371,5.321,5.321,169314.22891659
2023-03-11 13:00:00,5.321,5.359,5.319,5.321,194571.83516276
2023-03-11 14:00:00,5.32,5.368,5.306,5.325,247622.52795579
2023-03-11 15:00:00,5.326,5.341,5.27,5.295,320290.76639425
2023-03-11 16:00:00,5.295,5.375,5.265,5.349,477169.36247155
2023-03-11 17:00:00,5.349,5.411,5.337,5.39,413712.6061979
2023-03-11 18:00:00,5.391,5.422,5.378,5.412,229128.37607621
2023-03-11 19:00:00,5.411,5.439,5.397,5.408,264092.2541987
2023-03-11 20:00:00,5.41,5.512,5.403,5.469,485474.68769309
2023-03-11 21:00:00,5.466,5.48,5.43,5.454,171971.38806696
2023-03-11 22:00:00,5.454,5.48,5.435,5.444,96950.57888932
2023-03-11 23:00:00,5.444,5.513,5.444,5.501,225423.40550585
2023-03-12 00:00:00,5.501,5.502,5.44,5.473,233180.96391973
2023-03-12 01:00:00,5.474,5.511,5.445,5.469,136847.80100792
2023-03-12 02:00:00,5.469,5.49,5.446,5.489,86864.33136934
2023-03-12 03:00:00,5.489,5.53,5.485,5.494,148728.76471385
2023-03-12 04:00:00,5.494,5.517,5.476,5.509,72272.08578496
2023-03-12 05:00:00,5.509,5.549,5.5,5.511,154812.54060902
2023-03-12 06:00:00,5.511,5.529,5.491,5.491,74050.27447412
2023-03-12 07:00:00,5.492,5.519,5.478,5.497,122728.26397558
2023-03-12 08:00:00,5.496,5.525,5.489,5.516,101061.30034649
2023-03-12 09:00:00,5.517,5.55,5.512,5.518,109236.2631478
2023-03-12 10:00:00,5.519,5.532,5.504,5.524,47181.88091245
2023-03-12 11:00:00,5.521,5.533,5.5,5.505,47665.24706851
2023-03-12 12:00:00,5.505,5.505,5.447,5.467,177193.35471892
2023-03-12 13:00:00,5.467,5.505,5.441,5.441,85518.02978777
2023-03-12 14:00:00,5.442,5.466,5.423,5.431,109563.62241501
2023-03-12 15:00:00,5.431,5.455,5.406,5.438,134927.9141788
2023-03-12 16:00:00,5.437,5.479,5.415,5.466,139841.06100789
2023-03-12 17:00:00,5.466,5.643,5.447,5.618,1426931.14393526
2023-03-12 18:00:00,5.62,5.718,5.601,5.684,1080901.4798974
2023-03-12 19:00:00,5.684,5.718,5.625,5.634,621083.45749875
2023-03-12 20:00:00,5.634,5.767,5.631,5.751,644703.09798053
2023-03-12 21:00:00,5.751,5.768,5.723,5.765,185942.97728552
2023-03-12 22:00:00,5.766,5.889,5.72,5.826,1648698.34204699
2023-03-12 23:00:00,5.826,5.938,5.817,5.931,837728.65344021
2023-03-13 00:00:00,5.931,6.079,5.891,6.014,1395996.96686008
2023-03-13 01:00:00,6.015,6.024,5.965,5.97,451374.6585225
2023-03-13 02:00:00,5.971,5.988,5.899,5.932,458382.58094659
2023-03-13 03:00:00,5.932,5.943,5.899,5.9,448430.25436565
2023-03-13 04:00:00,5.902,5.965,5.902,5.936,357911.39280085
2023-03-13 05:00:00,5.936,5.96,5.934,5.939,123724.1649152
2023-03-13 06:00:00,5.939,5.961,5.906,5.932,152787.93812985
2023-03-13 07:00:00,5.934,5.955,5.914,5.928,200122.49486965
2023-03-13 08:00:00,5.925,5.929,5.84,5.842,379815.43951078
2023-03-13 09:00:00,5.842,5.876,5.731,5.755,683782.85510663
2023-03-13 10:00:00,5.754,5.827,5.749,5.817,252639.57239265
2023-03-13 11:00:00,5.817,5.837,5.761,5.794,236737.30954349
2023-03-13 12:00:00,5.792,5.798,5.715,5.762,414226.76844026
2023-03-13 13:00:00,5.763,5.852,5.747,5.82,1048950.04739827
2023-03-13 14:00:00,5.819,6.024,5.804,6.016,1300068.53534469
2023-03-13 15:00:00,6.017,6.135,6.011,6.044,1347756.94490486
2023-03-13 16:00:00,6.045,6.115,5.994,6.053,601213.54056222
2023-03-13 17:00:00,6.052,6.059,5.997,6.039,325162.15950164
2023-03-13 18:00:00,6.04,6.104,6.018,6.097,264376.64572082
2023-03-13 19:00:00,6.098,6.138,6.071,6.094,352077.7664753
2023-03-13 20:00:00,6.094,6.108,6.047,6.086,272572.44497458
2023-03-13 21:00:00,6.088,6.123,6.086,6.107,82183.46303128
2023-03-13 22:00:00,6.107,6.166,6.107,6.16,217910.78081229
2023-03-13 23:00:00,6.159,6.16,6.049,6.117,411528.56217849
2023-03-14 00:00:00,6.118,6.147,6.081,6.097,566338.77632673
2023-03-14 01:00:00,6.097,6.137,6.077,6.121,320993.8337498
2023-03-14 02:00:00,6.121,6.147,6.088,6.092,194114.50751955
2023-03-14 03:00:00,6.091,6.169,6.089,6.164,191095.95590988
2023-03-14 04:00:00,6.162,6.162,6.118,6.153,113567.29339259
2023-03-14 05:00:00,6.154,6.219,6.099,6.149,706996.1291291
2023-03-14 06:00:00,6.15,6.189,6.131,6.139,236437.53938789
2023-03-14 07:00:00,6.141,6.155,6.059,6.069,300736.3204315
2023-03-14 08:00:00,6.07,6.155,6.013,6.119,418527.74759103
2023-03-14 09:00:00,6.117,6.131,6.085,6.125,238373.68264586
2023-03-14 10:00:00,6.125,6.153,6.105,6.14,174828.41982068
2023-03-14 11:00:00,6.138,6.153,6.085,6.109,252038.80659764
2023-03-14 12:00:00,6.108,6.439,6.084,6.387,2819272.19300978
2023-03-14 13:00:00,6.387,6.496,6.347,6.481,1448021.80815449
2023-03-14 14:00:00,6.482,6.534,6.428,6.494,751375.24480507
2023-03-14 15:00:00,6.494,6.561,6.47,6.539,594869.84563362
2023-03-14 16:00:00,6.539,6.553,6.467,6.515,425879.1311274
2023-03-14 17:00:00,6.514,6.525,6.451,6.478,248889.48203666
2023-03-14 18:00:00,6.478,6.509,6.378,6.381,665022.62483421
2023-03-14 19:00:00,6.38,6.46,6.235,6.368,1729631.49654138
2023-03-14 20:00:00,6.368,6.386,6.224,6.239,641207.92793772
2023-03-14 21:00:00,6.24,6.247,6.107,6.215,722716.37562236
2023-03-14 22:00:00,6.216,6.265,6.186,6.265,297001.71107235
2023-03-14 23:00:00,6.264,6.286,6.239,6.249,240648.29065705
2023-03-15 00:00:00,6.249,6.285,6.173,6.261,673294.06303651
2023-03-15 01:00:00,6.259,6.395,6.252,6.329,600320.27480147
2023-03-15 02:00:00,6.329,6.363,6.311,6.323,166667.59378105
2023-03-15 03:00:00,6.325,6.342,6.272,6.312,190230.841154
2023-03-15 04:00:00,6.314,6.358,6.298,6.358,177668.89095433
2023-03-15 05:00:00,6.358,6.393,6.315,6.318,92980.52846879
2023-03-15 06:00:00,6.319,6.332,6.27,6.318,203488.59690857
2023-03-15 07:00:00,6.319,6.348,6.296,6.346,109833.0882649
2023-03-15 08:00:00,6.345,6.353,6.316,6.349,155554.84229718
2023-03-15 09:00:00,6.348,6.373,6.247,6.278,341835.90811954
2023-03-15 10:00:00,6.276,6.328,6.229,6.233,343140.68753851
2023-03-15 11:00:00,6.233,6.237,6.115,6.217,759560.73585951
2023-03-15 12:00:00,6.216,6.273,6.1,6.202,1417009.67271036
2023-03-15 13:00:00,6.202,6.277,6.14,6.147,688000.71339875
2023-03-15 14:00:00,6.146,6.201,6.02,6.113,1399728.98099487
2023-03-15 15:00:00,6.112,6.13,5.951,5.982,1468226.25788434
2023-03-15 16:00:00,5.984,5.994,5.789,5.81,1753788.42571941
2023-03-15 17:00:00,5.809,5.911,5.797,5.909,750750.07361835
2023-03-15 18:00:00,5.909,5.97,5.833,5.97,524979.19283228
2023-03-15 19:00:00,5.97,5.98,5.89,5.932,441229.59594698
2023-03-15 20:00:00,5.935,5.976,5.9,5.941,425913.2850444
2023-03-15 21:00:00,5.939,5.956,5.911,5.926,122394.39543789
2023-03-15 22:00:00,5.928,5.969,5.851,5.86,406297.65822936
2023-03-15 23:00:00,5.859,5.908,5.85,5.901,394299.35858231
2023-03-16 00:00:00,5.899,5.945,5.83,5.833,372830.49768479
2023-03-16 01:00:00,5.836,5.889,5.772,5.874,451191.33536601
2023-03-16 02:00:00,5.874,5.959,5.865,5.95,141273.27709774
2023-03-16 03:00:00,5.949,5.959,5.904,5.932,98527.07901717
2023-03-16 04:00:00,5.934,5.943,5.881,5.907,112404.17372548
2023-03-16 05:00:00,5.908,5.982,5.89,5.965,131776.05207789
2023-03-16 06:00:00,5.964,6.004,5.943,5.979,208770.86217981
2023-03-16 07:00:00,5.979,6.022,5.969,5.999,217372.82058736
2023-03-16 08:00:00,5.998,6.007,5.969,5.992,165844.73536658
2023-03-16 09:00:00,5.992,6.077,5.963,6.033,493608.47698928
2023-03-16 10:00:00,6.034,6.106,6.002,6.074,416044.40973777
2023-03-16 11:00:00,6.073,6.102,6.056,6.085,231516.50089492
2023-03-16 12:00:00,6.084,6.085,5.969,5.993,609990.48122344
2023-03-16 13:00:00,5.993,6.053,5.928,6.045,328257.53144764
2023-03-16 14:00:00,6.046,6.101,6.008,6.057,358887.95073071
2023-03-16 15:00:00,6.059,6.087,6.02,6.073,294288.18425078
2023-03-16 16:00:00,6.073,6.126,6.042,6.087,318131.86524861
2023-03-16 17:00:00,6.085,6.093,6.04,6.051,179095.68809908
2023-03-16 18:00:00,6.048,6.079,6.038,6.075,74915.42449085
2023-03-16 19:00:00,6.075,6.155,6.072,6.133,292968.49477086
2023-03-16 20:00:00,6.132,6.132,5.998,6.006,248296.38196515
2023-03-16 21:00:00,6.006,6.115,5.999,6.085,158683.56801036
2023-03-16 22:00:00,6.085,6.111,6.074,6.089,116164.62267731
2023-03-16 23:00:00,6.089,6.116,6.077,6.098,92837.15107418
2023-03-17 00:00:00,6.096,6.108,6.04,6.052,134383.49607856
2023-03-17 01:00:00,6.052,6.195,6.036,6.186,320090.60097502
2023-03-17 02:00:00,6.187,6.252,6.165,6.201,360396.84544187
2023-03-17 03:00:00,6.199,6.227,6.186,6.217,97111.07680138
2023-03-17 04:00:00,6.218,6.231,6.193,6.204,99916.88371199
2023-03-17 05:00:00,6.205,6.218,6.169,6.197,105964.62491323
2023-03-17 06:00:00,6.198,6.296,6.194,6.291,339275.17454522
2023-03-17 07:00:00,6.29,6.296,6.23,6.282,236271.39740785
2023-03-17 08:00:00,6.28,6.305,6.261,6.289,170526.05211675
2023-03-17 09:00:00,6.29,6.369,6.287,6.356,243658.2902707
2023-03-17 10:00:00,6.355,6.482,6.354,6.469,380173.42710184
2023-03-17 11:00:00,6.469,6.554,6.444,6.545,370284.23761781
2023-03-17 12:00:00,6.545,6.553,6.424,6.448,507136.40331051
2023-03-17 13:00:00,6.45,6.484,6.419,6.428,409191.85697105
2023-03-17 14:00:00,6.429,6.473,6.276,6.325,699077.8114623
2023-03-17 15:00:00,6.324,6.379,6.305,6.373,261221.72754194
2023-03-17 16:00:00,6.375,6.408,6.332,6.351,258354.10968478
2023-03-17 17:00:00,6.351,6.421,6.35,6.405,374658.82161093
2023-03-17 18:00:00,6.406,6.445,6.365,6.445,135979.62692838
2023-03-17 19:00:00,6.445,6.474,6.415,6.439,237755.61991605
2023-03-17 20:00:00,6.44,6.452,6.378,6.41,149413.99164032
2023-03-17 21:00:00,6.411,6.474,6.384,6.441,82989.15088585
2023-03-17 22:00:00,6.442,6.646,6.404,6.55,542010.71245752
2023-03-17 23:00:00,6.548,6.645,6.546,6.635,329707.84596136
2023-03-18 00:00:00,6.634,6.688,6.537,6.683,462583.026717
2023-03-18 01:00:00,6.684,6.716,6.615,6.63,349991.04617691
2023-03-18 02:00:00,6.631,6.676,6.597,6.622,297628.47582748
2023-03-18 03:00:00,6.621,6.697,6.609,6.686,151330.49400341
2023-03-18 04:00:00,6.686,6.691,6.595,6.604,97188.4683229
2023-03-18 05:00:00,6.605,6.657,6.586,6.651,119917.50846229
2023-03-18 06:00:00,6.65,6.65,6.597,6.625,93714.68997294
2023-03-18 07:00:00,6.626,6.662,6.602,6.659,88625.59286122
2023-03-18 08:00:00,6.657,6.665,6.537,6.621,263301.85183403
2023-03-18 09:00:00,6.622,6.624,6.576,6.604,151074.29200455
2023-03-18 10:00:00,6.605,6.619,6.585,6.615,56129.20417223
2023-03-18 11:00:00,6.614,6.635,6.579,6.618,99493.05100693
2023-03-18 12:00:00,6.617,6.648,6.557,6.626,263245.59095886
2023-03-18 13:00:00,6.627,6.63,6.575,6.597,137667.01121874
2023-03-18 14:00:00,6.598,6.641,6.594,6.606,102490.14947396
2023-03-18 15:00:00,6.606,6.611,6.407,6.487,810984.32377992
2023-03-18 16:00:00,6.488,6.527,6.318,6.503,1134543.00702544
2023-03-18 17:00:00,6.501,6.525,6.37,6.466,431874.27700802
2023-03-18 18:00:00,6.465,6.518,6.445,6.51,130058.71660978
2023-03-18 19:00:00,6.51,6.523,6.452,6.457,177641.74887313
2023-03-18 20:00:00,6.458,6.508,6.448,6.481,154109.82419428
2023-03-18 21:00:00,6.481,6.482,6.423,6.428,67216.77031034
2023-03-18 22:00:00,6.428,6.453,6.361,6.381,167925.08347525
2023-03-18 23:00:00,6.383,6.385,6.296,6.327,309304.72407795
2023-03-19 00:00:00,6.329,6.468,6.328,6.44,151899.86639133
2023-03-19 01:00:00,6.442,6.463,6.407,6.435,109041.4593766
2023-03-19 02:00:00,6.434,6.472,6.425,6.441,47488.07207793
2023-03-19 03:00:00,6.441,6.497,6.439,6.485,67956.55996878
2023-03-19 04:00:00,6.485,6.507,6.444,6.452,79364.32924155
2023-03-19 05:00:00,6.451,6.462,6.422,6.434,65348.02093707
2023-03-19 06:00:00,6.436,6.453,6.388,6.39,84326.92206492
2023-03-19 07:00:00,6.391,6.437,6.338,6.437,81190.24677481
2023-03-19 08:00:00,6.437,6.445,6.393,6.4,85643.06914151
2023-03-19 09:00:00,6.401,6.436,6.391,6.425,58838.78544939
2023-03-19 10:00:00,6.428,6.445,6.404,6.404,61870.87003002
2023-03-19 11:00:00,6.403,6.475,6.367,6.463,107763.56345659
2023-03-19 12:00:00,6.466,6.499,6.436,6.452,102485.85930264
2023-03-19 13:00:00,6.452,6.482,6.421,6.479,93036.74641016
2023-03-19 14:00:00,6.48,6.529,6.451,6.526,288784.43437887
2023-03-19 15:00:00,6.524,6.593,6.508,6.52,314296.4058345
2023-03-19 16:00:00,6.52,6.615,6.509,6.572,406518.48386789
2023-03-19 17:00:00,6.572,6.579,6.519,6.528,190797.50681815
2023-03-19 18:00:00,6.527,6.582,6.515,6.581,187828.67763281
2023-03-19 19:00:00,6.583,6.616,6.555,6.559,136753.88866193
2023-03-19 20:00:00,6.56,6.574,6.427,6.466,500668.61041886
2023-03-19 21:00:00,6.468,6.518,6.466,6.474,136468.24779612
2023-03-19 22:00:00,6.475,6.529,6.468,6.52,126317.40742143
2023-03-19 23:00:00,6.518,6.557,6.435,6.467,186762.79574001
2023-03-20 00:00:00,6.468,6.497,6.406,6.421,387784.82393912
2023-03-20 01:00:00,6.42,6.459,6.385,6.455,186772.40382375
2023-03-20 02:00:00,6.455,6.483,6.361,6.421,319056.47531412
2023-03-20 03:00:00,6.422,6.435,6.281,6.304,468068.17670926
2023-03-20 04:00:00,6.303,6.326,6.235,6.304,275694.26057946
2023-03-20 05:00:00,6.303,6.345,6.302,6.345,105588.38064102
2023-03-20 06:00:00,6.343,6.362,6.292,6.332,139790.25551006
2023-03-20 07:00:00,6.331,6.454,6.331,6.441,235456.49255187
2023-03-20 08:00:00,6.442,6.479,6.411,6.461,203649.36074736
2023-03-20 09:00:00,6.462,6.479,6.412,6.44,204992.73489407
2023-03-20 10:00:00,6.44,6.456,6.394,6.437,205950.21521908
2023-03-20 11:00:00,6.438,6.484,6.42,6.452,131933.6498106
2023-03-20 12:00:00,6.451,6.469,6.424,6.467,129519.72812409
2023-03-20 13:00:00,6.466,6.466,6.367,6.38,418144.49596502
2023-03-20 14:00:00,6.381,6.438,6.341,6.393,268146.41819024
2023-03-20 15:00:00,6.393,6.404,6.344,6.351,138488.27489934
2023-03-20 16:00:00,6.35,6.387,6.204,6.227,643555.78398925
2023-03-20 17:00:00,6.227,6.282,6.18,6.186,364554.08680414
2023-03-20 18:00:00,6.186,6.243,6.153,6.222,425956.66930907
2023-03-20 19:00:00,6.221,6.222,6.108,6.162,353160.08306856
2023-03-20 20:00:00,6.162,6.214,6.156,6.204,270323.17104515
2023-03-20 21:00:00,6.204,6.226,6.154,6.173,83511.28381883
2023-03-20 22:00:00,6.174,6.174,6.102,6.141,371960.93284321
2023-03-20 23:00:00,6.141,6.168,6.066,6.105,493616.4743759
2023-03-21 00:00:00,6.106,6.2,6.083,6.154,340340.73055167
2023-03-21 01:00:00,6.155,6.16,6.093,6.138,144524.6622617
2023-03-21 02:00:00,6.14,6.144,6.087,6.124,128417.70528909
2023-03-21 03:00:00,6.122,6.16,6.121,6.16,48229.27913599
2023-03-21 04:00:00,6.161,6.184,6.159,6.179,77967.93930697
2023-03-21 05:00:00,6.178,6.178,6.101,6.141,135864.3747987
2023-03-21 06:00:00,6.14,6.176,6.13,6.138,118278.34194284
2023-03-21 07:00:00,6.137,6.152,6.018,6.057,583572.41715121
2023-03-21 08:00:00,6.057,6.088,6.009,6.054,222734.21690952
2023-03-21 09:00:00,6.053,6.155,6.04,6.121,254449.46916629
2023-03-21 10:00:00,6.12,6.193,6.115,6.151,170534.40098331
2023-03-21 11:00:00,6.152,6.175,6.13,6.166,115659.46198547
2023-03-21 12:00:00,6.166,6.279,6.144,6.271,349827.1210521
2023-03-21 13:00:00,6.272,6.343,6.257,6.323,385417.82635364
2023-03-21 14:00:00,6.325,6.361,6.208,6.234,435328.60106681
2023-03-21 15:00:00,6.234,6.276,6.229,6.252,147254.74537459
2023-03-21 16:00:00,6.253,6.33,6.238,6.298,266266.94178587
2023-03-21 17:00:00,6.297,6.311,6.196,6.223,317550.13034809
2023-03-21 18:00:00,6.222,6.24,6.143,6.19,273900.53438002
2023-03-21 19:00:00,6.189,6.308,6.179,6.294,144769.47044062
2023-03-21 20:00:00,6.295,6.349,6.279,6.344,215595.73579186
2023-03-21 21:00:00,6.345,6.468,6.339,6.375,427686.96633768
2023-03-21 22:00:00,6.375,6.404,6.294,6.363,350085.25448263
2023-03-21 23:00:00,6.363,6.394,6.35,6.375,90865.01810225
2023-03-22 00:00:00,6.376,6.395,6.263,6.29,213008.78608464
2023-03-22 01:00:00,6.292,6.331,6.278,6.313,184470.58043979
2023-03-22 02:00:00,6.312,6.348,6.306,6.327,95990.00672247
2023-03-22 03:00:00,6.327,6.375,6.309,6.337,90741.09827305
2023-03-22 04:00:00,6.338,6.346,6.31,6.336,49883.13029782
2023-03-22 05:00:00,6.338,6.38,6.322,6.374,62730.20000854
2023-03-22 06:00:00,6.374,6.379,6.324,6.362,89648.84086806
2023-03-22 07:00:00,6.363,6.381,6.29,6.314,126876.71151318
2023-03-22 08:00:00,6.314,6.326,6.237,6.245,133131.06996371
2023-03-22 09:00:00,6.244,6.283,6.224,6.248,194413.64633686
2023-03-22 10:00:00,6.248,6.306,6.243,6.294,152434.32359349
2023-03-22 11:00:00,6.293,6.309,6.243,6.255,123360.33320332
2023-03-22 12:00:00,6.254,6.3,6.229,6.278,141626.78913614
2023-03-22 13:00:00,6.279,6.328,6.255,6.287,179369.03301638
2023-03-22 14:00:00,6.287,6.373,6.287,6.334,373740.9554572
2023-03-22 15:00:00,6.334,6.397,6.283,6.311,476214.00736784
2023-03-22 16:00:00,6.311,6.325,6.238,6.258,250213.64203131
2023-03-22 17:00:00,6.26,6.263,6.153,6.212,461810.02764865
2023-03-22 18:00:00,6.211,6.346,6.108,6.259,1735267.34979295
2023-03-22 19:00:00,6.259,6.263,5.92,5.963,1469766.31899342
2023-03-22 20:00:00,5.962,6.061,5.929,6.051,302425.26667323
2023-03-22 21:00:00,6.053,6.064,6.014,6.014,90168.57035212
2023-03-22 22:00:00,6.015,6.055,6.001,6.05,111766.52510261
2023-03-22 23:00:00,6.049,6.072,6.045,6.066,109479.37915342
2023-03-23 00:00:00,6.066,6.113,6.039,6.068,172223.26376875
2023-03-23 01:00:00,6.069,6.076,6.007,6.007,116053.03078927
2023-03-23 02:00:00,6.008,6.096,6.005,6.09,97096.86544851
2023-03-23 03:00:00,6.09,6.114,6.074,6.075,68278.15496906
2023-03-23 04:00:00,6.076,6.097,6.054,6.071,64171.54479717
2023-03-23 05:00:00,6.072,6.145,6.064,6.137,115794.07652756
2023-03-23 06:00:00,6.137,6.164,6.129,6.146,71456.17857063
2023-03-23 07:00:00,6.146,6.187,6.146,6.179,81679.06080514
2023-03-23 08:00:00,6.18,6.213,6.18,6.194,106138.62812136
2023-03-23 09:00:00,6.195,6.207,6.169,6.192,79765.19871826
2023-03-23 10:00:00,6.194,6.212,6.179,6.199,137772.06705622
2023-03-23 11:00:00,6.199,6.209,6.163,6.203,72888.21173706
2023-03-23 12:00:00,6.204,6.206,6.167,6.17,126722.46088296
2023-03-23 13:00:00,6.169,6.176,6.113,6.131,282414.29778002
2023-03-23 14:00:00,6.132,6.262,6.108,6.259,355256.66283684
2023-03-23 15:00:00,6.259,6.404,6.249,6.39,876211.34292749
2023-03-23 16:00:00,6.391,6.423,6.362,6.408,290636.9205489
2023-03-23 17:00:00,6.409,6.432,6.339,6.351,229594.07416776
2023-03-23 18:00:00,6.352,6.356,6.247,6.276,240811.17397118
2023-03-23 19:00:00,6.277,6.35,6.249,6.334,263480.77678395
2023-03-23 20:00:00,6.332,6.332,6.235,6.265,104018.94262511
2023-03-23 21:00:00,6.264,6.274,6.22,6.272,115424.41430807
2023-03-23 22:00:00,6.274,6.315,6.272,6.299,64756.08521973
2023-03-23 23:00:00,6.301,6.339,6.299,6.332,66935.28813546
2023-03-24 00:00:00,6.333,6.349,6.304,6.31,56594.51467864
2023-03-24 01:00:00,6.311,6.347,6.294,6.33,50052.72234005
2023-03-24 02:00:00,6.329,6.353,6.307,6.319,92715.11246273
2023-03-24 03:00:00,6.319,6.32,6.291,6.294,30504.43137226
2023-03-24 04:00:00,6.292,6.307,6.261,6.266,43364.85831035
2023-03-24 05:00:00,6.266,6.32,6.266,6.317,64065.23512337
2023-03-24 06:00:00,6.317,6.324,6.298,6.305,33425.28124439
2023-03-24 07:00:00,6.303,6.336,6.3,6.332,41811.5713078
2023-03-24 08:00:00,6.331,6.34,6.187,6.199,243859.33791275
2023-03-24 09:00:00,6.198,6.216,6.125,6.133,290286.32183128
2023-03-24 10:00:00,6.132,6.153,6.108,6.15,133305.28471942
2023-03-24 11:00:00,6.149,6.175,6.022,6.1,305911.0796683
2023-03-24 12:00:00,6.098,6.184,6.084,6.15,232538.35196173
2023-03-24 13:00:00,6.149,6.155,6.07,6.12,309873.56348831
2023-03-24 14:00:00,6.12,6.168,6.066,6.101,453175.90588517
2023-03-24 15:00:00,6.1,6.1,6.04,6.084,263336.48119765
2023-03-24 16:00:00,6.083,6.118,6.066,6.099,181355.63833727
2023-03-24 17:00:00,6.1,6.107,5.963,6.014,573392.23814852
2023-03-24 18:00:00,6.015,6.067,5.997,6.044,251652.00530924
2023-03-24 19:00:00,6.044,6.093,6.034,6.081,130444.76676028
2023-03-24 20:00:00,6.083,6.093,5.993,6.002,269822.11207325
2023-03-24 21:00:00,6.001,6.029,5.955,6.025,198838.16339626
2023-03-24 22:00:00,6.025,6.036,6.006,6.012,70901.27628791
2023-03-24 23:00:00,6.011,6.046,6.01,6.024,68162.69878077
2023-03-25 00:00:00,6.025,6.065,6.007,6.064,42015.31904675
2023-03-25 01:00:00,6.065,6.07,6.029,6.055,60254.39172173
2023-03-25 02:00:00,6.055,6.086,6.052,6.071,30165.9239682
2023-03-25 03:00:00,6.072,6.08,6.058,6.066,17964.86530323
2023-03-25 04:00:00,6.067,6.077,6.051,6.061,31619.99213371
2023-03-25 05:00:00,6.062,6.063,6.003,6.016,61781.15220951
2023-03-25 06:00:00,6.015,6.053,6.006,6.046,40936.49271122
2023-03-25 07:00:00,6.048,6.062,6.029,6.029,65527.21490318
2023-03-25 08:00:00,6.029,6.042,5.998,6.018,97291.08728183
2023-03-25 09:00:00,6.018,6.025,5.979,6.02,63110.55034877
2023-03-25 10:00:00,6.019,6.04,5.998,6.023,74809.14817851
2023-03-25 11:00:00,6.024,6.037,6.011,6.023,22233.61888936
2023-03-25 12:00:00,6.023,6.029,5.998,6.011,39548.60159018
2023-03-25 13:00:00,6.01,6.049,5.978,6.04,61769.28511328
2023-03-25 14:00:00,6.039,6.049,5.99,5.99,50215.66843138
2023-03-25 15:00:00,5.992,6.052,5.98,6.027,74348.37686192
2023-03-25 16:00:00,6.027,6.038,6.015,6.02,40737.87298203
2023-03-25 17:00:00,6.021,6.023,5.973,5.986,98318.50704888
2023-03-25 18:00:00,5.986,5.993,5.932,5.932,123235.12211784
2023-03-25 19:00:00,5.933,5.933,5.836,5.855,382348.72881391
2023-03-25 20:00:00,5.854,5.922,5.84,5.898,85256.9438558
2023-03-25 21:00:00,5.897,5.914,5.871,5.88,49938.12624912
2023-03-25 22:00:00,5.879,5.917,5.872,5.888,55317.81704553
2023-03-25 23:00:00,5.888,5.914,5.877,5.914,32931.73531264
2023-03-26 00:00:00,5.912,5.974,5.887,5.966,84472.57592174
2023-03-26 01:00:00,5.967,5.991,5.952,5.981,44690.90769574
2023-03-26 02:00:00,5.982,5.998,5.979,5.995,34017.42446781
2023-03-26 03:00:00,5.994,5.997,5.96,5.971,27684.63241735
2023-03-26 04:00:00,5.972,5.979,5.965,5.977,12580.84338152
2023-03-26 05:00:00,5.979,6.011,5.953,6.01,40743.4632135
2023-03-26 06:00:00,6.01,6.022,5.996,6.005,54811.22641982
2023-03-26 07:00:00,6.005,6.01,5.989,6.003,50850.09634021
2023-03-26 08:00:00,6.004,6.07,5.992,6.047,127551.88143314
2023-03-26 09:00:00,6.048,6.063,6.026,6.035,77429.05376342
2023-03-26 10:00:00,6.037,6.048,6.023,6.04,48077.67080607
2023-03-26 11:00:00,6.041,6.052,6.018,6.05,91011.10255656
2023-03-26 12:00:00,6.05,6.063,6.031,6.052,82597.69557279
2023-03-26 13:00:00,6.053,6.1,6.045,6.1,95313.47117514
2023-03-26 14:00:00,6.101,6.109,6.016,6.039,196426.27365792
2023-03-26 15:00:00,6.04,6.052,6.014,6.031,80785.79455335
2023-03-26 16:00:00,6.029,6.04,5.966,5.987,108447.66731684
2023-03-26 17:00:00,5.987,6.029,5.98,6.026,73794.35197294
2023-03-26 18:00:00,6.026,6.043,6.008,6.017,37059.36263342
2023-03-26 19:00:00,6.018,6.032,6.012,6.018,36884.4500276
2023-03-26 20:00:00,6.016,6.032,5.982,6.004,50054.61874371
2023-03-26 21:00:00,6.005,6.02,5.999,6.02,34712.02974372
2023-03-26 22:00:00,6.02,6.065,6.019,6.062,44917.93035778
2023-03-26 23:00:00,6.063,6.077,6.051,6.053,128693.5091228
2023-03-27 00:00:00,6.053,6.063,6.033,6.046,73302.92240956
2023-03-27 01:00:00,6.046,6.054,6.004,6.009,68492.66058627
2023-03-27 02:00:00,6.009,6.025,5.991,6.011,82282.51190058
2023-03-27 03:00:00,6.011,6.024,6.001,6.007,37245.60765561
2023-03-27 04:00:00,6.006,6.02,6.0,6.011,29691.40778189
2023-03-27 05:00:00,6.012,6.012,5.951,5.965,79139.73958111
2023-03-27 06:00:00,5.964,5.981,5.948,5.977,73161.91912354
2023-03-27 07:00:00,5.976,5.984,5.957,5.974,54006.76262925
2023-03-27 08:00:00,5.973,5.992,5.957,5.984,47665.70854055
2023-03-27 09:00:00,5.985,6.009,5.976,6.001,117520.5682307
2023-03-27 10:00:00,6.002,6.015,5.988,6.011,56518.85244879
2023-03-27 11:00:00,6.009,6.03,6.007,6.026,47229.1922199
2023-03-27 12:00:00,6.025,6.077,6.021,6.046,86385.72167597
2023-03-27 13:00:00,6.046,6.109,6.022,6.077,219652.92922228
2023-03-27 14:00:00,6.078,6.118,5.91,5.91,665197.539981
2023-03-27 15:00:00,5.909,5.911,5.747,5.849,1362541.65936124
2023-03-27 16:00:00,5.85,5.899,5.804,5.812,469124.60050909
2023-03-27 17:00:00,5.813,5.833,5.79,5.803,285637.46078407
2023-03-27 18:00:00,5.803,5.859,5.803,5.852,151089.27618151
2023-03-27 19:00:00,5.851,5.877,5.81,5.819,257245.45179582
2023-03-27 20:00:00,5.818,5.841,5.792,5.825,177600.72124117
2023-03-27 21:00:00,5.826,5.863,5.821,5.862,88028.99793665
2023-03-27 22:00:00,5.862,5.864,5.839,5.848,94356.4290981
2023-03-27 23:00:00,5.848,5.882,5.847,5.87,53843.46462203
2023-03-28 00:00:00,5.869,5.882,5.817,5.825,111572.85988473
2023-03-28 01:00:00,5.827,5.893,5.787,5.85,227284.34494414
2023-03-28 02:00:00,5.851,5.868,5.823,5.831,76753.81212697
2023-03-28 03:00:00,5.83,5.837,5.798,5.816,68207.4016859
2023-03-28 04:00:00,5.817,5.848,5.808,5.848,86048.10742978
2023-03-28 05:00:00,5.849,5.868,5.835,5.866,81996.9766677
2023-03-28 06:00:00,5.866,5.917,5.866,5.896,110103.22925346
2023-03-28 07:00:00,5.897,5.905,5.865,5.867,83793.37178345
2023-03-28 08:00:00,5.867,5.888,5.854,5.88,63669.25145077
2023-03-28 09:00:00,5.88,5.885,5.834,5.843,61997.70875736
2023-03-28 10:00:00,5.842,5.865,5.812,5.84,104311.47666278
2023-03-28 11:00:00,5.841,5.928,5.838,5.925,210613.37486262
2023-03-28 12:00:00,5.926,5.961,5.925,5.944,360259.14738856
2023-03-28 13:00:00,5.944,5.996,5.912,5.964,259712.53000265
2023-03-28 14:00:00,5.964,6.005,5.957,5.985,215470.94066013
2023-03-28 15:00:00,5.986,5.999,5.951,5.97,121825.49799098
2023-03-28 16:00:00,5.971,5.976,5.918,5.932,110175.24449526
2023-03-28 17:00:00,5.933,5.947,5.907,5.93,158581.9511935
2023-03-28 18:00:00,5.93,6.063,5.929,6.042,459008.99811589
2023-03-28 19:00:00,6.045,6.114,6.039,6.088,327565.23650611
2023-03-28 20:00:00,6.09,6.104,6.053,6.064,135859.14269331
2023-03-28 21:00:00,6.065,6.073,6.023,6.036,37860.40129872
2023-03-28 22:00:00,6.035,6.06,6.023,6.057,57992.49703892
2023-03-28 23:00:00,6.059,6.085,6.057,6.059,51137.87744275
2023-03-29 00:00:00,6.06,6.104,6.053,6.064,106630.78922622
2023-03-29 01:00:00,6.064,6.116,6.064,6.102,96380.63367325
2023-03-29 02:00:00,6.103,6.141,6.1,6.115,71606.44278724
2023-03-29 03:00:00,6.116,6.12,6.094,6.108,98378.31961467
2023-03-29 04:00:00,6.11,6.174,6.098,6.162,168913.65890741
2023-03-29 05:00:00,6.164,6.21,6.158,6.169,174058.20335666
2023-03-29 06:00:00,6.17,6.263,6.162,6.233,372227.66002154
2023-03-29 07:00:00,6.234,6.253,6.228,6.228,194742.00832064
2023-03-29 08:00:00,6.229,6.282,6.218,6.265,284738.58525166
2023-03-29 09:00:00,6.266,6.282,6.243,6.245,160924.64802252
2023-03-29 10:00:00,6.244,6.283,6.236,6.246,81968.90328526
2023-03-29 11:00:00,6.246,6.272,6.227,6.268,56471.48706536
2023-03-29 12:00:00,6.269,6.279,6.227,6.244,130833.57392432
2023-03-29 13:00:00,6.245,6.256,6.195,6.216,150732.36727057
2023-03-29 14:00:00,6.217,6.233,6.148,6.167,190152.63734983
2023-03-29 15:00:00,6.168,6.215,6.145,6.209,102959.93332543
2023-03-29 16:00:00,6.209,6.21,6.163,6.164,77779.04373035
2023-03-29 17:00:00,6.163,6.212,6.163,6.203,75824.02150988
2023-03-29 18:00:00,6.204,6.214,6.179,6.198,101765.10441932
2023-03-29 19:00:00,6.197,6.216,6.176,6.208,76103.30241522
2023-03-29 20:00:00,6.208,6.21,6.181,6.191,71712.03602209
2023-03-29 21:00:00,6.189,6.208,6.169,6.17,35114.35988083
2023-03-29 22:00:00,6.17,6.189,6.121,6.186,135663.44865701
2023-03-29 23:00:00,6.185,6.213,6.171,6.182,67545.42177668
2023-03-30 00:00:00,6.184,6.213,6.122,6.151,197869.71484799
2023-03-30 01:00:00,6.152,6.171,6.117,6.159,178324.68007685
2023-03-30 02:00:00,6.159,6.298,6.154,6.257,630060.52905398
2023-03-30 03:00:00,6.258,6.271,6.07,6.169,866704.49947185
2023-03-30 04:00:00,6.169,6.208,6.151,6.201,167915.92845113
2023-03-30 05:00:00,6.201,6.206,6.17,6.183,112089.64261795
2023-03-30 06:00:00,6.181,6.217,6.16,6.164,159149.04164608
2023-03-30 07:00:00,6.163,6.202,6.146,6.19,218330.14652531
2023-03-30 08:00:00,6.19,6.197,6.154,6.159,131743.76606716
2023-03-30 09:00:00,6.157,6.157,6.108,6.15,267903.44449544
2023-03-30 10:00:00,6.149,6.158,6.132,6.157,123876.0656287
2023-03-30 11:00:00,6.158,6.172,6.151,6.165,79170.44787105
2023-03-30 12:00:00,6.166,6.168,6.134,6.152,148115.18853024
2023-03-30 13:00:00,6.151,6.166,6.137,6.144,158629.50752314
2023-03-30 14:00:00,6.145,6.161,6.109,6.147,462560.58373774
2023-03-30 15:00:00,6.147,6.166,6.099,6.114,332768.26625696
2023-03-30 16:00:00,6.113,6.113,6.044,6.08,588279.17343994
2023-03-30 17:00:00,6.079,6.095,6.028,6.035,590432.56729026
2023-03-30 18:00:00,6.034,6.068,6.027,6.064,256547.71655249
2023-03-30 19:00:00,6.064,6.086,6.06,6.08,110331.83325024
2023-03-30 20:00:00,6.08,6.123,6.071,6.112,122738.28933521
2023-03-30 21:00:00,6.111,6.119,6.084,6.098,46133.34352695
2023-03-30 22:00:00,6.097,6.119,6.066,6.083,79779.20498872
2023-03-30 23:00:00,6.082,6.128,6.072,6.123,90629.48714577
2023-03-31 00:00:00,6.124,6.16,6.103,6.146,90896.08069873
2023-03-31 01:00:00,6.147,6.211,6.147,6.21,193076.64142431
2023-03-31 02:00:00,6.211,6.251,6.204,6.214,182008.53263748
2023-03-31 03:00:00,6.216,6.225,6.196,6.216,87371.43828096
2023-03-31 04:00:00,6.216,6.216,6.195,6.207,50280.15858077
2023-03-31 05:00:00,6.208,6.223,6.168,6.182,90841.45837651
2023-03-31 06:00:00,6.184,6.248,6.164,6.21,233311.36866666
2023-03-31 07:00:00,6.21,6.211,6.115,6.193,362412.85219309
2023-03-31 08:00:00,6.194,6.269,6.172,6.181,254316.08347815
2023-03-31 09:00:00,6.181,6.196,6.16,6.167,156666.68314746
2023-03-31 10:00:00,6.167,6.194,6.161,6.161,102227.7359343
2023-03-31 11:00:00,6.16,6.202,6.15,6.189,91965.46322797
2023-03-31 12:00:00,6.189,6.259,6.172,6.258,269627.5445782
2023-03-31 13:00:00,6.259,6.341,6.235,6.338,515141.23603924
2023-03-31 14:00:00,6.338,6.364,6.301,6.328,319063.40981788
2023-03-31 15:00:00,6.328,6.368,6.288,6.327,306678.20569619
2023-03-31 16:00:00,6.328,6.381,6.316,6.359,224708.43899197
2023-03-31 17:00:00,6.359,6.364,6.311,6.326,134994.50075383
2023-03-31 18:00:00,6.325,6.325,6.304,6.304,34887.53996214
2023-03-31 19:00:00,6.306,6.347,6.302,6.324,186351.45397991
2023-03-31 20:00:00,6.324,6.33,6.297,6.315,92531.51766381
2023-03-31 21:00:00,6.316,6.333,6.299,6.321,26462.65954891
2023-03-31 22:00:00,6.32,6.348,6.312,6.33,35582.57482733
2023-03-31 23:00:00,6.331,6.339,6.329,6.336,38330.90015516
2023-04-01 00:00:00,6.337,6.371,6.337,6.349,50249.16695689
2023-04-01 01:00:00,6.351,6.368,6.328,6.367,28171.86166352
2023-04-01 02:00:00,6.367,6.391,6.324,6.338,87614.17302987
2023-04-01 03:00:00,6.338,6.341,6.322,6.337,29317.40905053
2023-04-01 04:00:00,6.336,6.336,6.321,6.332,37849.58945056
2023-04-01 05:00:00,6.332,6.333,6.302,6.317,49606.03262519
2023-04-01 06:00:00,6.319,6.321,6.23,6.279,139530.69593702
2023-04-01 07:00:00,6.279,6.283,6.251,6.268,34988.10620173
2023-04-01 08:00:00,6.267,6.267,6.236,6.237,64080.20149661
2023-04-01 09:00:00,6.236,6.278,6.225,6.26,126966.80882669
2023-04-01 10:00:00,6.26,6.293,6.255,6.293,30985.00265757
2023-04-01 11:00:00,6.294,6.299,6.259,6.265,39918.22882823
2023-04-01 12:00:00,6.264,6.277,6.25,6.277,45100.44465358
2023-04-01 13:00:00,6.278,6.307,6.265,6.287,51624.60976904
2023-04-01 14:00:00,6.287,6.289,6.233,6.237,63347.10963206
2023-04-01 15:00:00,6.238,6.265,6.234,6.262,36695.05701893
2023-04-01 16:00:00,6.263,6.27,6.188,6.214,120929.96398015
2023-04-01 17:00:00,6.215,6.242,6.21,6.237,47213.78127363
2023-04-01 18:00:00,6.236,6.257,6.232,6.256,38108.44694214
2023-04-01 19:00:00,6.257,6.273,6.255,6.266,24493.97868567
2023-04-01 20:00:00,6.266,6.329,6.266,6.305,57352.34419748
2023-04-01 21:00:00,6.305,6.341,6.298,6.305,110498.28722632
2023-04-01 22:00:00,6.307,6.345,6.307,6.337,80894.68322379
2023-04-01 23:00:00,6.338,6.37,6.333,6.345,55965.89562825
2023-04-02 00:00:00,6.344,6.374,6.311,6.312,28919.89107872
2023-04-02 01:00:00,6.313,6.377,6.311,6.359,74937.58178818
2023-04-02 02:00:00,6.357,6.428,6.355,6.4,103964.9619069
2023-04-02 03:00:00,6.399,6.403,6.381,6.398,51903.36747828
2023-04-02 04:00:00,6.398,6.428,6.387,6.407,60500.74414633
2023-04-02 05:00:00,6.406,6.446,6.402,6.421,56322.63767569
2023-04-02 06:00:00,6.421,6.427,6.399,6.409,66546.14510111
2023-04-02 07:00:00,6.408,6.418,6.394,6.402,57444.55777599
2023-04-02 08:00:00,6.402,6.413,6.367,6.374,85447.00079282
2023-04-02 09:00:00,6.374,6.4,6.372,6.38,35661.45868295
2023-04-02 10:00:00,6.379,6.379,6.34,6.342,45491.42766876
2023-04-02 11:00:00,6.343,6.362,6.342,6.344,40099.79864422
2023-04-02 12:00:00,6.343,6.351,6.307,6.332,91518.88608945
2023-04-02 13:00:00,6.33,6.393,6.32,6.35,207542.96218697
2023-04-02 14:00:00,6.35,6.39,6.34,6.361,139845.08361092
2023-04-02 15:00:00,6.359,6.359,6.264,6.345,271980.58415834
2023-04-02 16:00:00,6.342,6.342,6.278,6.292,168720.28934768
2023-04-02 17:00:00,6.291,6.362,6.288,6.341,38742.94744315
2023-04-02 18:00:00,6.343,6.344,6.302,6.302,31755.15216157
2023-04-02 19:00:00,6.301,6.304,6.181,6.22,260760.6824628
2023-04-02 20:00:00,6.22,6.271,6.213,6.266,45153.0950665
2023-04-02 21:00:00,6.266,6.287,6.239,6.252,152824.70833711
2023-04-02 22:00:00,6.251,6.283,6.209,6.277,270036.65901324
2023-04-02 23:00:00,6.278,6.284,6.26,6.265,34938.70321457
2023-04-03 00:00:00,6.266,6.271,6.224,6.248,51078.84059841
2023-04-03 01:00:00,6.249,6.263,6.089,6.136,286441.12808725
2023-04-03 02:00:00,6.134,6.166,6.116,6.161,90510.95613745
2023-04-03 03:00:00,6.162,6.194,6.162,6.185,65118.51032171
2023-04-03 04:00:00,6.184,6.192,6.168,6.19,53997.99045329
2023-04-03 05:00:00,6.19,6.196,6.163,6.179,20334.81847577
2023-04-03 06:00:00,6.18,6.22,6.18,6.219,50818.78712495
2023-04-03 07:00:00,6.219,6.256,6.204,6.256,190035.99644822
2023-04-03 08:00:00,6.257,6.377,6.257,6.367,277361.19831446
2023-04-03 09:00:00,6.368,6.397,6.368,6.378,183572.00145147
2023-04-03 10:00:00,6.379,6.393,6.34,6.342,123959.38435148
2023-04-03 11:00:00,6.342,6.352,6.309,6.345,93518.65357712
2023-04-03 12:00:00,6.343,6.364,6.302,6.347,93058.72782945
2023-04-03 13:00:00,6.347,6.387,6.339,6.357,130816.84562438
2023-04-03 14:00:00,6.359,6.371,6.288,6.29,149460.18787647
2023-04-03 15:00:00,6.289,6.329,6.272,6.326,116759.54156752
2023-04-03 16:00:00,6.325,6.348,6.304,6.307,75770.50759426
2023-04-03 17:00:00,6.306,6.383,6.285,6.383,143072.64778528
2023-04-03 18:00:00,6.383,6.498,6.347,6.479,350824.90878337
2023-04-03 19:00:00,6.48,6.5,6.43,6.448,189171.12215287
2023-04-03 20:00:00,6.448,6.465,6.19,6.21,807347.0415449
2023-04-03 21:00:00,6.21,6.277,6.115,6.253,426657.4885845
2023-04-03 22:00:00,6.255,6.397,6.249,6.395,247961.14304898
2023-04-03 23:00:00,6.395,6.441,6.383,6.42,144326.52011775
2023-04-04 00:00:00,6.42,6.444,6.368,6.382,115414.76747197
2023-04-04 01:00:00,6.383,6.408,6.369,6.399,74020.66532915
2023-04-04 02:00:00,6.399,6.459,6.396,6.455,93333.69348934
2023-04-04 03:00:00,6.455,6.477,6.407,6.413,75033.49072977
2023-04-04 04:00:00,6.414,6.445,6.381,6.391,68439.53455561
2023-04-04 05:00:00,6.391,6.431,6.391,6.401,51605.01983538
2023-04-04 06:00:00,6.399,6.444,6.379,6.426,84808.90669055
2023-04-04 07:00:00,6.428,6.437,6.403,6.408,87025.45628128
2023-04-04 08:00:00,6.408,6.46,6.407,6.451,77301.57806844
2023-04-04 09:00:00,6.448,6.475,6.421,6.445,107602.94590639
2023-04-04 10:00:00,6.445,6.465,6.425,6.426,110162.62424414
2023-04-04 11:00:00,6.427,6.499,6.422,6.483,263945.27072167
2023-04-04 12:00:00,6.484,6.52,6.463,6.479,140416.31178732
2023-04-04 13:00:00,6.48,6.499,6.421,6.431,115867.99516124
2023-04-04 14:00:00,6.432,6.491,6.432,6.44,69372.75272795
2023-04-04 15:00:00,6.441,6.46,6.405,6.432,166877.23949791
2023-04-04 16:00:00,6.432,6.457,6.426,6.452,165052.36264004
2023-04-04 17:00:00,6.451,6.497,6.443,6.488,65147.21759984
2023-04-04 18:00:00,6.488,6.495,6.471,6.476,48760.69299294
2023-04-04 19:00:00,6.477,6.527,6.477,6.516,61909.41369113
2023-04-04 20:00:00,6.517,6.534,6.503,6.523,51302.16414708
2023-04-04 21:00:00,6.522,6.525,6.467,6.48,32237.59967625
2023-04-04 22:00:00,6.482,6.498,6.453,6.454,38148.77356417
2023-04-04 23:00:00,6.455,6.469,6.401,6.441,80418.18002326
2023-04-05 00:00:00,6.44,6.566,6.401,6.546,338283.61948571
2023-04-05 01:00:00,6.547,6.558,6.519,6.534,126427.23830848
2023-04-05 02:00:00,6.535,6.588,6.532,6.544,106429.61307972
2023-04-05 03:00:00,6.543,6.566,6.524,6.564,57819.63969643
2023-04-05 04:00:00,6.565,6.565,6.532,6.532,38896.11581459
2023-04-05 05:00:00,6.533,6.556,6.533,6.549,46670.99138091
2023-04-05 06:00:00,6.548,6.556,6.528,6.537,26118.50130052
2023-04-05 07:00:00,6.538,6.54,6.512,6.537,48563.89079125
2023-04-05 08:00:00,6.537,6.564,6.517,6.54,60337.09866703
2023-04-05 09:00:00,6.541,6.548,6.514,6.521,40355.60278309
2023-04-05 10:00:00,6.52,6.535,6.52,6.53,24758.42398446
2023-04-05 11:00:00,6.532,6.54,6.49,6.501,74461.95379937
2023-04-05 12:00:00,6.502,6.524,6.43,6.493,232541.44087563
2023-04-05 13:00:00,6.493,6.502,6.436,6.453,143721.66991557
2023-04-05 14:00:00,6.453,6.463,6.38,6.386,208631.36390077
2023-04-05 15:00:00,6.385,6.399,6.321,6.38,257504.33528633
2023-04-05 16:00:00,6.379,6.38,6.323,6.344,133489.5636989
2023-04-05 17:00:00,6.343,6.379,6.329,6.352,53962.1548488
2023-04-05 18:00:00,6.352,6.37,6.325,6.365,45490.641989
2023-04-05 19:00:00,6.364,6.407,6.335,6.389,113929.63192222
2023-04-05 20:00:00,6.39,6.407,6.377,6.391,46415.08008631
2023-04-05 21:00:00,6.39,6.396,6.377,6.388,17376.7425044
2023-04-05 22:00:00,6.388,6.406,6.378,6.402,20386.28554478
2023-04-05 23:00:00,6.401,6.414,6.382,6.405,26618.9988727
2023-04-06 00:00:00,6.405,6.411,6.342,6.353,110015.76289098
2023-04-06 01:00:00,6.353,6.371,6.286,6.37,129598.85513081
2023-04-06 02:00:00,6.369,6.389,6.356,6.376,48396.41692136
2023-04-06 03:00:00,6.377,6.413,6.368,6.406,48929.27922813
2023-04-06 04:00:00,6.406,6.407,6.374,6.38,30361.66367598
2023-04-06 05:00:00,6.379,6.382,6.352,6.374,41309.28980331
2023-04-06 06:00:00,6.372,6.384,6.356,6.378,35612.97333156
2023-04-06 07:00:00,6.377,6.38,6.3,6.309,124139.01999346
2023-04-06 08:00:00,6.309,6.333,6.283,6.328,150123.80300908
2023-04-06 09:00:00,6.328,6.334,6.292,6.294,52271.50314656
2023-04-06 10:00:00,6.294,6.307,6.257,6.287,160639.50050099
2023-04-06 11:00:00,6.286,6.333,6.281,6.328,93363.81108938
2023-04-06 12:00:00,6.328,6.415,6.319,6.381,240540.93923435
2023-04-06 13:00:00,6.38,6.381,6.321,6.379,125217.78431151
2023-04-06 14:00:00,6.38,6.417,6.35,6.361,114718.23661993
2023-04-06 15:00:00,6.359,6.387,6.355,6.36,56305.63873242
2023-04-06 16:00:00,6.362,6.38,6.343,6.349,62297.81095149
2023-04-06 17:00:00,6.348,6.37,6.342,6.348,32126.27189167
2023-04-06 18:00:00,6.346,6.347,6.314,6.316,35344.69671524
2023-04-06 19:00:00,6.314,6.345,6.305,6.332,34629.65300374
2023-04-06 20:00:00,6.331,6.354,6.29,6.295,70194.36828107
2023-04-06 21:00:00,6.293,6.328,6.284,6.31,44508.90926348
2023-04-06 22:00:00,6.309,6.315,6.28,6.294,42522.38647615
2023-04-06 23:00:00,6.295,6.311,6.271,6.283,42340.53184205
2023-04-07 00:00:00,6.281,6.321,6.27,6.311,37501.38965723
2023-04-07 01:00:00,6.311,6.32,6.283,6.283,40871.25492617
2023-04-07 02:00:00,6.282,6.293,6.214,6.237,117549.41480223
2023-04-07 03:00:00,6.237,6.245,6.215,6.233,152598.47320299
2023-04-07 04:00:00,6.233,6.259,6.228,6.246,42160.36198613
2023-04-07 05:00:00,6.246,6.247,6.186,6.21,182637.96695021
2023-04-07 06:00:00,6.21,6.215,6.156,6.188,121712.19607905
2023-04-07 07:00:00,6.188,6.199,6.146,6.166,111900.46555059
2023-04-07 08:00:00,6.163,6.184,6.144,6.156,76412.12739135
2023-04-07 09:00:00,6.154,6.171,6.139,6.17,49745.45391919
2023-04-07 10:00:00,6.169,6.219,6.162,6.187,74054.84241566
2023-04-07 11:00:00,6.186,6.186,6.142,6.165,52135.44017721
2023-04-07 12:00:00,6.164,6.205,6.141,6.178,162689.53489378
2023-04-07 13:00:00,6.177,6.197,6.164,6.191,45053.739401
2023-04-07 14:00:00,6.189,6.216,6.181,6.209,62424.92635027
2023-04-07 15:00:00,6.21,6.223,6.2,6.206,37826.22159784
2023-04-07 16:00:00,6.206,6.222,6.174,6.181,45353.37917622
2023-04-07 17:00:00,6.181,6.195,6.177,6.181,26511.91116658
2023-04-07 18:00:00,6.182,6.188,6.164,6.168,18584.04602668
2023-04-07 19:00:00,6.168,6.177,6.155,6.177,21450.20563325
2023-04-07 20:00:00,6.178,6.178,6.146,6.153,21656.83118278
2023-04-07 21:00:00,6.153,6.17,6.153,6.158,13878.01154681
2023-04-07 22:00:00,6.159,6.201,6.159,6.191,24469.73731672
2023-04-07 23:00:00,6.191,6.2,6.173,6.18,17662.33981743
2023-04-08 00:00:00,6.18,6.18,6.126,6.139,56479.14841558
2023-04-08 01:00:00,6.139,6.153,6.11,6.141,41721.15708829
2023-04-08 02:00:00,6.14,6.147,6.127,6.147,48301.95150882
2023-04-08 03:00:00,6.146,6.177,6.146,6.166,53086.11428096
2023-04-08 04:00:00,6.168,6.174,6.158,6.168,12306.98225653
2023-04-08 05:00:00,6.169,6.22,6.161,6.215,91943.68747632
2023-04-08 06:00:00,6.216,6.236,6.208,6.219,97989.7383575
2023-04-08 07:00:00,6.22,6.22,6.201,6.202,41419.83453603
2023-04-08 08:00:00,6.203,6.211,6.181,6.183,37593.18653706
2023-04-08 09:00:00,6.181,6.2,6.178,6.191,21917.60695697
2023-04-08 10:00:00,6.191,6.207,6.181,6.207,25223.28425296
2023-04-08 11:00:00,6.206,6.206,6.188,6.197,17830.21446506
2023-04-08 12:00:00,6.196,6.197,6.183,6.192,23034.53211562
2023-04-08 13:00:00,6.192,6.205,6.19,6.204,18367.86282836
2023-04-08 14:00:00,6.203,6.223,6.203,6.208,27618.01314295
2023-04-08 15:00:00,6.208,6.217,6.206,6.208,17784.84632887
2023-04-08 16:00:00,6.209,6.211,6.182,6.189,23504.83292073
2023-04-08 17:00:00,6.189,6.202,6.144,6.153,60977.5977988
2023-04-08 18:00:00,6.152,6.175,6.091,6.12,120432.69537809
2023-04-08 19:00:00,6.117,6.141,6.096,6.133,56629.70951351
2023-04-08 20:00:00,6.132,6.149,6.129,6.133,17682.66920573
2023-04-08 21:00:00,6.131,6.147,6.124,6.136,17755.14834662
2023-04-08 22:00:00,6.134,6.139,6.105,6.137,24559.85160295
2023-04-08 23:00:00,6.137,6.151,6.129,6.131,15561.49111437
2023-04-09 00:00:00,6.131,6.166,6.131,6.165,47661.13813236
2023-04-09 01:00:00,6.162,6.244,6.162,6.221,115340.96603838
2023-04-09 02:00:00,6.222,6.231,6.198,6.203,65011.46898153
2023-04-09 03:00:00,6.203,6.203,6.171,6.176,51373.63140864
2023-04-09 04:00:00,6.176,6.192,6.176,6.186,21859.35842349
2023-04-09 05:00:00,6.187,6.196,6.174,6.176,15928.02472467
2023-04-09 06:00:00,6.174,6.174,6.114,6.119,200384.46450182
2023-04-09 07:00:00,6.119,6.137,6.1,6.131,88346.22705299
2023-04-09 08:00:00,6.131,6.137,6.098,6.118,50740.42613053
2023-04-09 09:00:00,6.118,6.126,6.102,6.113,65780.90339456
2023-04-09 10:00:00,6.113,6.132,6.106,6.122,27926.91136468
2023-04-09 11:00:00,6.122,6.141,6.112,6.136,90046.05953512
2023-04-09 12:00:00,6.136,6.151,6.127,6.13,84053.03703142
2023-04-09 13:00:00,6.131,6.141,6.111,6.141,19949.10947767
2023-04-09 14:00:00,6.14,6.143,6.098,6.121,53629.84483059
2023-04-09 15:00:00,6.122,6.144,6.106,6.136,40055.30664012
2023-04-09 16:00:00,6.134,6.152,6.127,6.134,31548.88689138
2023-04-09 17:00:00,6.135,6.139,6.108,6.123,21435.37843807
2023-04-09 18:00:00,6.123,6.178,6.119,6.168,50115.11600459
2023-04-09 19:00:00,6.168,6.214,6.164,6.197,143954.34518697
2023-04-09 20:00:00,6.2,6.2,6.179,6.184,23952.93794995
2023-04-09 21:00:00,6.185,6.233,6.185,6.228,53579.71191497
2023-04-09 22:00:00,6.228,6.267,6.228,6.24,105093.66592874
2023-04-09 23:00:00,6.24,6.245,6.205,6.21,64048.08872082
2023-04-10 00:00:00,6.211,6.228,6.193,6.195,30806.95740681
2023-04-10 01:00:00,6.196,6.196,6.12,6.133,63118.92856702
2023-04-10 02:00:00,6.132,6.162,6.12,6.147,55434.68930859
2023-04-10 03:00:00,6.147,6.177,6.144,6.164,27044.67414584
2023-04-10 04:00:00,6.165,6.173,6.153,6.153,20888.31655307
2023-04-10 05:00:00,6.155,6.185,6.146,6.173,32108.94963734
2023-04-10 06:00:00,6.175,6.182,6.175,6.18,27773.76780006
2023-04-10 07:00:00,6.179,6.185,6.167,6.181,16105.5558058
2023-04-10 08:00:00,6.183,6.193,6.169,6.169,18254.9658252
2023-04-10 09:00:00,6.169,6.179,6.165,6.178,9964.46526195
2023-04-10 10:00:00,6.178,6.186,6.163,6.181,35718.36289537
2023-04-10 11:00:00,6.181,6.186,6.159,6.165,55269.5022421
2023-04-10 12:00:00,6.164,6.165,6.141,6.151,38995.4039439
2023-04-10 13:00:00,6.151,6.156,6.126,6.134,39013.90994382
2023-04-10 14:00:00,6.135,6.154,6.122,6.144,59054.58656439
2023-04-10 15:00:00,6.143,6.173,6.142,6.151,56390.31646275
2023-04-10 16:00:00,6.153,6.205,6.12,6.2,102611.02243781
2023-04-10 17:00:00,6.203,6.254,6.2,6.214,225248.97308903
2023-04-10 18:00:00,6.219,6.251,6.219,6.25,61614.58260464
2023-04-10 19:00:00,6.252,6.257,6.21,6.224,130413.97320399
2023-04-10 20:00:00,6.223,6.227,6.185,6.218,118927.24653708
2023-04-10 21:00:00,6.218,6.258,6.218,6.244,41224.80732543
2023-04-10 22:00:00,6.245,6.316,6.245,6.286,247741.44118954
2023-04-10 23:00:00,6.287,6.315,6.275,6.291,67448.01309564
2023-04-11 00:00:00,6.291,6.334,6.284,6.313,107970.76165864
2023-04-11 01:00:00,6.315,6.337,6.277,6.321,99649.85836199
2023-04-11 02:00:00,6.321,6.344,6.307,6.331,74064.02516655
2023-04-11 03:00:00,6.331,6.343,6.292,6.336,57045.70285218
2023-04-11 04:00:00,6.335,6.354,6.317,6.352,30980.36141912
2023-04-11 05:00:00,6.352,6.375,6.313,6.328,80458.51370095
2023-04-11 06:00:00,6.328,6.414,6.327,6.408,78350.73769077
2023-04-11 07:00:00,6.406,6.468,6.398,6.447,159666.69919035
2023-04-11 08:00:00,6.448,6.454,6.392,6.409,72628.14110471
2023-04-11 09:00:00,6.409,6.439,6.388,6.437,51567.19539175
2023-04-11 10:00:00,6.437,6.442,6.423,6.425,34158.72155279
2023-04-11 11:00:00,6.425,6.425,6.407,6.417,28930.17148877
2023-04-11 12:00:00,6.416,6.438,6.393,6.428,44945.17683858
2023-04-11 13:00:00,6.427,6.467,6.425,6.452,59916.19241232
2023-04-11 14:00:00,6.453,6.483,6.408,6.424,76566.22499737
2023-04-11 15:00:00,6.429,6.456,6.418,6.438,54162.17970005
2023-04-11 16:00:00,6.439,6.442,6.389,6.413,100107.3484543
2023-04-11 17:00:00,6.413,6.476,6.397,6.45,76813.31714422
2023-04-11 18:00:00,6.45,6.464,6.44,6.452,52528.61718302
2023-04-11 19:00:00,6.453,6.497,6.418,6.428,233739.04851355
2023-04-11 20:00:00,6.428,6.445,6.401,6.428,116301.33348719
2023-04-11 21:00:00,6.428,6.433,6.415,6.422,32774.51553899
2023-04-11 22:00:00,6.42,6.441,6.416,6.434,54199.68993585
2023-04-11 23:00:00,6.435,6.44,6.404,6.42,69456.04772737
2023-04-12 00:00:00,6.42,6.471,6.391,6.408,83936.76373544
2023-04-12 01:00:00,6.407,6.424,6.336,6.347,160255.52942796
2023-04-12 02:00:00,6.348,6.348,6.211,6.245,372955.59946511
2023-04-12 03:00:00,6.244,6.255,6.221,6.25,139978.55136825
2023-04-12 04:00:00,6.251,6.266,6.23,6.266,47590.47853081
2023-04-12 05:00:00,6.265,6.272,6.237,6.248,98662.09777254
2023-04-12 06:00:00,6.247,6.284,6.244,6.283,40767.00221284
2023-04-12 07:00:00,6.283,6.328,6.28,6.298,169678.10217224
2023-04-12 08:00:00,6.3,6.311,6.274,6.276,47556.62041744
2023-04-12 09:00:00,6.277,6.289,6.267,6.275,46462.16184459
2023-04-12 10:00:00,6.272,6.297,6.269,6.288,30068.61930888
2023-04-12 11:00:00,6.288,6.289,6.267,6.283,26776.88537785
2023-04-12 12:00:00,6.284,6.382,6.26,6.337,272343.61765487
2023-04-12 13:00:00,6.337,6.424,6.322,6.352,188407.56589596
2023-04-12 14:00:00,6.352,6.441,6.344,6.388,175758.78013632
2023-04-12 15:00:00,6.387,6.42,6.325,6.395,203335.88476079
2023-04-12 16:00:00,6.395,6.426,6.381,6.395,167931.06120356
2023-04-12 17:00:00,6.394,6.433,6.394,6.398,115360.43782026
2023-04-12 18:00:00,6.404,6.425,6.361,6.365,104055.75410008
2023-04-12 19:00:00,6.366,6.377,6.321,6.355,86631.26608168
2023-04-12 20:00:00,6.357,6.393,6.357,6.389,32510.24266015
2023-04-12 21:00:00,6.388,6.403,6.383,6.399,18615.65649333
2023-04-12 22:00:00,6.4,6.414,6.38,6.382,86348.64549371
2023-04-12 23:00:00,6.383,6.425,6.379,6.405,51203.07314974
2023-04-13 00:00:00,6.406,6.416,6.377,6.383,35731.38665021
2023-04-13 01:00:00,6.384,6.396,6.348,6.391,93530.72924522
2023-04-13 02:00:00,6.39,6.397,6.359,6.387,70462.60863192
2023-04-13 03:00:00,6.387,6.415,6.384,6.412,26638.37961828
2023-04-13 04:00:00,6.414,6.425,6.397,6.415,38049.2537077
2023-04-13 05:00:00,6.415,6.428,6.404,6.42,46668.2729276
2023-04-13 06:00:00,6.421,6.429,6.391,6.391,35684.84215448
2023-04-13 07:00:00,6.392,6.422,6.384,6.416,31197.48010547
2023-04-13 08:00:00,6.415,6.472,6.397,6.459,177767.22699889
2023-04-13 09:00:00,6.458,6.494,6.456,6.469,202547.12265196
2023-04-13 10:00:00,6.468,6.487,6.451,6.478,47670.47988093
2023-04-13 11:00:00,6.476,6.488,6.465,6.469,34672.35802888
2023-04-13 12:00:00,6.467,6.544,6.467,6.532,195361.28968445
2023-04-13 13:00:00,6.533,6.544,6.5,6.511,140045.21450447
2023-04-13 14:00:00,6.512,6.553,6.493,6.546,100536.00396587
2023-04-13 15:00:00,6.547,6.585,6.532,6.558,217784.24072105
2023-04-13 16:00:00,6.56,6.579,6.538,6.549,42192.23897727
2023-04-13 17:00:00,6.55,6.622,6.547,6.601,196305.68159471
2023-04-13 18:00:00,6.6,6.617,6.583,6.601,218076.35832342
2023-04-13 19:00:00,6.599,6.614,6.585,6.59,36405.34689975
2023-04-13 20:00:00,6.591,6.596,6.545,6.55,76387.06145643
2023-04-13 21:00:00,6.55,6.58,6.527,6.576,167254.46399717
2023-04-13 22:00:00,6.577,6.617,6.577,6.602,107218.20913764
2023-04-13 23:00:00,6.603,6.651,6.603,6.64,93633.90153494
2023-04-14 00:00:00,6.64,6.793,6.624,6.785,486207.04165147
2023-04-14 01:00:00,6.784,6.852,6.76,6.76,351077.99567153
2023-04-14 02:00:00,6.762,6.81,6.748,6.761,127132.56487441
2023-04-14 03:00:00,6.763,6.815,6.756,6.791,64191.70914006
2023-04-14 04:00:00,6.791,6.843,6.78,6.79,153536.08931763
2023-04-14 05:00:00,6.79,6.799,6.77,6.785,103344.5590445
2023-04-14 06:00:00,6.786,6.819,6.776,6.811,135930.73390327
2023-04-14 07:00:00,6.81,6.811,6.719,6.735,123591.265131
2023-04-14 08:00:00,6.737,6.775,6.736,6.753,72790.45111287
2023-04-14 09:00:00,6.754,6.764,6.735,6.758,67050.75728996
2023-04-14 10:00:00,6.758,6.783,6.758,6.766,51616.10288617
2023-04-14 11:00:00,6.768,6.788,6.75,6.78,51183.16398295
2023-04-14 12:00:00,6.779,6.779,6.652,6.667,190919.87753058
2023-04-14 13:00:00,6.664,6.732,6.664,6.726,131901.76279054
2023-04-14 14:00:00,6.724,6.729,6.654,6.666,170357.30264646
2023-04-14 15:00:00,6.667,6.672,6.546,6.563,397634.71500357
2023-04-14 16:00:00,6.562,6.605,6.544,6.602,210633.89645143
2023-04-14 17:00:00,6.601,6.663,6.597,6.656,108950.19524034
2023-04-14 18:00:00,6.656,6.713,6.648,6.711,78491.02518664
2023-04-14 19:00:00,6.711,6.764,6.691,6.75,66863.47962922
2023-04-14 20:00:00,6.752,6.769,6.723,6.728,86321.38120908
2023-04-14 21:00:00,6.728,6.735,6.702,6.725,58133.36738775
2023-04-14 22:00:00,6.725,6.763,6.711,6.757,33142.90027471
2023-04-14 23:00:00,6.755,6.768,6.722,6.734,44219.41407897
2023-04-15 00:00:00,6.736,6.739,6.672,6.687,107738.44061012
2023-04-15 01:00:00,6.688,6.694,6.636,6.676,99962.09573109
2023-04-15 02:00:00,6.674,6.692,6.662,6.665,38581.34602307
2023-04-15 03:00:00,6.665,6.679,6.651,6.665,20940.24360758
2023-04-15 04:00:00,6.665,6.689,6.645,6.684,32989.29754234
2023-04-15 05:00:00,6.686,6.702,6.672,6.674,31736.53931774
2023-04-15 06:00:00,6.675,6.682,6.652,6.658,41688.66660399
2023-04-15 07:00:00,6.66,6.721,6.66,6.705,34665.71086127
2023-04-15 08:00:00,6.705,6.732,6.694,6.713,56800.22373531
2023-04-15 09:00:00,6.713,6.795,6.713,6.774,108253.87473617
2023-04-15 10:00:00,6.775,6.784,6.755,6.778,59957.8617403
2023-04-15 11:00:00,6.778,6.784,6.759,6.772,86393.10846299
2023-04-15 12:00:00,6.774,6.816,6.759,6.811,94557.76666741
2023-04-15 13:00:00,6.81,6.826,6.731,6.745,186698.77205852
2023-04-15 14:00:00,6.746,6.798,6.729,6.784,88507.87127967
2023-04-15 15:00:00,6.783,6.806,6.769,6.772,71596.32592488
2023-04-15 16:00:00,6.772,6.845,6.764,6.834,162672.07544614
2023-04-15 17:00:00,6.832,6.878,6.783,6.796,234440.51679601
2023-04-15 18:00:00,6.797,6.843,6.794,6.824,77056.83046661
2023-04-15 19:00:00,6.826,6.826,6.748,6.792,101053.5086066
2023-04-15 20:00:00,6.791,6.801,6.756,6.759,69069.76037434
2023-04-15 21:00:00,6.759,6.779,6.738,6.764,38341.57429057
2023-04-15 22:00:00,6.764,6.8,6.748,6.798,40230.7481609
2023-04-15 23:00:00,6.797,6.834,6.794,6.808,42127.65530416
2023-04-16 00:00:00,6.809,6.833,6.794,6.807,50119.4526812
2023-04-16 01:00:00,6.807,6.807,6.711,6.791,162890.47749943
2023-04-16 02:00:00,6.792,6.81,6.775,6.792,59660.70610732
2023-04-16 03:00:00,6.792,6.803,6.747,6.759,44489.59309121
2023-04-16 04:00:00,6.759,6.796,6.753,6.794,63785.56017841
2023-04-16 05:00:00,6.794,6.817,6.786,6.8,49309.50525935
2023-04-16 06:00:00,6.801,6.807,6.779,6.781,43637.21196846
2023-04-16 07:00:00,6.782,6.807,6.782,6.792,35703.26589062
2023-04-16 08:00:00,6.792,6.804,6.774,6.795,61344.10885068
2023-04-16 09:00:00,6.796,6.799,6.736,6.74,64214.13718073
2023-04-16 10:00:00,6.737,6.748,6.718,6.729,68921.14048949
2023-04-16 11:00:00,6.728,6.739,6.683,6.698,75087.36814273
2023-04-16 12:00:00,6.695,6.743,6.689,6.738,39680.26482239
2023-04-16 13:00:00,6.738,6.745,6.688,6.718,60873.80593798
2023-04-16 14:00:00,6.72,6.754,6.705,6.753,76696.23081211
2023-04-16 15:00:00,6.752,6.789,6.73,6.784,77803.13322455
2023-04-16 16:00:00,6.784,6.79,6.745,6.782,85513.66880513
2023-04-16 17:00:00,6.784,6.804,6.768,6.768,55088.37001195
2023-04-16 18:00:00,6.769,6.848,6.768,6.847,67010.24338442
2023-04-16 19:00:00,6.847,6.882,6.801,6.804,154153.21156069
2023-04-16 20:00:00,6.804,6.852,6.749,6.835,165072.31909712
2023-04-16 21:00:00,6.836,6.87,6.823,6.868,49795.60406764
2023-04-16 22:00:00,6.868,6.876,6.832,6.861,44999.15217511
2023-04-16 23:00:00,6.861,6.867,6.807,6.829,53310.88232353
2023-04-17 00:00:00,6.828,6.836,6.638,6.661,311712.63351027
2023-04-17 01:00:00,6.66,6.724,6.626,6.696,144973.21307472
2023-04-17 02:00:00,6.695,6.763,6.688,6.758,104977.03371379
2023-04-17 03:00:00,6.758,6.769,6.729,6.732,58377.67646525
2023-04-17 04:00:00,6.732,6.734,6.683,6.724,69715.3182908
2023-04-17 05:00:00,6.725,6.73,6.705,6.73,45332.54376134
2023-04-17 06:00:00,6.73,6.743,6.693,6.699,58136.56134723
2023-04-17 07:00:00,6.699,6.743,6.688,6.715,148444.18668487
2023-04-17 08:00:00,6.714,6.737,6.691,6.734,64810.10058762
2023-04-17 09:00:00,6.732,6.739,6.671,6.682,54527.11521266
2023-04-17 10:00:00,6.681,6.717,6.65,6.713,99891.23707647
2023-04-17 11:00:00,6.712,6.719,6.638,6.699,158892.39627489
2023-04-17 12:00:00,6.697,6.748,6.697,6.731,109839.27303591
2023-04-17 13:00:00,6.73,6.742,6.646,6.689,201392.74083443
2023-04-17 14:00:00,6.688,6.73,6.669,6.704,101901.57089507
2023-04-17 15:00:00,6.703,6.721,6.653,6.69,97479.75691771
2023-04-17 16:00:00,6.689,6.728,6.676,6.694,82301.16379296
2023-04-17 17:00:00,6.691,6.717,6.688,6.709,38498.36819613
2023-04-17 18:00:00,6.709,6.732,6.708,6.73,37018.90305288
2023-04-17 19:00:00,6.729,6.733,6.695,6.705,53949.35619975
2023-04-17 20:00:00,6.706,6.714,6.687,6.696,32373.06532795
2023-04-17 21:00:00,6.695,6.698,6.664,6.687,42829.5659415
2023-04-17 22:00:00,6.686,6.73,6.686,6.727,38822.48093433
2023-04-17 23:00:00,6.728,6.73,6.685,6.706,44482.4315629
2023-04-18 00:00:00,6.707,6.718,6.646,6.674,73193.62434946
2023-04-18 01:00:00,6.674,6.695,6.569,6.685,202187.09620428
2023-04-18 02:00:00,6.686,6.72,6.684,6.713,39218.97660675
2023-04-18 03:00:00,6.714,6.728,6.706,6.719,26289.99673046
2023-04-18 04:00:00,6.72,6.771,6.711,6.77,58785.12558183
2023-04-18 05:00:00,6.771,6.787,6.77,6.774,75683.90792772
2023-04-18 06:00:00,6.775,6.825,6.775,6.825,107195.23023668
2023-04-18 07:00:00,6.826,6.846,6.807,6.841,75910.23926786
2023-04-18 08:00:00,6.843,6.861,6.829,6.844,107269.13145191
2023-04-18 09:00:00,6.846,6.964,6.844,6.926,229461.76480309
2023-04-18 10:00:00,6.928,6.951,6.905,6.946,115737.55614131
2023-04-18 11:00:00,6.946,6.966,6.93,6.956,95929.11603966
2023-04-18 12:00:00,6.957,6.988,6.931,6.938,175195.3371486
2023-04-18 13:00:00,6.939,6.958,6.913,6.948,116721.99362551
2023-04-18 14:00:00,6.948,6.953,6.875,6.91,171945.72836926
2023-04-18 15:00:00,6.911,6.922,6.859,6.884,177115.22758631
2023-04-18 16:00:00,6.885,6.933,6.885,6.899,85883.91060267
2023-04-18 17:00:00,6.899,6.922,6.83,6.836,162797.21614633
2023-04-18 18:00:00,6.837,6.898,6.816,6.865,160993.26140467
2023-04-18 19:00:00,6.866,6.886,6.857,6.871,34222.30649002
2023-04-18 20:00:00,6.87,6.908,6.846,6.906,43374.13627305
2023-04-18 21:00:00,6.905,6.906,6.886,6.906,29465.08910111
2023-04-18 22:00:00,6.906,6.916,6.894,6.907,68392.60114525
2023-04-18 23:00:00,6.909,6.935,6.893,6.919,34999.02013963
2023-04-19 00:00:00,6.92,6.922,6.878,6.888,39810.67673358
2023-04-19 01:00:00,6.889,6.901,6.871,6.88,59322.68591562
2023-04-19 02:00:00,6.88,6.888,6.853,6.855,41286.63640811
2023-04-19 03:00:00,6.854,6.869,6.838,6.852,42330.89158078
2023-04-19 04:00:00,6.851,6.876,6.838,6.863,65931.32479673
2023-04-19 05:00:00,6.863,6.888,6.862,6.874,51254.40193657
2023-04-19 06:00:00,6.874,6.9,6.779,6.798,185983.11254629
2023-04-19 07:00:00,6.797,6.839,6.792,6.829,89733.4071621
2023-04-19 08:00:00,6.828,6.831,6.29,6.432,2223956.18595776
2023-04-19 09:00:00,6.431,6.458,6.409,6.438,395321.89394948
2023-04-19 10:00:00,6.437,6.474,6.428,6.456,315324.8378243
2023-04-19 11:00:00,6.455,6.488,6.447,6.477,138589.21583613
2023-04-19 12:00:00,6.477,6.477,6.447,6.464,164055.86759769
2023-04-19 13:00:00,6.464,6.485,6.454,6.483,135311.88023686
2023-04-19 14:00:00,6.483,6.546,6.483,6.505,262714.6990498
2023-04-19 15:00:00,6.504,6.516,6.456,6.468,241363.55051284
2023-04-19 16:00:00,6.47,6.501,6.465,6.481,134861.40086353
2023-04-19 17:00:00,6.482,6.488,6.381,6.437,377433.6715851
2023-04-19 18:00:00,6.439,6.451,6.38,6.412,174407.27453854
2023-04-19 19:00:00,6.411,6.443,6.39,6.398,162756.83702107
2023-04-19 20:00:00,6.399,6.425,6.376,6.39,181948.98223871
2023-04-19 21:00:00,6.389,6.4,6.27,6.385,331115.65656593
2023-04-19 22:00:00,6.386,6.401,6.362,6.375,71752.64881136
2023-04-19 23:00:00,6.374,6.376,6.237,6.315,353750.01250661
2023-04-20 00:00:00,6.314,6.388,6.301,6.382,127850.03206176
2023-04-20 01:00:00,6.383,6.435,6.36,6.404,126471.17328333
2023-04-20 02:00:00,6.404,6.409,6.329,6.333,125691.67823163
2023-04-20 03:00:00,6.332,6.401,6.289,6.398,139724.37015209
2023-04-20 04:00:00,6.399,6.427,6.386,6.409,81223.55354777
2023-04-20 05:00:00,6.41,6.428,6.374,6.399,74522.60470343
2023-04-20 06:00:00,6.4,6.436,6.399,6.415,78533.26676307
2023-04-20 07:00:00,6.414,6.426,6.394,6.396,63724.56455553
2023-04-20 08:00:00,6.399,6.439,6.393,6.403,87421.78371591
2023-04-20 09:00:00,6.404,6.42,6.403,6.41,43208.46177882
2023-04-20 10:00:00,6.408,6.425,6.38,6.398,69049.5848155
2023-04-20 11:00:00,6.397,6.401,6.326,6.342,135038.04728806
2023-04-20 12:00:00,6.344,6.424,6.324,6.406,226259.12081431
2023-04-20 13:00:00,6.408,6.409,6.344,6.374,157649.01248005
2023-04-20 14:00:00,6.374,6.388,6.324,6.331,105381.31500582
2023-04-20 15:00:00,6.333,6.334,6.233,6.241,203179.36514914
2023-04-20 16:00:00,6.24,6.246,6.127,6.171,488634.35565024
2023-04-20 17:00:00,6.17,6.21,6.124,6.144,245380.33565794
2023-04-20 18:00:00,6.143,6.182,6.097,6.159,410322.55190779
2023-04-20 19:00:00,6.157,6.157,6.072,6.108,263034.56921097
2023-04-20 20:00:00,6.108,6.147,6.063,6.121,90478.58468497
2023-04-20 21:00:00,6.12,6.124,6.084,6.102,90490.38985387
2023-04-20 22:00:00,6.102,6.14,6.087,6.092,89377.81636794
2023-04-20 23:00:00,6.093,6.12,6.088,6.108,58846.10485665
2023-04-21 00:00:00,6.107,6.171,6.09,6.157,130343.75338156
2023-04-21 01:00:00,6.157,6.165,6.097,6.103,61247.38901174
2023-04-21 02:00:00,6.101,6.133,6.089,6.133,57368.35750794
2023-04-21 03:00:00,6.133,6.154,6.132,6.152,56533.99728064
2023-04-21 04:00:00,6.151,6.161,6.119,6.12,45295.20318807
2023-04-21 05:00:00,6.12,6.12,6.089,6.092,64840.71411136
2023-04-21 06:00:00,6.091,6.115,6.001,6.036,360193.830149
2023-04-21 07:00:00,6.037,6.124,6.03,6.12,218979.15762374
2023-04-21 08:00:00,6.121,6.134,6.072,6.077,111986.59089079
2023-04-21 09:00:00,6.078,6.095,6.061,6.087,72509.38447803
2023-04-21 10:00:00,6.084,6.103,6.04,6.052,98071.16981023
2023-04-21 11:00:00,6.051,6.059,6.022,6.047,129611.76327963
2023-04-21 12:00:00,6.049,6.074,5.992,6.071,192414.42932373
2023-04-21 13:00:00,6.072,6.097,6.038,6.042,125183.11684133
2023-04-21 14:00:00,6.042,6.079,6.028,6.038,109497.96275321
2023-04-21 15:00:00,6.039,6.054,6.017,6.029,117223.25644641
2023-04-21 16:00:00,6.028,6.036,5.983,5.999,319265.33382544
2023-04-21 17:00:00,6.0,6.0,5.919,5.964,471994.29072997
2023-04-21 18:00:00,5.962,5.982,5.933,5.941,101580.7375527
2023-04-21 19:00:00,5.941,5.945,5.765,5.823,891184.6221012
2023-04-21 20:00:00,5.822,5.844,5.781,5.784,308286.81827789
2023-04-21 21:00:00,5.783,5.834,5.775,5.793,144620.36425065
2023-04-21 22:00:00,5.793,5.825,5.788,5.818,127951.34086995
2023-04-21 23:00:00,5.817,5.853,5.81,5.845,85298.15328766
2023-04-22 00:00:00,5.846,5.861,5.826,5.83,51783.92560521
2023-04-22 01:00:00,5.831,5.865,5.816,5.859,78903.98795554
2023-04-22 02:00:00,5.859,5.87,5.847,5.862,44747.90211095
2023-04-22 03:00:00,5.864,5.882,5.86,5.878,49580.82858803
2023-04-22 04:00:00,5.878,5.904,5.862,5.894,40574.2698232
2023-04-22 05:00:00,5.893,5.918,5.876,5.917,72046.37663227
2023-04-22 06:00:00,5.917,5.92,5.886,5.909,39666.15011511
2023-04-22 07:00:00,5.91,5.916,5.876,5.887,56318.08370736
2023-04-22 08:00:00,5.889,5.899,5.865,5.874,39943.53345884
2023-04-22 09:00:00,5.876,5.898,5.874,5.881,19186.49681426
2023-04-22 10:00:00,5.882,5.895,5.867,5.894,31940.45517412
2023-04-22 11:00:00,5.894,5.919,5.891,5.913,38756.32073307
2023-04-22 12:00:00,5.913,5.923,5.9,5.922,34614.4935786
2023-04-22 13:00:00,5.923,5.934,5.894,5.91,44698.69642584
2023-04-22 14:00:00,5.91,5.969,5.905,5.96,104248.01676504
2023-04-22 15:00:00,5.96,5.976,5.929,5.948,130827.57064029
2023-04-22 16:00:00,5.948,5.972,5.93,5.937,129818.22868123
2023-04-22 17:00:00,5.935,5.975,5.93,5.967,109281.87215021
2023-04-22 18:00:00,5.967,5.967,5.932,5.947,51501.87004111
2023-04-22 19:00:00,5.947,5.957,5.944,5.948,33218.39394422
2023-04-22 20:00:00,5.948,5.955,5.936,5.937,19327.23228673
2023-04-22 21:00:00,5.936,5.941,5.921,5.941,34199.73018811
2023-04-22 22:00:00,5.942,5.963,5.934,5.95,88319.92774144
2023-04-22 23:00:00,5.95,5.955,5.942,5.944,25312.97724012
2023-04-23 00:00:00,5.945,5.946,5.846,5.896,176661.21056629
2023-04-23 01:00:00,5.893,5.908,5.877,5.893,37778.70116247
2023-04-23 02:00:00,5.892,5.905,5.874,5.898,33340.44656275
2023-04-23 03:00:00,5.897,5.929,5.894,5.918,29993.55340819
2023-04-23 04:00:00,5.917,5.942,5.915,5.934,14505.75880075
2023-04-23 05:00:00,5.937,5.945,5.919,5.942,28970.37530316
2023-04-23 06:00:00,5.942,5.949,5.935,5.941,25780.82911437
2023-04-23 07:00:00,5.941,5.96,5.928,5.955,35237.58559186
2023-04-23 08:00:00,5.956,5.973,5.95,5.955,41682.9158655
2023-04-23 09:00:00,5.955,5.966,5.948,5.955,31529.35771231
2023-04-23 10:00:00,5.954,5.96,5.916,5.938,32755.90305282
2023-04-23 11:00:00,5.938,5.957,5.928,5.956,44929.30330559
2023-04-23 12:00:00,5.956,5.972,5.944,5.944,37311.62460742
2023-04-23 13:00:00,5.944,5.954,5.925,5.952,39371.67915512
2023-04-23 14:00:00,5.952,5.953,5.889,5.898,76165.92685791
2023-04-23 15:00:00,5.897,5.909,5.826,5.87,274616.14457793
2023-04-23 16:00:00,5.869,5.912,5.828,5.884,128990.12045596
2023-04-23 17:00:00,5.885,5.897,5.846,5.846,114014.15428327
2023-04-23 18:00:00,5.846,5.856,5.757,5.794,290435.70180776
2023-04-23 19:00:00,5.795,5.844,5.782,5.824,128477.25621497
2023-04-23 20:00:00,5.822,5.863,5.805,5.863,69604.40348879
2023-04-23 21:00:00,5.861,5.873,5.834,5.866,38491.26178914
2023-04-23 22:00:00,5.868,5.897,5.841,5.895,75927.52911652
2023-04-23 23:00:00,5.895,5.957,5.893,5.901,123306.62428156
2023-04-24 00:00:00,5.902,5.965,5.856,5.961,91991.2361623
2023-04-24 01:00:00,5.962,6.0,5.944,5.961,285265.63606348
2023-04-24 02:00:00,5.964,5.974,5.943,5.959,36471.07991695
2023-04-24 03:00:00,5.962,5.986,5.936,5.978,51908.47831417
2023-04-24 04:00:00,5.978,6.0,5.975,5.999,83425.44031477
2023-04-24 05:00:00,5.998,6.006,5.963,5.963,195407.39458643
2023-04-24 06:00:00,5.963,5.981,5.89,5.915,99515.98097332
2023-04-24 07:00:00,5.915,5.945,5.896,5.924,100101.05199276
2023-04-24 08:00:00,5.923,5.945,5.862,5.881,154379.47768299
2023-04-24 09:00:00,5.88,5.916,5.876,5.904,81483.50264061
2023-04-24 10:00:00,5.907,5.943,5.907,5.931,70904.15451167
2023-04-24 11:00:00,5.932,5.971,5.932,5.97,42466.9896176
2023-04-24 12:00:00,5.971,5.974,5.924,5.93,53441.9858329
2023-04-24 13:00:00,5.931,5.988,5.924,5.967,85857.98918796
2023-04-24 14:00:00,5.967,5.98,5.878,5.919,121356.91211317
2023-04-24 15:00:00,5.92,5.92,5.841,5.849,164817.20072648
2023-04-24 16:00:00,5.848,5.881,5.804,5.826,161610.48046427
2023-04-24 17:00:00,5.825,5.906,5.791,5.904,177074.69596288
2023-04-24 18:00:00,5.904,5.959,5.899,5.917,170571.76217116
2023-04-24 19:00:00,5.918,5.93,5.904,5.921,49880.15642313
2023-04-24 20:00:00,5.919,5.945,5.908,5.926,35907.85257313
2023-04-24 21:00:00,5.926,5.928,5.884,5.888,36041.1035194
2023-04-24 22:00:00,5.887,5.914,5.885,5.889,39175.04249281
2023-04-24 23:00:00,5.889,5.907,5.876,5.882,28249.99501653
2023-04-25 00:00:00,5.884,5.905,5.872,5.887,63612.95551142
2023-04-25 01:00:00,5.886,5.909,5.872,5.878,36344.80435364
2023-04-25 02:00:00,5.878,5.888,5.853,5.861,50827.91489894
2023-04-25 03:00:00,5.86,5.883,5.841,5.861,46703.48224634
2023-04-25 04:00:00,5.863,5.894,5.85,5.882,29561.05230123
2023-04-25 05:00:00,5.883,5.891,5.856,5.884,41595.31487145
2023-04-25 06:00:00,5.884,5.888,5.851,5.852,44808.25648624
2023-04-25 07:00:00,5.851,5.864,5.818,5.831,112054.08496812
2023-04-25 08:00:00,5.832,5.867,5.805,5.861,83195.05417761
2023-04-25 09:00:00,5.862,5.864,5.841,5.85,59858.04112652
2023-04-25 10:00:00,5.849,5.858,5.836,5.849,50484.09425874
2023-04-25 11:00:00,5.85,5.879,5.839,5.864,71010.1036706
2023-04-25 12:00:00,5.865,5.87,5.847,5.866,41341.88171086
2023-04-25 13:00:00,5.866,5.889,5.85,5.86,60287.25202167
2023-04-25 14:00:00,5.859,5.876,5.805,5.816,171959.82587083
2023-04-25 15:00:00,5.815,5.844,5.776,5.795,120865.36663176
2023-04-25 16:00:00,5.793,5.825,5.781,5.818,76028.78017219
2023-04-25 17:00:00,5.82,5.868,5.791,5.864,117363.53444854
2023-04-25 18:00:00,5.868,5.879,5.849,5.852,176078.55220028
2023-04-25 19:00:00,5.851,5.857,5.814,5.842,62021.60066755
2023-04-25 20:00:00,5.842,5.956,5.841,5.948,130943.06050662
2023-04-25 21:00:00,5.949,5.998,5.949,5.997,94500.31537767
2023-04-25 22:00:00,5.996,6.011,5.97,5.978,109462.02096941
2023-04-25 23:00:00,5.978,6.009,5.973,5.997,39902.14756786
2023-04-26 00:00:00,5.997,6.041,5.964,5.964,134208.05985053
2023-04-26 01:00:00,5.964,5.986,5.953,5.978,63504.06839284
2023-04-26 02:00:00,5.978,5.987,5.978,5.985,29878.3893631
2023-04-26 03:00:00,5.985,5.998,5.976,5.993,28986.93216533
2023-04-26 04:00:00,5.994,6.037,5.994,6.025,35985.9894629
2023-04-26 05:00:00,6.024,6.049,6.02,6.032,50183.35050153
2023-04-26 06:00:00,6.032,6.046,6.014,6.036,78521.54739003
2023-04-26 07:00:00,6.035,6.04,6.002,6.021,43405.10207131
2023-04-26 08:00:00,6.019,6.08,6.015,6.077,73446.44821643
2023-04-26 09:00:00,6.077,6.087,6.046,6.08,119361.20698262
2023-04-26 10:00:00,6.081,6.115,6.071,6.101,122244.54330052
2023-04-26 11:00:00,6.101,6.121,6.076,6.077,103012.60684053
2023-04-26 12:00:00,6.078,6.198,6.078,6.198,313159.25229847
2023-04-26 13:00:00,6.196,6.216,6.151,6.191,147683.00648312
2023-04-26 14:00:00,6.191,6.204,6.144,6.172,182531.61780611
2023-04-26 15:00:00,6.173,6.214,6.173,6.203,53173.25846871
2023-04-26 16:00:00,6.201,6.208,6.17,6.189,107294.07127422
2023-04-26 17:00:00,6.191,6.192,6.138,6.141,80537.96730682
2023-04-26 18:00:00,6.142,6.158,6.132,6.138,52693.59597605
2023-04-26 19:00:00,6.139,6.139,5.7,5.759,2086403.97778461
2023-04-26 20:00:00,5.758,5.811,5.584,5.81,1617834.34563932
2023-04-26 21:00:00,5.811,5.872,5.744,5.872,259289.80339428
2023-04-26 22:00:00,5.871,5.879,5.801,5.833,180404.72127408
2023-04-26 23:00:00,5.834,5.863,5.82,5.849,94031.98977776
2023-04-27 00:00:00,5.85,6.015,5.832,5.985,473489.95652974
2023-04-27 01:00:00,5.985,6.015,5.873,5.916,316859.94500481
2023-04-27 02:00:00,5.917,5.966,5.916,5.936,106809.78162489
2023-04-27 03:00:00,5.935,5.937,5.895,5.906,82566.79436262
2023-04-27 04:00:00,5.906,5.966,5.904,5.962,65488.24732202
2023-04-27 05:00:00,5.96,5.979,5.941,5.943,51210.44821418
2023-04-27 06:00:00,5.944,5.948,5.848,5.895,210266.03294616
2023-04-27 07:00:00,5.894,5.915,5.872,5.906,102558.32330314
2023-04-27 08:00:00,5.904,5.919,5.87,5.885,62167.32735326
2023-04-27 09:00:00,5.884,5.908,5.876,5.894,47819.23073208
2023-04-27 10:00:00,5.893,5.909,5.887,5.899,31726.49133813
2023-04-27 11:00:00,5.901,5.922,5.877,5.895,66545.97956671
2023-04-27 12:00:00,5.899,5.921,5.84,5.878,252562.48700874
2023-04-27 13:00:00,5.88,5.912,5.88,5.907,104575.24025738
2023-04-27 14:00:00,5.908,5.937,5.905,5.908,65064.86105463
2023-04-27 15:00:00,5.908,6.0,5.881,5.944,243362.24060026
2023-04-27 16:00:00,5.944,5.953,5.917,5.936,98349.89148756
2023-04-27 17:00:00,5.939,5.984,5.929,5.969,80627.35300204
2023-04-27 18:00:00,5.969,6.051,5.958,6.009,205614.9585864
2023-04-27 19:00:00,6.009,6.024,5.961,6.009,314191.44598749
2023-04-27 20:00:00,6.01,6.035,5.98,5.988,188790.81834326
2023-04-27 21:00:00,5.987,6.004,5.973,5.989,67869.18668645
2023-04-27 22:00:00,5.989,5.995,5.905,5.948,149607.79384354
2023-04-27 23:00:00,5.95,5.975,5.947,5.969,48445.52008854
2023-04-28 00:00:00,5.969,5.977,5.937,5.972,69992.48430786
2023-04-28 01:00:00,5.975,5.976,5.929,5.952,47548.01553556
2023-04-28 02:00:00,5.951,5.955,5.927,5.936,36816.34383781
2023-04-28 03:00:00,5.936,5.936,5.914,5.921,40050.96724858
2023-04-28 04:00:00,5.92,5.96,5.92,5.95,36963.93142659
2023-04-28 05:00:00,5.949,5.963,5.927,5.936,46978.98660732
2023-04-28 06:00:00,5.937,5.941,5.911,5.921,27868.96177447
2023-04-28 07:00:00,5.922,5.941,5.922,5.937,28093.61817502
2023-04-28 08:00:00,5.936,5.936,5.851,5.877,133407.58342763
2023-04-28 09:00:00,5.875,5.888,5.862,5.875,48801.13024002
2023-04-28 10:00:00,5.873,5.896,5.862,5.879,51329.33685989
2023-04-28 11:00:00,5.878,5.881,5.834,5.846,56224.17668125
2023-04-28 12:00:00,5.846,5.886,5.821,5.84,115464.44265419
2023-04-28 13:00:00,5.84,5.865,5.774,5.82,215548.84979766
2023-04-28 14:00:00,5.82,5.865,5.816,5.828,108280.43835723
2023-04-28 15:00:00,5.828,5.881,5.812,5.879,74407.99682756
2023-04-28 16:00:00,5.878,5.936,5.871,5.933,113240.31837581
2023-04-28 17:00:00,5.932,5.946,5.891,5.914,88021.81085256
2023-04-28 18:00:00,5.913,5.924,5.891,5.922,85739.65226687
2023-04-28 19:00:00,5.923,5.951,5.908,5.908,65600.38051787
2023-04-28 20:00:00,5.909,5.941,5.909,5.93,54920.57429229
2023-04-28 21:00:00,5.931,5.937,5.919,5.924,30375.26111034
2023-04-28 22:00:00,5.923,5.945,5.923,5.927,33833.73899304
2023-04-28 23:00:00,5.927,5.952,5.919,5.949,34336.97322994
2023-04-29 00:00:00,5.949,5.949,5.923,5.929,48962.38968218
2023-04-29 01:00:00,5.931,5.955,5.924,5.951,23275.66413332
2023-04-29 02:00:00,5.95,6.0,5.95,5.994,40903.64531223
2023-04-29 03:00:00,5.996,6.0,5.983,5.985,31402.373208
2023-04-29 04:00:00,5.984,6.004,5.984,5.992,30936.56539711
2023-04-29 05:00:00,5.993,5.995,5.968,5.97,27955.68395801
2023-04-29 06:00:00,5.971,5.986,5.948,5.955,32565.92827036
2023-04-29 07:00:00,5.956,5.972,5.951,5.955,26322.83069991
2023-04-29 08:00:00,5.956,5.969,5.927,5.95,84949.41799638
2023-04-29 09:00:00,5.949,5.979,5.943,5.974,66375.45140957
2023-04-29 10:00:00,5.974,5.984,5.955,5.964,67717.05188914
2023-04-29 11:00:00,5.964,5.982,5.957,5.979,43788.90447937
2023-04-29 12:00:00,5.98,6.0,5.979,5.98,52735.38116956
2023-04-29 13:00:00,5.981,6.024,5.981,6.018,79540.11398685
2023-04-29 14:00:00,6.017,6.03,6.006,6.014,91616.91639655
2023-04-29 15:00:00,6.014,6.03,5.986,5.993,57289.12619237
2023-04-29 16:00:00,5.995,6.015,5.985,6.004,54093.76473488
2023-04-29 17:00:00,6.005,6.006,5.922,5.976,149024.41219305
2023-04-29 18:00:00,5.978,5.996,5.971,5.992,27502.85827802
2023-04-29 19:00:00,5.994,6.056,5.986,6.05,54704.48791134
2023-04-29 20:00:00,6.051,6.051,6.021,6.031,41251.61005633
2023-04-29 21:00:00,6.031,6.038,6.008,6.017,34370.11730607
2023-04-29 22:00:00,6.022,6.026,6.005,6.014,27514.92776038
2023-04-29 23:00:00,6.013,6.041,6.001,6.04,43424.40299338
2023-04-30 00:00:00,6.041,6.041,5.972,5.977,59413.69935232
2023-04-30 01:00:00,5.979,6.003,5.959,5.96,85483.78334426
2023-04-30 02:00:00,5.961,5.99,5.952,5.99,30760.89983265
2023-04-30 03:00:00,5.99,5.997,5.97,5.977,59921.98563231
2023-04-30 04:00:00,5.978,5.987,5.975,5.985,21231.60817333
2023-04-30 05:00:00,5.989,6.013,5.985,6.013,31468.90008138
2023-04-30 06:00:00,6.014,6.028,6.014,6.014,28709.26708937
2023-04-30 07:00:00,6.012,6.019,6.002,6.009,21009.21331822
2023-04-30 08:00:00,6.01,6.048,6.01,6.047,29336.272937
2023-04-30 09:00:00,6.048,6.073,6.033,6.045,91047.00685315
2023-04-30 10:00:00,6.045,6.069,6.017,6.027,49888.59199897
2023-04-30 11:00:00,6.028,6.036,6.012,6.018,20531.48293256
2023-04-30 12:00:00,6.018,6.028,6.0,6.001,43433.36730598
2023-04-30 13:00:00,6.0,6.008,5.992,6.0,29607.26922291
2023-04-30 14:00:00,5.999,6.028,5.982,6.023,40813.05006061
2023-04-30 15:00:00,6.024,6.083,6.005,6.033,207745.84389342
2023-04-30 16:00:00,6.033,6.068,6.016,6.054,74021.92258731
2023-04-30 17:00:00,6.054,6.064,6.029,6.029,34836.05290269
2023-04-30 18:00:00,6.029,6.039,6.0,6.021,45873.01386261
2023-04-30 19:00:00,6.021,6.021,5.9,5.936,185346.26698284
2023-04-30 20:00:00,5.936,5.936,5.843,5.88,199759.25530773
2023-04-30 21:00:00,5.878,5.911,5.867,5.909,49302.24567522
2023-04-30 22:00:00,5.908,5.924,5.899,5.919,22142.66032546
2023-04-30 23:00:00,5.919,5.931,5.868,5.875,44277.52137691
2023-05-01 00:00:00,5.875,5.909,5.872,5.897,57016.5383985
2023-05-01 01:00:00,5.898,5.901,5.738,5.788,502885.77987683
2023-05-01 02:00:00,5.785,5.821,5.775,5.819,105442.35604617
2023-05-01 03:00:00,5.818,5.837,5.802,5.837,57229.62102449
2023-05-01 04:00:00,5.836,5.85,5.824,5.85,38916.93704762
2023-05-01 05:00:00,5.85,5.856,5.795,5.838,86988.08624169
2023-05-01 06:00:00,5.838,5.849,5.832,5.845,44542.78635712
2023-05-01 07:00:00,5.844,5.855,5.837,5.841,43577.60360841
2023-05-01 08:00:00,5.841,5.842,5.824,5.842,31386.57680072
2023-05-01 09:00:00,5.842,5.86,5.832,5.835,44227.1742546
2023-05-01 10:00:00,5.836,5.841,5.824,5.825,20383.38817671
2023-05-01 11:00:00,5.825,5.827,5.804,5.804,91084.85574667
2023-05-01 12:00:00,5.804,5.828,5.787,5.817,99207.03591412
2023-05-01 13:00:00,5.817,5.818,5.782,5.784,65861.85362454
2023-05-01 14:00:00,5.783,5.814,5.745,5.796,132206.83813929
2023-05-01 15:00:00,5.797,5.799,5.745,5.751,277459.12497512
2023-05-01 16:00:00,5.75,5.752,5.674,5.737,259224.23744451
2023-05-01 17:00:00,5.738,5.74,5.697,5.72,69167.94108325
2023-05-01 18:00:00,5.72,5.722,5.68,5.683,34410.78657727
2023-05-01 19:00:00,5.683,5.683,5.603,5.622,256158.13398707
2023-05-01 20:00:00,5.62,5.646,5.591,5.612,221585.84215508
2023-05-01 21:00:00,5.61,5.663,5.609,5.646,65323.95313652
2023-05-01 22:00:00,5.646,5.674,5.641,5.653,61157.61362333
2023-05-01 23:00:00,5.653,5.673,5.653,5.671,23744.03540325
2023-05-02 00:00:00,5.669,5.671,5.63,5.655,48829.60450624
2023-05-02 01:00:00,5.655,5.661,5.622,5.633,48517.31457404
2023-05-02 02:00:00,5.632,5.653,5.627,5.652,40925.55262603
2023-05-02 03:00:00,5.651,5.672,5.635,5.67,40898.11493202
2023-05-02 04:00:00,5.672,5.676,5.653,5.653,19293.77614939
2023-05-02 05:00:00,5.655,5.672,5.648,5.668,26269.71654924
2023-05-02 06:00:00,5.667,5.683,5.663,5.674,31626.18192731
2023-05-02 07:00:00,5.674,5.712,5.674,5.7,48292.09417914
2023-05-02 08:00:00,5.701,5.706,5.687,5.687,46379.98679649
2023-05-02 09:00:00,5.687,5.691,5.665,5.67,47748.42557868
2023-05-02 10:00:00,5.67,5.671,5.652,5.66,25545.74065797
2023-05-02 11:00:00,5.66,5.682,5.66,5.672,27169.84426931
2023-05-02 12:00:00,5.671,5.717,5.65,5.68,99032.65595619
2023-05-02 13:00:00,5.682,5.695,5.648,5.652,81557.46132658
2023-05-02 14:00:00,5.653,5.736,5.622,5.688,266565.77792355
2023-05-02 15:00:00,5.69,5.734,5.671,5.697,110836.85825879
2023-05-02 16:00:00,5.698,5.714,5.686,5.691,37957.858172
2023-05-02 17:00:00,5.691,5.714,5.682,5.71,24220.47736882
2023-05-02 18:00:00,5.71,5.748,5.696,5.738,62469.25201773
2023-05-02 19:00:00,5.739,5.758,5.729,5.73,55404.40757259
2023-05-02 20:00:00,5.733,5.737,5.714,5.714,41271.39236422
2023-05-02 21:00:00,5.714,5.721,5.71,5.714,19448.19868028
2023-05-02 22:00:00,5.715,5.74,5.715,5.725,43640.70379184
2023-05-02 23:00:00,5.727,5.736,5.706,5.715,28203.34990735
2023-05-03 00:00:00,5.713,5.714,5.673,5.674,55487.53712976
2023-05-03 01:00:00,5.673,5.696,5.668,5.693,22363.90528992
2023-05-03 02:00:00,5.693,5.693,5.643,5.677,50094.81423942
2023-05-03 03:00:00,5.678,5.683,5.661,5.676,11889.99203696
2023-05-03 04:00:00,5.676,5.681,5.667,5.68,20547.86793966
2023-05-03 05:00:00,5.68,5.68,5.66,5.665,10245.44087396
2023-05-03 06:00:00,5.665,5.699,5.653,5.683,54591.56570138
2023-05-03 07:00:00,5.684,5.691,5.676,5.688,31109.82462575
2023-05-03 08:00:00,5.689,5.698,5.664,5.693,40663.77071609
2023-05-03 09:00:00,5.691,5.696,5.682,5.691,13570.12831725
2023-05-03 10:00:00,5.691,5.695,5.674,5.677,31310.7726409
2023-05-03 11:00:00,5.678,5.68,5.626,5.628,65688.88241525
2023-05-03 12:00:00,5.628,5.633,5.556,5.566,200598.9835959
2023-05-03 13:00:00,5.565,5.617,5.557,5.603,91023.05260018
2023-05-03 14:00:00,5.604,5.616,5.568,5.594,72671.52759015
2023-05-03 15:00:00,5.594,5.611,5.577,5.605,30637.27561578
2023-05-03 16:00:00,5.605,5.627,5.592,5.625,82164.85745092
2023-05-03 17:00:00,5.626,5.669,5.597,5.635,146464.71287819
2023-05-03 18:00:00,5.635,5.705,5.626,5.683,413751.81401534
2023-05-03 19:00:00,5.683,5.717,5.648,5.653,114022.22166826
2023-05-03 20:00:00,5.653,5.694,5.645,5.682,41835.34162027
2023-05-03 21:00:00,5.684,5.769,5.683,5.743,132687.22030112
2023-05-03 22:00:00,5.743,5.805,5.743,5.802,119117.12326539
2023-05-03 23:00:00,5.802,5.811,5.767,5.777,68006.30527886
2023-05-04 00:00:00,5.779,5.781,5.732,5.751,60734.5794624
2023-05-04 01:00:00,5.753,5.764,5.745,5.764,21695.09747071
2023-05-04 02:00:00,5.765,5.794,5.753,5.793,47630.37228454
2023-05-04 03:00:00,5.795,5.798,5.763,5.774,29212.55282054
2023-05-04 04:00:00,5.778,5.789,5.773,5.78,34270.05882444
2023-05-04 05:00:00,5.78,5.785,5.769,5.769,26843.34236774
2023-05-04 06:00:00,5.771,5.776,5.737,5.746,51282.57056505
2023-05-04 07:00:00,5.747,5.75,5.737,5.747,26760.33122578
2023-05-04 08:00:00,5.745,5.753,5.737,5.75,23962.75451728
2023-05-04 09:00:00,5.753,5.753,5.739,5.746,10792.61272938
2023-05-04 10:00:00,5.746,5.783,5.737,5.766,77844.50175087
2023-05-04 11:00:00,5.766,5.767,5.74,5.75,33533.83736196
2023-05-04 12:00:00,5.75,5.754,5.711,5.72,56441.10216909
2023-05-04 13:00:00,5.72,5.728,5.666,5.68,181228.80219792
2023-05-04 14:00:00,5.679,5.702,5.67,5.678,50896.44721286
2023-05-04 15:00:00,5.678,5.7,5.663,5.666,25401.28509997
2023-05-04 16:00:00,5.666,5.692,5.651,5.692,36646.95226073
2023-05-04 17:00:00,5.691,5.695,5.668,5.677,31295.41207871
2023-05-04 18:00:00,5.677,5.677,5.64,5.648,44445.76009518
2023-05-04 19:00:00,5.648,5.652,5.619,5.636,38353.34772375
2023-05-04 20:00:00,5.636,5.648,5.628,5.641,26879.16549427
2023-05-04 21:00:00,5.642,5.645,5.626,5.634,23445.93624512
2023-05-04 22:00:00,5.634,5.654,5.627,5.65,61596.14119511
2023-05-04 23:00:00,5.65,5.672,5.646,5.671,24584.50337268
2023-05-05 00:00:00,5.672,5.71,5.667,5.704,23202.39718253
2023-05-05 01:00:00,5.704,5.774,5.676,5.75,136509.30765675
2023-05-05 02:00:00,5.749,5.786,5.726,5.749,99619.65362759
2023-05-05 03:00:00,5.749,5.76,5.728,5.73,37019.86363101
2023-05-05 04:00:00,5.734,5.751,5.734,5.742,15999.76462695
2023-05-05 05:00:00,5.745,5.746,5.714,5.722,37929.423798
2023-05-05 06:00:00,5.721,5.744,5.721,5.726,30713.64819361
2023-05-05 07:00:00,5.727,5.764,5.717,5.761,295927.05017936
2023-05-05 08:00:00,5.761,5.799,5.756,5.763,142835.60033871
2023-05-05 09:00:00,5.763,5.779,5.751,5.759,52725.07814116
2023-05-05 10:00:00,5.759,5.769,5.746,5.76,20135.17920801
2023-05-05 11:00:00,5.761,5.768,5.744,5.755,38136.92247746
2023-05-05 12:00:00,5.757,5.775,5.653,5.741,280315.81846128
2023-05-05 13:00:00,5.739,5.806,5.727,5.791,138866.42640209
2023-05-05 14:00:00,5.791,5.877,5.791,5.829,186517.463329
2023-05-05 15:00:00,5.83,5.846,5.806,5.825,76314.13962739
2023-05-05 16:00:00,5.826,5.902,5.825,5.86,271338.53920181
2023-05-05 17:00:00,5.864,5.874,5.843,5.858,87378.86607114
2023-05-05 18:00:00,5.858,5.873,5.826,5.852,120385.70263896
2023-05-05 19:00:00,5.854,5.871,5.849,5.871,63747.36764079
2023-05-05 20:00:00,5.873,5.877,5.859,5.863,49441.19738693
2023-05-05 21:00:00,5.862,5.883,5.857,5.857,60346.01608671
2023-05-05 22:00:00,5.856,5.869,5.856,5.86,18914.64977557
2023-05-05 23:00:00,5.859,5.869,5.843,5.848,36265.95257877
2023-05-06 00:00:00,5.847,5.901,5.837,5.876,103070.47959606
2023-05-06 01:00:00,5.874,5.876,5.827,5.831,68019.32985254
2023-05-06 02:00:00,5.831,5.838,5.812,5.838,36603.37405004
2023-05-06 03:00:00,5.839,5.839,5.788,5.813,77603.1316369
2023-05-06 04:00:00,5.812,5.832,5.805,5.824,35566.37949122
2023-05-06 05:00:00,5.824,5.825,5.79,5.791,26673.13928825
2023-05-06 06:00:00,5.789,5.789,5.765,5.778,68641.79575235
2023-05-06 07:00:00,5.776,5.785,5.76,5.763,20050.75782728
2023-05-06 08:00:00,5.759,5.759,5.708,5.749,177041.83271339
2023-05-06 09:00:00,5.75,5.757,5.738,5.75,31911.90883881
2023-05-06 10:00:00,5.747,5.773,5.74,5.773,32715.59500526
2023-05-06 11:00:00,5.773,5.79,5.768,5.79,24156.88599921
2023-05-06 12:00:00,5.788,5.788,5.724,5.737,112771.19236567
2023-05-06 13:00:00,5.735,5.735,5.664,5.698,215363.86944703
2023-05-06 14:00:00,5.696,5.696,5.592,5.623,323192.36114661
2023-05-06 15:00:00,5.622,5.641,5.59,5.609,99232.79577684
2023-05-06 16:00:00,5.608,5.645,5.598,5.641,45678.44278793
2023-05-06 17:00:00,5.64,5.653,5.628,5.645,42341.70998121
2023-05-06 18:00:00,5.646,5.703,5.646,5.684,84189.06851755
2023-05-06 19:00:00,5.686,5.7,5.656,5.669,60189.17506435
2023-05-06 20:00:00,5.667,5.672,5.651,5.653,32849.62040905
2023-05-06 21:00:00,5.653,5.662,5.634,5.661,26181.89961374
2023-05-06 22:00:00,5.659,5.659,5.645,5.65,29072.75210768
2023-05-06 23:00:00,5.648,5.659,5.631,5.641,24481.11525168
2023-05-07 00:00:00,5.64,5.668,5.627,5.665,90120.7175355
2023-05-07 01:00:00,5.665,5.688,5.629,5.639,83339.30219076
2023-05-07 02:00:00,5.642,5.655,5.611,5.611,59534.13621649
2023-05-07 03:00:00,5.611,5.626,5.606,5.625,31957.00248429
2023-05-07 04:00:00,5.623,5.635,5.61,5.634,29810.86472569
2023-05-07 05:00:00,5.635,5.651,5.63,5.646,25667.37476048
2023-05-07 06:00:00,5.648,5.658,5.644,5.657,32950.23453032
2023-05-07 07:00:00,5.657,5.667,5.653,5.658,18085.9316604
2023-05-07 08:00:00,5.657,5.667,5.64,5.644,33835.21544197
2023-05-07 09:00:00,5.645,5.659,5.634,5.64,33048.01762216
2023-05-07 10:00:00,5.639,5.673,5.635,5.67,30848.11511805
2023-05-07 11:00:00,5.672,5.677,5.646,5.662,38720.83814994
2023-05-07 12:00:00,5.665,5.684,5.665,5.675,53360.55395367
2023-05-07 13:00:00,5.676,5.695,5.67,5.673,78010.51872916
2023-05-07 14:00:00,5.676,5.7,5.662,5.687,48700.7332923
2023-05-07 15:00:00,5.687,5.69,5.664,5.672,33341.49791978
2023-05-07 16:00:00,5.675,5.68,5.644,5.675,59818.24284439
2023-05-07 17:00:00,5.674,5.694,5.656,5.665,35946.92755168
2023-05-07 18:00:00,5.663,5.69,5.662,5.673,33718.06563334
2023-05-07 19:00:00,5.674,5.689,5.66,5.68,48114.51285268
2023-05-07 20:00:00,5.68,5.699,5.68,5.699,22607.51272998
2023-05-07 21:00:00,5.696,5.708,5.662,5.674,49079.53016205
2023-05-07 22:00:00,5.673,5.689,5.656,5.675,47922.38470375
2023-05-07 23:00:00,5.676,5.693,5.615,5.634,300655.00059427
2023-05-08 00:00:00,5.634,5.655,5.601,5.649,206681.66837204
2023-05-08 01:00:00,5.649,5.649,5.357,5.447,960624.80526004
2023-05-08 02:00:00,5.449,5.472,5.415,5.471,183961.67472985
2023-05-08 03:00:00,5.469,5.477,5.42,5.47,229753.73638101
2023-05-08 04:00:00,5.47,5.477,5.416,5.421,126359.75185339
2023-05-08 05:00:00,5.42,5.455,5.411,5.452,83619.19066006
2023-05-08 06:00:00,5.451,5.46,5.438,5.447,48720.21813416
2023-05-08 07:00:00,5.447,5.457,5.344,5.391,291841.86262868
2023-05-08 08:00:00,5.39,5.405,5.363,5.377,183282.74771237
2023-05-08 09:00:00,5.376,5.429,5.373,5.427,172962.52910926
2023-05-08 10:00:00,5.427,5.439,5.423,5.437,48442.49247179
2023-05-08 11:00:00,5.438,5.454,5.429,5.435,54453.76918778
2023-05-08 12:00:00,5.436,5.449,5.426,5.435,57370.28520113
2023-05-08 13:00:00,5.435,5.466,5.425,5.427,93607.56216018
2023-05-08 14:00:00,5.428,5.446,5.393,5.441,164797.25124938
2023-05-08 15:00:00,5.44,5.451,5.414,5.415,158077.47241493
2023-05-08 16:00:00,5.416,5.425,5.394,5.403,92893.6550582
2023-05-08 17:00:00,5.405,5.406,5.272,5.272,506914.85717787
2023-05-08 18:00:00,5.272,5.311,5.157,5.311,1228798.85886506
2023-05-08 19:00:00,5.311,5.336,5.291,5.3,183478.82618259
2023-05-08 20:00:00,5.3,5.329,5.288,5.306,164839.87819237
2023-05-08 21:00:00,5.305,5.339,5.279,5.32,96688.55178998
2023-05-08 22:00:00,5.32,5.364,5.311,5.364,80031.91703555
2023-05-08 23:00:00,5.364,5.38,5.355,5.369,51077.07940175
2023-05-09 00:00:00,5.368,5.384,5.362,5.376,48042.46228555
2023-05-09 01:00:00,5.376,5.414,5.374,5.384,104555.0900008
2023-05-09 02:00:00,5.383,5.383,5.337,5.367,61213.23433737
2023-05-09 03:00:00,5.369,5.381,5.346,5.38,42784.40638337
2023-05-09 04:00:00,5.379,5.393,5.371,5.381,40593.38770259
2023-05-09 05:00:00,5.381,5.397,5.367,5.385,45492.75893677
2023-05-09 06:00:00,5.383,5.384,5.341,5.36,77646.08788758
2023-05-09 07:00:00,5.36,5.38,5.338,5.378,142902.58753726
2023-05-09 08:00:00,5.377,5.378,5.316,5.328,230935.8258025
2023-05-09 09:00:00,5.329,5.335,5.304,5.327,202675.39865848
2023-05-09 10:00:00,5.327,5.358,5.322,5.34,72164.52686832
2023-05-09 11:00:00,5.341,5.355,5.314,5.349,79372.55116966
2023-05-09 12:00:00,5.348,5.357,5.324,5.344,86890.93200401
2023-05-09 13:00:00,5.346,5.36,5.322,5.348,110108.62923686
2023-05-09 14:00:00,5.349,5.365,5.314,5.335,100641.70018386
2023-05-09 15:00:00,5.335,5.343,5.288,5.3,102531.31712899
2023-05-09 16:00:00,5.302,5.353,5.291,5.353,89180.64770649
2023-05-09 17:00:00,5.354,5.366,5.323,5.332,67085.67217514
2023-05-09 18:00:00,5.334,5.334,5.295,5.304,53102.55165766
2023-05-09 19:00:00,5.304,5.321,5.301,5.312,46782.48709897
2023-05-09 20:00:00,5.312,5.335,5.291,5.303,65074.47560873
2023-05-09 21:00:00,5.302,5.319,5.292,5.303,59661.21859953
2023-05-09 22:00:00,5.304,5.314,5.298,5.31,23552.06080444
2023-05-09 23:00:00,5.311,5.331,5.311,5.323,25378.5958439
2023-05-10 00:00:00,5.323,5.352,5.321,5.344,48638.81743275
2023-05-10 01:00:00,5.344,5.377,5.34,5.344,69611.83747951
2023-05-10 02:00:00,5.343,5.35,5.327,5.327,39399.81199523
2023-05-10 03:00:00,5.328,5.34,5.326,5.329,27592.49043547
2023-05-10 04:00:00,5.328,5.352,5.323,5.351,47258.1704681
2023-05-10 05:00:00,5.353,5.368,5.339,5.353,75301.29877534
2023-05-10 06:00:00,5.354,5.356,5.32,5.34,68643.07861112
2023-05-10 07:00:00,5.341,5.35,5.321,5.322,43746.23145222
2023-05-10 08:00:00,5.32,5.33,5.303,5.317,51005.99563432
2023-05-10 09:00:00,5.317,5.326,5.303,5.319,36735.46805634
2023-05-10 10:00:00,5.319,5.324,5.305,5.316,45200.69352525
2023-05-10 11:00:00,5.316,5.337,5.31,5.337,48000.20244007
2023-05-10 12:00:00,5.336,5.451,5.307,5.431,497617.49694827
2023-05-10 13:00:00,5.432,5.476,5.407,5.441,156811.36563757
2023-05-10 14:00:00,5.442,5.488,5.434,5.474,128428.63333157
2023-05-10 15:00:00,5.472,5.499,5.442,5.481,92494.31913493
2023-05-10 16:00:00,5.482,5.504,5.475,5.48,116465.22977966
2023-05-10 17:00:00,5.48,5.484,5.208,5.369,1435264.98995034
2023-05-10 18:00:00,5.369,5.398,5.346,5.397,142726.95863118
2023-05-10 19:00:00,5.396,5.471,5.391,5.439,277463.7172345
2023-05-10 20:00:00,5.437,5.521,5.433,5.504,228841.78418363
2023-05-10 21:00:00,5.504,5.509,5.437,5.45,148959.34607195
2023-05-10 22:00:00,5.45,5.477,5.447,5.474,43644.96680403
2023-05-10 23:00:00,5.473,5.493,5.46,5.465,42606.45002131
2023-05-11 00:00:00,5.465,5.47,5.408,5.417,76114.67637961
2023-05-11 01:00:00,5.417,5.45,5.417,5.431,40274.25681003
2023-05-11 02:00:00,5.431,5.432,5.405,5.43,45594.75523911
2023-05-11 03:00:00,5.431,5.431,5.382,5.383,73037.09158686
2023-05-11 04:00:00,5.383,5.405,5.38,5.402,46150.55809938
2023-05-11 05:00:00,5.401,5.404,5.367,5.398,100430.35781872
2023-05-11 06:00:00,5.399,5.41,5.369,5.41,53054.48385285
2023-05-11 07:00:00,5.408,5.467,5.401,5.433,104106.79738282
2023-05-11 08:00:00,5.431,5.431,5.362,5.384,214998.44894165
2023-05-11 09:00:00,5.383,5.389,5.371,5.381,52887.08907494
2023-05-11 10:00:00,5.38,5.393,5.371,5.371,73599.19970923
2023-05-11 11:00:00,5.37,5.397,5.36,5.368,96671.63223153
2023-05-11 12:00:00,5.367,5.418,5.326,5.331,243690.26708942
2023-05-11 13:00:00,5.332,5.354,5.289,5.313,423065.95473227
2023-05-11 14:00:00,5.314,5.328,5.264,5.306,251179.88866995
2023-05-11 15:00:00,5.306,5.32,5.276,5.297,124153.89386404
2023-05-11 16:00:00,5.297,5.318,5.276,5.286,129757.79300774
2023-05-11 17:00:00,5.284,5.289,5.196,5.224,418396.72276464
2023-05-11 18:00:00,5.224,5.247,5.178,5.24,172179.67438792
2023-05-11 19:00:00,5.238,5.265,5.221,5.259,107385.75388434
2023-05-11 20:00:00,5.259,5.297,5.245,5.292,53473.72597201
2023-05-11 21:00:00,5.292,5.301,5.275,5.282,27945.82004611
2023-05-11 22:00:00,5.282,5.302,5.263,5.27,59488.30768892
2023-05-11 23:00:00,5.272,5.289,5.241,5.276,44010.19786087
2023-05-12 00:00:00,5.278,5.306,5.259,5.301,80490.87491018
2023-05-12 01:00:00,5.302,5.312,5.238,5.244,85820.49846259
2023-05-12 02:00:00,5.241,5.256,5.152,5.189,155209.82474111
2023-05-12 03:00:00,5.189,5.211,5.171,5.182,94755.79301885
2023-05-12 04:00:00,5.181,5.243,5.16,5.243,83165.95420527
2023-05-12 05:00:00,5.242,5.248,5.142,5.177,242357.8885379
2023-05-12 06:00:00,5.178,5.205,5.149,5.202,155319.29307176
2023-05-12 07:00:00,5.202,5.234,5.201,5.215,72896.91217989
2023-05-12 08:00:00,5.215,5.234,5.207,5.218,47873.96296299
2023-05-12 09:00:00,5.218,5.263,5.218,5.243,122036.25004521
2023-05-12 10:00:00,5.244,5.259,5.226,5.226,77276.80816407
2023-05-12 11:00:00,5.226,5.235,5.212,5.22,55234.4461027
2023-05-12 12:00:00,5.219,5.267,5.216,5.25,88312.5121326
2023-05-12 13:00:00,5.25,5.267,5.236,5.248,83096.07066536
2023-05-12 14:00:00,5.247,5.28,5.219,5.225,155410.77663509
2023-05-12 15:00:00,5.226,5.242,5.21,5.223,75852.29800003
2023-05-12 16:00:00,5.221,5.251,5.204,5.22,90646.08954441
2023-05-12 17:00:00,5.22,5.244,5.219,5.223,63914.84076192
2023-05-12 18:00:00,5.222,5.25,5.222,5.238,78198.54699776
2023-05-12 19:00:00,5.236,5.255,5.114,5.25,875987.37038842
2023-05-12 20:00:00,5.25,5.281,5.233,5.275,313072.31723041
2023-05-12 21:00:00,5.274,5.328,5.274,5.32,173959.57022698
2023-05-12 22:00:00,5.32,5.346,5.32,5.328,75037.21545059
2023-05-12 23:00:00,5.328,5.35,5.328,5.34,39095.14847678
2023-05-13 00:00:00,5.342,5.353,5.311,5.343,58309.02943511
2023-05-13 01:00:00,5.343,5.375,5.334,5.373,103026.07933305
2023-05-13 02:00:00,5.374,5.378,5.352,5.356,35457.45147819
2023-05-13 03:00:00,5.355,5.388,5.355,5.368,79975.23241664
2023-05-13 04:00:00,5.368,5.372,5.344,5.349,52081.29201188
2023-05-13 05:00:00,5.349,5.367,5.342,5.344,36600.13064266
2023-05-13 06:00:00,5.345,5.361,5.342,5.355,20113.21760761
2023-05-13 07:00:00,5.355,5.371,5.354,5.37,45974.5916952
2023-05-13 08:00:00,5.371,5.377,5.363,5.371,16682.74703727
2023-05-13 09:00:00,5.369,5.387,5.367,5.38,51555.96922164
2023-05-13 10:00:00,5.381,5.394,5.367,5.376,38409.9892522
2023-05-13 11:00:00,5.376,5.379,5.358,5.363,26781.59540667
2023-05-13 12:00:00,5.364,5.381,5.352,5.364,41173.46281453
2023-05-13 13:00:00,5.364,5.38,5.341,5.353,53847.77896215
2023-05-13 14:00:00,5.354,5.361,5.311,5.336,119509.67339898
2023-05-13 15:00:00,5.337,5.345,5.328,5.336,31757.89951203
2023-05-13 16:00:00,5.336,5.337,5.317,5.332,41270.83445082
2023-05-13 17:00:00,5.331,5.341,5.322,5.335,40992.12436318
2023-05-13 18:00:00,5.335,5.38,5.324,5.336,96020.61246056
2023-05-13 19:00:00,5.336,5.366,5.325,5.347,85623.50310321
2023-05-13 20:00:00,5.348,5.363,5.333,5.345,64380.77319365
2023-05-13 21:00:00,5.344,5.357,5.335,5.348,48090.98055923
2023-05-13 22:00:00,5.348,5.364,5.346,5.364,44134.1319777
2023-05-13 23:00:00,5.365,5.372,5.34,5.344,42599.58953298
2023-05-14 00:00:00,5.345,5.368,5.313,5.352,122363.36750605
2023-05-14 01:00:00,5.352,5.355,5.313,5.331,53698.77406783
2023-05-14 02:00:00,5.33,5.363,5.323,5.361,46156.31955997
2023-05-14 03:00:00,5.362,5.377,5.358,5.376,22432.00627746
2023-05-14 04:00:00,5.376,5.379,5.357,5.369,83520.72052901
2023-05-14 05:00:00,5.368,5.375,5.364,5.367,18795.51640296
2023-05-14 06:00:00,5.368,5.387,5.365,5.366,82034.28157662
2023-05-14 07:00:00,5.366,5.378,5.366,5.369,38910.12913772
2023-05-14 08:00:00,5.369,5.369,5.353,5.362,34290.05061751
2023-05-14 09:00:00,5.362,5.371,5.348,5.369,17734.44913517
2023-05-14 10:00:00,5.369,5.369,5.354,5.362,16096.38994076
2023-05-14 11:00:00,5.363,5.371,5.357,5.364,21155.00023059
2023-05-14 12:00:00,5.365,5.372,5.35,5.371,42596.06412691
2023-05-14 13:00:00,5.373,5.379,5.358,5.378,47754.05778913
2023-05-14 14:00:00,5.377,5.382,5.364,5.38,51794.93416522
2023-05-14 15:00:00,5.38,5.448,5.379,5.419,189554.03124772
2023-05-14 16:00:00,5.42,5.433,5.37,5.377,98617.24603759
2023-05-14 17:00:00,5.376,5.387,5.357,5.364,94397.85401856
2023-05-14 18:00:00,5.364,5.366,5.327,5.349,86474.29970351
2023-05-14 19:00:00,5.348,5.348,5.315,5.333,79856.88549695
2023-05-14 20:00:00,5.332,5.346,5.311,5.345,78517.24840374
2023-05-14 21:00:00,5.346,5.35,5.337,5.349,30128.48371438
2023-05-14 22:00:00,5.35,5.369,5.333,5.363,33973.39048535
2023-05-14 23:00:00,5.362,5.365,5.341,5.349,44750.91571109
2023-05-15 00:00:00,5.349,5.353,5.266,5.293,394805.68827248
2023-05-15 01:00:00,5.29,5.407,5.285,5.382,197943.53597817
2023-05-15 02:00:00,5.384,5.405,5.371,5.371,118527.41840467
2023-05-15 03:00:00,5.371,5.402,5.371,5.387,44563.43239486
2023-05-15 04:00:00,5.388,5.403,5.376,5.387,32349.83747017
2023-05-15 05:00:00,5.388,5.404,5.368,5.389,139046.96920172
2023-05-15 06:00:00,5.391,5.424,5.382,5.423,104475.19706511
2023-05-15 07:00:00,5.424,5.431,5.41,5.417,49744.23569885
2023-05-15 08:00:00,5.417,5.423,5.409,5.416,31320.94994533
2023-05-15 09:00:00,5.417,5.424,5.402,5.409,37039.80097035
2023-05-15 10:00:00,5.409,5.409,5.39,5.4,37702.47333134
2023-05-15 11:00:00,5.401,5.405,5.376,5.378,41947.9838751
2023-05-15 12:00:00,5.378,5.392,5.377,5.386,13886.44462153
2023-05-15 13:00:00,5.386,5.395,5.364,5.372,42114.53396867
2023-05-15 14:00:00,5.373,5.399,5.338,5.379,165579.69849034
2023-05-15 15:00:00,5.379,5.388,5.367,5.373,34070.16699889
2023-05-15 16:00:00,5.375,5.397,5.348,5.374,139146.11106069
2023-05-15 17:00:00,5.377,5.407,5.369,5.383,74716.24644501
2023-05-15 18:00:00,5.384,5.388,5.35,5.354,55628.07718526
2023-05-15 19:00:00,5.354,5.361,5.324,5.345,85290.76435035
2023-05-15 20:00:00,5.346,5.346,5.328,5.334,34012.9837679
2023-05-15 21:00:00,5.335,5.348,5.332,5.348,50521.47779067
2023-05-15 22:00:00,5.348,5.349,5.328,5.336,62343.95198992
2023-05-15 23:00:00,5.335,5.337,5.3,5.313,88267.4107775
2023-05-16 00:00:00,5.311,5.333,5.273,5.295,171013.7062825
2023-05-16 01:00:00,5.294,5.3,5.229,5.263,329928.57568415
2023-05-16 02:00:00,5.262,5.273,5.246,5.271,62283.31777074
2023-05-16 03:00:00,5.271,5.277,5.264,5.271,37838.16849894
2023-05-16 04:00:00,5.271,5.275,5.26,5.273,30183.48885261
2023-05-16 05:00:00,5.273,5.288,5.27,5.275,33867.28333047
2023-05-16 06:00:00,5.276,5.281,5.251,5.277,45370.07499552
2023-05-16 07:00:00,5.277,5.305,5.276,5.297,84799.15696283
2023-05-16 08:00:00,5.298,5.3,5.279,5.292,42279.21500927
2023-05-16 09:00:00,5.292,5.309,5.281,5.293,73842.85842544
2023-05-16 10:00:00,5.292,5.293,5.257,5.26,40792.91785532
2023-05-16 11:00:00,5.26,5.284,5.256,5.283,32664.87606716
2023-05-16 12:00:00,5.285,5.292,5.248,5.27,136567.35690662
2023-05-16 13:00:00,5.271,5.28,5.248,5.248,75215.46070081
2023-05-16 14:00:00,5.247,5.277,5.231,5.273,160714.38516411
2023-05-16 15:00:00,5.275,5.284,5.264,5.274,60804.41561958
2023-05-16 16:00:00,5.274,5.305,5.267,5.293,120950.01587378
2023-05-16 17:00:00,5.294,5.301,5.27,5.295,44871.76868959
2023-05-16 18:00:00,5.298,5.304,5.282,5.288,34179.47631343
2023-05-16 19:00:00,5.289,5.292,5.253,5.26,39540.60383625
2023-05-16 20:00:00,5.259,5.274,5.24,5.264,43765.647571
2023-05-16 21:00:00,5.264,5.298,5.263,5.294,30846.66286175
2023-05-16 22:00:00,5.295,5.302,5.286,5.291,33032.28733145
2023-05-16 23:00:00,5.29,5.305,5.277,5.293,31042.6639287
2023-05-17 00:00:00,5.294,5.323,5.277,5.315,79612.43598495
2023-05-17 01:00:00,5.314,5.36,5.311,5.351,116031.5612575
2023-05-17 02:00:00,5.351,5.354,5.324,5.326,150839.50940263
2023-05-17 03:00:00,5.328,5.35,5.324,5.343,21718.57586416
2023-05-17 04:00:00,5.342,5.375,5.342,5.359,27506.43338118
2023-05-17 05:00:00,5.359,5.359,5.312,5.312,121603.80483789
2023-05-17 06:00:00,5.313,5.331,5.286,5.322,113649.4279459
2023-05-17 07:00:00,5.321,5.342,5.273,5.297,187054.89299306
2023-05-17 08:00:00,5.295,5.295,5.26,5.284,92099.29130825
2023-05-17 09:00:00,5.284,5.317,5.274,5.314,73180.46014348
2023-05-17 10:00:00,5.313,5.313,5.291,5.296,70025.770599
2023-05-17 11:00:00,5.296,5.297,5.242,5.249,202858.31357111
2023-05-17 12:00:00,5.249,5.271,5.24,5.265,111348.30404284
2023-05-17 13:00:00,5.266,5.278,5.244,5.248,152285.76971644
2023-05-17 14:00:00,5.246,5.271,5.217,5.242,195307.86785333
2023-05-17 15:00:00,5.242,5.265,5.234,5.257,98865.88313378
2023-05-17 16:00:00,5.255,5.276,5.238,5.27,100073.4621378
2023-05-17 17:00:00,5.272,5.311,5.263,5.299,100168.48398498
2023-05-17 18:00:00,5.299,5.361,5.299,5.336,139633.68650796
2023-05-17 19:00:00,5.337,5.424,5.337,5.402,235414.98804057
2023-05-17 20:00:00,5.402,5.438,5.383,5.408,125735.50309631
2023-05-17 21:00:00,5.409,5.419,5.389,5.41,63935.36249341
2023-05-17 22:00:00,5.41,5.416,5.39,5.396,31856.22568073
2023-05-17 23:00:00,5.396,5.42,5.396,5.419,30426.7326211
2023-05-18 00:00:00,5.42,5.422,5.392,5.397,49973.34042108
2023-05-18 01:00:00,5.397,5.412,5.388,5.392,45017.75818172
2023-05-18 02:00:00,5.392,5.427,5.392,5.415,31820.49994646
2023-05-18 03:00:00,5.414,5.463,5.414,5.455,43872.79794091
2023-05-18 04:00:00,5.455,5.462,5.448,5.45,38391.45585498
2023-05-18 05:00:00,5.449,5.451,5.426,5.434,43039.32009169
2023-05-18 06:00:00,5.432,5.438,5.396,5.409,67663.79028356
2023-05-18 07:00:00,5.407,5.445,5.404,5.43,100645.5611371
2023-05-18 08:00:00,5.431,5.448,5.422,5.424,54276.60138231
2023-05-18 09:00:00,5.425,5.436,5.409,5.413,67799.35580952
2023-05-18 10:00:00,5.413,5.448,5.411,5.434,36683.45469082
2023-05-18 11:00:00,5.432,5.436,5.406,5.425,41253.68394043
2023-05-18 12:00:00,5.425,5.428,5.394,5.399,67769.3061869
2023-05-18 13:00:00,5.396,5.414,5.39,5.405,57183.78677551
2023-05-18 14:00:00,5.405,5.42,5.34,5.396,264207.56819089
2023-05-18 15:00:00,5.395,5.414,5.363,5.37,103973.27322359
2023-05-18 16:00:00,5.37,5.392,5.355,5.377,156988.83119909
2023-05-18 17:00:00,5.374,5.381,5.253,5.278,406385.38176019
2023-05-18 18:00:00,5.277,5.285,5.245,5.261,156220.1112469
2023-05-18 19:00:00,5.26,5.325,5.25,5.298,94405.683895
2023-05-18 20:00:00,5.296,5.314,5.286,5.301,42202.35788728
2023-05-18 21:00:00,5.302,5.357,5.302,5.343,83134.33752437
2023-05-18 22:00:00,5.344,5.366,5.341,5.35,78720.01287169
2023-05-18 23:00:00,5.352,5.354,5.335,5.336,32932.33119682
2023-05-19 00:00:00,5.336,5.362,5.323,5.357,68956.28086938
2023-05-19 01:00:00,5.357,5.36,5.333,5.335,39729.88141436
2023-05-19 02:00:00,5.334,5.35,5.324,5.345,35840.73281869
2023-05-19 03:00:00,5.346,5.362,5.334,5.347,29270.66561805
2023-05-19 04:00:00,5.348,5.367,5.344,5.365,25854.88509686
2023-05-19 05:00:00,5.365,5.378,5.362,5.365,36226.75690971
2023-05-19 06:00:00,5.366,5.375,5.355,5.357,55308.12868245
2023-05-19 07:00:00,5.358,5.363,5.34,5.351,63917.66990812
2023-05-19 08:00:00,5.35,5.362,5.345,5.358,40791.63945201
2023-05-19 09:00:00,5.359,5.36,5.342,5.357,36098.11500091
2023-05-19 10:00:00,5.358,5.36,5.346,5.351,34991.23456667
2023-05-19 11:00:00,5.351,5.357,5.337,5.341,49909.96121278
2023-05-19 12:00:00,5.341,5.355,5.34,5.351,49906.50882389
2023-05-19 13:00:00,5.352,5.352,5.339,5.345,98189.63058173
2023-05-19 14:00:00,5.345,5.345,5.32,5.342,96879.95370897
2023-05-19 15:00:00,5.344,5.392,5.309,5.361,250986.4942522
2023-05-19 16:00:00,5.361,5.369,5.338,5.356,108921.75974781
2023-05-19 17:00:00,5.356,5.379,5.355,5.366,41834.07474422
2023-05-19 18:00:00,5.366,5.372,5.348,5.36,62809.1155309
2023-05-19 19:00:00,5.36,5.36,5.325,5.341,69654.09264887
2023-05-19 20:00:00,5.341,5.361,5.338,5.36,24312.95959856
2023-05-19 21:00:00,5.36,5.373,5.358,5.365,20282.06583481
2023-05-19 22:00:00,5.366,5.378,5.365,5.37,23912.15282584
2023-05-19 23:00:00,5.372,5.381,5.359,5.369,20561.08248914
2023-05-20 00:00:00,5.369,5.377,5.325,5.339,67410.46094413
2023-05-20 01:00:00,5.339,5.361,5.338,5.361,44434.12800477
2023-05-20 02:00:00,5.36,5.38,5.36,5.368,59024.23647001
2023-05-20 03:00:00,5.368,5.381,5.367,5.37,39925.44101386
2023-05-20 04:00:00,5.371,5.372,5.357,5.361,26090.23418534
2023-05-20 05:00:00,5.36,5.36,5.341,5.353,34007.56983752
2023-05-20 06:00:00,5.354,5.364,5.344,5.359,29478.05561084
2023-05-20 07:00:00,5.36,5.373,5.359,5.36,17579.3096027
2023-05-20 08:00:00,5.361,5.378,5.361,5.376,25849.13000324
2023-05-20 09:00:00,5.379,5.391,5.379,5.391,49333.61177414
2023-05-20 10:00:00,5.392,5.404,5.391,5.394,43737.66600204
2023-05-20 11:00:00,5.393,5.396,5.383,5.386,34330.80610006
2023-05-20 12:00:00,5.387,5.403,5.387,5.394,25131.85264139
2023-05-20 13:00:00,5.395,5.405,5.39,5.401,18014.3099756
2023-05-20 14:00:00,5.402,5.417,5.397,5.416,52532.82422102
2023-05-20 15:00:00,5.415,5.431,5.413,5.422,38061.39732948
2023-05-20 16:00:00,5.423,5.435,5.411,5.418,52180.45200137
2023-05-20 17:00:00,5.418,5.438,5.409,5.435,41120.11921477
2023-05-20 18:00:00,5.435,5.447,5.417,5.417,63329.47671922
2023-05-20 19:00:00,5.417,5.428,5.403,5.423,39056.37758399
2023-05-20 20:00:00,5.424,5.427,5.402,5.405,26145.12122225
2023-05-20 21:00:00,5.405,5.42,5.399,5.413,32509.87056509
2023-05-20 22:00:00,5.414,5.418,5.405,5.406,15118.21977853
2023-05-20 23:00:00,5.405,5.42,5.404,5.41,56413.21017932
2023-05-21 00:00:00,5.41,5.428,5.406,5.428,60894.31385118
2023-05-21 01:00:00,5.43,5.431,5.391,5.391,39012.1668381
2023-05-21 02:00:00,5.391,5.397,5.382,5.392,125662.69997744
2023-05-21 03:00:00,5.392,5.396,5.381,5.387,43812.06224658
2023-05-21 04:00:00,5.387,5.399,5.386,5.399,17490.28315663
2023-05-21 05:00:00,5.4,5.404,5.395,5.395,23474.48924802
2023-05-21 06:00:00,5.394,5.394,5.382,5.389,18234.6876096
2023-05-21 07:00:00,5.388,5.389,5.38,5.381,17944.73639874
2023-05-21 08:00:00,5.382,5.386,5.371,5.376,53148.41986772
2023-05-21 09:00:00,5.375,5.38,5.367,5.373,50104.93478993
2023-05-21 10:00:00,5.372,5.376,5.342,5.347,104512.9320515
2023-05-21 11:00:00,5.347,5.347,5.314,5.325,104920.13636907
2023-05-21 12:00:00,5.323,5.331,5.316,5.33,48580.42726553
2023-05-21 13:00:00,5.329,5.34,5.328,5.337,18237.00028255
2023-05-21 14:00:00,5.336,5.34,5.328,5.33,21501.91913913
2023-05-21 15:00:00,5.33,5.346,5.268,5.288,231298.47477526
2023-05-21 16:00:00,5.289,5.309,5.274,5.285,79352.3961685
2023-05-21 17:00:00,5.283,5.298,5.279,5.292,60194.58505246
2023-05-21 18:00:00,5.291,5.304,5.287,5.297,38717.22028699
2023-05-21 19:00:00,5.296,5.305,5.292,5.301,21205.18772758
2023-05-21 20:00:00,5.303,5.306,5.278,5.281,37554.43322573
2023-05-21 21:00:00,5.279,5.291,5.244,5.291,217921.02914221
2023-05-21 22:00:00,5.291,5.299,5.282,5.283,27633.9502634
2023-05-21 23:00:00,5.281,5.289,5.261,5.273,34960.84659269
2023-05-22 00:00:00,5.272,5.292,5.222,5.263,245635.6296782
2023-05-22 01:00:00,5.264,5.264,5.235,5.243,95341.93169333
2023-05-22 02:00:00,5.244,5.286,5.236,5.286,65934.19824949
2023-05-22 03:00:00,5.286,5.286,5.274,5.279,29814.30028318
2023-05-22 04:00:00,5.278,5.286,5.272,5.283,31939.34661245
2023-05-22 05:00:00,5.284,5.286,5.273,5.28,66535.24938774
2023-05-22 06:00:00,5.281,5.314,5.277,5.295,61354.94875029
2023-05-22 07:00:00,5.295,5.299,5.287,5.291,31194.0815118
2023-05-22 08:00:00,5.291,5.306,5.287,5.301,47632.21289751
2023-05-22 09:00:00,5.301,5.327,5.301,5.326,67173.15645104
2023-05-22 10:00:00,5.325,5.333,5.316,5.331,47199.90491315
2023-05-22 11:00:00,5.33,5.33,5.308,5.316,37625.0710695
2023-05-22 12:00:00,5.316,5.326,5.296,5.296,55358.69043997
2023-05-22 13:00:00,5.294,5.338,5.293,5.316,65139.93242106
2023-05-22 14:00:00,5.318,5.323,5.287,5.312,95360.20185096
2023-05-22 15:00:00,5.313,5.316,5.297,5.306,52473.59079963
2023-05-22 16:00:00,5.307,5.315,5.291,5.3,50232.34727375
2023-05-22 17:00:00,5.301,5.321,5.279,5.311,120756.53683501
2023-05-22 18:00:00,5.31,5.325,5.308,5.32,48913.77034135
2023-05-22 19:00:00,5.32,5.321,5.306,5.314,37999.44324162
2023-05-22 20:00:00,5.315,5.327,5.302,5.318,40366.50057812
2023-05-22 21:00:00,5.317,5.329,5.311,5.312,38809.04800945
2023-05-22 22:00:00,5.314,5.321,5.308,5.312,25358.66637786
2023-05-22 23:00:00,5.315,5.32,5.307,5.309,33389.99311366
2023-05-23 00:00:00,5.31,5.325,5.298,5.301,67773.73151271
2023-05-23 01:00:00,5.302,5.35,5.291,5.337,115041.61086582
2023-05-23 02:00:00,5.34,5.366,5.34,5.363,73734.74877185
2023-05-23 03:00:00,5.362,5.455,5.36,5.426,301884.51153224
2023-05-23 04:00:00,5.427,5.443,5.401,5.408,138348.26262231
2023-05-23 05:00:00,5.409,5.418,5.396,5.396,77701.48740501
2023-05-23 06:00:00,5.397,5.411,5.374,5.379,107469.50724364
2023-05-23 07:00:00,5.379,5.394,5.366,5.384,131401.25697772
2023-05-23 08:00:00,5.386,5.388,5.365,5.376,49541.48925172
2023-05-23 09:00:00,5.376,5.385,5.371,5.384,32074.5224741
2023-05-23 10:00:00,5.384,5.404,5.383,5.392,33534.81130487
2023-05-23 11:00:00,5.392,5.393,5.373,5.376,42344.08403377
2023-05-23 12:00:00,5.377,5.38,5.361,5.376,63136.81064
2023-05-23 13:00:00,5.377,5.379,5.348,5.363,147908.49256447
2023-05-23 14:00:00,5.363,5.395,5.363,5.386,47248.96896104
2023-05-23 15:00:00,5.386,5.392,5.377,5.389,27857.54089633
2023-05-23 16:00:00,5.389,5.393,5.372,5.382,69449.77252361
2023-05-23 17:00:00,5.381,5.387,5.372,5.38,43891.86953088
2023-05-23 18:00:00,5.38,5.382,5.353,5.36,65102.07381806
2023-05-23 19:00:00,5.36,5.373,5.353,5.371,44731.11166866
2023-05-23 20:00:00,5.371,5.394,5.367,5.392,31204.86672901
2023-05-23 21:00:00,5.392,5.4,5.382,5.39,31815.98977789
2023-05-23 22:00:00,5.39,5.404,5.383,5.4,25853.24663528
2023-05-23 23:00:00,5.399,5.418,5.396,5.4,36533.5386157
2023-05-24 00:00:00,5.401,5.404,5.377,5.389,44549.9000111
2023-05-24 01:00:00,5.389,5.389,5.366,5.372,60970.97552329
2023-05-24 02:00:00,5.371,5.388,5.368,5.385,39409.80165589
2023-05-24 03:00:00,5.383,5.385,5.272,5.299,349342.12186927
2023-05-24 04:00:00,5.298,5.319,5.278,5.316,90114.16932106
2023-05-24 05:00:00,5.316,5.331,5.309,5.331,63770.97803635
2023-05-24 06:00:00,5.331,5.332,5.285,5.3,78289.43869064
2023-05-24 07:00:00,5.3,5.31,5.284,5.286,77490.04559256
2023-05-24 08:00:00,5.285,5.303,5.282,5.302,38246.34534406
2023-05-24 09:00:00,5.301,5.314,5.293,5.294,71846.01824274
2023-05-24 10:00:00,5.295,5.297,5.28,5.285,39287.95362508
2023-05-24 11:00:00,5.284,5.29,5.275,5.288,49908.92297071
2023-05-24 12:00:00,5.288,5.299,5.279,5.295,44141.8327881
2023-05-24 13:00:00,5.295,5.302,5.2,5.244,538092.56496207
2023-05-24 14:00:00,5.244,5.249,5.2,5.23,304965.93689067
2023-05-24 15:00:00,5.229,5.246,5.204,5.241,352593.14232396
2023-05-24 16:00:00,5.242,5.245,5.207,5.211,69456.47876896
2023-05-24 17:00:00,5.212,5.233,5.197,5.227,92812.13687775
2023-05-24 18:00:00,5.226,5.233,5.215,5.222,77661.88258328
2023-05-24 19:00:00,5.221,5.251,5.218,5.236,115140.1945025
2023-05-24 20:00:00,5.236,5.275,5.234,5.266,110794.68309249
2023-05-24 21:00:00,5.265,5.276,5.243,5.255,48946.64034342
2023-05-24 22:00:00,5.253,5.266,5.25,5.256,42462.73895018
2023-05-24 23:00:00,5.258,5.274,5.254,5.255,55068.06042655
2023-05-25 00:00:00,5.254,5.26,5.205,5.206,147951.9371659
2023-05-25 01:00:00,5.209,5.235,5.139,5.211,434127.05171297
2023-05-25 02:00:00,5.211,5.23,5.206,5.223,59397.33746494
2023-05-25 03:00:00,5.224,5.241,5.21,5.239,61026.16016091
2023-05-25 04:00:00,5.238,5.244,5.224,5.237,53438.42213833
2023-05-25 05:00:00,5.238,5.249,5.233,5.249,33720.22594798
2023-05-25 06:00:00,5.249,5.255,5.243,5.244,62563.99391416
2023-05-25 07:00:00,5.245,5.257,5.238,5.247,81317.69346137
2023-05-25 08:00:00,5.247,5.267,5.247,5.263,47797.49472995
2023-05-25 09:00:00,5.262,5.273,5.255,5.261,53586.83368325
2023-05-25 10:00:00,5.26,5.263,5.25,5.263,42558.4416364
2023-05-25 11:00:00,5.263,5.27,5.251,5.269,46002.68352598
2023-05-25 12:00:00,5.269,5.299,5.269,5.277,126596.3925235
2023-05-25 13:00:00,5.276,5.29,5.26,5.271,60723.43555493
2023-05-25 14:00:00,5.273,5.282,5.264,5.269,44857.38406796
2023-05-25 15:00:00,5.27,5.275,5.23,5.233,166121.4589939
2023-05-25 16:00:00,5.233,5.259,5.227,5.246,119287.50772214
2023-05-25 17:00:00,5.246,5.258,5.229,5.251,87815.61205519
2023-05-25 18:00:00,5.251,5.263,5.249,5.253,64831.48952291
2023-05-25 19:00:00,5.253,5.296,5.253,5.256,147478.26033279
2023-05-25 20:00:00,5.256,5.262,5.243,5.252,70405.74810128
2023-05-25 21:00:00,5.251,5.251,5.234,5.243,25961.35834784
2023-05-25 22:00:00,5.242,5.245,5.237,5.245,29803.93435709
2023-05-25 23:00:00,5.246,5.25,5.236,5.245,34955.22415555
2023-05-26 00:00:00,5.246,5.247,5.228,5.242,62229.60514396
2023-05-26 01:00:00,5.242,5.254,5.206,5.211,146556.57337464
2023-05-26 02:00:00,5.212,5.217,5.207,5.213,43679.3315781
2023-05-26 03:00:00,5.212,5.228,5.207,5.219,58688.86128717
2023-05-26 04:00:00,5.219,5.228,5.209,5.223,29550.91216057
2023-05-26 05:00:00,5.224,5.225,5.2,5.204,52610.1936864
2023-05-26 06:00:00,5.204,5.238,5.185,5.236,79597.81558779
2023-05-26 07:00:00,5.236,5.244,5.222,5.243,46150.44976866
2023-05-26 08:00:00,5.244,5.244,5.228,5.235,61909.09967992
2023-05-26 09:00:00,5.236,5.242,5.229,5.236,33055.00598118
2023-05-26 10:00:00,5.236,5.239,5.23,5.23,18740.57167574
2023-05-26 11:00:00,5.23,5.233,5.218,5.226,37123.16962314
2023-05-26 12:00:00,5.226,5.243,5.206,5.217,134267.4611117
2023-05-26 13:00:00,5.217,5.245,5.217,5.231,84086.08159444
2023-05-26 14:00:00,5.233,5.274,5.232,5.253,144258.74874866
2023-05-26 15:00:00,5.252,5.267,5.25,5.263,69663.38102665
2023-05-26 16:00:00,5.264,5.264,5.241,5.243,40742.85852037
2023-05-26 17:00:00,5.243,5.245,5.217,5.229,63650.8292897
2023-05-26 18:00:00,5.229,5.261,5.225,5.257,67999.86587938
2023-05-26 19:00:00,5.257,5.265,5.254,5.258,29237.02926585
2023-05-26 20:00:00,5.259,5.265,5.244,5.257,70625.06081906
2023-05-26 21:00:00,5.258,5.266,5.258,5.263,15200.96593064
2023-05-26 22:00:00,5.262,5.264,5.244,5.245,25491.41800235
2023-05-26 23:00:00,5.246,5.251,5.242,5.245,22766.81886633
2023-05-27 00:00:00,5.246,5.247,5.232,5.244,53899.29018317
2023-05-27 01:00:00,5.245,5.25,5.243,5.244,16290.39071035
2023-05-27 02:00:00,5.244,5.254,5.234,5.254,24986.63710009
2023-05-27 03:00:00,5.254,5.277,5.254,5.268,50124.31012578
2023-05-27 04:00:00,5.268,5.29,5.266,5.282,49001.2942067
2023-05-27 05:00:00,5.283,5.287,5.27,5.272,23800.86046741
2023-05-27 06:00:00,5.273,5.287,5.264,5.284,21420.81831527
2023-05-27 07:00:00,5.285,5.285,5.269,5.273,14946.91703552
2023-05-27 08:00:00,5.274,5.274,5.259,5.262,24555.22050035
2023-05-27 09:00:00,5.261,5.272,5.261,5.272,22021.23732268
2023-05-27 10:00:00,5.273,5.283,5.273,5.279,23719.91503971
2023-05-27 11:00:00,5.28,5.289,5.277,5.28,22077.14166703
2023-05-27 12:00:00,5.28,5.293,5.279,5.288,29945.52084965
2023-05-27 13:00:00,5.289,5.297,5.257,5.271,68938.54785711
2023-05-27 14:00:00,5.269,5.375,5.268,5.339,304649.02007821
2023-05-27 15:00:00,5.34,5.341,5.311,5.32,73923.56571248
2023-05-27 16:00:00,5.321,5.323,5.307,5.32,40755.68701082
2023-05-27 17:00:00,5.321,5.33,5.317,5.323,37663.04807472
2023-05-27 18:00:00,5.321,5.333,5.305,5.305,47336.33790496
2023-05-27 19:00:00,5.305,5.319,5.302,5.316,25211.98490281
2023-05-27 20:00:00,5.318,5.33,5.318,5.329,20177.45309357
2023-05-27 21:00:00,5.33,5.333,5.32,5.323,15232.10866516
2023-05-27 22:00:00,5.324,5.345,5.324,5.335,31912.62612621
2023-05-27 23:00:00,5.336,5.341,5.333,5.337,28486.21705225
2023-05-28 00:00:00,5.338,5.377,5.319,5.37,153304.78421261
2023-05-28 01:00:00,5.37,5.386,5.364,5.377,117275.94297293
2023-05-28 02:00:00,5.379,5.382,5.356,5.359,19802.68319968
2023-05-28 03:00:00,5.36,5.383,5.36,5.373,43806.77596141
2023-05-28 04:00:00,5.374,5.39,5.374,5.374,39515.93236536
2023-05-28 05:00:00,5.375,5.377,5.363,5.372,24158.45244089
2023-05-28 06:00:00,5.372,5.381,5.371,5.371,29394.33472991
2023-05-28 07:00:00,5.371,5.386,5.37,5.383,17255.34364398
2023-05-28 08:00:00,5.384,5.388,5.366,5.376,35188.31352499
2023-05-28 09:00:00,5.376,5.379,5.365,5.366,11888.51677307
2023-05-28 10:00:00,5.367,5.397,5.364,5.392,43447.14185302
2023-05-28 11:00:00,5.392,5.409,5.366,5.374,64111.03631948
2023-05-28 12:00:00,5.374,5.388,5.367,5.388,33221.33891102
2023-05-28 13:00:00,5.388,5.396,5.38,5.39,23971.97274196
2023-05-28 14:00:00,5.39,5.395,5.382,5.39,32193.89264788
2023-05-28 15:00:00,5.39,5.401,5.383,5.389,37488.58855898
2023-05-28 16:00:00,5.388,5.388,5.375,5.381,23665.31210496
2023-05-28 17:00:00,5.38,5.4,5.375,5.4,56723.06291959
2023-05-28 18:00:00,5.4,5.444,5.395,5.434,170061.75860016
2023-05-28 19:00:00,5.434,5.448,5.422,5.424,98428.24195928
2023-05-28 20:00:00,5.425,5.47,5.425,5.457,78378.43473376
2023-05-28 21:00:00,5.458,5.506,5.458,5.484,105246.9179064
2023-05-28 22:00:00,5.485,5.562,5.485,5.532,351403.60722879
2023-05-28 23:00:00,5.533,5.539,5.501,5.501,92747.37952834
2023-05-29 00:00:00,5.502,5.534,5.494,5.516,142795.01642846
2023-05-29 01:00:00,5.516,5.537,5.5,5.512,66686.15596659
2023-05-29 02:00:00,5.512,5.514,5.485,5.496,51321.44246688
2023-05-29 03:00:00,5.497,5.5,5.459,5.465,55257.54832767
2023-05-29 04:00:00,5.465,5.484,5.443,5.483,83363.28651738
2023-05-29 05:00:00,5.483,5.498,5.477,5.498,68589.33240187
2023-05-29 06:00:00,5.498,5.502,5.492,5.5,23234.36744797
2023-05-29 07:00:00,5.501,5.501,5.466,5.474,33053.52766461
2023-05-29 08:00:00,5.475,5.486,5.468,5.478,30454.13811789
2023-05-29 09:00:00,5.478,5.484,5.47,5.476,41577.99788269
2023-05-29 10:00:00,5.477,5.478,5.45,5.463,61823.36416351
2023-05-29 11:00:00,5.464,5.487,5.462,5.487,20168.56769862
2023-05-29 12:00:00,5.487,5.489,5.462,5.468,30013.47059506
2023-05-29 13:00:00,5.471,5.48,5.455,5.465,34359.93733945
2023-05-29 14:00:00,5.465,5.472,5.439,5.457,115410.281917
2023-05-29 15:00:00,5.457,5.472,5.428,5.436,150960.85139353
2023-05-29 16:00:00,5.435,5.454,5.415,5.448,198213.39543498
2023-05-29 17:00:00,5.447,5.464,5.429,5.463,68600.92417572
2023-05-29 18:00:00,5.462,5.48,5.459,5.471,43194.87250378
2023-05-29 19:00:00,5.47,5.475,5.446,5.457,66808.85396186
2023-05-29 20:00:00,5.456,5.481,5.455,5.472,52628.95832143
2023-05-29 21:00:00,5.473,5.479,5.456,5.458,40202.30131777
2023-05-29 22:00:00,5.457,5.474,5.448,5.468,80551.19232715
2023-05-29 23:00:00,5.467,5.48,5.458,5.463,44432.19832776
2023-05-30 00:00:00,5.462,5.472,5.441,5.472,77551.87934789
2023-05-30 01:00:00,5.474,5.482,5.467,5.481,47524.66066197
2023-05-30 02:00:00,5.482,5.486,5.469,5.481,31669.6689624
2023-05-30 03:00:00,5.481,5.498,5.477,5.484,72260.11506012
2023-05-30 04:00:00,5.484,5.494,5.464,5.468,30119.93888315
2023-05-30 05:00:00,5.468,5.468,5.442,5.461,42787.72840559
2023-05-30 06:00:00,5.461,5.475,5.461,5.474,27642.88446992
2023-05-30 07:00:00,5.475,5.479,5.454,5.454,31390.88239569
2023-05-30 08:00:00,5.454,5.495,5.454,5.487,60057.42054115
2023-05-30 09:00:00,5.487,5.507,5.487,5.495,55642.76165827
2023-05-30 10:00:00,5.494,5.53,5.494,5.505,82400.18840781
2023-05-30 11:00:00,5.503,5.506,5.489,5.503,62387.42750548
2023-05-30 12:00:00,5.504,5.512,5.467,5.486,61221.7142462
2023-05-30 13:00:00,5.487,5.487,5.454,5.458,70769.52617526
2023-05-30 14:00:00,5.457,5.473,5.426,5.426,162773.9526897
2023-05-30 15:00:00,5.429,5.445,5.42,5.438,104302.95772793
2023-05-30 16:00:00,5.438,5.449,5.41,5.439,131917.35436945
2023-05-30 17:00:00,5.438,5.46,5.432,5.448,48375.75773162
2023-05-30 18:00:00,5.447,5.464,5.433,5.456,32719.58658831
2023-05-30 19:00:00,5.456,5.463,5.447,5.455,22339.27438955
2023-05-30 20:00:00,5.456,5.462,5.443,5.448,78010.92500263
2023-05-30 21:00:00,5.448,5.467,5.436,5.444,84845.59949099
2023-05-30 22:00:00,5.444,5.456,5.432,5.456,44146.17062468
2023-05-30 23:00:00,5.455,5.455,5.439,5.44,38319.21741927
2023-05-31 00:00:00,5.441,5.459,5.427,5.457,66199.80828626
2023-05-31 01:00:00,5.456,5.463,5.445,5.447,43996.5552139
2023-05-31 02:00:00,5.448,5.448,5.401,5.426,141016.25374761
2023-05-31 03:00:00,5.425,5.443,5.414,5.438,39826.03710775
2023-05-31 04:00:00,5.439,5.441,5.323,5.339,546430.85707593
2023-05-31 05:00:00,5.338,5.345,5.301,5.314,460033.74940198
2023-05-31 06:00:00,5.313,5.346,5.304,5.346,154536.04089399
2023-05-31 07:00:00,5.343,5.345,5.329,5.336,53634.30293104
2023-05-31 08:00:00,5.336,5.341,5.317,5.318,66181.08637264
2023-05-31 09:00:00,5.318,5.334,5.311,5.327,62767.64707569
2023-05-31 10:00:00,5.328,5.328,5.305,5.314,58613.08700869
2023-05-31 11:00:00,5.312,5.319,5.306,5.313,28073.96462871
2023-05-31 12:00:00,5.314,5.314,5.289,5.308,75802.02257107
2023-05-31 13:00:00,5.307,5.331,5.306,5.328,48542.69907661
2023-05-31 14:00:00,5.327,5.327,5.267,5.297,218553.95325919
2023-05-31 15:00:00,5.298,5.299,5.277,5.282,54538.770913
2023-05-31 16:00:00,5.28,5.29,5.27,5.286,47888.19799345
2023-05-31 17:00:00,5.286,5.319,5.286,5.313,61218.7813023
2023-05-31 18:00:00,5.314,5.317,5.302,5.308,31587.26013916
2023-05-31 19:00:00,5.308,5.31,5.291,5.294,32053.7953593
2023-05-31 20:00:00,5.292,5.315,5.291,5.307,41174.38854247
2023-05-31 21:00:00,5.306,5.306,5.299,5.302,20738.33079262
2023-05-31 22:00:00,5.302,5.315,5.3,5.308,32258.19769198
2023-05-31 23:00:00,5.308,5.322,5.304,5.316,16082.54979003
2023-06-01 00:00:00,5.316,5.337,5.287,5.295,141514.54779838
2023-06-01 01:00:00,5.296,5.312,5.29,5.295,58045.11402166
2023-06-01 02:00:00,5.295,5.295,5.222,5.228,252615.00693525
2023-06-01 03:00:00,5.227,5.244,5.203,5.24,147332.75777853
2023-06-01 04:00:00,5.239,5.243,5.228,5.235,39003.67711037
2023-06-01 05:00:00,5.234,5.244,5.226,5.227,42251.77228505
2023-06-01 06:00:00,5.227,5.235,5.226,5.227,37426.4369333
2023-06-01 07:00:00,5.226,5.228,5.211,5.219,35467.83495578
2023-06-01 08:00:00,5.218,5.232,5.212,5.229,18205.46334506
2023-06-01 09:00:00,5.23,5.247,5.23,5.24,32553.13982692
2023-06-01 10:00:00,5.24,5.241,5.226,5.228,46505.46356301
2023-06-01 11:00:00,5.227,5.232,5.224,5.232,9791.60288782
2023-06-01 12:00:00,5.232,5.241,5.218,5.241,39575.13634833
2023-06-01 13:00:00,5.242,5.245,5.222,5.226,21498.27359769
2023-06-01 14:00:00,5.225,5.242,5.22,5.231,36401.80791081
2023-06-01 15:00:00,5.231,5.241,5.221,5.23,40972.10777717
2023-06-01 16:00:00,5.229,5.264,5.216,5.257,53484.30202613
2023-06-01 17:00:00,5.256,5.265,5.232,5.236,84383.07584683
2023-06-01 18:00:00,5.237,5.257,5.237,5.248,35306.65619351
2023-06-01 19:00:00,5.248,5.252,5.191,5.226,167737.51036807
2023-06-01 20:00:00,5.225,5.23,5.215,5.22,34390.83633674
2023-06-01 21:00:00,5.221,5.23,5.214,5.214,32726.27642521
2023-06-01 22:00:00,5.215,5.22,5.206,5.218,38541.92642698
2023-06-01 23:00:00,5.218,5.218,5.188,5.207,56367.22512034
2023-06-02 00:00:00,5.207,5.226,5.156,5.225,296141.68333892
2023-06-02 01:00:00,5.224,5.241,5.206,5.231,104166.98024924
2023-06-02 02:00:00,5.231,5.265,5.231,5.263,66099.43998443
2023-06-02 03:00:00,5.265,5.271,5.248,5.254,48148.4875912
2023-06-02 04:00:00,5.253,5.278,5.247,5.268,95610.56202026
2023-06-02 05:00:00,5.269,5.302,5.258,5.288,161374.50002593
2023-06-02 06:00:00,5.288,5.288,5.266,5.267,51161.13339971
2023-06-02 07:00:00,5.267,5.275,5.26,5.26,40322.98008321
2023-06-02 08:00:00,5.261,5.289,5.261,5.279,38483.19274775
2023-06-02 09:00:00,5.28,5.289,5.266,5.273,36058.40276533
2023-06-02 10:00:00,5.273,5.276,5.268,5.275,23354.27686103
2023-06-02 11:00:00,5.275,5.282,5.268,5.271,45136.7543294
2023-06-02 12:00:00,5.271,5.278,5.234,5.256,189012.09871476
2023-06-02 13:00:00,5.255,5.256,5.206,5.218,148500.79290996
2023-06-02 14:00:00,5.217,5.237,5.211,5.236,87833.58851453
2023-06-02 15:00:00,5.236,5.246,5.231,5.246,44199.63307008
2023-06-02 16:00:00,5.246,5.25,5.226,5.229,43251.96376183
2023-06-02 17:00:00,5.229,5.233,5.225,5.227,27389.59435278
2023-06-02 18:00:00,5.228,5.247,5.219,5.242,44305.98088655
2023-06-02 19:00:00,5.243,5.283,5.24,5.277,48347.11896182
2023-06-02 20:00:00,5.278,5.284,5.263,5.274,33554.43155743
2023-06-02 21:00:00,5.273,5.284,5.266,5.283,13116.20674148
2023-06-02 22:00:00,5.284,5.299,5.284,5.29,65062.10371965
2023-06-02 23:00:00,5.291,5.293,5.273,5.279,22513.46658197
2023-06-03 00:00:00,5.278,5.278,5.257,5.264,32438.39215063
2023-06-03 01:00:00,5.264,5.265,5.244,5.257,26372.15186562
2023-06-03 02:00:00,5.257,5.272,5.257,5.26,13453.56273303
2023-06-03 03:00:00,5.26,5.269,5.255,5.267,21843.54210077
2023-06-03 04:00:00,5.266,5.267,5.256,5.261,18489.52934445
2023-06-03 05:00:00,5.261,5.27,5.26,5.264,21281.10441176
2023-06-03 06:00:00,5.263,5.273,5.263,5.271,12819.75008734
2023-06-03 07:00:00,5.27,5.287,5.27,5.286,29328.74692971
2023-06-03 08:00:00,5.286,5.293,5.281,5.282,56639.07251046
2023-06-03 09:00:00,5.282,5.29,5.281,5.29,23709.68778583
2023-06-03 10:00:00,5.289,5.295,5.277,5.294,43000.02049953
2023-06-03 11:00:00,5.295,5.299,5.285,5.286,18598.87160591
2023-06-03 12:00:00,5.286,5.305,5.286,5.301,31932.75030375
2023-06-03 13:00:00,5.3,5.3,5.282,5.29,22026.71442649
2023-06-03 14:00:00,5.29,5.296,5.284,5.285,12151.24954287
2023-06-03 15:00:00,5.283,5.293,5.264,5.293,47208.14956064
2023-06-03 16:00:00,5.293,5.302,5.288,5.293,24951.93288755
2023-06-03 17:00:00,5.293,5.296,5.271,5.279,27781.29434755
2023-06-03 18:00:00,5.279,5.279,5.258,5.269,34003.70006609
2023-06-03 19:00:00,5.269,5.269,5.243,5.256,64472.78905533
2023-06-03 20:00:00,5.256,5.279,5.248,5.276,40088.94533857
2023-06-03 21:00:00,5.276,5.286,5.257,5.282,32967.36589289
2023-06-03 22:00:00,5.282,5.299,5.282,5.297,9480.94157582
2023-06-03 23:00:00,5.298,5.343,5.298,5.343,46659.24283399
2023-06-04 00:00:00,5.342,5.386,5.322,5.322,156648.25902245
2023-06-04 01:00:00,5.324,5.337,5.312,5.319,57077.75548269
2023-06-04 02:00:00,5.319,5.333,5.314,5.332,43318.15969862
2023-06-04 03:00:00,5.333,5.343,5.32,5.339,57281.5957482
2023-06-04 04:00:00,5.339,5.344,5.335,5.339,20364.45387438
2023-06-04 05:00:00,5.34,5.34,5.33,5.332,24514.91970152
2023-06-04 06:00:00,5.334,5.349,5.324,5.345,30740.68857809
2023-06-04 07:00:00,5.346,5.36,5.345,5.357,49760.36431683
2023-06-04 08:00:00,5.357,5.362,5.351,5.355,42317.06020616
2023-06-04 09:00:00,5.357,5.369,5.357,5.369,25246.89235417
2023-06-04 10:00:00,5.37,5.37,5.36,5.36,23234.3602344
2023-06-04 11:00:00,5.361,5.363,5.341,5.346,60765.30088917
2023-06-04 12:00:00,5.347,5.36,5.346,5.36,13245.96361486
2023-06-04 13:00:00,5.36,5.365,5.354,5.354,21918.01235275
2023-06-04 14:00:00,5.354,5.357,5.33,5.346,41595.23123269
2023-06-04 15:00:00,5.346,5.347,5.329,5.336,77365.1283429
2023-06-04 16:00:00,5.334,5.339,5.321,5.322,32993.38486765
2023-06-04 17:00:00,5.321,5.335,5.315,5.328,43310.97133088
2023-06-04 18:00:00,5.328,5.35,5.326,5.35,27381.99443101
2023-06-04 19:00:00,5.352,5.358,5.339,5.342,18291.28802267
2023-06-04 20:00:00,5.341,5.361,5.336,5.353,36749.30457109
2023-06-04 21:00:00,5.354,5.363,5.333,5.333,30166.28178395
2023-06-04 22:00:00,5.332,5.372,5.332,5.356,87262.57219687
2023-06-04 23:00:00,5.357,5.374,5.305,5.313,133316.98991661
2023-06-05 00:00:00,5.313,5.316,5.278,5.296,126881.94587735
2023-06-05 01:00:00,5.295,5.312,5.269,5.304,122921.33172063
2023-06-05 02:00:00,5.304,5.323,5.261,5.275,99531.05631425
2023-06-05 03:00:00,5.274,5.281,5.259,5.264,90167.34846733
2023-06-05 04:00:00,5.265,5.279,5.257,5.267,82305.49726622
2023-06-05 05:00:00,5.267,5.267,5.239,5.262,88646.7095189
2023-06-05 06:00:00,5.262,5.271,5.248,5.261,52328.31872666
2023-06-05 07:00:00,5.261,5.299,5.26,5.296,52705.48504346
2023-06-05 08:00:00,5.298,5.312,5.295,5.308,45005.06746618
2023-06-05 09:00:00,5.31,5.319,5.294,5.294,51935.69358374
2023-06-05 10:00:00,5.295,5.296,5.268,5.27,51022.02492388
2023-06-05 11:00:00,5.271,5.308,5.27,5.307,98588.51914724
2023-06-05 12:00:00,5.307,5.31,5.276,5.287,63655.09297665
2023-06-05 13:00:00,5.287,5.295,5.267,5.281,119055.57780608
2023-06-05 14:00:00,5.28,5.293,5.274,5.282,42289.56987122
2023-06-05 15:00:00,5.285,5.286,5.017,5.018,1272056.3299503
2023-06-05 16:00:00,5.018,5.063,4.815,5.02,1986750.02274762
2023-06-05 17:00:00,5.021,5.069,4.994,5.065,164346.23232106
2023-06-05 18:00:00,5.066,5.066,5.02,5.029,106568.34774427
2023-06-05 19:00:00,5.03,5.059,5.005,5.052,197978.50417189
2023-06-05 20:00:00,5.051,5.084,5.047,5.084,72647.18500292
2023-06-05 21:00:00,5.084,5.084,5.015,5.058,99147.04766342
2023-06-05 22:00:00,5.059,5.062,5.049,5.058,32552.27110428
2023-06-05 23:00:00,5.058,5.083,5.052,5.065,36693.73547625
2023-06-06 00:00:00,5.064,5.078,5.055,5.068,69013.73487276
2023-06-06 01:00:00,5.067,5.067,5.033,5.038,38591.41154998
2023-06-06 02:00:00,5.039,5.068,5.029,5.068,69182.02887453
2023-06-06 03:00:00,5.067,5.08,5.064,5.074,34754.9463474
2023-06-06 04:00:00,5.072,5.092,5.067,5.091,34884.96480489
2023-06-06 05:00:00,5.092,5.094,5.075,5.076,31678.71884556
2023-06-06 06:00:00,5.076,5.079,5.066,5.07,49438.31455075
2023-06-06 07:00:00,5.071,5.08,5.065,5.068,32384.81577303
2023-06-06 08:00:00,5.068,5.071,5.061,5.069,24686.76982502
2023-06-06 09:00:00,5.068,5.087,5.065,5.083,68228.51148886
2023-06-06 10:00:00,5.084,5.09,5.08,5.082,31477.2097963
2023-06-06 11:00:00,5.083,5.084,5.056,5.063,22567.21308406
2023-06-06 12:00:00,5.063,5.068,4.99,5.02,308944.10414339
2023-06-06 13:00:00,5.02,5.067,4.984,5.065,227772.35022705
2023-06-06 14:00:00,5.064,5.119,5.061,5.083,366048.54323395
2023-06-06 15:00:00,5.084,5.092,5.059,5.085,181209.61694674
2023-06-06 16:00:00,5.086,5.13,5.086,5.123,136462.32650179
2023-06-06 17:00:00,5.124,5.152,5.105,5.141,236274.61125129
2023-06-06 18:00:00,5.14,5.169,5.14,5.165,58817.92012787
2023-06-06 19:00:00,5.166,5.259,5.166,5.246,207735.62951976
2023-06-06 20:00:00,5.247,5.265,5.209,5.209,212303.21346802
2023-06-06 21:00:00,5.209,5.219,5.204,5.206,48581.87290314
2023-06-06 22:00:00,5.205,5.219,5.194,5.218,38708.55546638
2023-06-06 23:00:00,5.217,5.226,5.199,5.2,46641.29730064
2023-06-07 00:00:00,5.201,5.213,5.173,5.177,82594.20771243
2023-06-07 01:00:00,5.177,5.179,5.147,5.15,56970.15786255
2023-06-07 02:00:00,5.149,5.159,5.141,5.157,32912.3494942
2023-06-07 03:00:00,5.156,5.176,5.132,5.174,78847.65405449
2023-06-07 04:00:00,5.174,5.193,5.172,5.19,33683.42393745
2023-06-07 05:00:00,5.19,5.211,5.183,5.186,47899.85488396
2023-06-07 06:00:00,5.185,5.193,5.163,5.165,24633.68071912
2023-06-07 07:00:00,5.164,5.177,5.154,5.171,34528.79085248
2023-06-07 08:00:00,5.171,5.188,5.171,5.186,18727.26548668
2023-06-07 09:00:00,5.186,5.187,5.09,5.108,191989.22629432
2023-06-07 10:00:00,5.107,5.142,5.069,5.121,203692.89440894
2023-06-07 11:00:00,5.121,5.158,5.113,5.139,69926.12851544
2023-06-07 12:00:00,5.14,5.142,5.115,5.122,57239.99992112
2023-06-07 13:00:00,5.123,5.132,5.083,5.114,103377.45158492
2023-06-07 14:00:00,5.114,5.114,5.011,5.036,208316.4047657
2023-06-07 15:00:00,5.035,5.087,5.01,5.034,168809.74089131
2023-06-07 16:00:00,5.034,5.041,5.0,5.016,111836.38611844
2023-06-07 17:00:00,5.015,5.042,4.995,5.042,88028.58811094
2023-06-07 18:00:00,5.041,5.049,5.033,5.035,31002.29286612
2023-06-07 19:00:00,5.035,5.048,5.021,5.046,26557.37905768
2023-06-07 20:00:00,5.044,5.046,5.015,5.025,32366.69914823
2023-06-07 21:00:00,5.025,5.031,4.971,4.98,97134.47848713
2023-06-07 22:00:00,4.98,5.016,4.977,5.006,56946.94453481
2023-06-07 23:00:00,5.007,5.026,4.998,5.022,22434.82871297
2023-06-08 00:00:00,5.023,5.043,5.016,5.038,29901.27309877
2023-06-08 01:00:00,5.039,5.058,5.039,5.042,26111.24455766
2023-06-08 02:00:00,5.042,5.044,5.028,5.028,20879.11980727
2023-06-08 03:00:00,5.028,5.029,4.976,5.006,79684.78843297
2023-06-08 04:00:00,5.006,5.022,5.003,5.018,33942.52362555
2023-06-08 05:00:00,5.017,5.033,5.001,5.005,34615.8034512
2023-06-08 06:00:00,5.004,5.029,4.987,5.029,105951.51495168
2023-06-08 07:00:00,5.029,5.039,5.023,5.026,36425.06443979
2023-06-08 08:00:00,5.026,5.026,4.99,4.995,96228.62331555
2023-06-08 09:00:00,4.995,5.006,4.986,4.989,77547.86790011
2023-06-08 10:00:00,4.989,5.017,4.986,5.016,52329.03171273
2023-06-08 11:00:00,5.016,5.022,5.007,5.01,44702.97906397
2023-06-08 12:00:00,5.011,5.039,5.001,5.022,85235.38881201
2023-06-08 13:00:00,5.022,5.028,4.997,5.016,129873.53218331
2023-06-08 14:00:00,5.017,5.054,5.006,5.042,95833.67397741
2023-06-08 15:00:00,5.043,5.056,5.025,5.044,79419.51677599
2023-06-08 16:00:00,5.044,5.047,4.989,5.013,79221.27642306
2023-06-08 17:00:00,5.01,5.013,4.996,5.008,27910.37188575
2023-06-08 18:00:00,5.008,5.026,4.994,5.021,43960.07430723
2023-06-08 19:00:00,5.021,5.03,5.021,5.029,13151.5345871
2023-06-08 20:00:00,5.03,5.038,5.023,5.025,29967.83391592
2023-06-08 21:00:00,5.025,5.032,5.014,5.025,20469.56568771
2023-06-08 22:00:00,5.024,5.044,5.021,5.03,52039.45406748
2023-06-08 23:00:00,5.031,5.035,5.021,5.023,11610.61235011
2023-06-09 00:00:00,5.021,5.021,5.0,5.003,16471.74138523
2023-06-09 01:00:00,5.003,5.027,4.996,5.017,35063.13829271
2023-06-09 02:00:00,5.016,5.019,4.954,4.999,157681.53550302
2023-06-09 03:00:00,4.999,5.011,4.99,5.009,31277.23147679
2023-06-09 04:00:00,5.008,5.016,5.004,5.015,25285.75959487
2023-06-09 05:00:00,5.012,5.018,5.001,5.014,25572.52702651
2023-06-09 06:00:00,5.013,5.021,4.996,5.004,31650.21151327
2023-06-09 07:00:00,5.003,5.003,4.973,4.989,43318.60553407
2023-06-09 08:00:00,4.988,5.012,4.984,5.009,51192.5417796
2023-06-09 09:00:00,5.009,5.023,5.007,5.014,30113.45640549
2023-06-09 10:00:00,5.015,5.025,5.011,5.017,18810.28670145
2023-06-09 11:00:00,5.017,5.03,5.007,5.026,22970.81102385
2023-06-09 12:00:00,5.026,5.07,5.026,5.066,60771.03030295
2023-06-09 13:00:00,5.068,5.07,5.045,5.045,88394.37927436
2023-06-09 14:00:00,5.046,5.062,5.028,5.036,47867.28876854
2023-06-09 15:00:00,5.038,5.055,5.021,5.03,58815.74827053
2023-06-09 16:00:00,5.03,5.046,5.022,5.024,46302.1427332
2023-06-09 17:00:00,5.025,5.026,4.998,5.002,45457.43991823
2023-06-09 18:00:00,5.001,5.001,4.969,4.98,52605.74468214
2023-06-09 19:00:00,4.979,4.984,4.927,4.935,150727.62693181
2023-06-09 20:00:00,4.934,4.982,4.93,4.981,135159.41891455
2023-06-09 21:00:00,4.983,4.997,4.983,4.994,39570.46047363
2023-06-09 22:00:00,4.994,4.994,4.976,4.987,19184.28651825
2023-06-09 23:00:00,4.988,4.988,4.961,4.979,37158.85932578
2023-06-10 00:00:00,4.98,4.985,4.938,4.945,64169.20623627
2023-06-10 01:00:00,4.946,4.965,4.868,4.909,239315.31362777
2023-06-10 02:00:00,4.908,4.92,4.806,4.862,310516.17384216
2023-06-10 03:00:00,4.862,4.877,4.798,4.814,155326.85245338
2023-06-10 04:00:00,4.813,4.838,4.072,4.347,3892742.88037125
2023-06-10 05:00:00,4.347,4.415,4.251,4.26,1097904.3021955
2023-06-10 06:00:00,4.261,4.331,4.193,4.275,807010.28688457
2023-06-10 07:00:00,4.275,4.347,4.26,4.345,467151.49613835
2023-06-10 08:00:00,4.346,4.42,4.321,4.418,501513.49131004
2023-06-10 09:00:00,4.418,4.446,4.398,4.418,242240.78760774
2023-06-10 10:00:00,4.418,4.468,4.408,4.464,146122.86941716
2023-06-10 11:00:00,4.465,4.489,4.448,4.479,133629.91739118
2023-06-10 12:00:00,4.478,4.478,4.423,4.43,178288.2943348
2023-06-10 13:00:00,4.429,4.457,4.411,4.447,170816.47612615
2023-06-10 14:00:00,4.447,4.467,4.426,4.453,126194.82140852
2023-06-10 15:00:00,4.451,4.454,4.401,4.413,119606.09519714
2023-06-10 16:00:00,4.412,4.447,4.403,4.422,123828.90148373
2023-06-10 17:00:00,4.422,4.538,4.373,4.495,625901.49222558
2023-06-10 18:00:00,4.494,4.502,4.412,4.451,301604.56942805
2023-06-10 19:00:00,4.451,4.501,4.444,4.501,72590.72210516
2023-06-10 20:00:00,4.503,4.505,4.473,4.501,76445.052271
2023-06-10 21:00:00,4.502,4.532,4.494,4.522,49462.9114371
2023-06-10 22:00:00,4.522,4.537,4.508,4.526,123411.31089053
2023-06-10 23:00:00,4.527,4.537,4.516,4.517,118588.47326979
2023-06-11 00:00:00,4.517,4.522,4.471,4.477,90944.79533827
2023-06-11 01:00:00,4.477,4.5,4.465,4.487,89020.57767069
2023-06-11 02:00:00,4.486,4.498,4.471,4.493,56713.28999538
2023-06-11 03:00:00,4.493,4.506,4.482,4.488,62429.31383121
2023-06-11 04:00:00,4.49,4.49,4.443,4.48,112712.12787957
2023-06-11 05:00:00,4.481,4.491,4.467,4.467,69552.38641012
2023-06-11 06:00:00,4.469,4.473,4.458,4.458,21695.2095104
2023-06-11 07:00:00,4.455,4.456,4.433,4.442,57827.28704464
2023-06-11 08:00:00,4.441,4.455,4.427,4.433,147166.98803482
2023-06-11 09:00:00,4.432,4.462,4.43,4.445,52209.13446357
2023-06-11 10:00:00,4.446,4.498,4.445,4.493,44007.71195216
2023-06-11 11:00:00,4.493,4.499,4.482,4.488,34166.21376253
2023-06-11 12:00:00,4.488,4.494,4.467,4.468,40319.01135199
2023-06-11 13:00:00,4.467,4.475,4.436,4.451,97821.47816312
2023-06-11 14:00:00,4.451,4.479,4.448,4.462,67427.00343008
2023-06-11 15:00:00,4.46,4.471,4.446,4.45,37553.13049546
2023-06-11 16:00:00,4.449,4.497,4.449,4.487,118173.57052059
2023-06-11 17:00:00,4.486,4.503,4.47,4.489,112915.31491267
2023-06-11 18:00:00,4.489,4.51,4.472,4.478,53410.43409741
2023-06-11 19:00:00,4.479,4.523,4.468,4.512,35831.51936498
2023-06-11 20:00:00,4.513,4.549,4.51,4.531,69500.65983715
2023-06-11 21:00:00,4.531,4.541,4.506,4.533,40891.35823835
2023-06-11 22:00:00,4.533,4.539,4.469,4.503,169885.69740951
2023-06-11 23:00:00,4.503,4.522,4.491,4.521,58877.66306459
2023-06-12 00:00:00,4.52,4.52,4.474,4.51,126976.46421203
2023-06-12 01:00:00,4.51,4.515,4.48,4.503,99695.01800309
2023-06-12 02:00:00,4.503,4.511,4.409,4.449,352698.65423522
2023-06-12 03:00:00,4.448,4.486,4.441,4.481,85192.71298464
2023-06-12 04:00:00,4.483,4.5,4.467,4.494,50174.74890251
2023-06-12 05:00:00,4.494,4.496,4.467,4.475,42445.06316313
2023-06-12 06:00:00,4.476,4.514,4.476,4.495,78821.41114542
2023-06-12 07:00:00,4.495,4.501,4.452,4.463,62803.86371899
2023-06-12 08:00:00,4.461,4.511,4.451,4.511,109769.02184272
2023-06-12 09:00:00,4.509,4.553,4.506,4.519,116250.67098498
2023-06-12 10:00:00,4.52,4.543,4.517,4.533,62526.06559883
2023-06-12 11:00:00,4.532,4.54,4.504,4.518,40129.60656367
2023-06-12 12:00:00,4.521,4.528,4.512,4.528,36181.18824887
2023-06-12 13:00:00,4.527,4.527,4.486,4.504,73433.10220827
2023-06-12 14:00:00,4.503,4.53,4.497,4.517,72911.71291097
2023-06-12 15:00:00,4.52,4.531,4.501,4.507,133396.29073848
2023-06-12 16:00:00,4.506,4.514,4.491,4.504,52763.57282958
2023-06-12 17:00:00,4.503,4.547,4.455,4.523,225013.85109561
2023-06-12 18:00:00,4.522,4.528,4.498,4.526,62595.78772056
2023-06-12 19:00:00,4.527,4.527,4.497,4.519,32028.29113839
2023-06-12 20:00:00,4.517,4.528,4.51,4.526,33776.00630011
2023-06-12 21:00:00,4.528,4.536,4.524,4.529,60409.9472898
2023-06-12 22:00:00,4.529,4.538,4.516,4.522,21311.25078364
2023-06-12 23:00:00,4.523,4.54,4.519,4.53,25041.39646601
2023-06-13 00:00:00,4.53,4.547,4.497,4.508,47401.32945859
2023-06-13 01:00:00,4.507,4.554,4.493,4.542,69822.49497354
2023-06-13 02:00:00,4.542,4.586,4.531,4.579,171481.69735723
2023-06-13 03:00:00,4.58,4.608,4.565,4.597,107526.2835956
2023-06-13 04:00:00,4.598,4.599,4.557,4.592,76797.95263016
2023-06-13 05:00:00,4.592,4.624,4.589,4.612,89925.21701586
2023-06-13 06:00:00,4.611,4.628,4.609,4.616,43809.28682418
2023-06-13 07:00:00,4.615,4.644,4.61,4.614,44138.93347107
2023-06-13 08:00:00,4.614,4.663,4.601,4.642,83705.27195003
2023-06-13 09:00:00,4.641,4.652,4.622,4.629,117269.21640492
2023-06-13 10:00:00,4.63,4.636,4.622,4.631,35155.60131548
2023-06-13 11:00:00,4.631,4.664,4.629,4.657,111100.44162095
2023-06-13 12:00:00,4.656,4.719,4.587,4.628,526969.74457971
2023-06-13 13:00:00,4.629,4.655,4.616,4.617,155585.52068662
2023-06-13 14:00:00,4.617,4.626,4.585,4.606,97596.19408915
2023-06-13 15:00:00,4.606,4.606,4.532,4.554,158640.79575594
2023-06-13 16:00:00,4.553,4.588,4.55,4.587,60553.6570882
2023-06-13 17:00:00,4.586,4.598,4.574,4.58,25605.08927389
2023-06-13 18:00:00,4.578,4.617,4.572,4.593,32804.70576763
2023-06-13 19:00:00,4.594,4.606,4.586,4.606,18682.82551895
2023-06-13 20:00:00,4.605,4.627,4.589,4.622,67464.66131467
2023-06-13 21:00:00,4.624,4.629,4.611,4.612,13386.55673049
2023-06-13 22:00:00,4.612,4.615,4.591,4.595,23928.03101036
2023-06-13 23:00:00,4.596,4.625,4.595,4.625,26612.77675319
2023-06-14 00:00:00,4.623,4.64,4.614,4.639,65197.58021317
2023-06-14 01:00:00,4.639,4.646,4.624,4.646,19886.27502692
2023-06-14 02:00:00,4.647,4.65,4.634,4.639,32503.51229714
2023-06-14 03:00:00,4.639,4.642,4.62,4.636,37984.99869184
2023-06-14 04:00:00,4.638,4.64,4.629,4.633,25477.67633536
2023-06-14 05:00:00,4.633,4.637,4.607,4.61,21996.67398986
2023-06-14 06:00:00,4.607,4.625,4.607,4.62,33231.05055663
2023-06-14 07:00:00,4.62,4.624,4.606,4.618,68381.42730958
2023-06-14 08:00:00,4.617,4.635,4.614,4.632,49736.73517152
2023-06-14 09:00:00,4.631,4.646,4.627,4.645,48906.66135961
2023-06-14 10:00:00,4.646,4.655,4.641,4.654,50536.10144068
2023-06-14 11:00:00,4.655,4.675,4.653,4.672,58838.76240907
2023-06-14 12:00:00,4.673,4.7,4.673,4.696,76128.5846465
2023-06-14 13:00:00,4.697,4.699,4.662,4.669,62350.70672703
2023-06-14 14:00:00,4.671,4.684,4.666,4.684,31207.10264056
2023-06-14 15:00:00,4.683,4.687,4.665,4.67,24329.84830312
2023-06-14 16:00:00,4.669,4.754,4.666,4.746,122520.64119487
2023-06-14 17:00:00,4.747,4.779,4.713,4.776,277938.6437449
2023-06-14 18:00:00,4.777,4.798,4.689,4.775,409854.27349182
2023-06-14 19:00:00,4.775,4.796,4.722,4.722,130945.08613469
2023-06-14 20:00:00,4.722,4.728,4.507,4.52,1619718.43601779
2023-06-14 21:00:00,4.52,4.597,4.505,4.597,227792.10985763
2023-06-14 22:00:00,4.597,4.609,4.555,4.559,95897.98070963
2023-06-14 23:00:00,4.558,4.578,4.542,4.568,61043.34674215
2023-06-15 00:00:00,4.568,4.618,4.552,4.611,53107.68539982
2023-06-15 01:00:00,4.613,4.613,4.57,4.583,68360.21786907
2023-06-15 02:00:00,4.584,4.613,4.583,4.604,28782.31512373
2023-06-15 03:00:00,4.601,4.614,4.591,4.609,26193.91167189
2023-06-15 04:00:00,4.609,4.613,4.557,4.557,135145.07117909
2023-06-15 05:00:00,4.555,4.56,4.477,4.522,114418.40132406
2023-06-15 06:00:00,4.522,4.542,4.441,4.441,170078.62015508
2023-06-15 07:00:00,4.44,4.451,4.39,4.398,143900.7996561
2023-06-15 08:00:00,4.398,4.417,4.338,4.342,135132.82425231
2023-06-15 09:00:00,4.344,4.367,4.325,4.35,103313.86297112
2023-06-15 10:00:00,4.35,4.354,4.308,4.312,132353.97848291
2023-06-15 11:00:00,4.311,4.359,4.296,4.359,165894.50369411
2023-06-15 12:00:00,4.358,4.379,4.345,4.352,96377.82973728
2023-06-15 13:00:00,4.353,4.401,4.346,4.378,79472.05328596
2023-06-15 14:00:00,4.38,4.381,4.344,4.348,99654.72484054
2023-06-15 15:00:00,4.35,4.351,4.326,4.328,47244.85083783
2023-06-15 16:00:00,4.326,4.336,4.29,4.308,57639.1033105
2023-06-15 17:00:00,4.309,4.325,4.267,4.321,137291.27116444
2023-06-15 18:00:00,4.325,4.372,4.29,4.372,123493.00866106
2023-06-15 19:00:00,4.372,4.388,4.361,4.388,101864.25565998
2023-06-15 20:00:00,4.389,4.406,4.35,4.404,154360.90570543
2023-06-15 21:00:00,4.403,4.449,4.398,4.405,131636.10049712
2023-06-15 22:00:00,4.405,4.407,4.375,4.375,45695.1093737
2023-06-15 23:00:00,4.375,4.38,4.36,4.372,28580.64724215
2023-06-16 00:00:00,4.369,4.369,4.324,4.345,55960.34622241
2023-06-16 01:00:00,4.341,4.368,4.336,4.355,18409.18221633
2023-06-16 02:00:00,4.354,4.371,4.351,4.371,11809.36191592
2023-06-16 03:00:00,4.37,4.383,4.37,4.376,16276.18729635
2023-06-16 04:00:00,4.375,4.384,4.359,4.364,22948.18985569
2023-06-16 05:00:00,4.364,4.387,4.361,4.384,37954.36437015
2023-06-16 06:00:00,4.384,4.395,4.379,4.389,28552.17029988
2023-06-16 07:00:00,4.388,4.393,4.368,4.371,18039.57833633
2023-06-16 08:00:00,4.37,4.39,4.37,4.371,61835.25804127
2023-06-16 09:00:00,4.371,4.383,4.368,4.375,27421.18090303
2023-06-16 10:00:00,4.373,4.377,4.351,4.354,58416.36334796
2023-06-16 11:00:00,4.354,4.365,4.307,4.336,89812.19283396
2023-06-16 12:00:00,4.336,4.379,4.331,4.348,137306.66861625
2023-06-16 13:00:00,4.346,4.355,4.326,4.328,38554.75207443
2023-06-16 14:00:00,4.328,4.351,4.27,4.34,231098.96265175
2023-06-16 15:00:00,4.34,4.371,4.323,4.366,180614.57786189
2023-06-16 16:00:00,4.367,4.384,4.352,4.38,137796.64282858
2023-06-16 17:00:00,4.378,4.425,4.376,4.419,172548.2912345
2023-06-16 18:00:00,4.42,4.465,4.41,4.411,197404.13822964
2023-06-16 19:00:00,4.41,4.422,4.39,4.41,114946.9541763
2023-06-16 20:00:00,4.411,4.425,4.403,4.41,66084.1058934
2023-06-16 21:00:00,4.412,4.414,4.377,4.39,26466.36700722
2023-06-16 22:00:00,4.392,4.409,4.391,4.409,9344.3373863
2023-06-16 23:00:00,4.41,4.416,4.41,4.415,12751.04295108
2023-06-17 00:00:00,4.415,4.415,4.392,4.405,17624.17286433
2023-06-17 01:00:00,4.404,4.414,4.391,4.391,73815.15275455
2023-06-17 02:00:00,4.391,4.423,4.39,4.421,41954.70367397
2023-06-17 03:00:00,4.421,4.431,4.414,4.416,15488.71346615
2023-06-17 04:00:00,4.417,4.44,4.408,4.437,48412.4886244
2023-06-17 05:00:00,4.437,4.518,4.427,4.51,273067.83175556
2023-06-17 06:00:00,4.511,4.53,4.499,4.506,72595.10943781
2023-06-17 07:00:00,4.508,4.511,4.488,4.5,60232.39209762
2023-06-17 08:00:00,4.5,4.514,4.493,4.511,27010.64833424
2023-06-17 09:00:00,4.511,4.524,4.502,4.516,20063.6511138
2023-06-17 10:00:00,4.518,4.528,4.511,4.512,17388.29110734
2023-06-17 11:00:00,4.513,4.538,4.501,4.531,123904.96858251
2023-06-17 12:00:00,4.53,4.554,4.524,4.538,170928.9122798
2023-06-17 13:00:00,4.538,4.543,4.531,4.537,30877.2268972
2023-06-17 14:00:00,4.537,4.54,4.511,4.516,34426.09146673
2023-06-17 15:00:00,4.515,4.55,4.487,4.548,127604.52969753
2023-06-17 16:00:00,4.549,4.561,4.536,4.55,68477.02192606
2023-06-17 17:00:00,4.55,4.555,4.526,4.531,29386.9135662
2023-06-17 18:00:00,4.53,4.548,4.521,4.522,36636.51851109
2023-06-17 19:00:00,4.522,4.523,4.503,4.511,32921.41933032
2023-06-17 20:00:00,4.511,4.523,4.502,4.522,65501.11371535
2023-06-17 21:00:00,4.525,4.526,4.509,4.512,15169.67760996
2023-06-17 22:00:00,4.513,4.542,4.513,4.542,15370.05853891
2023-06-17 23:00:00,4.541,4.544,4.517,4.526,29892.33438161
2023-06-18 00:00:00,4.525,4.525,4.477,4.497,85781.52724758
2023-06-18 01:00:00,4.496,4.512,4.491,4.509,17508.78400974
2023-06-18 02:00:00,4.512,4.522,4.507,4.517,14376.08502891
2023-06-18 03:00:00,4.518,4.53,4.514,4.526,9707.55009004
2023-06-18 04:00:00,4.527,4.533,4.521,4.528,5826.45206128
2023-06-18 05:00:00,4.53,4.545,4.521,4.523,37192.43521492
2023-06-18 06:00:00,4.524,4.536,4.503,4.525,31360.04920174
2023-06-18 07:00:00,4.526,4.551,4.524,4.528,41031.52417408
2023-06-18 08:00:00,4.53,4.577,4.529,4.571,44463.34711712
2023-06-18 09:00:00,4.573,4.633,4.565,4.621,192220.29820877
2023-06-18 10:00:00,4.621,4.663,4.613,4.642,138373.81407214
2023-06-18 11:00:00,4.642,4.642,4.604,4.608,42365.42854131
2023-06-18 12:00:00,4.608,4.609,4.582,4.6,65309.13280008
2023-06-18 13:00:00,4.602,4.606,4.58,4.586,19148.00152002
2023-06-18 14:00:00,4.586,4.621,4.582,4.615,24524.66391638
2023-06-18 15:00:00,4.614,4.617,4.587,4.593,27519.90244895
2023-06-18 16:00:00,4.593,4.598,4.581,4.595,27930.9725078
2023-06-18 17:00:00,4.597,4.603,4.579,4.588,27468.6032139
2023-06-18 18:00:00,4.587,4.587,4.569,4.581,17393.05724408
2023-06-18 19:00:00,4.582,4.603,4.579,4.603,37751.4063448
2023-06-18 20:00:00,4.603,4.606,4.5,4.557,289431.28475567
2023-06-18 21:00:00,4.556,4.564,4.533,4.559,44220.49772939
2023-06-18 22:00:00,4.558,4.571,4.524,4.528,66603.14753743
2023-06-18 23:00:00,4.528,4.538,4.504,4.533,113958.13556029
2023-06-19 00:00:00,4.532,4.54,4.505,4.528,48819.72403286
2023-06-19 01:00:00,4.528,4.562,4.526,4.555,13312.03172365
2023-06-19 02:00:00,4.555,4.576,4.554,4.576,16417.74731292
2023-06-19 03:00:00,4.576,4.585,4.554,4.562,45758.35201454
2023-06-19 04:00:00,4.562,4.579,4.548,4.574,31823.47331347
2023-06-19 05:00:00,4.574,4.576,4.557,4.569,14377.55246593
2023-06-19 06:00:00,4.569,4.569,4.539,4.547,30115.2459824
2023-06-19 07:00:00,4.545,4.552,4.53,4.537,37598.50015578
2023-06-19 08:00:00,4.536,4.551,4.526,4.535,35611.15639653
2023-06-19 09:00:00,4.533,4.541,4.525,4.53,41600.83271535
2023-06-19 10:00:00,4.53,4.534,4.51,4.511,20027.23897113
2023-06-19 11:00:00,4.511,4.523,4.511,4.518,19745.32509747
2023-06-19 12:00:00,4.519,4.536,4.515,4.532,28696.87361835
2023-06-19 13:00:00,4.534,4.54,4.532,4.533,42988.8231281
2023-06-19 14:00:00,4.533,4.535,4.468,4.481,225226.0915856
2023-06-19 15:00:00,4.479,4.486,4.456,4.484,82263.76738901
2023-06-19 16:00:00,4.482,4.482,4.433,4.462,163479.66746286
2023-06-19 17:00:00,4.463,4.491,4.46,4.488,130197.35394753
2023-06-19 18:00:00,4.488,4.545,4.447,4.452,408038.59307741
2023-06-19 19:00:00,4.453,4.506,4.428,4.5,131213.01120958
2023-06-19 20:00:00,4.497,4.526,4.494,4.513,143191.84217476
2023-06-19 21:00:00,4.516,4.522,4.49,4.5,33168.06010116
2023-06-19 22:00:00,4.501,4.516,4.494,4.506,28879.6336609
2023-06-19 23:00:00,4.508,4.526,4.501,4.526,23975.34081621
2023-06-20 00:00:00,4.526,4.539,4.512,4.533,77932.5141296
2023-06-20 01:00:00,4.533,4.561,4.512,4.512,100277.21954999
2023-06-20 02:00:00,4.515,4.517,4.505,4.514,24071.91059086
2023-06-20 03:00:00,4.513,4.521,4.492,4.494,26578.099186
2023-06-20 04:00:00,4.493,4.499,4.488,4.491,23487.5222946
2023-06-20 05:00:00,4.492,4.502,4.472,4.479,76559.06265955
2023-06-20 06:00:00,4.478,4.486,4.467,4.479,31069.85776836
2023-06-20 07:00:00,4.48,4.486,4.472,4.481,22261.85070462
2023-06-20 08:00:00,4.479,4.479,4.453,4.455,41086.88178659
2023-06-20 09:00:00,4.458,4.468,4.447,4.466,48951.24239698
2023-06-20 10:00:00,4.466,4.478,4.457,4.458,61882.44352271
2023-06-20 11:00:00,4.458,4.479,4.457,4.478,34175.14904018
2023-06-20 12:00:00,4.479,4.486,4.454,4.457,60043.37517104
2023-06-20 13:00:00,4.456,4.465,4.412,4.418,98910.90372145
2023-06-20 14:00:00,4.417,4.43,4.368,4.392,175724.50829206
2023-06-20 15:00:00,4.392,4.426,4.381,4.42,82220.14575853
2023-06-20 16:00:00,4.419,4.455,4.402,4.45,159544.28941553
2023-06-20 17:00:00,4.452,4.557,4.447,4.543,319702.08245552
2023-06-20 18:00:00,4.544,4.631,4.544,4.626,265713.36595863
2023-06-20 19:00:00,4.625,4.635,4.579,4.63,204472.43796294
2023-06-20 20:00:00,4.631,4.664,4.608,4.644,131741.981351
2023-06-20 21:00:00,4.644,4.652,4.616,4.627,87246.23429388
2023-06-20 22:00:00,4.627,4.666,4.627,4.661,29113.64933459
2023-06-20 23:00:00,4.663,4.675,4.651,4.659,79821.05962784
2023-06-21 00:00:00,4.659,4.685,4.63,4.667,152052.20833254
2023-06-21 01:00:00,4.67,4.762,4.67,4.7,383393.96329048
2023-06-21 02:00:00,4.699,4.714,4.693,4.7,47336.3632816
2023-06-21 03:00:00,4.702,4.725,4.689,4.721,24195.99878705
2023-06-21 04:00:00,4.722,4.723,4.695,4.702,98700.54752803
2023-06-21 05:00:00,4.703,4.749,4.699,4.747,42424.15658979
2023-06-21 06:00:00,4.747,4.75,4.678,4.699,81081.66994701
2023-06-21 07:00:00,4.7,4.72,4.691,4.708,56921.22864889
2023-06-21 08:00:00,4.706,4.71,4.674,4.685,51990.08114211
2023-06-21 09:00:00,4.687,4.7,4.685,4.689,19927.98734656
2023-06-21 10:00:00,4.689,4.712,4.649,4.656,94659.85100807
2023-06-21 11:00:00,4.655,4.687,4.645,4.687,51330.87764966
2023-06-21 12:00:00,4.687,4.705,4.66,4.667,164595.95725504
2023-06-21 13:00:00,4.666,4.732,4.661,4.715,90595.81088363
2023-06-21 14:00:00,4.717,4.755,4.69,4.743,231362.60417336
2023-06-21 15:00:00,4.743,4.769,4.721,4.722,238242.18932951
2023-06-21 16:00:00,4.722,4.857,4.709,4.792,411284.02560136
2023-06-21 17:00:00,4.793,4.828,4.752,4.796,225074.70536195
2023-06-21 18:00:00,4.795,4.847,4.793,4.815,109545.58286019
2023-06-21 19:00:00,4.818,4.824,4.773,4.801,82168.2443469
2023-06-21 20:00:00,4.802,4.804,4.765,4.781,47924.21473291
2023-06-21 21:00:00,4.781,4.802,4.756,4.8,91644.1200657
2023-06-21 22:00:00,4.795,4.841,4.794,4.841,45918.19762857
2023-06-21 23:00:00,4.839,4.849,4.817,4.817,109155.18365329
2023-06-22 00:00:00,4.817,4.894,4.809,4.892,89481.62987008
2023-06-22 01:00:00,4.895,4.918,4.865,4.911,90396.03186298
2023-06-22 02:00:00,4.916,4.971,4.895,4.97,98732.11164194
2023-06-22 03:00:00,4.971,4.972,4.904,4.916,125192.02929765
2023-06-22 04:00:00,4.923,4.923,4.894,4.909,52476.66434333
2023-06-22 05:00:00,4.91,4.916,4.856,4.869,65924.51355131
2023-06-22 06:00:00,4.87,4.874,4.814,4.87,113569.97981669
2023-06-22 07:00:00,4.866,4.907,4.859,4.906,68016.84184791
2023-06-22 08:00:00,4.908,4.92,4.889,4.903,66279.10089534
2023-06-22 09:00:00,4.906,4.932,4.889,4.917,59329.93795417
2023-06-22 10:00:00,4.92,4.943,4.9,4.913,69217.96813813
2023-06-22 11:00:00,4.912,4.915,4.769,4.82,512684.80952541
2023-06-22 12:00:00,4.819,4.892,4.814,4.854,156679.95990522
2023-06-22 13:00:00,4.853,4.893,4.846,4.861,73099.82107647
2023-06-22 14:00:00,4.86,4.87,4.745,4.792,331293.7623888
2023-06-22 15:00:00,4.791,4.817,4.783,4.796,91309.92236314
2023-06-22 16:00:00,4.796,4.856,4.792,4.85,75895.42300053
2023-06-22 17:00:00,4.851,4.887,4.829,4.887,70666.00424616
2023-06-22 18:00:00,4.888,4.891,4.84,4.859,67172.53192014
2023-06-22 19:00:00,4.858,4.861,4.839,4.849,74011.06562922
2023-06-22 20:00:00,4.85,4.866,4.825,4.864,60600.59160201
2023-06-22 21:00:00,4.861,4.862,4.83,4.853,12800.70027567
2023-06-22 22:00:00,4.853,4.856,4.807,4.815,89284.19153332
2023-06-22 23:00:00,4.812,4.848,4.812,4.822,18534.95249274
2023-06-23 00:00:00,4.821,4.878,4.817,4.878,33935.40441909
2023-06-23 01:00:00,4.874,4.882,4.856,4.866,21731.84211354
2023-06-23 02:00:00,4.868,4.871,4.837,4.869,50109.10909031
2023-06-23 03:00:00,4.872,4.888,4.866,4.873,28407.96816546
2023-06-23 04:00:00,4.874,4.898,4.861,4.898,38616.13715211
2023-06-23 05:00:00,4.899,4.906,4.875,4.887,30011.13387443
2023-06-23 06:00:00,4.888,4.936,4.888,4.917,45588.04186776
2023-06-23 07:00:00,4.917,4.918,4.875,4.882,165791.93320006
2023-06-23 08:00:00,4.884,4.903,4.867,4.896,81796.76717865
2023-06-23 09:00:00,4.894,4.902,4.854,4.899,69999.13440365
2023-06-23 10:00:00,4.899,4.929,4.889,4.911,58992.31621525
2023-06-23 11:00:00,4.914,4.932,4.909,4.925,34737.95444825
2023-06-23 12:00:00,4.924,4.943,4.864,4.9,99839.92418998
2023-06-23 13:00:00,4.901,4.926,4.858,4.892,105240.05778003
2023-06-23 14:00:00,4.891,4.987,4.876,4.985,161795.9585871
2023-06-23 15:00:00,4.985,5.105,4.979,5.084,613672.2135498
2023-06-23 16:00:00,5.085,5.127,5.007,5.063,464035.84223971
2023-06-23 17:00:00,5.066,5.115,5.06,5.111,139646.67001905
2023-06-23 18:00:00,5.109,5.129,5.056,5.086,93239.22258061
2023-06-23 19:00:00,5.089,5.116,5.051,5.098,145066.63137408
2023-06-23 20:00:00,5.099,5.129,5.092,5.128,54241.88116579
2023-06-23 21:00:00,5.128,5.136,5.022,5.035,103492.80335553
2023-06-23 22:00:00,5.038,5.082,5.014,5.072,107795.93080819
2023-06-23 23:00:00,5.067,5.098,5.067,5.096,34914.73938805
2023-06-24 00:00:00,5.097,5.124,5.072,5.101,78647.05037656
2023-06-24 01:00:00,5.102,5.137,5.061,5.07,89809.29096954
2023-06-24 02:00:00,5.073,5.104,5.065,5.101,72163.74950232
2023-06-24 03:00:00,5.1,5.102,5.083,5.097,36566.89469517
2023-06-24 04:00:00,5.097,5.121,5.09,5.096,40727.61120124
2023-06-24 05:00:00,5.096,5.117,5.09,5.108,24293.78711709
2023-06-24 06:00:00,5.107,5.109,5.057,5.075,74395.59604559
2023-06-24 07:00:00,5.074,5.075,5.031,5.04,69497.59062164
2023-06-24 08:00:00,5.04,5.061,5.031,5.046,64942.56006259
2023-06-24 09:00:00,5.046,5.062,5.031,5.042,24426.56412016
2023-06-24 10:00:00,5.043,5.058,5.033,5.051,29978.21396457
2023-06-24 11:00:00,5.051,5.051,5.026,5.046,49685.10864297
2023-06-24 12:00:00,5.046,5.065,5.037,5.04,21459.47012076
2023-06-24 13:00:00,5.038,5.043,4.993,5.008,85714.3484033
2023-06-24 14:00:00,5.004,5.034,5.002,5.029,41654.94290211
2023-06-24 15:00:00,5.028,5.037,4.897,4.988,394147.70702786
2023-06-24 16:00:00,4.986,5.004,4.937,4.958,180499.53267269
2023-06-24 17:00:00,4.959,5.0,4.957,5.0,57016.34998417
2023-06-24 18:00:00,5.001,5.007,4.981,5.002,34106.70013721
2023-06-24 19:00:00,5.001,5.022,4.992,5.001,19464.45102236
2023-06-24 20:00:00,5.001,5.006,4.967,4.992,96013.67186942
2023-06-24 21:00:00,4.992,4.994,4.953,4.986,62836.69411733
2023-06-24 22:00:00,4.986,4.999,4.981,4.991,24714.08701566
2023-06-24 23:00:00,4.989,5.01,4.989,5.006,32806.4193797
2023-06-25 00:00:00,5.007,5.033,5.0,5.021,60344.14306353
2023-06-25 01:00:00,5.023,5.047,5.001,5.034,29214.70054214
2023-06-25 02:00:00,5.035,5.084,5.03,5.073,27537.83871713
2023-06-25 03:00:00,5.071,5.136,5.069,5.132,76395.28886467
2023-06-25 04:00:00,5.132,5.151,5.114,5.13,71350.69843158
2023-06-25 05:00:00,5.132,5.166,5.102,5.166,88566.07248988
2023-06-25 06:00:00,5.166,5.198,5.135,5.162,73778.46170023
2023-06-25 07:00:00,5.165,5.206,5.135,5.202,224506.67395371
2023-06-25 08:00:00,5.202,5.233,5.187,5.222,68944.7104991
2023-06-25 09:00:00,5.222,5.244,5.187,5.225,63687.12225446
2023-06-25 10:00:00,5.223,5.236,5.171,5.172,71484.55377316
2023-06-25 11:00:00,5.177,5.179,5.15,5.171,60399.08023797
2023-06-25 12:00:00,5.172,5.197,5.158,5.173,66449.64211197
2023-06-25 13:00:00,5.175,5.18,5.101,5.15,109348.48122713
2023-06-25 14:00:00,5.147,5.164,5.109,5.115,72100.1478247
2023-06-25 15:00:00,5.114,5.165,5.099,5.128,99861.52032877
2023-06-25 16:00:00,5.125,5.171,5.115,5.143,48427.60501698
2023-06-25 17:00:00,5.142,5.161,5.132,5.152,29100.33457096
2023-06-25 18:00:00,5.152,5.152,5.11,5.134,44499.33337454
2023-06-25 19:00:00,5.134,5.15,5.094,5.126,85708.7429953
2023-06-25 20:00:00,5.127,5.171,5.122,5.145,87085.41205116
2023-06-25 21:00:00,5.147,5.182,5.147,5.165,43791.35780745
2023-06-25 22:00:00,5.163,5.203,5.154,5.177,35512.04921871
2023-06-25 23:00:00,5.177,5.196,5.167,5.19,17357.19517592
2023-06-26 00:00:00,5.19,5.216,5.127,5.139,101369.56138922
2023-06-26 01:00:00,5.138,5.151,5.065,5.098,361933.60421759
2023-06-26 02:00:00,5.095,5.148,5.087,5.138,72543.09215538
2023-06-26 03:00:00,5.137,5.209,5.132,5.184,72091.60206882
2023-06-26 04:00:00,5.182,5.222,5.152,5.161,74833.3205433
2023-06-26 05:00:00,5.163,5.163,5.113,5.12,115161.33815716
2023-06-26 06:00:00,5.12,5.159,5.111,5.157,101249.10632162
2023-06-26 07:00:00,5.158,5.192,5.142,5.181,123714.77721309
2023-06-26 08:00:00,5.18,5.2,5.15,5.178,102666.40507622
2023-06-26 09:00:00,5.179,5.194,5.157,5.163,73751.01354345
2023-06-26 10:00:00,5.162,5.193,5.117,5.183,104747.05553604
2023-06-26 11:00:00,5.183,5.21,5.172,5.181,127250.34036379
2023-06-26 12:00:00,5.181,5.188,5.162,5.163,97927.00841984
2023-06-26 13:00:00,5.162,5.23,5.156,5.229,126987.87064788
2023-06-26 14:00:00,5.229,5.236,5.146,5.169,248430.00559383
2023-06-26 15:00:00,5.168,5.204,5.148,5.191,117871.35860412
2023-06-26 16:00:00,5.19,5.216,5.071,5.133,492551.3255378
2023-06-26 17:00:00,5.133,5.15,5.085,5.102,204750.88885949
2023-06-26 18:00:00,5.103,5.139,5.093,5.131,63914.25064173
2023-06-26 19:00:00,5.129,5.137,5.089,5.136,86396.61889974
2023-06-26 20:00:00,5.133,5.147,5.073,5.074,62845.5478614
2023-06-26 21:00:00,5.075,5.091,5.038,5.055,102996.35942485
2023-06-26 22:00:00,5.054,5.099,5.037,5.064,111253.8859353
2023-06-26 23:00:00,5.064,5.064,4.999,5.022,152934.14608272
2023-06-27 00:00:00,5.021,5.031,4.992,5.025,58099.48441352
2023-06-27 01:00:00,5.022,5.067,5.003,5.065,49530.97056902
2023-06-27 02:00:00,5.065,5.096,5.051,5.095,33297.25967081
2023-06-27 03:00:00,5.096,5.097,5.072,5.075,32652.09337953
2023-06-27 04:00:00,5.074,5.097,5.066,5.09,17864.1806641
2023-06-27 05:00:00,5.087,5.09,5.052,5.061,33740.98052075
2023-06-27 06:00:00,5.062,5.063,5.039,5.063,76204.07036166
2023-06-27 07:00:00,5.064,5.109,5.055,5.098,72480.26709634
2023-06-27 08:00:00,5.102,5.104,5.066,5.073,77949.31685594
2023-06-27 09:00:00,5.073,5.076,5.056,5.062,45168.73586143
2023-06-27 10:00:00,5.062,5.116,5.062,5.107,84571.1265009
2023-06-27 11:00:00,5.108,5.121,5.085,5.116,33746.94491728
2023-06-27 12:00:00,5.117,5.142,5.115,5.13,21509.16783946
2023-06-27 13:00:00,5.129,5.129,5.078,5.113,41850.54652156
2023-06-27 14:00:00,5.114,5.15,5.094,5.102,71473.62851359
2023-06-27 15:00:00,5.102,5.106,5.04,5.065,105756.82081934
2023-06-27 16:00:00,5.065,5.112,5.05,5.11,65984.9777518
2023-06-27 17:00:00,5.109,5.118,5.081,5.115,43504.13167214
2023-06-27 18:00:00,5.116,5.122,5.109,5.111,31083.95881335
2023-06-27 19:00:00,5.111,5.118,5.094,5.102,30369.96828487
2023-06-27 20:00:00,5.101,5.107,5.09,5.107,34129.6609142
2023-06-27 21:00:00,5.108,5.123,5.091,5.122,31348.47730782
2023-06-27 22:00:00,5.12,5.123,5.08,5.086,44309.48986482
2023-06-27 23:00:00,5.085,5.098,5.076,5.091,15303.40599379
2023-06-28 00:00:00,5.092,5.097,5.007,5.049,122475.45887057
2023-06-28 01:00:00,5.047,5.058,5.023,5.057,29907.92068076
2023-06-28 02:00:00,5.055,5.079,5.029,5.044,55009.28469258
2023-06-28 03:00:00,5.041,5.07,5.035,5.069,52630.41452898
2023-06-28 04:00:00,5.065,5.085,5.062,5.076,40134.13969704
2023-06-28 05:00:00,5.075,5.092,5.052,5.091,27834.6531928
2023-06-28 06:00:00,5.091,5.094,5.045,5.049,44916.97547105
2023-06-28 07:00:00,5.047,5.052,4.953,4.972,356611.09915799
2023-06-28 08:00:00,4.969,4.993,4.956,4.99,53823.25837164
2023-06-28 09:00:00,4.991,5.013,4.981,4.998,47463.75117238
2023-06-28 10:00:00,4.998,5.006,4.986,4.995,47349.61138503
2023-06-28 11:00:00,4.995,5.003,4.978,4.982,31088.67923563
2023-06-28 12:00:00,4.984,5.017,4.965,4.966,148340.94041993
2023-06-28 13:00:00,4.966,5.024,4.95,4.986,105116.41076389
2023-06-28 14:00:00,4.987,5.034,4.976,4.995,58250.52952707
2023-06-28 15:00:00,4.996,5.017,4.992,5.002,33310.49324128
2023-06-28 16:00:00,5.001,5.009,4.975,4.975,27477.37368704
2023-06-28 17:00:00,4.975,4.978,4.92,4.929,144785.00656625
2023-06-28 18:00:00,4.927,4.945,4.916,4.916,40531.57033314
2023-06-28 19:00:00,4.917,4.932,4.745,4.867,780281.74018985
2023-06-28 20:00:00,4.868,4.891,4.84,4.883,79651.49129197
2023-06-28 21:00:00,4.885,4.891,4.872,4.882,38833.76208599
2023-06-28 22:00:00,4.881,4.901,4.878,4.89,60613.84911984
2023-06-28 23:00:00,4.892,4.909,4.871,4.875,110757.51099642
2023-06-29 00:00:00,4.876,4.899,4.865,4.88,87433.44101167
2023-06-29 01:00:00,4.88,4.938,4.877,4.909,34904.15410213
2023-06-29 02:00:00,4.908,4.912,4.891,4.905,20361.05847402
2023-06-29 03:00:00,4.907,4.928,4.896,4.913,37275.94743477
2023-06-29 04:00:00,4.911,4.932,4.908,4.925,36229.35161392
2023-06-29 05:00:00,4.926,4.936,4.916,4.923,19449.57550735
2023-06-29 06:00:00,4.925,4.937,4.92,4.92,25406.75973741
2023-06-29 07:00:00,4.921,4.951,4.915,4.937,65811.349182
2023-06-29 08:00:00,4.936,4.944,4.919,4.933,44160.8007026
2023-06-29 09:00:00,4.934,4.958,4.925,4.948,77334.32299849
2023-06-29 10:00:00,4.947,4.985,4.933,4.982,86440.04853789
2023-06-29 11:00:00,4.982,4.995,4.963,4.991,88399.43236809
2023-06-29 12:00:00,4.992,4.995,4.957,4.964,52043.95424202
2023-06-29 13:00:00,4.963,5.039,4.95,5.019,259529.57703981
2023-06-29 14:00:00,5.023,5.229,5.021,5.09,619773.07661219
2023-06-29 15:00:00,5.088,5.099,5.016,5.02,151045.00116262
2023-06-29 16:00:00,5.02,5.059,5.01,5.014,88659.88392248
2023-06-29 17:00:00,5.014,5.026,4.984,4.994,143169.03738131
2023-06-29 18:00:00,4.994,5.005,4.984,5.001,40614.30571903
2023-06-29 19:00:00,5.001,5.001,4.961,4.984,62295.59373321
2023-06-29 20:00:00,4.985,4.987,4.922,4.938,140818.16174114
2023-06-29 21:00:00,4.934,4.953,4.928,4.942,31357.54073829
2023-06-29 22:00:00,4.941,4.973,4.939,4.96,24493.80948467
2023-06-29 23:00:00,4.961,4.997,4.958,4.981,42626.61971866
2023-06-30 00:00:00,4.981,4.989,4.931,4.941,79673.43666174
2023-06-30 01:00:00,4.942,4.942,4.905,4.938,75345.866135
2023-06-30 02:00:00,4.938,5.02,4.935,5.01,172334.81303848
2023-06-30 03:00:00,5.01,5.107,5.006,5.093,156640.43534383
2023-06-30 04:00:00,5.097,5.184,5.077,5.11,242096.92232776
2023-06-30 05:00:00,5.11,5.154,5.073,5.088,123605.18827238
2023-06-30 06:00:00,5.09,5.101,5.019,5.041,107175.53841543
2023-06-30 07:00:00,5.043,5.096,5.042,5.076,84035.71318466
2023-06-30 08:00:00,5.076,5.15,5.06,5.13,99339.73775233
2023-06-30 09:00:00,5.132,5.144,5.096,5.109,92075.83683677
2023-06-30 10:00:00,5.109,5.174,5.105,5.152,85759.75136423
2023-06-30 11:00:00,5.152,5.169,5.121,5.164,70141.09781983
2023-06-30 12:00:00,5.165,5.195,5.139,5.19,101718.95510162
2023-06-30 13:00:00,5.192,5.193,4.759,4.933,2028539.5684141
2023-06-30 14:00:00,4.93,4.986,4.887,4.942,418618.89786542
2023-06-30 15:00:00,4.942,4.991,4.938,4.972,198296.08647956
2023-06-30 16:00:00,4.97,5.097,4.945,5.077,278576.67914978
2023-06-30 17:00:00,5.079,5.168,5.079,5.122,329065.76798093
2023-06-30 18:00:00,5.126,5.148,5.062,5.12,243897.27775738
2023-06-30 19:00:00,5.121,5.14,5.101,5.113,74440.19262549
2023-06-30 20:00:00,5.114,5.137,5.102,5.122,91816.40491133
2023-06-30 21:00:00,5.125,5.157,5.093,5.156,63706.0817797
2023-06-30 22:00:00,5.157,5.183,5.156,5.163,22322.19170365
2023-06-30 23:00:00,5.161,5.18,5.15,5.174,30385.60015938
2023-07-01 00:00:00,5.176,5.194,5.147,5.178,67710.23641939
2023-07-01 01:00:00,5.178,5.232,5.154,5.213,161996.40095659
2023-07-01 02:00:00,5.209,5.216,5.161,5.163,169687.64271716
2023-07-01 03:00:00,5.163,5.193,5.162,5.185,37305.20535072
2023-07-01 04:00:00,5.186,5.196,5.106,5.173,115973.86575869
2023-07-01 05:00:00,5.174,5.19,5.157,5.18,37830.29011492
2023-07-01 06:00:00,5.18,5.212,5.166,5.212,45382.08324298
2023-07-01 07:00:00,5.21,5.22,5.19,5.216,41129.51398115
2023-07-01 08:00:00,5.219,5.28,5.216,5.261,96669.17418117
2023-07-01 09:00:00,5.259,5.309,5.256,5.277,110025.75840247
2023-07-01 10:00:00,5.279,5.321,5.273,5.296,81749.31071389
2023-07-01 11:00:00,5.295,5.306,5.266,5.294,85579.85690439
2023-07-01 12:00:00,5.294,5.363,5.289,5.328,147999.96803552
2023-07-01 13:00:00,5.325,5.362,5.325,5.343,69045.9916017
2023-07-01 14:00:00,5.346,5.365,5.294,5.297,75130.15576058
2023-07-01 15:00:00,5.3,5.306,5.271,5.28,34597.03304293
2023-07-01 16:00:00,5.283,5.308,5.262,5.27,51044.69200974
2023-07-01 17:00:00,5.27,5.288,5.243,5.248,47099.40317223
2023-07-01 18:00:00,5.249,5.309,5.243,5.3,32237.70988106
2023-07-01 19:00:00,5.299,5.337,5.296,5.334,39540.45248772
2023-07-01 20:00:00,5.333,5.353,5.32,5.35,37509.14374676
2023-07-01 21:00:00,5.352,5.36,5.338,5.339,39190.35664347
2023-07-01 22:00:00,5.337,5.357,5.305,5.317,41045.49756443
2023-07-01 23:00:00,5.318,5.355,5.317,5.349,60097.27872298
2023-07-02 00:00:00,5.35,5.353,5.286,5.307,157135.81342481
2023-07-02 01:00:00,5.308,5.344,5.293,5.303,65828.31324291
2023-07-02 02:00:00,5.302,5.318,5.254,5.296,138888.17327917
2023-07-02 03:00:00,5.296,5.304,5.22,5.238,88997.66263458
2023-07-02 04:00:00,5.239,5.277,5.227,5.263,57680.70571608
2023-07-02 05:00:00,5.263,5.288,5.256,5.282,62823.34309105
2023-07-02 06:00:00,5.28,5.287,5.265,5.266,51952.92626705
2023-07-02 07:00:00,5.266,5.282,5.261,5.274,26255.43019577
2023-07-02 08:00:00,5.275,5.275,5.231,5.235,43350.48523814
2023-07-02 09:00:00,5.236,5.26,5.23,5.239,56514.90322719
2023-07-02 10:00:00,5.233,5.257,5.233,5.255,48761.1993272
2023-07-02 11:00:00,5.256,5.289,5.252,5.288,49507.60866513
2023-07-02 12:00:00,5.288,5.331,5.273,5.321,45589.41797561
2023-07-02 13:00:00,5.322,5.324,5.262,5.276,55848.18974074
2023-07-02 14:00:00,5.276,5.322,5.26,5.318,83117.72146067
2023-07-02 15:00:00,5.319,5.397,5.255,5.341,574320.33615677
2023-07-02 16:00:00,5.34,5.393,5.32,5.371,133765.77960432
2023-07-02 17:00:00,5.374,5.385,5.327,5.353,167005.99265223
2023-07-02 18:00:00,5.353,5.397,5.332,5.373,81678.76757731
2023-07-02 19:00:00,5.374,5.407,5.37,5.376,52404.18244675
2023-07-02 20:00:00,5.377,5.44,5.377,5.437,57762.200525
2023-07-02 21:00:00,5.438,5.5,5.434,5.455,135528.68193638
2023-07-02 22:00:00,5.454,5.527,5.431,5.482,373289.94834254
2023-07-02 23:00:00,5.483,5.524,5.475,5.496,166623.78630101
2023-07-03 00:00:00,5.495,5.549,5.486,5.515,150622.59662585
2023-07-03 01:00:00,5.515,5.562,5.515,5.552,90183.92659818
2023-07-03 02:00:00,5.559,5.631,5.546,5.547,118332.8217266
2023-07-03 03:00:00,5.549,5.586,5.548,5.57,61493.77865969
2023-07-03 04:00:00,5.571,5.59,5.489,5.515,429741.70233204
2023-07-03 05:00:00,5.516,5.531,5.503,5.509,76088.22861967
2023-07-03 06:00:00,5.509,5.518,5.458,5.477,186220.48431277
2023-07-03 07:00:00,5.479,5.508,5.464,5.495,108107.77217612
2023-07-03 08:00:00,5.495,5.516,5.47,5.485,95992.28782246
2023-07-03 09:00:00,5.486,5.495,5.453,5.456,64607.27403308
2023-07-03 10:00:00,5.454,5.487,5.438,5.474,78136.39679017
2023-07-03 11:00:00,5.47,5.477,5.447,5.453,55364.03150491
2023-07-03 12:00:00,5.45,5.457,5.405,5.442,104152.109254
2023-07-03 13:00:00,5.44,5.45,5.39,5.421,105406.83988781
2023-07-03 14:00:00,5.425,5.476,5.418,5.467,101145.44189091
2023-07-03 15:00:00,5.467,5.511,5.467,5.488,142475.18937857
2023-07-03 16:00:00,5.49,5.494,5.42,5.443,176228.18586197
2023-07-03 17:00:00,5.444,5.454,5.413,5.435,90309.98913704
2023-07-03 18:00:00,5.435,5.459,5.412,5.455,103733.46652984
2023-07-03 19:00:00,5.454,5.485,5.435,5.465,132833.32018539
2023-07-03 20:00:00,5.465,5.472,5.413,5.424,46578.4554037
2023-07-03 21:00:00,5.425,5.426,5.374,5.403,58877.14775359
2023-07-03 22:00:00,5.402,5.42,5.395,5.402,47910.29273736
2023-07-03 23:00:00,5.401,5.43,5.39,5.43,35787.16786526
2023-07-04 00:00:00,5.429,5.448,5.406,5.411,35632.54550242
2023-07-04 01:00:00,5.411,5.439,5.4,5.431,48768.11275831
2023-07-04 02:00:00,5.427,5.458,5.426,5.446,15216.12226074
2023-07-04 03:00:00,5.449,5.491,5.432,5.483,26669.05246577
2023-07-04 04:00:00,5.482,5.487,5.436,5.457,34235.44812727
2023-07-04 05:00:00,5.452,5.472,5.441,5.459,20014.90790816
2023-07-04 06:00:00,5.459,5.492,5.44,5.476,33390.31421228
2023-07-04 07:00:00,5.478,5.492,5.438,5.439,40822.31383117
2023-07-04 08:00:00,5.44,5.457,5.404,5.41,76287.01593892
2023-07-04 09:00:00,5.409,5.462,5.391,5.451,30749.93589126
2023-07-04 10:00:00,5.452,5.475,5.437,5.473,49217.81850842
2023-07-04 11:00:00,5.471,5.504,5.467,5.494,71931.0860839
2023-07-04 12:00:00,5.495,5.495,5.457,5.471,42216.46530246
2023-07-04 13:00:00,5.469,5.497,5.444,5.497,64528.86213694
2023-07-04 14:00:00,5.497,5.512,5.477,5.478,54179.44679727
2023-07-04 15:00:00,5.477,5.492,5.418,5.428,123441.1923092
2023-07-04 16:00:00,5.424,5.444,5.357,5.37,176486.39186475
2023-07-04 17:00:00,5.374,5.387,5.333,5.343,130566.61340704
2023-07-04 18:00:00,5.343,5.351,5.318,5.327,62217.77809365
2023-07-04 19:00:00,5.326,5.329,5.253,5.314,204442.36370004
2023-07-04 20:00:00,5.314,5.349,5.306,5.34,47677.16897082
2023-07-04 21:00:00,5.343,5.352,5.336,5.35,23959.48449814
2023-07-04 22:00:00,5.348,5.364,5.336,5.361,34479.38788377
2023-07-04 23:00:00,5.361,5.369,5.338,5.346,31995.93397217
2023-07-05 00:00:00,5.345,5.377,5.333,5.333,28516.88821119
2023-07-05 01:00:00,5.331,5.378,5.33,5.344,35554.92566219
2023-07-05 02:00:00,5.343,5.378,5.337,5.364,21694.0102455
2023-07-05 03:00:00,5.364,5.376,5.346,5.375,22187.26145119
2023-07-05 04:00:00,5.377,5.377,5.345,5.351,18234.39151876
2023-07-05 05:00:00,5.348,5.361,5.339,5.357,18964.07151017
2023-07-05 06:00:00,5.357,5.359,5.329,5.343,32880.57189783
2023-07-05 07:00:00,5.341,5.361,5.337,5.341,42986.02668225
2023-07-05 08:00:00,5.34,5.346,5.265,5.313,124030.83029564
2023-07-05 09:00:00,5.315,5.338,5.288,5.299,68173.23999907
2023-07-05 10:00:00,5.297,5.311,5.165,5.214,551332.79429759
2023-07-05 11:00:00,5.212,5.265,5.191,5.203,107019.87896746
2023-07-05 12:00:00,5.201,5.221,5.172,5.197,104157.98503879
2023-07-05 13:00:00,5.197,5.222,5.186,5.208,75407.94687445
2023-07-05 14:00:00,5.209,5.228,5.191,5.195,64583.53349391
2023-07-05 15:00:00,5.196,5.203,5.113,5.168,248535.62189947
2023-07-05 16:00:00,5.165,5.216,5.154,5.214,74521.21028189
2023-07-05 17:00:00,5.213,5.25,5.202,5.221,32954.77656579
2023-07-05 18:00:00,5.22,5.249,5.213,5.214,27195.458081
2023-07-05 19:00:00,5.217,5.226,5.182,5.182,32127.01317757
2023-07-05 20:00:00,5.184,5.204,5.162,5.192,21779.14201033
2023-07-05 21:00:00,5.193,5.211,5.181,5.186,14875.86364476
2023-07-05 22:00:00,5.187,5.216,5.181,5.189,19653.89264642
2023-07-05 23:00:00,5.189,5.224,5.185,5.204,32120.4375913
2023-07-06 00:00:00,5.205,5.218,5.177,5.183,35692.79132128
2023-07-06 01:00:00,5.185,5.209,5.163,5.208,45058.57630737
2023-07-06 02:00:00,5.21,5.228,5.181,5.183,32816.47279831
2023-07-06 03:00:00,5.187,5.21,5.184,5.2,18417.8672366
2023-07-06 04:00:00,5.201,5.211,5.192,5.192,45794.39913025
2023-07-06 05:00:00,5.195,5.25,5.192,5.248,26710.57528521
2023-07-06 06:00:00,5.25,5.278,5.228,5.271,100497.03469131
2023-07-06 07:00:00,5.273,5.289,5.26,5.264,37504.68332133
2023-07-06 08:00:00,5.267,5.346,5.256,5.341,109833.71264941
2023-07-06 09:00:00,5.343,5.36,5.293,5.294,134303.21649219
2023-07-06 10:00:00,5.296,5.312,5.274,5.312,60236.83585331
2023-07-06 11:00:00,5.313,5.313,5.198,5.23,314374.80611344
2023-07-06 12:00:00,5.229,5.237,5.141,5.165,254124.1826504
2023-07-06 13:00:00,5.165,5.194,5.136,5.141,161500.21003425
2023-07-06 14:00:00,5.142,5.159,5.039,5.104,399419.10044563
2023-07-06 15:00:00,5.103,5.15,5.068,5.142,173659.99008699
2023-07-06 16:00:00,5.142,5.15,5.075,5.107,155997.33300678
2023-07-06 17:00:00,5.106,5.129,5.103,5.127,33268.13306035
2023-07-06 18:00:00,5.129,5.152,5.106,5.142,60261.07020638
2023-07-06 19:00:00,5.141,5.141,5.084,5.097,68155.64864869
2023-07-06 20:00:00,5.093,5.104,5.078,5.087,48926.75009105
2023-07-06 21:00:00,5.087,5.088,5.051,5.066,39202.48302279
2023-07-06 22:00:00,5.067,5.088,5.049,5.069,64303.21383111
2023-07-06 23:00:00,5.07,5.07,5.004,5.007,147399.56590679
2023-07-07 00:00:00,5.007,5.045,4.97,5.033,305969.45567564
2023-07-07 01:00:00,5.032,5.062,5.024,5.058,69432.140728
2023-07-07 02:00:00,5.056,5.083,5.05,5.078,76714.98084228
2023-07-07 03:00:00,5.078,5.091,5.066,5.089,21008.83240307
2023-07-07 04:00:00,5.09,5.094,5.064,5.08,35932.79886292
2023-07-07 05:00:00,5.078,5.116,5.061,5.1,51705.05447928
2023-07-07 06:00:00,5.103,5.108,5.082,5.097,52453.55146641
2023-07-07 07:00:00,5.097,5.112,5.066,5.08,63682.59237954
2023-07-07 08:00:00,5.077,5.114,5.066,5.097,42036.28678576
2023-07-07 09:00:00,5.098,5.138,5.096,5.123,37838.39598295
2023-07-07 10:00:00,5.123,5.128,5.099,5.122,23487.07079941
2023-07-07 11:00:00,5.125,5.131,5.106,5.114,69304.68590815
2023-07-07 12:00:00,5.116,5.151,5.077,5.119,227464.56568916
2023-07-07 13:00:00,5.121,5.167,5.103,5.167,60227.56746444
2023-07-07 14:00:00,5.168,5.177,5.134,5.154,70977.40324177
2023-07-07 15:00:00,5.152,5.161,5.136,5.147,49578.16722077
2023-07-07 16:00:00,5.147,5.152,5.118,5.127,53477.36544932
2023-07-07 17:00:00,5.127,5.127,5.091,5.108,35258.08369532
2023-07-07 18:00:00,5.106,5.122,5.07,5.076,78392.94134729
2023-07-07 19:00:00,5.076,5.104,5.068,5.096,31127.81898915
2023-07-07 20:00:00,5.098,5.098,5.077,5.087,17942.29153623
2023-07-07 21:00:00,5.089,5.102,5.083,5.084,13044.51193508
2023-07-07 22:00:00,5.085,5.1,5.08,5.1,16968.95491917
2023-07-07 23:00:00,5.099,5.116,5.098,5.115,17408.29882082
2023-07-08 00:00:00,5.116,5.138,5.104,5.138,39662.57159417
2023-07-08 01:00:00,5.134,5.166,5.129,5.159,53997.55866057
2023-07-08 02:00:00,5.16,5.164,5.141,5.156,13309.94530152
2023-07-08 03:00:00,5.156,5.163,5.134,5.136,14759.12588184
2023-07-08 04:00:00,5.135,5.162,5.131,5.144,31295.46256264
2023-07-08 05:00:00,5.142,5.15,5.111,5.15,28718.17674363
2023-07-08 06:00:00,5.149,5.153,5.131,5.138,43966.63929316
2023-07-08 07:00:00,5.136,5.163,5.136,5.145,28130.70836512
2023-07-08 08:00:00,5.144,5.182,5.139,5.174,42461.44448261
2023-07-08 09:00:00,5.174,5.193,5.164,5.19,20802.75009074
2023-07-08 10:00:00,5.191,5.193,5.173,5.181,39565.57455086
2023-07-08 11:00:00,5.18,5.191,5.132,5.16,67508.58754527
2023-07-08 12:00:00,5.161,5.174,5.142,5.153,39531.94611306
2023-07-08 13:00:00,5.154,5.185,5.154,5.167,39997.48425546
2023-07-08 14:00:00,5.171,5.177,5.157,5.158,24364.71531416
2023-07-08 15:00:00,5.162,5.168,5.142,5.148,41590.56470376
2023-07-08 16:00:00,5.147,5.17,5.143,5.156,55441.45772251
2023-07-08 17:00:00,5.153,5.154,5.138,5.141,21577.78148951
2023-07-08 18:00:00,5.138,5.138,5.118,5.127,30843.20887205
2023-07-08 19:00:00,5.127,5.127,5.064,5.066,134045.22279413
2023-07-08 20:00:00,5.065,5.085,5.055,5.083,29304.59904338
2023-07-08 21:00:00,5.084,5.108,5.074,5.108,23362.03224578
2023-07-08 22:00:00,5.108,5.122,5.098,5.121,34769.82145341
2023-07-08 23:00:00,5.122,5.129,5.107,5.127,24680.96901116
2023-07-09 00:00:00,5.127,5.139,5.114,5.138,33925.80132538
2023-07-09 01:00:00,5.138,5.16,5.138,5.149,40677.61904738
2023-07-09 02:00:00,5.15,5.153,5.128,5.149,54921.46555063
2023-07-09 03:00:00,5.149,5.158,5.138,5.143,11226.90897217
2023-07-09 04:00:00,5.144,5.144,5.127,5.135,40448.47772873
2023-07-09 05:00:00,5.136,5.146,5.128,5.132,24513.53388144
2023-07-09 06:00:00,5.132,5.134,5.111,5.112,41211.76498153
2023-07-09 07:00:00,5.111,5.119,5.092,5.114,46845.87504297
2023-07-09 08:00:00,5.113,5.121,5.102,5.121,34480.26241168
2023-07-09 09:00:00,5.12,5.122,5.103,5.109,16715.1925824
2023-07-09 10:00:00,5.11,5.114,5.102,5.103,11567.11594223
2023-07-09 11:00:00,5.103,5.114,5.091,5.103,24113.07936714
2023-07-09 12:00:00,5.102,5.123,5.095,5.121,36873.81865689
2023-07-09 13:00:00,5.121,5.124,5.091,5.092,17848.14770434
2023-07-09 14:00:00,5.09,5.12,5.063,5.102,86628.17974158
2023-07-09 15:00:00,5.101,5.112,5.089,5.091,32870.03072962
2023-07-09 16:00:00,5.091,5.104,5.081,5.082,20491.91788015
2023-07-09 17:00:00,5.082,5.095,5.077,5.093,20856.93467379
2023-07-09 18:00:00,5.091,5.092,5.073,5.075,6337.03146815
2023-07-09 19:00:00,5.075,5.084,5.06,5.082,26105.60664987
2023-07-09 20:00:00,5.081,5.085,5.056,5.085,36697.53738797
2023-07-09 21:00:00,5.084,5.094,5.069,5.079,29514.5868307
2023-07-09 22:00:00,5.082,5.107,5.06,5.101,59798.8780393
2023-07-09 23:00:00,5.1,5.1,5.064,5.078,44366.91237298
2023-07-10 00:00:00,5.078,5.079,4.978,5.029,382425.40576675
2023-07-10 01:00:00,5.028,5.054,5.01,5.019,72402.85579235
2023-07-10 02:00:00,5.018,5.057,5.005,5.056,48475.24714111
2023-07-10 03:00:00,5.059,5.068,5.028,5.028,34229.29415262
2023-07-10 04:00:00,5.03,5.053,5.017,5.04,13964.46522612
2023-07-10 05:00:00,5.04,5.049,5.017,5.019,35006.44839388
2023-07-10 06:00:00,5.02,5.036,5.014,5.021,45468.22621633
2023-07-10 07:00:00,5.026,5.057,5.026,5.056,41625.5920885
2023-07-10 08:00:00,5.057,5.057,4.998,5.026,75551.13548191
2023-07-10 09:00:00,5.025,5.082,5.007,5.049,159082.64937621
2023-07-10 10:00:00,5.049,5.079,5.047,5.064,39039.16821772
2023-07-10 11:00:00,5.066,5.09,5.06,5.087,61607.03251774
2023-07-10 12:00:00,5.088,5.096,5.056,5.06,80215.86494763
2023-07-10 13:00:00,5.064,5.095,5.057,5.077,52567.27888144
2023-07-10 14:00:00,5.076,5.122,5.075,5.104,53194.69553427
2023-07-10 15:00:00,5.104,5.109,5.089,5.105,52709.29538168
2023-07-10 16:00:00,5.107,5.116,5.081,5.112,58740.5077311
2023-07-10 17:00:00,5.112,5.155,5.112,5.127,84021.96256238
2023-07-10 18:00:00,5.128,5.165,5.114,5.163,79179.35351717
2023-07-10 19:00:00,5.162,5.203,5.16,5.191,85214.33865515
2023-07-10 20:00:00,5.193,5.227,5.169,5.186,120651.98936141
2023-07-10 21:00:00,5.183,5.202,5.134,5.145,61330.53909261
2023-07-10 22:00:00,5.142,5.156,5.095,5.113,172268.93256815
2023-07-10 23:00:00,5.115,5.134,5.112,5.13,97189.94696323
2023-07-11 00:00:00,5.129,5.149,5.086,5.105,84315.84754946
2023-07-11 01:00:00,5.106,5.133,5.1,5.121,53763.40306282
2023-07-11 02:00:00,5.121,5.137,5.101,5.108,55521.00582393
2023-07-11 03:00:00,5.108,5.121,5.105,5.12,38123.44309407
2023-07-11 04:00:00,5.123,5.138,5.121,5.127,25738.74660871
2023-07-11 05:00:00,5.128,5.133,5.123,5.131,13563.58458523
2023-07-11 06:00:00,5.132,5.176,5.131,5.173,54625.88731411
2023-07-11 07:00:00,5.173,5.175,5.146,5.146,31725.77903088
2023-07-11 08:00:00,5.145,5.154,5.133,5.133,18494.895427
2023-07-11 09:00:00,5.133,5.134,5.101,5.115,65550.91903198
2023-07-11 10:00:00,5.116,5.118,5.091,5.113,63226.45416343
2023-07-11 11:00:00,5.11,5.134,5.108,5.121,63589.07031643
2023-07-11 12:00:00,5.121,5.139,5.109,5.138,32536.36130066
2023-07-11 13:00:00,5.139,5.154,5.119,5.147,59674.77450871
2023-07-11 14:00:00,5.146,5.167,5.116,5.151,68202.24151337
2023-07-11 15:00:00,5.15,5.171,5.131,5.146,66401.20900786
2023-07-11 16:00:00,5.148,5.158,5.123,5.152,38350.92434915
2023-07-11 17:00:00,5.152,5.167,5.144,5.151,26255.98346604
2023-07-11 18:00:00,5.149,5.166,5.137,5.155,25441.80613402
2023-07-11 19:00:00,5.154,5.17,5.144,5.163,31130.91064751
2023-07-11 20:00:00,5.163,5.181,5.163,5.172,18191.01416621
2023-07-11 21:00:00,5.171,5.18,5.161,5.166,9910.58648178
2023-07-11 22:00:00,5.168,5.206,5.164,5.197,42593.6060588
2023-07-11 23:00:00,5.197,5.214,5.197,5.209,23505.36812159
2023-07-12 00:00:00,5.211,5.248,5.201,5.227,89464.98065779
2023-07-12 01:00:00,5.227,5.271,5.225,5.268,56230.03326083
2023-07-12 02:00:00,5.27,5.3,5.265,5.296,95496.05198922
2023-07-12 03:00:00,5.297,5.307,5.246,5.248,49110.11850422
2023-07-12 04:00:00,5.249,5.25,5.224,5.244,77787.76705012
2023-07-12 05:00:00,5.244,5.254,5.234,5.248,32469.21259116
2023-07-12 06:00:00,5.249,5.26,5.226,5.256,62562.99995369
2023-07-12 07:00:00,5.256,5.26,5.243,5.245,45153.43062708
2023-07-12 08:00:00,5.247,5.253,5.232,5.253,31310.06688048
2023-07-12 09:00:00,5.257,5.262,5.239,5.25,35128.91799012
2023-07-12 10:00:00,5.25,5.25,5.238,5.246,29852.53079679
2023-07-12 11:00:00,5.244,5.254,5.235,5.241,88127.21510852
2023-07-12 12:00:00,5.241,5.285,5.225,5.253,321788.4562066
2023-07-12 13:00:00,5.253,5.271,5.2,5.231,125273.8277012
2023-07-12 14:00:00,5.231,5.255,5.228,5.241,67054.23276466
2023-07-12 15:00:00,5.24,5.245,5.165,5.175,188391.42576389
2023-07-12 16:00:00,5.175,5.183,5.137,5.179,115278.21024395
2023-07-12 17:00:00,5.181,5.194,5.17,5.18,37812.07989686
2023-07-12 18:00:00,5.181,5.194,5.178,5.183,31499.36609588
2023-07-12 19:00:00,5.184,5.186,5.105,5.11,218157.50440768
2023-07-12 20:00:00,5.111,5.132,5.097,5.127,46663.22814504
2023-07-12 21:00:00,5.128,5.129,5.111,5.121,26582.36433179
2023-07-12 22:00:00,5.121,5.132,5.109,5.132,23556.36273911
2023-07-12 23:00:00,5.131,5.153,5.129,5.145,24568.22182949
2023-07-13 00:00:00,5.146,5.159,5.115,5.115,50946.75935716
2023-07-13 01:00:00,5.119,5.14,5.106,5.138,51345.42613236
2023-07-13 02:00:00,5.137,5.137,5.113,5.118,22075.28859383
2023-07-13 03:00:00,5.116,5.124,5.1,5.113,32700.88819847
2023-07-13 04:00:00,5.112,5.129,5.093,5.127,61118.81922551
2023-07-13 05:00:00,5.127,5.153,5.114,5.152,27999.188521
2023-07-13 06:00:00,5.154,5.175,5.152,5.17,49772.19610426
2023-07-13 07:00:00,5.173,5.177,5.157,5.159,38441.04298469
2023-07-13 08:00:00,5.158,5.169,5.153,5.166,30084.4604047
2023-07-13 09:00:00,5.168,5.255,5.162,5.239,136668.01256327
2023-07-13 10:00:00,5.241,5.254,5.222,5.244,86224.77075526
2023-07-13 11:00:00,5.247,5.262,5.246,5.25,42480.52267939
2023-07-13 12:00:00,5.252,5.262,5.211,5.226,113782.10615098
2023-07-13 13:00:00,5.225,5.251,5.223,5.249,74435.68047488
2023-07-13 14:00:00,5.25,5.25,5.214,5.223,42139.26540743
2023-07-13 15:00:00,5.226,5.394,5.218,5.353,1060877.5824297
2023-07-13 16:00:00,5.356,5.403,5.322,5.368,503391.9160802
2023-07-13 17:00:00,5.368,5.452,5.353,5.438,502157.31778315
2023-07-13 18:00:00,5.438,5.545,5.433,5.528,1118691.47845227
2023-07-13 19:00:00,5.524,5.554,5.497,5.526,306218.50097595
2023-07-13 20:00:00,5.526,5.529,5.461,5.467,161104.69348823
2023-07-13 21:00:00,5.467,5.47,5.384,5.466,209488.80432812
2023-07-13 22:00:00,5.468,5.53,5.465,5.524,156244.51179294
2023-07-13 23:00:00,5.523,5.553,5.522,5.542,90320.35783192
2023-07-14 00:00:00,5.546,5.741,5.545,5.623,1003155.52792173
2023-07-14 01:00:00,5.622,5.641,5.552,5.636,303367.6792838
2023-07-14 02:00:00,5.639,5.647,5.595,5.625,112797.75438892
2023-07-14 03:00:00,5.62,5.673,5.616,5.662,62964.81521205
2023-07-14 04:00:00,5.662,5.682,5.627,5.637,113021.11380016
2023-07-14 05:00:00,5.635,5.639,5.597,5.625,97216.90366086
2023-07-14 06:00:00,5.623,5.633,5.605,5.628,54733.464075
2023-07-14 07:00:00,5.628,5.638,5.534,5.55,172676.02440372
2023-07-14 08:00:00,5.548,5.612,5.531,5.611,135276.31645659
2023-07-14 09:00:00,5.61,5.613,5.547,5.6,121411.91762915
2023-07-14 10:00:00,5.599,5.609,5.568,5.578,126851.97223912
2023-07-14 11:00:00,5.577,5.642,5.569,5.625,103729.06283896
2023-07-14 12:00:00,5.624,5.628,5.575,5.602,122600.67778975
2023-07-14 13:00:00,5.598,5.653,5.592,5.647,142918.19579319
2023-07-14 14:00:00,5.648,5.653,5.614,5.638,155032.07227905
2023-07-14 15:00:00,5.638,5.681,5.629,5.653,116443.37815807
2023-07-14 16:00:00,5.654,5.682,5.523,5.604,736658.0226388
2023-07-14 17:00:00,5.602,5.602,5.45,5.479,1268806.86252784
2023-07-14 18:00:00,5.481,5.519,5.285,5.335,1398791.22879353
2023-07-14 19:00:00,5.334,5.403,5.306,5.336,294851.36459329
2023-07-14 20:00:00,5.33,5.389,5.317,5.373,100664.95158015
2023-07-14 21:00:00,5.371,5.404,5.366,5.402,43320.26836126
2023-07-14 22:00:00,5.402,5.405,5.381,5.391,27594.12260618
2023-07-14 23:00:00,5.392,5.458,5.392,5.45,30006.74222347
2023-07-15 00:00:00,5.45,5.45,5.41,5.432,52719.2669145
2023-07-15 01:00:00,5.428,5.435,5.4,5.412,22181.65473984
2023-07-15 02:00:00,5.416,5.448,5.406,5.434,21976.57160153
2023-07-15 03:00:00,5.436,5.442,5.391,5.4,43046.679834
2023-07-15 04:00:00,5.399,5.422,5.397,5.413,15377.40343539
2023-07-15 05:00:00,5.413,5.416,5.385,5.409,19903.40775932
2023-07-15 06:00:00,5.409,5.455,5.394,5.452,59749.74987374
2023-07-15 07:00:00,5.455,5.561,5.453,5.543,131740.56676271
2023-07-15 08:00:00,5.547,5.549,5.503,5.503,46202.49199101
2023-07-15 09:00:00,5.504,5.509,5.485,5.495,19996.67496175
2023-07-15 10:00:00,5.493,5.524,5.487,5.495,38795.58522925
2023-07-15 11:00:00,5.492,5.497,5.469,5.483,42691.56610835
2023-07-15 12:00:00,5.484,5.506,5.473,5.484,115852.09421939
2023-07-15 13:00:00,5.488,5.488,5.441,5.48,50527.41188562
2023-07-15 14:00:00,5.48,5.492,5.458,5.472,30752.33326185
2023-07-15 15:00:00,5.476,5.515,5.457,5.486,50911.86597158
2023-07-15 16:00:00,5.483,5.489,5.452,5.469,29715.57651165
2023-07-15 17:00:00,5.472,5.484,5.446,5.455,15232.03389533
2023-07-15 18:00:00,5.458,5.499,5.451,5.478,82829.80073407
2023-07-15 19:00:00,5.481,5.494,5.466,5.466,41498.99950138
2023-07-15 20:00:00,5.465,5.465,5.413,5.429,40011.43451885
2023-07-15 21:00:00,5.429,5.429,5.394,5.404,39182.06706141
2023-07-15 22:00:00,5.407,5.419,5.397,5.419,14536.93149807
2023-07-15 23:00:00,5.416,5.431,5.412,5.43,8823.9178156
2023-07-16 00:00:00,5.432,5.443,5.41,5.414,17179.99086166
2023-07-16 01:00:00,5.413,5.447,5.413,5.425,13588.98579772
2023-07-16 02:00:00,5.421,5.431,5.315,5.368,185716.53930418
2023-07-16 03:00:00,5.374,5.376,5.332,5.351,47554.680912
2023-07-16 04:00:00,5.352,5.365,5.342,5.356,34994.56037927
2023-07-16 05:00:00,5.359,5.384,5.357,5.383,17886.24847135
2023-07-16 06:00:00,5.384,5.395,5.359,5.383,33237.74143312
2023-07-16 07:00:00,5.382,5.396,5.378,5.378,10130.16017765
2023-07-16 08:00:00,5.378,5.391,5.364,5.365,21985.27903772
2023-07-16 09:00:00,5.367,5.391,5.367,5.379,30603.42552056
2023-07-16 10:00:00,5.381,5.407,5.364,5.377,53680.35185834
2023-07-16 11:00:00,5.378,5.404,5.376,5.396,33115.14365844
2023-07-16 12:00:00,5.395,5.412,5.37,5.372,40457.81982492
2023-07-16 13:00:00,5.372,5.387,5.358,5.37,23653.14804241
2023-07-16 14:00:00,5.369,5.411,5.366,5.397,109745.96474543
2023-07-16 15:00:00,5.395,5.409,5.376,5.383,52573.8644605
2023-07-16 16:00:00,5.383,5.386,5.361,5.368,35155.16595822
2023-07-16 17:00:00,5.371,5.392,5.366,5.386,17297.16704837
2023-07-16 18:00:00,5.387,5.394,5.329,5.334,76246.39910317
2023-07-16 19:00:00,5.335,5.349,5.303,5.309,92770.3948048
2023-07-16 20:00:00,5.308,5.347,5.299,5.33,49291.44488647
2023-07-16 21:00:00,5.331,5.359,5.326,5.357,18878.78902781
2023-07-16 22:00:00,5.356,5.365,5.336,5.34,15748.23385982
2023-07-16 23:00:00,5.34,5.341,5.259,5.309,126959.21640482
2023-07-17 00:00:00,5.308,5.342,5.286,5.304,75120.67407752
2023-07-17 01:00:00,5.306,5.349,5.293,5.335,69734.84992188
2023-07-17 02:00:00,5.335,5.369,5.335,5.344,29599.65267879
2023-07-17 03:00:00,5.345,5.4,5.342,5.392,35820.5098744
2023-07-17 04:00:00,5.392,5.408,5.378,5.407,72479.97001371
2023-07-17 05:00:00,5.408,5.417,5.377,5.382,39343.0471752
2023-07-17 06:00:00,5.382,5.408,5.368,5.384,43028.81548962
2023-07-17 07:00:00,5.383,5.394,5.376,5.392,23800.66609658
2023-07-17 08:00:00,5.393,5.415,5.375,5.385,51554.44006319
2023-07-17 09:00:00,5.383,5.393,5.291,5.299,125867.05661489
2023-07-17 10:00:00,5.297,5.32,5.176,5.276,353273.77727083
2023-07-17 11:00:00,5.275,5.3,5.266,5.267,96908.00067882
2023-07-17 12:00:00,5.268,5.273,5.199,5.252,105888.74453643
2023-07-17 13:00:00,5.256,5.304,5.24,5.303,52197.83486257
2023-07-17 14:00:00,5.302,5.318,5.288,5.317,32415.45919379
2023-07-17 15:00:00,5.311,5.317,5.263,5.279,50741.03495088
2023-07-17 16:00:00,5.278,5.303,5.227,5.239,80190.28835432
2023-07-17 17:00:00,5.242,5.26,5.17,5.228,151496.38436236
2023-07-17 18:00:00,5.229,5.246,5.173,5.214,115653.44877549
2023-07-17 19:00:00,5.215,5.24,5.197,5.219,35346.38429239
2023-07-17 20:00:00,5.221,5.237,5.194,5.206,27807.9206856
2023-07-17 21:00:00,5.205,5.291,5.205,5.286,29384.64060902
2023-07-17 22:00:00,5.285,5.302,5.269,5.269,79156.05004079
2023-07-17 23:00:00,5.272,5.305,5.264,5.3,25045.45654727
2023-07-18 00:00:00,5.3,5.379,5.292,5.379,59715.47659609
2023-07-18 01:00:00,5.378,5.389,5.351,5.369,45859.85320475
2023-07-18 02:00:00,5.37,5.375,5.336,5.34,50275.18966092
2023-07-18 03:00:00,5.341,5.362,5.334,5.344,24086.11256306
2023-07-18 04:00:00,5.343,5.353,5.316,5.324,47439.49483099
2023-07-18 05:00:00,5.326,5.332,5.285,5.287,51724.40261716
2023-07-18 06:00:00,5.29,5.294,5.197,5.221,101961.88363495
2023-07-18 07:00:00,5.22,5.247,5.203,5.226,54424.85584929
2023-07-18 08:00:00,5.226,5.269,5.193,5.229,70934.1156003
2023-07-18 09:00:00,5.23,5.246,5.224,5.23,31651.02788959
2023-07-18 10:00:00,5.227,5.274,5.224,5.26,33202.90554734
2023-07-18 11:00:00,5.258,5.269,5.18,5.189,62723.72153179
2023-07-18 12:00:00,5.186,5.211,5.156,5.194,120886.43860123
2023-07-18 13:00:00,5.192,5.208,5.181,5.204,68834.31512735
2023-07-18 14:00:00,5.205,5.239,5.197,5.225,55990.32208899
2023-07-18 15:00:00,5.228,5.228,5.181,5.194,24368.92777203
2023-07-18 16:00:00,5.192,5.216,5.077,5.136,259319.17985726
2023-07-18 17:00:00,5.134,5.153,5.117,5.143,48293.75501422
2023-07-18 18:00:00,5.143,5.19,5.135,5.168,47029.40362145
2023-07-18 19:00:00,5.169,5.179,5.125,5.127,24625.24511666
2023-07-18 20:00:00,5.127,5.156,5.123,5.15,36417.92377113
2023-07-18 21:00:00,5.148,5.17,5.137,5.166,22434.88760378
2023-07-18 22:00:00,5.166,5.179,5.152,5.174,22871.14807462
2023-07-18 23:00:00,5.176,5.185,5.162,5.181,74402.53989447
2023-07-19 00:00:00,5.181,5.232,5.161,5.23,59603.94166875
2023-07-19 01:00:00,5.231,5.245,5.213,5.235,53887.66811126
2023-07-19 02:00:00,5.235,5.241,5.209,5.23,68376.9580819
2023-07-19 03:00:00,5.235,5.251,5.227,5.229,31888.87196883
2023-07-19 04:00:00,5.228,5.245,5.22,5.223,21013.33503596
2023-07-19 05:00:00,5.224,5.256,5.221,5.248,23160.34827363
2023-07-19 06:00:00,5.246,5.252,5.205,5.215,32707.88535718
2023-07-19 07:00:00,5.215,5.236,5.206,5.212,25325.93223001
2023-07-19 08:00:00,5.21,5.212,5.17,5.172,50167.70176288
2023-07-19 09:00:00,5.172,5.209,5.154,5.199,64642.60196531
2023-07-19 10:00:00,5.199,5.209,5.18,5.182,22960.63290946
2023-07-19 11:00:00,5.182,5.199,5.177,5.197,24547.27811648
2023-07-19 12:00:00,5.198,5.2,5.165,5.189,23464.75880952
2023-07-19 13:00:00,5.186,5.223,5.162,5.206,63260.00192596
2023-07-19 14:00:00,5.201,5.208,5.132,5.142,68917.51885003
2023-07-19 15:00:00,5.142,5.185,5.127,5.175,58911.74915871
2023-07-19 16:00:00,5.176,5.179,5.144,5.151,36683.74143748
2023-07-19 17:00:00,5.146,5.214,5.146,5.199,55130.01888858
2023-07-19 18:00:00,5.198,5.227,5.189,5.221,43484.98047196
2023-07-19 19:00:00,5.222,5.244,5.213,5.215,37790.03807349
2023-07-19 20:00:00,5.215,5.225,5.196,5.198,36763.95879908
2023-07-19 21:00:00,5.196,5.205,5.16,5.202,28050.49279388
2023-07-19 22:00:00,5.203,5.208,5.17,5.177,35274.43618356
2023-07-19 23:00:00,5.177,5.21,5.169,5.188,24784.14083464
2023-07-20 00:00:00,5.189,5.232,5.179,5.229,50915.49697928
2023-07-20 01:00:00,5.23,5.239,5.22,5.234,34029.21892227
2023-07-20 02:00:00,5.234,5.28,5.234,5.264,72936.3312439
2023-07-20 03:00:00,5.264,5.27,5.225,5.236,52384.95231796
2023-07-20 04:00:00,5.235,5.249,5.218,5.233,35177.28683516
2023-07-20 05:00:00,5.232,5.295,5.224,5.288,78367.19940147
2023-07-20 06:00:00,5.288,5.291,5.255,5.275,42180.50314155
2023-07-20 07:00:00,5.274,5.311,5.274,5.311,44179.78195301
2023-07-20 08:00:00,5.312,5.373,5.312,5.366,126533.22271046
2023-07-20 09:00:00,5.367,5.429,5.347,5.41,177888.49197438
2023-07-20 10:00:00,5.41,5.436,5.399,5.405,83787.22389044
2023-07-20 11:00:00,5.405,5.448,5.392,5.447,104533.84616738
2023-07-20 12:00:00,5.447,5.484,5.395,5.395,179524.59388729
2023-07-20 13:00:00,5.395,5.415,5.383,5.4,77957.92209061
2023-07-20 14:00:00,5.401,5.407,5.253,5.291,308306.80381159
2023-07-20 15:00:00,5.291,5.333,5.274,5.297,181919.77015669
2023-07-20 16:00:00,5.297,5.32,5.266,5.288,166424.64744899
2023-07-20 17:00:00,5.289,5.32,5.284,5.302,86032.43063458
2023-07-20 18:00:00,5.302,5.308,5.255,5.261,94802.18614085
2023-07-20 19:00:00,5.26,5.3,5.254,5.294,54387.2195863
2023-07-20 20:00:00,5.293,5.295,5.228,5.256,91764.20878245
2023-07-20 21:00:00,5.256,5.318,5.256,5.317,41526.9362794
2023-07-20 22:00:00,5.316,5.349,5.309,5.349,59244.35765121
2023-07-20 23:00:00,5.347,5.356,5.333,5.352,52613.67705388
2023-07-21 00:00:00,5.35,5.409,5.332,5.4,115631.18165915
2023-07-21 01:00:00,5.404,5.594,5.402,5.572,437047.4442246
2023-07-21 02:00:00,5.573,5.62,5.533,5.619,226585.28375017
2023-07-21 03:00:00,5.619,5.7,5.602,5.652,311365.66006572
2023-07-21 04:00:00,5.652,5.655,5.555,5.591,359568.64988188
2023-07-21 05:00:00,5.587,5.595,5.509,5.512,162718.19405137
2023-07-21 06:00:00,5.512,5.552,5.482,5.488,134891.40502548
2023-07-21 07:00:00,5.488,5.492,5.428,5.428,168079.04265067
2023-07-21 08:00:00,5.427,5.463,5.425,5.451,118926.65972676
2023-07-21 09:00:00,5.452,5.507,5.436,5.49,139306.9191876
2023-07-21 10:00:00,5.488,5.54,5.484,5.488,103603.20703528
2023-07-21 11:00:00,5.488,5.507,5.458,5.477,93527.32616053
2023-07-21 12:00:00,5.478,5.529,5.457,5.515,94956.1369574
2023-07-21 13:00:00,5.515,5.515,5.439,5.454,118369.98895648
2023-07-21 14:00:00,5.454,5.499,5.444,5.496,81477.44337206
2023-07-21 15:00:00,5.495,5.503,5.46,5.466,50463.18085719
2023-07-21 16:00:00,5.465,5.472,5.439,5.444,56166.58749026
2023-07-21 17:00:00,5.444,5.495,5.44,5.495,87540.41109108
2023-07-21 18:00:00,5.495,5.534,5.494,5.508,113593.62874518
2023-07-21 19:00:00,5.509,5.511,5.437,5.484,136991.26273129
2023-07-21 20:00:00,5.482,5.499,5.45,5.495,48845.69651034
2023-07-21 21:00:00,5.495,5.508,5.464,5.484,19377.57193128
2023-07-21 22:00:00,5.484,5.517,5.482,5.484,57900.84956398
2023-07-21 23:00:00,5.483,5.504,5.475,5.482,25995.06986511
2023-07-22 00:00:00,5.481,5.514,5.48,5.494,45546.58769137
2023-07-22 01:00:00,5.494,5.498,5.447,5.448,43691.95188522
2023-07-22 02:00:00,5.448,5.478,5.435,5.475,25075.98800111
2023-07-22 03:00:00,5.474,5.486,5.439,5.439,36000.91444068
2023-07-22 04:00:00,5.438,5.462,5.431,5.439,38040.21944119
2023-07-22 05:00:00,5.44,5.44,5.408,5.425,53965.35979136
2023-07-22 06:00:00,5.425,5.432,5.366,5.402,98204.47031543
2023-07-22 07:00:00,5.399,5.424,5.391,5.414,30838.18214925
2023-07-22 08:00:00,5.414,5.415,5.394,5.397,75079.32308231
2023-07-22 09:00:00,5.397,5.418,5.352,5.373,154950.22836721
2023-07-22 10:00:00,5.374,5.374,5.29,5.355,496454.96272375
2023-07-22 11:00:00,5.355,5.373,5.354,5.367,59891.9823704
2023-07-22 12:00:00,5.368,5.377,5.349,5.354,59463.54517282
2023-07-22 13:00:00,5.353,5.361,5.346,5.354,52962.62081077
2023-07-22 14:00:00,5.354,5.366,5.345,5.359,30429.63232363
2023-07-22 15:00:00,5.358,5.38,5.347,5.369,55848.91514749
2023-07-22 16:00:00,5.37,5.374,5.35,5.362,58423.02332408
2023-07-22 17:00:00,5.363,5.37,5.348,5.35,30211.78908316
2023-07-22 18:00:00,5.35,5.354,5.331,5.34,57726.35676942
2023-07-22 19:00:00,5.341,5.358,5.336,5.354,31699.50798836
2023-07-22 20:00:00,5.353,5.365,5.341,5.354,19246.30827287
2023-07-22 21:00:00,5.353,5.364,5.35,5.364,27426.20219019
2023-07-22 22:00:00,5.366,5.373,5.339,5.35,16456.47205142
2023-07-22 23:00:00,5.352,5.353,5.26,5.31,165814.14288193
2023-07-23 00:00:00,5.31,5.31,5.272,5.291,36578.56208951
2023-07-23 01:00:00,5.291,5.353,5.289,5.338,40765.46333138
2023-07-23 02:00:00,5.337,5.375,5.337,5.375,38008.5971517
2023-07-23 03:00:00,5.373,5.417,5.37,5.417,111131.32761122
2023-07-23 04:00:00,5.417,5.466,5.417,5.426,150225.13042335
2023-07-23 05:00:00,5.428,5.449,5.401,5.407,56645.04992198
2023-07-23 06:00:00,5.406,5.423,5.385,5.394,56464.57506044
2023-07-23 07:00:00,5.393,5.424,5.389,5.422,65342.43936227
2023-07-23 08:00:00,5.421,5.476,5.408,5.474,63579.8013121
2023-07-23 09:00:00,5.477,5.487,5.408,5.41,65602.94174217
2023-07-23 10:00:00,5.413,5.434,5.412,5.426,28237.23582098
2023-07-23 11:00:00,5.426,5.434,5.399,5.405,18097.5491114
2023-07-23 12:00:00,5.406,5.423,5.401,5.409,16863.27494442
2023-07-23 13:00:00,5.41,5.41,5.372,5.388,33010.50738916
2023-07-23 14:00:00,5.387,5.39,5.377,5.38,26112.24195729
2023-07-23 15:00:00,5.38,5.382,5.365,5.373,25612.40565986
2023-07-23 16:00:00,5.373,5.407,5.371,5.404,60938.31989692
2023-07-23 17:00:00,5.405,5.444,5.395,5.443,38327.24269527
2023-07-23 18:00:00,5.445,5.466,5.426,5.466,46673.49811036
2023-07-23 19:00:00,5.466,5.478,5.41,5.433,48359.53307572
2023-07-23 20:00:00,5.434,5.454,5.434,5.45,19157.2684916
2023-07-23 21:00:00,5.45,5.45,5.366,5.376,66575.18948515
2023-07-23 22:00:00,5.376,5.401,5.376,5.384,18740.95980111
2023-07-23 23:00:00,5.383,5.406,5.383,5.388,20826.84135117
2023-07-24 00:00:00,5.388,5.412,5.376,5.388,31953.76424093
2023-07-24 01:00:00,5.386,5.387,5.313,5.324,96585.6902237
2023-07-24 02:00:00,5.323,5.329,5.293,5.325,97637.81484235
2023-07-24 03:00:00,5.324,5.325,5.287,5.305,67206.03134279
2023-07-24 04:00:00,5.304,5.33,5.264,5.329,56069.17163699
2023-07-24 05:00:00,5.329,5.345,5.323,5.342,30069.2282308
2023-07-24 06:00:00,5.342,5.343,5.328,5.332,23473.62835043
2023-07-24 07:00:00,5.332,5.368,5.326,5.332,63532.8025585
2023-07-24 08:00:00,5.328,5.328,5.299,5.301,87646.46306781
2023-07-24 09:00:00,5.301,5.328,5.072,5.148,597322.05580763
2023-07-24 10:00:00,5.148,5.221,5.121,5.217,293279.34784571
2023-07-24 11:00:00,5.216,5.219,5.191,5.195,148725.1020957
2023-07-24 12:00:00,5.195,5.211,5.175,5.185,101306.46104344
2023-07-24 13:00:00,5.186,5.195,5.154,5.176,78746.97835574
2023-07-24 14:00:00,5.176,5.189,5.142,5.145,116796.93454944
2023-07-24 15:00:00,5.145,5.178,5.114,5.172,197914.92295468
2023-07-24 16:00:00,5.171,5.226,5.158,5.223,84832.28839804
2023-07-24 17:00:00,5.221,5.242,5.193,5.217,133042.71196273
2023-07-24 18:00:00,5.217,5.235,5.195,5.228,61791.32454356
2023-07-24 19:00:00,5.228,5.228,5.2,5.205,33248.10849898
2023-07-24 20:00:00,5.207,5.218,5.191,5.216,18408.14089689
2023-07-24 21:00:00,5.215,5.244,5.211,5.236,57220.29061666
2023-07-24 22:00:00,5.237,5.242,5.204,5.215,37373.01675206
2023-07-24 23:00:00,5.215,5.222,5.208,5.208,15625.64329517
2023-07-25 00:00:00,5.207,5.219,5.192,5.208,25973.71418614
2023-07-25 01:00:00,5.208,5.212,5.191,5.204,27256.20810419
2023-07-25 02:00:00,5.203,5.251,5.201,5.233,42408.34929595
2023-07-25 03:00:00,5.236,5.242,5.212,5.216,34908.50814369
2023-07-25 04:00:00,5.217,5.217,5.193,5.198,21060.42227946
2023-07-25 05:00:00,5.199,5.221,5.191,5.207,46990.7044931
2023-07-25 06:00:00,5.21,5.212,5.181,5.193,29391.54262565
2023-07-25 07:00:00,5.193,5.211,5.167,5.175,74876.3912133
2023-07-25 08:00:00,5.176,5.196,5.159,5.195,44229.50448894
2023-07-25 09:00:00,5.195,5.227,5.189,5.197,47279.29413206
2023-07-25 10:00:00,5.197,5.197,5.181,5.181,46245.33772403
2023-07-25 11:00:00,5.181,5.196,5.174,5.195,18958.92772833
2023-07-25 12:00:00,5.197,5.201,5.163,5.164,50498.37456833
2023-07-25 13:00:00,5.164,5.172,5.13,5.149,166614.31425852
2023-07-25 14:00:00,5.149,5.187,5.123,5.143,80228.99537759
2023-07-25 15:00:00,5.137,5.164,5.134,5.152,33019.29692159
2023-07-25 16:00:00,5.153,5.181,5.151,5.16,49580.86365574
2023-07-25 17:00:00,5.159,5.188,5.137,5.187,61598.1027128
2023-07-25 18:00:00,5.186,5.196,5.166,5.166,49072.23077123
2023-07-25 19:00:00,5.165,5.177,5.158,5.159,24335.44954871
2023-07-25 20:00:00,5.159,5.159,5.137,5.153,31083.48872975
2023-07-25 21:00:00,5.153,5.172,5.153,5.163,35106.5441455
2023-07-25 22:00:00,5.163,5.179,5.163,5.165,18002.52555939
2023-07-25 23:00:00,5.165,5.176,5.159,5.171,6459.41775471
2023-07-26 00:00:00,5.171,5.183,5.153,5.156,30278.56089408
2023-07-26 01:00:00,5.156,5.162,5.111,5.14,98331.36667136
2023-07-26 02:00:00,5.14,5.175,5.13,5.175,37838.41983159
2023-07-26 03:00:00,5.176,5.198,5.165,5.174,45109.34889458
2023-07-26 04:00:00,5.174,5.183,5.164,5.176,25569.19431435
2023-07-26 05:00:00,5.176,5.206,5.173,5.204,20347.28697833
2023-07-26 06:00:00,5.205,5.21,5.182,5.187,55355.98929652
2023-07-26 07:00:00,5.188,5.201,5.182,5.192,20677.64608002
2023-07-26 08:00:00,5.191,5.199,5.185,5.185,16480.88678396
2023-07-26 09:00:00,5.185,5.191,5.153,5.167,36210.93537098
2023-07-26 10:00:00,5.167,5.185,5.162,5.17,48563.70776954
2023-07-26 11:00:00,5.171,5.185,5.168,5.171,23818.9464048
2023-07-26 12:00:00,5.171,5.203,5.171,5.202,34991.277355
2023-07-26 13:00:00,5.203,5.221,5.189,5.202,36422.22728209
2023-07-26 14:00:00,5.203,5.227,5.19,5.213,55617.26202876
2023-07-26 15:00:00,5.213,5.232,5.213,5.224,34167.43794526
2023-07-26 16:00:00,5.224,5.236,5.202,5.208,26058.74335903
2023-07-26 17:00:00,5.209,5.215,5.178,5.185,23875.67633543
2023-07-26 18:00:00,5.186,5.269,5.182,5.25,238837.87928028
2023-07-26 19:00:00,5.251,5.256,5.193,5.254,91600.01800824
2023-07-26 20:00:00,5.255,5.289,5.249,5.27,83814.96267148
2023-07-26 21:00:00,5.27,5.279,5.223,5.224,52232.85634071
2023-07-26 22:00:00,5.226,5.234,5.21,5.231,46487.80748895
2023-07-26 23:00:00,5.231,5.25,5.219,5.234,37359.5236363
2023-07-27 00:00:00,5.232,5.235,5.212,5.219,52154.21566142
2023-07-27 01:00:00,5.218,5.273,5.213,5.273,19724.82472661
2023-07-27 02:00:00,5.272,5.279,5.248,5.273,33139.43730432
2023-07-27 03:00:00,5.273,5.284,5.262,5.263,20452.15435999
2023-07-27 04:00:00,5.263,5.296,5.263,5.293,25211.29497509
2023-07-27 05:00:00,5.292,5.303,5.278,5.278,45303.9900155
2023-07-27 06:00:00,5.277,5.284,5.244,5.244,33001.39999163
2023-07-27 07:00:00,5.244,5.337,5.243,5.286,102866.22229231
2023-07-27 08:00:00,5.285,5.297,5.269,5.291,86094.91294671
2023-07-27 09:00:00,5.293,5.309,5.28,5.296,30138.29451328
2023-07-27 10:00:00,5.298,5.298,5.272,5.275,23519.85390558
2023-07-27 11:00:00,5.274,5.288,5.271,5.288,25341.18776372
2023-07-27 12:00:00,5.287,5.291,5.273,5.278,15670.89349307
2023-07-27 13:00:00,5.279,5.28,5.263,5.267,27098.07427908
2023-07-27 14:00:00,5.267,5.278,5.226,5.232,50943.96706535
2023-07-27 15:00:00,5.231,5.25,5.211,5.23,46325.0410704
2023-07-27 16:00:00,5.23,5.247,5.228,5.24,23104.20569475
2023-07-27 17:00:00,5.241,5.241,5.22,5.226,15593.65813636
2023-07-27 18:00:00,5.226,5.227,5.176,5.188,61271.37259266
2023-07-27 19:00:00,5.187,5.208,5.187,5.206,34480.86912414
2023-07-27 20:00:00,5.208,5.209,5.197,5.209,12128.76909718
2023-07-27 21:00:00,5.21,5.233,5.207,5.227,16822.41960983
2023-07-27 22:00:00,5.229,5.244,5.229,5.23,17850.22189216
2023-07-27 23:00:00,5.229,5.236,5.223,5.232,16727.24291673
2023-07-28 00:00:00,5.234,5.24,5.223,5.233,19674.73785758
2023-07-28 01:00:00,5.232,5.236,5.219,5.228,17369.10195945
2023-07-28 02:00:00,5.227,5.228,5.203,5.215,23663.04969103
2023-07-28 03:00:00,5.212,5.231,5.205,5.214,17096.39790879
2023-07-28 04:00:00,5.214,5.214,5.196,5.207,14271.89034499
2023-07-28 05:00:00,5.209,5.21,5.161,5.173,29483.20591346
2023-07-28 06:00:00,5.172,5.183,5.161,5.182,27487.70300522
2023-07-28 07:00:00,5.181,5.187,5.168,5.173,24816.80361521
2023-07-28 08:00:00,5.173,5.19,5.155,5.19,27143.70522553
2023-07-28 09:00:00,5.192,5.235,5.191,5.222,48037.14026866
2023-07-28 10:00:00,5.223,5.227,5.215,5.22,21958.80611734
2023-07-28 11:00:00,5.219,5.23,5.215,5.224,11666.73673743
2023-07-28 12:00:00,5.222,5.237,5.22,5.235,56878.24251797
2023-07-28 13:00:00,5.235,5.235,5.209,5.224,43881.02939956
2023-07-28 14:00:00,5.224,5.26,5.224,5.256,75788.94933617
2023-07-28 15:00:00,5.257,5.269,5.24,5.244,40682.46813301
2023-07-28 16:00:00,5.243,5.244,5.229,5.231,24769.58409754
2023-07-28 17:00:00,5.231,5.235,5.193,5.202,52603.00039988
2023-07-28 18:00:00,5.203,5.218,5.203,5.215,11058.30829322
2023-07-28 19:00:00,5.214,5.216,5.206,5.207,10175.78133381
2023-07-28 20:00:00,5.207,5.211,5.195,5.207,10632.21863699
2023-07-28 21:00:00,5.207,5.213,5.2,5.211,7606.20473511
2023-07-28 22:00:00,5.21,5.213,5.206,5.206,6180.6681083
2023-07-28 23:00:00,5.205,5.216,5.205,5.214,5932.28402937
2023-07-29 00:00:00,5.214,5.229,5.202,5.226,18696.72862103
2023-07-29 01:00:00,5.227,5.24,5.216,5.237,25589.97556595
2023-07-29 02:00:00,5.238,5.242,5.226,5.24,16683.18971911
2023-07-29 03:00:00,5.241,5.244,5.228,5.228,9839.16200215
2023-07-29 04:00:00,5.227,5.236,5.226,5.231,3272.61361276
2023-07-29 05:00:00,5.231,5.24,5.227,5.24,10735.82429519
2023-07-29 06:00:00,5.24,5.252,5.237,5.24,12232.27570491
2023-07-29 07:00:00,5.241,5.241,5.224,5.226,19486.06994639
2023-07-29 08:00:00,5.227,5.241,5.222,5.23,10074.59009261
2023-07-29 09:00:00,5.23,5.239,5.225,5.232,8253.50488875
2023-07-29 10:00:00,5.232,5.239,5.224,5.235,6110.16740848
2023-07-29 11:00:00,5.236,5.239,5.221,5.223,5909.25518122
2023-07-29 12:00:00,5.222,5.243,5.219,5.229,21513.19087217
2023-07-29 13:00:00,5.229,5.241,5.229,5.235,12614.76108855
2023-07-29 14:00:00,5.237,5.241,5.227,5.23,4852.20810605
2023-07-29 15:00:00,5.231,5.237,5.227,5.23,12838.46390759
2023-07-29 16:00:00,5.229,5.237,5.223,5.231,14107.31925627
2023-07-29 17:00:00,5.232,5.255,5.228,5.244,17931.96626646
2023-07-29 18:00:00,5.244,5.247,5.228,5.24,19024.47595868
2023-07-29 19:00:00,5.239,5.252,5.237,5.247,9076.78867189
2023-07-29 20:00:00,5.247,5.254,5.239,5.243,12559.59645534
2023-07-29 21:00:00,5.244,5.245,5.233,5.234,9943.25412137
2023-07-29 22:00:00,5.235,5.241,5.234,5.239,6458.08736932
2023-07-29 23:00:00,5.239,5.253,5.239,5.247,8379.35505816
2023-07-30 00:00:00,5.245,5.247,5.233,5.246,21214.35894768
2023-07-30 01:00:00,5.246,5.259,5.241,5.258,10083.73846041
2023-07-30 02:00:00,5.259,5.271,5.247,5.259,23300.94458281
2023-07-30 03:00:00,5.258,5.265,5.248,5.253,8104.32394661
2023-07-30 04:00:00,5.253,5.266,5.253,5.253,10411.78705731
2023-07-30 05:00:00,5.253,5.257,5.249,5.253,6254.57374524
2023-07-30 06:00:00,5.255,5.256,5.234,5.242,13286.00062126
2023-07-30 07:00:00,5.241,5.241,5.231,5.232,12341.27631762
2023-07-30 08:00:00,5.231,5.247,5.226,5.247,16482.89507189
2023-07-30 09:00:00,5.248,5.248,5.23,5.23,7750.85988012
2023-07-30 10:00:00,5.23,5.236,5.203,5.21,58938.99000902
2023-07-30 11:00:00,5.211,5.225,5.206,5.223,15091.80961205
2023-07-30 12:00:00,5.223,5.231,5.219,5.229,10892.4017623
2023-07-30 13:00:00,5.228,5.228,5.206,5.206,13585.14975896
2023-07-30 14:00:00,5.207,5.242,5.205,5.238,46379.13966008
2023-07-30 15:00:00,5.237,5.254,5.231,5.246,37804.59539848
2023-07-30 16:00:00,5.246,5.246,5.217,5.23,19038.35089971
2023-07-30 17:00:00,5.231,5.241,5.226,5.241,11280.16633271
2023-07-30 18:00:00,5.241,5.241,5.214,5.219,8974.70861839
2023-07-30 19:00:00,5.219,5.22,5.114,5.138,412944.02527409
2023-07-30 20:00:00,5.137,5.192,5.081,5.186,245046.05329705
2023-07-30 21:00:00,5.187,5.187,5.156,5.167,14606.39627245
2023-07-30 22:00:00,5.166,5.167,5.151,5.156,16536.23868294
2023-07-30 23:00:00,5.156,5.188,5.154,5.182,17023.10073052
2023-07-31 00:00:00,5.179,5.256,5.166,5.247,76903.32481807
2023-07-31 01:00:00,5.249,5.256,5.208,5.22,25312.04938836
2023-07-31 02:00:00,5.221,5.233,5.209,5.227,22273.79475988
2023-07-31 03:00:00,5.226,5.228,5.203,5.205,36389.67787725
2023-07-31 04:00:00,5.206,5.21,5.171,5.186,49394.77947252
2023-07-31 05:00:00,5.184,5.197,5.182,5.188,14781.7753099
2023-07-31 06:00:00,5.187,5.205,5.184,5.204,22982.86813338
2023-07-31 07:00:00,5.204,5.21,5.163,5.171,35742.94479865
2023-07-31 08:00:00,5.17,5.202,5.17,5.182,83142.1436407
2023-07-31 09:00:00,5.186,5.188,5.166,5.168,19924.91708633
2023-07-31 10:00:00,5.17,5.18,5.161,5.164,21006.01742272
2023-07-31 11:00:00,5.165,5.17,5.162,5.169,7995.31710089
2023-07-31 12:00:00,5.168,5.184,5.154,5.184,41004.2083968
2023-07-31 13:00:00,5.184,5.184,5.122,5.138,73773.42316581
2023-07-31 14:00:00,5.139,5.145,5.118,5.143,64713.64060679
2023-07-31 15:00:00,5.144,5.156,5.114,5.122,89671.37750565
2023-07-31 16:00:00,5.12,5.135,5.111,5.129,33485.82323455
2023-07-31 17:00:00,5.129,5.157,5.122,5.146,47255.18249447
2023-07-31 18:00:00,5.146,5.146,5.113,5.117,81443.30381718
2023-07-31 19:00:00,5.117,5.128,5.035,5.072,289222.10426245
2023-07-31 20:00:00,5.074,5.108,5.047,5.085,117312.59543314
2023-07-31 21:00:00,5.085,5.111,5.071,5.1,56873.36484426
2023-07-31 22:00:00,5.099,5.108,5.091,5.106,18562.1110791
2023-07-31 23:00:00,5.105,5.112,5.099,5.105,8850.06059999
2023-08-01 00:00:00,5.105,5.12,5.087,5.119,31363.57107072
2023-08-01 01:00:00,5.119,5.127,5.075,5.086,35101.33031706
2023-08-01 02:00:00,5.088,5.089,4.937,5.042,602118.80072002
2023-08-01 03:00:00,5.04,5.047,5.019,5.03,57424.18704239
2023-08-01 04:00:00,5.028,5.04,5.018,5.026,42827.26695286
2023-08-01 05:00:00,5.026,5.054,5.026,5.054,44198.3674171
2023-08-01 06:00:00,5.053,5.079,5.051,5.079,49187.97992798
2023-08-01 07:00:00,5.078,5.082,5.054,5.058,69057.66835687
2023-08-01 08:00:00,5.059,5.089,5.054,5.089,27034.70053103
2023-08-01 09:00:00,5.088,5.095,5.067,5.075,108111.48948893
2023-08-01 10:00:00,5.076,5.081,5.07,5.08,7246.36264196
2023-08-01 11:00:00,5.08,5.095,5.055,5.062,168815.443337
2023-08-01 12:00:00,5.065,5.093,5.057,5.083,51359.3509232
2023-08-01 13:00:00,5.083,5.096,5.083,5.089,23183.42911335
2023-08-01 14:00:00,5.087,5.103,5.065,5.075,70230.20517698
2023-08-01 15:00:00,5.074,5.098,5.021,5.09,231378.40308274
2023-08-01 16:00:00,5.093,5.116,5.077,5.082,57244.65411873
2023-08-01 17:00:00,5.086,5.107,5.086,5.097,29481.18131344
2023-08-01 18:00:00,5.098,5.138,5.098,5.137,58649.71114088
2023-08-01 19:00:00,5.137,5.144,5.123,5.131,22473.66181607
2023-08-01 20:00:00,5.133,5.135,5.116,5.123,24560.37116397
2023-08-01 21:00:00,5.124,5.139,5.124,5.139,15314.09909125
2023-08-01 22:00:00,5.139,5.147,5.135,5.139,18081.01584583
2023-08-01 23:00:00,5.14,5.2,5.139,5.2,242676.70178959
2023-08-02 00:00:00,5.201,5.209,5.178,5.184,65922.85621286
2023-08-02 01:00:00,5.185,5.216,5.178,5.192,71226.0343527
2023-08-02 02:00:00,5.191,5.195,5.181,5.191,18395.56432968
2023-08-02 03:00:00,5.19,5.19,5.156,5.159,59021.29515153
2023-08-02 04:00:00,5.16,5.167,5.152,5.155,17304.65995855
2023-08-02 05:00:00,5.154,5.162,5.149,5.157,19372.05800616
2023-08-02 06:00:00,5.156,5.165,5.139,5.139,39026.87252391
2023-08-02 07:00:00,5.139,5.152,5.123,5.13,23044.39879753
2023-08-02 08:00:00,5.131,5.142,5.111,5.131,38246.58819668
2023-08-02 09:00:00,5.132,5.151,5.128,5.134,50008.69266964
2023-08-02 10:00:00,5.134,5.17,5.131,5.166,38613.54760905
2023-08-02 11:00:00,5.167,5.175,5.155,5.16,27850.55340955
2023-08-02 12:00:00,5.16,5.17,5.129,5.133,41950.61206379
2023-08-02 13:00:00,5.133,5.143,5.122,5.133,23444.94083246
2023-08-02 14:00:00,5.131,5.133,5.065,5.07,340183.24720825
2023-08-02 15:00:00,5.069,5.09,5.051,5.09,99177.6012966
2023-08-02 16:00:00,5.089,5.096,5.007,5.04,378574.36526582
2023-08-02 17:00:00,5.041,5.071,5.035,5.061,129383.5127012
2023-08-02 18:00:00,5.061,5.076,5.042,5.049,37212.78649418
2023-08-02 19:00:00,5.049,5.072,5.048,5.066,20493.27097581
2023-08-02 20:00:00,5.065,5.069,5.058,5.058,6629.6582727
2023-08-02 21:00:00,5.059,5.07,5.041,5.066,39486.61712422
2023-08-02 22:00:00,5.065,5.072,5.051,5.051,15452.08411798
2023-08-02 23:00:00,5.051,5.055,5.041,5.055,14253.42730486
2023-08-03 00:00:00,5.053,5.059,5.033,5.042,23273.19913543
2023-08-03 01:00:00,5.04,5.069,5.04,5.066,11124.31509906
2023-08-03 02:00:00,5.066,5.069,5.034,5.044,21429.4729132
2023-08-03 03:00:00,5.043,5.043,5.025,5.027,22041.51735528
2023-08-03 04:00:00,5.027,5.028,5.014,5.023,25289.28600552
2023-08-03 05:00:00,5.023,5.025,5.008,5.022,28450.54952085
2023-08-03 06:00:00,5.023,5.03,4.996,5.003,44068.02927421
2023-08-03 07:00:00,5.002,5.014,4.984,4.999,67042.48836712
2023-08-03 08:00:00,4.998,5.01,4.975,5.005,59648.34258043
2023-08-03 09:00:00,5.006,5.026,5.0,5.024,19914.67594981
2023-08-03 10:00:00,5.023,5.029,5.013,5.017,18954.50705064
2023-08-03 11:00:00,5.018,5.026,5.015,5.024,13962.6676377
2023-08-03 12:00:00,5.024,5.024,4.998,5.006,12654.59692761
2023-08-03 13:00:00,5.007,5.023,5.006,5.02,45301.43999059
2023-08-03 14:00:00,5.02,5.051,5.012,5.044,49343.13597214
2023-08-03 15:00:00,5.045,5.047,5.017,5.018,53294.78105318
2023-08-03 16:00:00,5.017,5.031,5.012,5.029,21217.5526573
2023-08-03 17:00:00,5.028,5.04,5.003,5.008,26677.52526759
2023-08-03 18:00:00,5.006,5.009,4.995,5.009,19290.19086516
2023-08-03 19:00:00,5.008,5.008,4.994,5.005,19849.48835047
2023-08-03 20:00:00,5.005,5.021,5.002,5.002,18124.37411317
2023-08-03 21:00:00,5.003,5.006,4.986,4.992,22932.86963868
2023-08-03 22:00:00,4.992,4.997,4.923,4.978,292705.95151263
2023-08-03 23:00:00,4.978,4.984,4.968,4.97,27594.40193806
2023-08-04 00:00:00,4.969,4.991,4.959,4.991,82779.68753332
2023-08-04 01:00:00,4.991,4.996,4.974,4.985,15597.9913702
2023-08-04 02:00:00,4.985,4.99,4.968,4.987,12443.7226964
2023-08-04 03:00:00,4.985,4.99,4.98,4.985,17901.6675852
2023-08-04 04:00:00,4.985,4.988,4.967,4.984,35356.43597449
2023-08-04 05:00:00,4.984,5.001,4.978,4.999,12489.97364937
2023-08-04 06:00:00,5.0,5.003,4.985,4.986,35747.78366839
2023-08-04 07:00:00,4.986,4.992,4.979,4.983,14960.98155471
2023-08-04 08:00:00,4.982,4.994,4.971,4.974,40178.77559773
2023-08-04 09:00:00,4.973,4.997,4.971,4.997,9049.77623126
2023-08-04 10:00:00,4.997,5.003,4.985,4.986,15620.0296631
2023-08-04 11:00:00,4.985,4.992,4.979,4.99,4170.22510818
2023-08-04 12:00:00,4.988,5.021,4.984,5.013,44666.55974853
2023-08-04 13:00:00,5.013,5.036,5.009,5.017,59072.64975025
2023-08-04 14:00:00,5.016,5.029,5.003,5.024,53000.09559899
2023-08-04 15:00:00,5.026,5.028,5.013,5.021,29211.08809664
2023-08-04 16:00:00,5.021,5.034,5.016,5.031,21818.58082168
2023-08-04 17:00:00,5.031,5.034,5.008,5.01,12446.51409472
2023-08-04 18:00:00,5.01,5.01,4.941,4.97,121939.81049901
2023-08-04 19:00:00,4.968,4.984,4.964,4.971,39471.35359501
2023-08-04 20:00:00,4.971,4.993,4.928,4.959,176844.44157245
2023-08-04 21:00:00,4.958,4.992,4.956,4.977,25961.69244162
2023-08-04 22:00:00,4.975,4.987,4.974,4.98,8617.68806849
2023-08-04 23:00:00,4.979,4.99,4.976,4.987,12429.34378412
2023-08-05 00:00:00,4.986,4.986,4.973,4.978,11726.08764986
2023-08-05 01:00:00,4.978,4.986,4.94,4.943,44520.43950495
2023-08-05 02:00:00,4.942,4.966,4.94,4.962,17425.30493992
2023-08-05 03:00:00,4.961,4.967,4.956,4.96,8978.60793694
2023-08-05 04:00:00,4.961,4.961,4.933,4.943,21943.06407242
2023-08-05 05:00:00,4.943,4.955,4.935,4.955,10970.35796635
2023-08-05 06:00:00,4.955,4.958,4.95,4.95,4008.95483368
2023-08-05 07:00:00,4.95,4.956,4.945,4.952,16678.66229037
2023-08-05 08:00:00,4.951,4.954,4.938,4.953,45926.97583486
2023-08-05 09:00:00,4.952,4.96,4.946,4.947,7186.14640722
2023-08-05 10:00:00,4.946,4.955,4.942,4.95,5488.01840183
2023-08-05 11:00:00,4.95,4.96,4.941,4.944,7518.30668301
2023-08-05 12:00:00,4.943,4.945,4.938,4.939,14574.61217462
2023-08-05 13:00:00,4.939,4.95,4.939,4.943,5226.74045453
2023-08-05 14:00:00,4.944,4.959,4.94,4.953,28010.9357399
2023-08-05 15:00:00,4.954,4.957,4.921,4.935,35164.03260216
2023-08-05 16:00:00,4.934,4.944,4.919,4.93,67254.17273924
2023-08-05 17:00:00,4.93,4.955,4.93,4.949,14749.18016914
2023-08-05 18:00:00,4.948,4.964,4.944,4.96,9541.80598443
2023-08-05 19:00:00,4.958,4.959,4.948,4.951,12487.82242573
2023-08-05 20:00:00,4.95,4.958,4.947,4.948,2453.72077547
2023-08-05 21:00:00,4.948,4.964,4.948,4.963,9245.77858307
2023-08-05 22:00:00,4.962,4.972,4.96,4.971,8981.62417275
2023-08-05 23:00:00,4.972,4.972,4.961,4.97,41457.73353242
2023-08-06 00:00:00,4.97,4.979,4.961,4.971,20777.31536386
2023-08-06 01:00:00,4.972,4.973,4.956,4.96,7119.05893154
2023-08-06 02:00:00,4.958,5.003,4.958,4.992,58928.42467241
2023-08-06 03:00:00,4.992,4.996,4.979,4.993,35352.2089393
2023-08-06 04:00:00,4.996,5.01,4.992,5.001,15198.46856125
2023-08-06 05:00:00,5.002,5.012,4.997,5.012,41340.84614743
2023-08-06 06:00:00,5.012,5.015,4.989,4.996,30367.46967433
2023-08-06 07:00:00,4.995,5.0,4.986,4.99,12473.30616544
2023-08-06 08:00:00,4.99,5.012,4.989,5.008,15370.49061881
2023-08-06 09:00:00,5.007,5.007,4.991,4.996,13307.73788402
2023-08-06 10:00:00,4.996,4.996,4.982,4.987,6616.7905981
2023-08-06 11:00:00,4.987,4.998,4.987,4.995,5121.38473141
2023-08-06 12:00:00,4.998,5.009,4.983,4.984,39144.10891988
2023-08-06 13:00:00,4.983,4.994,4.978,4.983,22099.10356439
2023-08-06 14:00:00,4.981,4.988,4.951,4.958,57314.65751879
2023-08-06 15:00:00,4.96,4.97,4.951,4.96,46364.49168973
2023-08-06 16:00:00,4.959,4.989,4.952,4.985,13721.87505359
2023-08-06 17:00:00,4.985,4.991,4.98,4.987,14920.28153894
2023-08-06 18:00:00,4.988,4.999,4.988,4.995,5680.84412579
2023-08-06 19:00:00,4.995,5.003,4.989,4.991,8318.82841615
2023-08-06 20:00:00,4.992,5.018,4.991,5.009,23471.86994356
2023-08-06 21:00:00,5.008,5.037,4.996,5.001,42158.22761032
2023-08-06 22:00:00,5.0,5.029,4.998,5.0,20475.77550176
2023-08-06 23:00:00,5.001,5.004,4.986,4.997,11709.20205898
2023-08-07 00:00:00,4.997,5.01,4.978,4.986,17132.62794089
2023-08-07 01:00:00,4.987,5.04,4.987,5.024,36423.72670189
2023-08-07 02:00:00,5.026,5.033,5.013,5.029,25104.19572168
2023-08-07 03:00:00,5.03,5.036,5.013,5.013,9902.5617498
2023-08-07 04:00:00,5.011,5.025,5.009,5.019,6529.9034295
2023-08-07 05:00:00,5.02,5.021,5.003,5.003,10368.82447603
2023-08-07 06:00:00,5.002,5.003,4.966,4.973,32191.95813379
2023-08-07 07:00:00,4.972,4.999,4.972,4.998,31799.01260353
2023-08-07 08:00:00,4.998,5.0,4.975,4.981,16702.82309368
2023-08-07 09:00:00,4.98,5.005,4.975,4.992,20446.95017019
2023-08-07 10:00:00,4.992,5.002,4.981,4.998,16718.26124228
2023-08-07 11:00:00,4.999,5.004,4.997,5.004,6279.87196176
2023-08-07 12:00:00,5.004,5.005,4.979,4.991,17353.47366316
2023-08-07 13:00:00,4.992,4.994,4.969,4.969,23385.68328156
2023-08-07 14:00:00,4.969,4.974,4.944,4.952,49147.20017949
2023-08-07 15:00:00,4.951,4.953,4.909,4.923,95967.92848197
2023-08-07 16:00:00,4.922,4.925,4.817,4.898,400445.53700061
2023-08-07 17:00:00,4.897,4.918,4.89,4.917,49944.6387987
2023-08-07 18:00:00,4.916,4.956,4.912,4.926,51008.14749196
2023-08-07 19:00:00,4.926,4.946,4.92,4.944,36427.71464397
2023-08-07 20:00:00,4.945,4.949,4.938,4.947,24370.39112068
2023-08-07 21:00:00,4.949,4.969,4.943,4.947,27273.2218443
2023-08-07 22:00:00,4.947,4.958,4.946,4.954,7764.29220412
2023-08-07 23:00:00,4.955,4.961,4.943,4.96,22409.96510063
2023-08-08 00:00:00,4.959,4.964,4.942,4.964,14776.46127109
2023-08-08 01:00:00,4.963,4.963,4.928,4.93,15186.02433329
2023-08-08 02:00:00,4.929,4.948,4.926,4.94,28527.55134392
2023-08-08 03:00:00,4.941,4.949,4.937,4.945,8552.10945543
2023-08-08 04:00:00,4.945,4.959,4.936,4.959,8278.4824579
2023-08-08 05:00:00,4.959,4.977,4.955,4.972,38847.1305277
2023-08-08 06:00:00,4.972,4.978,4.966,4.966,12588.32675243
2023-08-08 07:00:00,4.965,4.969,4.957,4.958,16327.7997328
2023-08-08 08:00:00,4.957,4.964,4.952,4.963,10736.7196929
2023-08-08 09:00:00,4.962,4.973,4.96,4.967,48008.16837865
2023-08-08 10:00:00,4.966,4.987,4.966,4.985,46990.2540893
2023-08-08 11:00:00,4.986,5.005,4.973,5.005,83385.78875388
2023-08-08 12:00:00,5.005,5.03,4.995,5.027,55989.85136678
2023-08-08 13:00:00,5.028,5.036,4.992,4.995,78234.58280134
2023-08-08 14:00:00,4.994,5.014,4.994,4.999,28207.02635166
2023-08-08 15:00:00,5.0,5.033,5.0,5.02,34188.59671987
2023-08-08 16:00:00,5.02,5.072,5.015,5.056,67296.00433836
2023-08-08 17:00:00,5.057,5.066,5.038,5.058,43690.31102739
2023-08-08 18:00:00,5.059,5.087,5.039,5.048,93418.24995399
2023-08-08 19:00:00,5.048,5.063,5.039,5.043,42467.66595534
2023-08-08 20:00:00,5.044,5.063,5.037,5.055,26204.6740888
2023-08-08 21:00:00,5.056,5.094,5.047,5.064,84609.63916818
2023-08-08 22:00:00,5.065,5.07,5.039,5.044,24995.61365325
2023-08-08 23:00:00,5.045,5.059,5.045,5.052,18293.18234641
2023-08-09 00:00:00,5.052,5.064,5.045,5.046,17102.9711667
2023-08-09 01:00:00,5.046,5.07,5.041,5.055,16645.0195654
2023-08-09 02:00:00,5.057,5.06,5.021,5.035,35667.54029838
2023-08-09 03:00:00,5.034,5.04,5.032,5.038,3654.22886982
2023-08-09 04:00:00,5.037,5.047,5.034,5.044,24122.80284255
2023-08-09 05:00:00,5.045,5.045,5.033,5.039,16836.77288007
2023-08-09 06:00:00,5.04,5.042,5.021,5.03,32562.22854801
2023-08-09 07:00:00,5.03,5.043,5.03,5.041,17561.42158663
2023-08-09 08:00:00,5.041,5.05,5.034,5.047,23154.39401424
2023-08-09 09:00:00,5.047,5.05,5.039,5.04,23936.17699149
2023-08-09 10:00:00,5.041,5.057,5.04,5.056,46259.06017566
2023-08-09 11:00:00,5.057,5.065,5.043,5.051,59694.73091168
2023-08-09 12:00:00,5.052,5.097,5.044,5.094,89073.46697734
2023-08-09 13:00:00,5.094,5.1,5.066,5.07,75871.39318196
2023-08-09 14:00:00,5.07,5.083,5.043,5.043,50530.61176814
2023-08-09 15:00:00,5.042,5.053,5.033,5.048,40915.41425199
2023-08-09 16:00:00,5.047,5.054,5.025,5.03,72150.31627141
2023-08-09 17:00:00,5.029,5.037,5.005,5.009,70799.75169661
2023-08-09 18:00:00,5.009,5.03,5.008,5.017,66589.10948467
2023-08-09 19:00:00,5.018,5.024,5.004,5.009,26260.98139018
2023-08-09 20:00:00,5.007,5.026,5.006,5.024,12672.26912061
2023-08-09 21:00:00,5.024,5.029,4.989,5.029,33342.03837268
2023-08-09 22:00:00,5.027,5.043,5.023,5.042,10220.20820131
2023-08-09 23:00:00,5.043,5.054,5.04,5.054,14369.257656
2023-08-10 00:00:00,5.054,5.055,5.036,5.047,23675.57163098
2023-08-10 01:00:00,5.05,5.059,5.044,5.053,11994.5375763
2023-08-10 02:00:00,5.052,5.058,5.046,5.047,14391.75913703
2023-08-10 03:00:00,5.047,5.05,5.039,5.042,21153.12443887
2023-08-10 04:00:00,5.041,5.041,5.03,5.03,16441.88981505
2023-08-10 05:00:00,5.029,5.032,5.018,5.031,8614.31368097
2023-08-10 06:00:00,5.031,5.039,5.01,5.012,16832.35266376
2023-08-10 07:00:00,5.012,5.02,5.006,5.01,39986.00150576
2023-08-10 08:00:00,5.009,5.013,5.001,5.007,7304.80512834
2023-08-10 09:00:00,5.006,5.01,4.987,5.01,49165.68967724
2023-08-10 10:00:00,5.011,5.018,5.004,5.016,44844.28169972
2023-08-10 11:00:00,5.014,5.015,4.995,4.998,49338.50122675
2023-08-10 12:00:00,4.998,5.032,4.996,5.024,103646.46453355
2023-08-10 13:00:00,5.025,5.044,5.013,5.041,73792.10606469
2023-08-10 14:00:00,5.043,5.051,4.996,5.004,48620.33476155
2023-08-10 15:00:00,5.003,5.01,4.992,5.003,21226.19750456
2023-08-10 16:00:00,5.003,5.009,4.995,5.002,15169.56365142
2023-08-10 17:00:00,5.001,5.001,4.969,4.984,43167.72866261
2023-08-10 18:00:00,4.983,4.996,4.979,4.984,63074.78571067
2023-08-10 19:00:00,4.984,4.984,4.968,4.983,23955.27217598
2023-08-10 20:00:00,4.983,4.99,4.977,4.979,21007.22382475
2023-08-10 21:00:00,4.982,4.99,4.982,4.988,4459.74365876
2023-08-10 22:00:00,4.987,4.997,4.984,4.989,11105.93482015
2023-08-10 23:00:00,4.988,4.999,4.983,4.999,5001.50406337
2023-08-11 00:00:00,4.998,5.011,4.993,5.008,24912.39853271
2023-08-11 01:00:00,5.009,5.009,4.999,5.005,17692.92239464
2023-08-11 02:00:00,5.006,5.011,4.977,4.981,55516.89784672
2023-08-11 03:00:00,4.98,4.989,4.975,4.986,11504.84628183
2023-08-11 04:00:00,4.986,4.991,4.985,4.988,13453.65449798
2023-08-11 05:00:00,4.988,4.998,4.982,4.998,13770.60366891
2023-08-11 06:00:00,4.998,5.005,4.994,5.003,20473.2527072
2023-08-11 07:00:00,5.004,5.004,4.991,4.993,11503.46095491
2023-08-11 08:00:00,4.993,4.996,4.987,4.99,7799.5997772
2023-08-11 09:00:00,4.991,4.996,4.985,4.985,25918.16146053
2023-08-11 10:00:00,4.983,4.989,4.982,4.989,6594.47129685
2023-08-11 11:00:00,4.989,5.0,4.989,4.999,6378.76574758
2023-08-11 12:00:00,4.999,5.002,4.984,4.986,7180.02576795
2023-08-11 13:00:00,4.986,4.992,4.977,4.989,13461.28184693
2023-08-11 14:00:00,4.99,5.007,4.99,4.999,25139.44633136
2023-08-11 15:00:00,4.999,5.004,4.958,4.964,66190.32488384
2023-08-11 16:00:00,4.963,4.977,4.947,4.966,48731.45321676
2023-08-11 17:00:00,4.966,4.975,4.962,4.969,18101.19133232
2023-08-11 18:00:00,4.969,4.983,4.966,4.978,11824.30691908
2023-08-11 19:00:00,4.978,4.987,4.974,4.986,5956.21798301
2023-08-11 20:00:00,4.986,4.992,4.983,4.992,12638.43092109
2023-08-11 21:00:00,4.992,4.997,4.99,4.995,12714.11382619
2023-08-11 22:00:00,4.996,4.998,4.993,4.998,5583.72913342
2023-08-11 23:00:00,4.998,5.001,4.995,5.0,19145.62517452
2023-08-12 00:00:00,4.997,5.012,4.992,5.009,31885.43173059
2023-08-12 01:00:00,5.011,5.012,4.999,4.999,4576.89781379
2023-08-12 02:00:00,4.999,5.003,4.994,4.995,18041.2199472
2023-08-12 03:00:00,4.995,4.995,4.988,4.993,8889.2828807
2023-08-12 04:00:00,4.993,4.997,4.993,4.995,4089.68834494
2023-08-12 05:00:00,4.995,4.996,4.988,4.989,6267.13564311
2023-08-12 06:00:00,4.988,4.997,4.988,4.997,38189.49986669
2023-08-12 07:00:00,4.999,5.002,4.999,5.001,6993.36939746
2023-08-12 08:00:00,5.001,5.004,4.996,5.0,5926.30167447
2023-08-12 09:00:00,5.0,5.015,5.0,5.014,37520.07105608
2023-08-12 10:00:00,5.015,5.03,5.015,5.026,39434.55500236
2023-08-12 11:00:00,5.027,5.028,5.01,5.02,43215.64932597
2023-08-12 12:00:00,5.021,5.025,5.012,5.022,23310.30897172
2023-08-12 13:00:00,5.022,5.027,5.011,5.012,11530.56413566
2023-08-12 14:00:00,5.012,5.024,5.012,5.021,9468.42219588
2023-08-12 15:00:00,5.022,5.027,5.02,5.023,18498.41685345
2023-08-12 16:00:00,5.022,5.034,5.021,5.031,26642.10380751
2023-08-12 17:00:00,5.031,5.031,5.016,5.016,28588.41591026
2023-08-12 18:00:00,5.014,5.025,5.012,5.022,13498.15633904
2023-08-12 19:00:00,5.023,5.025,5.016,5.018,30925.59154877
2023-08-12 20:00:00,5.018,5.025,5.016,5.019,7090.77373743
2023-08-12 21:00:00,5.018,5.02,5.015,5.02,4777.17251513
2023-08-12 22:00:00,5.019,5.037,5.019,5.033,18554.16498383
2023-08-12 23:00:00,5.031,5.034,5.026,5.033,7390.96672872
2023-08-13 00:00:00,5.033,5.034,5.021,5.034,11495.71256972
2023-08-13 01:00:00,5.034,5.034,5.022,5.029,3979.74919635
2023-08-13 02:00:00,5.029,5.03,5.024,5.024,7834.80676035
2023-08-13 03:00:00,5.024,5.027,5.02,5.027,9059.53753281
2023-08-13 04:00:00,5.026,5.038,5.026,5.033,23930.30004013
2023-08-13 05:00:00,5.032,5.032,5.021,5.025,16323.00358637
2023-08-13 06:00:00,5.024,5.025,5.011,5.02,31590.27736817
2023-08-13 07:00:00,5.021,5.036,5.021,5.029,74272.42522759
2023-08-13 08:00:00,5.029,5.035,5.028,5.034,7653.79017555
2023-08-13 09:00:00,5.034,5.034,5.028,5.03,7892.42780517
2023-08-13 10:00:00,5.03,5.033,5.029,5.03,3053.55677753
2023-08-13 11:00:00,5.029,5.029,5.021,5.027,5821.58267061
2023-08-13 12:00:00,5.027,5.027,5.021,5.025,14557.92947438
2023-08-13 13:00:00,5.024,5.025,5.016,5.016,23283.61771317
2023-08-13 14:00:00,5.017,5.026,5.014,5.014,20943.68052266
2023-08-13 15:00:00,5.015,5.022,5.007,5.01,45516.70184411
2023-08-13 16:00:00,5.01,5.011,4.992,4.996,40805.01785503
2023-08-13 17:00:00,4.995,5.012,4.995,5.005,26601.36927853
2023-08-13 18:00:00,5.005,5.029,5.005,5.024,39991.4610393
2023-08-13 19:00:00,5.024,5.036,5.024,5.034,10424.7972616
2023-08-13 20:00:00,5.034,5.038,5.026,5.028,16081.15070228
2023-08-13 21:00:00,5.028,5.029,5.012,5.022,26406.02621389
2023-08-13 22:00:00,5.021,5.022,4.961,4.975,96163.27336477
2023-08-13 23:00:00,4.974,4.992,4.963,4.981,51611.48978284
2023-08-14 00:00:00,4.98,4.986,4.969,4.982,36268.18827486
2023-08-14 01:00:00,4.981,4.991,4.979,4.987,12700.48382966
2023-08-14 02:00:00,4.986,4.993,4.94,4.985,109672.18505039
2023-08-14 03:00:00,4.987,5.001,4.986,4.993,30790.55331021
2023-08-14 04:00:00,4.996,5.004,4.989,5.001,32032.67160963
2023-08-14 05:00:00,5.002,5.012,5.0,5.007,16022.76033031
2023-08-14 06:00:00,5.009,5.012,4.994,4.997,32194.65144602
2023-08-14 07:00:00,4.996,4.998,4.988,4.996,21803.67685905
2023-08-14 08:00:00,4.997,5.008,4.996,5.002,32293.28160151
2023-08-14 09:00:00,5.001,5.001,4.946,4.991,274593.64869127
2023-08-14 10:00:00,4.991,4.999,4.985,4.998,34615.63257949
2023-08-14 11:00:00,4.997,4.997,4.979,4.986,33765.35631915
2023-08-14 12:00:00,4.985,4.986,4.968,4.979,70701.23267478
2023-08-14 13:00:00,4.98,4.982,4.97,4.98,15021.31516657
2023-08-14 14:00:00,4.98,5.021,4.98,5.012,65289.77050411
2023-08-14 15:00:00,5.013,5.046,5.006,5.032,105723.2452228
2023-08-14 16:00:00,5.032,5.041,5.028,5.028,19103.81085794
2023-08-14 17:00:00,5.028,5.032,4.997,5.003,74499.67145352
2023-08-14 18:00:00,5.0,5.0,4.961,4.974,116536.74415966
2023-08-14 19:00:00,4.975,4.979,4.966,4.969,29813.40242935
2023-08-14 20:00:00,4.969,4.983,4.964,4.981,46299.58538827
2023-08-14 21:00:00,4.981,4.99,4.976,4.987,27349.53973773
2023-08-14 22:00:00,4.987,4.994,4.985,4.985,13364.80901485
2023-08-14 23:00:00,4.984,4.99,4.981,4.982,6173.10842713
2023-08-15 00:00:00,4.981,4.988,4.976,4.982,33981.89268606
2023-08-15 01:00:00,4.984,4.989,4.969,4.978,25102.88790512
2023-08-15 02:00:00,4.978,4.983,4.972,4.972,9642.29814335
2023-08-15 03:00:00,4.972,4.973,4.96,4.965,7567.93946579
2023-08-15 04:00:00,4.965,4.965,4.957,4.963,16070.42858059
2023-08-15 05:00:00,4.962,4.962,4.944,4.946,34956.24564368
2023-08-15 06:00:00,4.947,4.957,4.943,4.957,20956.958256
2023-08-15 07:00:00,4.956,4.963,4.937,4.96,137074.4744702
2023-08-15 08:00:00,4.96,4.973,4.96,4.97,30956.5976075
2023-08-15 09:00:00,4.97,4.976,4.968,4.976,33271.49792088
2023-08-15 10:00:00,4.976,4.976,4.965,4.97,11092.57161419
2023-08-15 11:00:00,4.971,4.973,4.953,4.953,32176.34166579
2023-08-15 12:00:00,4.952,4.962,4.949,4.959,19959.47786711
2023-08-15 13:00:00,4.958,4.966,4.955,4.955,18259.68843303
2023-08-15 14:00:00,4.954,4.964,4.935,4.96,52631.71965261
2023-08-15 15:00:00,4.959,4.965,4.941,4.943,41456.58316109
2023-08-15 16:00:00,4.943,4.948,4.933,4.938,43565.80052846
2023-08-15 17:00:00,4.938,4.943,4.933,4.937,51259.8780329
2023-08-15 18:00:00,4.937,4.938,4.918,4.929,32151.88069201
2023-08-15 19:00:00,4.929,4.929,4.521,4.769,1712844.7712943
2023-08-15 20:00:00,4.768,4.798,4.754,4.781,85090.27529124
2023-08-15 21:00:00,4.781,4.819,4.779,4.815,39184.62165221
2023-08-15 22:00:00,4.815,4.816,4.792,4.798,59234.88022967
2023-08-15 23:00:00,4.8,4.813,4.794,4.809,22578.36222549
2023-08-16 00:00:00,4.808,4.823,4.807,4.809,33926.32383839
2023-08-16 01:00:00,4.808,4.813,4.798,4.81,39190.91374616
2023-08-16 02:00:00,4.81,4.83,4.81,4.825,21022.32518787
2023-08-16 03:00:00,4.825,4.826,4.812,4.816,32260.21256335
2023-08-16 04:00:00,4.817,4.828,4.802,4.807,42740.23672915
2023-08-16 05:00:00,4.808,4.808,4.784,4.785,42952.73820462
2023-08-16 06:00:00,4.785,4.79,4.771,4.786,46374.84376153
2023-08-16 07:00:00,4.785,4.791,4.779,4.781,35724.2355476
2023-08-16 08:00:00,4.78,4.783,4.763,4.777,20548.95063885
2023-08-16 09:00:00,4.775,4.783,4.757,4.763,34169.42384912
2023-08-16 10:00:00,4.764,4.783,4.759,4.773,49194.51425893
2023-08-16 11:00:00,4.772,4.777,4.759,4.769,48496.60111015
2023-08-16 12:00:00,4.768,4.768,4.702,4.741,214628.95292686
2023-08-16 13:00:00,4.738,4.756,4.699,4.702,137824.04542356
2023-08-16 14:00:00,4.703,4.746,4.7,4.736,59195.28431637
2023-08-16 15:00:00,4.736,4.74,4.706,4.712,25584.30772262
2023-08-16 16:00:00,4.712,4.728,4.684,4.72,117928.45105696
2023-08-16 17:00:00,4.72,4.729,4.699,4.729,58637.00641259
2023-08-16 18:00:00,4.728,4.749,4.718,4.727,17675.85454076
2023-08-16 19:00:00,4.729,4.729,4.699,4.699,39219.87667939
2023-08-16 20:00:00,4.699,4.704,4.55,4.625,1022245.51704884
2023-08-16 21:00:00,4.624,4.624,4.517,4.608,435768.25298036
2023-08-16 22:00:00,4.609,4.653,4.609,4.651,75323.5913604
2023-08-16 23:00:00,4.651,4.663,4.629,4.661,33002.0862469
2023-08-17 00:00:00,4.66,4.661,4.574,4.654,213019.42601059
2023-08-17 01:00:00,4.653,4.68,4.65,4.672,52167.82006647
2023-08-17 02:00:00,4.674,4.696,4.671,4.696,22578.5340099
2023-08-17 03:00:00,4.696,4.713,4.696,4.703,24858.15218874
2023-08-17 04:00:00,4.704,4.807,4.703,4.739,988365.72042253
2023-08-17 05:00:00,4.738,4.8,4.733,4.8,112803.64969931
2023-08-17 06:00:00,4.8,4.803,4.738,4.74,161456.56382834
2023-08-17 07:00:00,4.74,4.752,4.73,4.751,47828.58184419
2023-08-17 08:00:00,4.751,4.751,4.738,4.738,24430.663221
2023-08-17 09:00:00,4.739,4.779,4.73,4.779,81845.58323205
2023-08-17 10:00:00,4.779,4.79,4.752,4.772,135909.01230603
2023-08-17 11:00:00,4.771,4.779,4.754,4.754,31843.98197929
2023-08-17 12:00:00,4.755,4.789,4.755,4.769,48134.8893476
2023-08-17 13:00:00,4.768,4.786,4.754,4.757,61287.78601351
2023-08-17 14:00:00,4.758,4.763,4.721,4.728,76052.81999194
2023-08-17 15:00:00,4.727,4.749,4.635,4.664,704558.17435908
2023-08-17 16:00:00,4.663,4.706,4.619,4.686,321647.9798814
2023-08-17 17:00:00,4.688,4.726,4.684,4.703,130286.65253138
2023-08-17 18:00:00,4.705,4.713,4.675,4.686,90613.32576646
2023-08-17 19:00:00,4.685,4.704,4.682,4.692,124916.41226993
2023-08-17 20:00:00,4.692,4.694,4.613,4.648,158437.7790242
2023-08-17 21:00:00,4.649,4.656,4.18,4.332,1273653.45584736
2023-08-17 22:00:00,4.332,4.489,4.318,4.473,403835.62869578
2023-08-17 23:00:00,4.473,4.504,4.421,4.426,150387.47555873
2023-08-18 00:00:00,4.426,4.473,4.418,4.463,132096.1688081
2023-08-18 01:00:00,4.46,4.466,4.388,4.39,153044.10615998
2023-08-18 02:00:00,4.391,4.428,4.375,4.377,110108.82231196
2023-08-18 03:00:00,4.378,4.416,4.377,4.4,78859.22115067
2023-08-18 04:00:00,4.4,4.41,4.359,4.38,146836.30748461
2023-08-18 05:00:00,4.381,4.434,4.379,4.434,46627.99339017
2023-08-18 06:00:00,4.434,4.513,4.432,4.504,153740.52035967
2023-08-18 07:00:00,4.503,4.508,4.486,4.496,75342.82211973
2023-08-18 08:00:00,4.495,4.512,4.472,4.499,124867.73188231
2023-08-18 09:00:00,4.499,4.509,4.476,4.478,25166.78326054
2023-08-18 10:00:00,4.479,4.5,4.478,4.488,18784.8071033
2023-08-18 11:00:00,4.488,4.517,4.476,4.501,47834.34107694
2023-08-18 12:00:00,4.502,4.51,4.484,4.509,32654.63958485
2023-08-18 13:00:00,4.51,4.522,4.496,4.498,95590.36020251
2023-08-18 14:00:00,4.498,4.531,4.484,4.499,137993.16960196
2023-08-18 15:00:00,4.498,4.556,4.493,4.5,126404.08175673
2023-08-18 16:00:00,4.501,4.527,4.474,4.504,155953.86598258
2023-08-18 17:00:00,4.505,4.547,4.441,4.519,386804.74053739
2023-08-18 18:00:00,4.52,4.547,4.503,4.519,134408.32861491
2023-08-18 19:00:00,4.519,4.522,4.491,4.498,107478.52738806
2023-08-18 20:00:00,4.499,4.535,4.498,4.507,70192.54790762
2023-08-18 21:00:00,4.508,4.546,4.508,4.52,68667.47547429
2023-08-18 22:00:00,4.52,4.528,4.514,4.52,11075.82968005
2023-08-18 23:00:00,4.519,4.529,4.502,4.508,9418.3929643
2023-08-19 00:00:00,4.508,4.535,4.498,4.517,20349.16186981
2023-08-19 01:00:00,4.517,4.52,4.487,4.487,16333.68290868
2023-08-19 02:00:00,4.486,4.497,4.478,4.486,17656.47572194
2023-08-19 03:00:00,4.487,4.487,4.473,4.484,19880.4578628
2023-08-19 04:00:00,4.484,4.492,4.478,4.491,8504.38389976
2023-08-19 05:00:00,4.492,4.492,4.465,4.468,8762.62968288
2023-08-19 06:00:00,4.468,4.478,4.464,4.467,8232.98130768
2023-08-19 07:00:00,4.467,4.476,4.448,4.476,34911.45866602
2023-08-19 08:00:00,4.477,4.489,4.467,4.472,60286.06271519
2023-08-19 09:00:00,4.473,4.484,4.468,4.484,44930.19799041
2023-08-19 10:00:00,4.483,4.488,4.481,4.488,10280.48173335
2023-08-19 11:00:00,4.489,4.49,4.473,4.473,47660.322341
2023-08-19 12:00:00,4.473,4.488,4.468,4.485,43331.42980957
2023-08-19 13:00:00,4.485,4.498,4.481,4.481,24330.27311458
2023-08-19 14:00:00,4.482,4.5,4.479,4.488,22333.87548651
2023-08-19 15:00:00,4.488,4.526,4.487,4.526,89423.82981821
2023-08-19 16:00:00,4.527,4.548,4.501,4.547,73340.8756127
2023-08-19 17:00:00,4.546,4.547,4.512,4.524,52056.94927992
2023-08-19 18:00:00,4.524,4.534,4.516,4.526,18472.14015423
2023-08-19 19:00:00,4.526,4.539,4.524,4.527,18747.68232015
2023-08-19 20:00:00,4.529,4.538,4.51,4.517,34252.85404046
2023-08-19 21:00:00,4.516,4.521,4.504,4.513,16218.52368493
2023-08-19 22:00:00,4.513,4.516,4.498,4.502,3617.51029674
2023-08-19 23:00:00,4.502,4.52,4.501,4.514,4936.55728083
2023-08-20 00:00:00,4.514,4.524,4.504,4.521,17457.19889452
2023-08-20 01:00:00,4.522,4.524,4.489,4.491,30573.98460948
2023-08-20 02:00:00,4.49,4.502,4.486,4.493,14221.40306046
2023-08-20 03:00:00,4.493,4.501,4.49,4.493,8396.37092505
2023-08-20 04:00:00,4.493,4.496,4.484,4.488,11535.28009304
2023-08-20 05:00:00,4.487,4.488,4.47,4.472,98465.55953488
2023-08-20 06:00:00,4.471,4.476,4.462,4.471,34331.62793995
2023-08-20 07:00:00,4.471,4.482,4.47,4.481,26456.90908385
2023-08-20 08:00:00,4.482,4.495,4.477,4.495,10920.68503491
2023-08-20 09:00:00,4.496,4.505,4.489,4.503,16078.82444826
2023-08-20 10:00:00,4.502,4.518,4.501,4.515,17044.17629718
2023-08-20 11:00:00,4.515,4.529,4.509,4.528,21814.65671024
2023-08-20 12:00:00,4.528,4.528,4.518,4.523,12181.13861435
2023-08-20 13:00:00,4.524,4.53,4.511,4.511,10429.86041945
2023-08-20 14:00:00,4.512,4.515,4.471,4.475,52320.56062944
2023-08-20 15:00:00,4.475,4.498,4.464,4.486,46469.33545395
2023-08-20 16:00:00,4.487,4.49,4.467,4.474,28370.42902854
2023-08-20 17:00:00,4.475,4.508,4.469,4.497,16824.85748986
2023-08-20 18:00:00,4.499,4.511,4.495,4.495,12453.3685625
2023-08-20 19:00:00,4.496,4.498,4.487,4.496,9062.16869869
2023-08-20 20:00:00,4.497,4.524,4.497,4.521,25044.02721501
2023-08-20 21:00:00,4.521,4.525,4.496,4.502,22849.64968229
2023-08-20 22:00:00,4.502,4.514,4.502,4.513,4672.04766368
2023-08-20 23:00:00,4.513,4.52,4.51,4.515,6391.81930138
2023-08-21 00:00:00,4.517,4.534,4.503,4.524,42581.06160923
2023-08-21 01:00:00,4.524,4.535,4.506,4.513,27750.99413361
2023-08-21 02:00:00,4.514,4.515,4.491,4.502,41708.72570748
2023-08-21 03:00:00,4.501,4.505,4.485,4.491,12043.79320537
2023-08-21 04:00:00,4.491,4.491,4.475,4.476,14797.30844862
2023-08-21 05:00:00,4.475,4.511,4.475,4.493,68068.18951102
2023-08-21 06:00:00,4.494,4.499,4.473,4.477,17109.09299286
2023-08-21 07:00:00,4.477,4.483,4.471,4.482,21905.00697362
2023-08-21 08:00:00,4.482,4.502,4.472,4.499,30888.62907663
2023-08-21 09:00:00,4.499,4.503,4.489,4.489,21851.23781178
2023-08-21 10:00:00,4.489,4.49,4.451,4.47,148064.95086713
2023-08-21 11:00:00,4.469,4.501,4.467,4.499,54455.6814149
2023-08-21 12:00:00,4.5,4.506,4.459,4.466,50751.74005174
2023-08-21 13:00:00,4.466,4.484,4.437,4.484,67509.08095638
2023-08-21 14:00:00,4.484,4.497,4.452,4.454,55115.42975806
2023-08-21 15:00:00,4.454,4.455,4.352,4.388,334027.22621131
2023-08-21 16:00:00,4.387,4.406,4.376,4.38,109155.49446728
2023-08-21 17:00:00,4.381,4.416,4.378,4.411,73317.5697907
2023-08-21 18:00:00,4.411,4.436,4.408,4.415,40101.10249355
2023-08-21 19:00:00,4.416,4.45,4.416,4.437,52392.3682939
2023-08-21 20:00:00,4.437,4.448,4.432,4.439,32537.38337123
2023-08-21 21:00:00,4.439,4.467,4.43,4.46,33481.43375612
2023-08-21 22:00:00,4.458,4.458,4.437,4.437,53358.9345918
2023-08-21 23:00:00,4.437,4.445,4.423,4.424,11331.29772262
2023-08-22 00:00:00,4.423,4.445,4.421,4.44,21131.28551243
2023-08-22 01:00:00,4.44,4.445,4.423,4.426,13170.8516089
2023-08-22 02:00:00,4.427,4.432,4.425,4.427,23454.76505114
2023-08-22 03:00:00,4.427,4.431,4.417,4.425,12793.52295995
2023-08-22 04:00:00,4.426,4.426,4.41,4.411,7444.75097042
2023-08-22 05:00:00,4.412,4.415,4.402,4.408,17096.99142351
2023-08-22 06:00:00,4.409,4.421,4.401,4.421,21740.47735346
2023-08-22 07:00:00,4.421,4.435,4.42,4.429,21352.74678541
2023-08-22 08:00:00,4.43,4.439,4.416,4.423,127724.54279009
2023-08-22 09:00:00,4.422,4.429,4.406,4.406,70818.74576102
2023-08-22 10:00:00,4.406,4.409,4.392,4.397,17508.47391754
2023-08-22 11:00:00,4.398,4.399,4.384,4.394,23992.37322946
2023-08-22 12:00:00,4.393,4.423,4.392,4.404,99951.16826525
2023-08-22 13:00:00,4.403,4.407,4.371,4.384,87028.07024227
2023-08-22 14:00:00,4.384,4.404,4.363,4.37,88507.03768538
2023-08-22 15:00:00,4.37,4.389,4.353,4.365,72400.78975776
2023-08-22 16:00:00,4.363,4.377,4.326,4.368,185911.92247048
2023-08-22 17:00:00,4.369,4.372,4.292,4.308,134622.38029507
2023-08-22 18:00:00,4.307,4.354,4.28,4.338,109641.19445521
2023-08-22 19:00:00,4.339,4.356,4.316,4.318,40971.67408057
2023-08-22 20:00:00,4.318,4.342,4.318,4.34,18393.4723818
2023-08-22 21:00:00,4.34,4.341,4.231,4.313,331961.66806212
2023-08-22 22:00:00,4.313,4.369,4.309,4.368,63051.28605582
2023-08-22 23:00:00,4.367,4.428,4.367,4.418,144812.25134933
2023-08-23 00:00:00,4.42,4.432,4.412,4.412,88654.0438465
2023-08-23 01:00:00,4.413,4.426,4.399,4.416,48291.15521369
2023-08-23 02:00:00,4.416,4.428,4.404,4.408,45363.87482005
2023-08-23 03:00:00,4.408,4.415,4.391,4.392,32448.98835972
2023-08-23 04:00:00,4.392,4.411,4.39,4.402,20946.78574814
2023-08-23 05:00:00,4.402,4.402,4.376,4.395,20308.64783805
2023-08-23 06:00:00,4.394,4.433,4.394,4.407,67017.9093731
2023-08-23 07:00:00,4.408,4.422,4.401,4.408,54214.61809046
2023-08-23 08:00:00,4.408,4.415,4.404,4.409,22289.44824643
2023-08-23 09:00:00,4.41,4.422,4.408,4.416,10354.55808902
2023-08-23 10:00:00,4.414,4.42,4.403,4.408,36356.45698953
2023-08-23 11:00:00,4.408,4.416,4.399,4.412,39373.34769868
2023-08-23 12:00:00,4.411,4.417,4.39,4.391,81631.46475529
2023-08-23 13:00:00,4.391,4.43,4.387,4.422,133200.01236164
2023-08-23 14:00:00,4.421,4.457,4.419,4.447,107719.56437008
2023-08-23 15:00:00,4.447,4.46,4.433,4.453,159377.58671796
2023-08-23 16:00:00,4.453,4.515,4.444,4.496,241853.33258658
2023-08-23 17:00:00,4.498,4.518,4.485,4.487,93629.06754783
2023-08-23 18:00:00,4.486,4.496,4.485,4.496,23680.23518492
2023-08-23 19:00:00,4.497,4.534,4.493,4.51,111465.85291793
2023-08-23 20:00:00,4.509,4.513,4.489,4.489,95831.35497016
2023-08-23 21:00:00,4.488,4.5,4.449,4.463,69179.19542814
2023-08-23 22:00:00,4.465,4.498,4.464,4.484,84969.2711973
2023-08-23 23:00:00,4.484,4.496,4.48,4.485,41081.41675056
2023-08-24 00:00:00,4.485,4.5,4.482,4.5,101575.00231243
2023-08-24 01:00:00,4.5,4.5,4.482,4.489,32788.07062511
2023-08-24 02:00:00,4.488,4.504,4.487,4.497,94776.38351196
2023-08-24 03:00:00,4.498,4.504,4.492,4.503,21901.00214015
2023-08-24 04:00:00,4.503,4.511,4.498,4.508,18856.19482177
2023-08-24 05:00:00,4.508,4.513,4.499,4.503,13643.93686447
2023-08-24 06:00:00,4.503,4.509,4.492,4.502,19811.30446951
2023-08-24 07:00:00,4.501,4.503,4.491,4.492,22346.88939608
2023-08-24 08:00:00,4.493,4.497,4.475,4.484,26675.99050795
2023-08-24 09:00:00,4.484,4.492,4.467,4.469,27226.17460986
2023-08-24 10:00:00,4.469,4.48,4.464,4.479,28006.58132364
2023-08-24 11:00:00,4.479,4.484,4.468,4.468,13836.03834365
2023-08-24 12:00:00,4.467,4.467,4.446,4.45,44742.38030505
2023-08-24 13:00:00,4.449,4.46,4.429,4.446,150735.84900657
2023-08-24 14:00:00,4.445,4.447,4.396,4.403,140979.73696295
2023-08-24 15:00:00,4.402,4.414,4.38,4.384,80916.7326759
2023-08-24 16:00:00,4.384,4.423,4.382,4.413,50111.83449225
2023-08-24 17:00:00,4.414,4.416,4.367,4.409,112153.63920674
2023-08-24 18:00:00,4.409,4.417,4.4,4.404,35459.25804461
2023-08-24 19:00:00,4.403,4.421,4.397,4.401,52410.63398905
2023-08-24 20:00:00,4.401,4.404,4.36,4.382,77066.75656383
2023-08-24 21:00:00,4.382,4.401,4.38,4.401,31952.87541116
2023-08-24 22:00:00,4.401,4.405,4.396,4.401,14575.18680315
2023-08-24 23:00:00,4.402,4.427,4.395,4.421,62775.91141271
2023-08-25 00:00:00,4.42,4.42,4.398,4.401,20521.23709471
2023-08-25 01:00:00,4.402,4.425,4.395,4.425,27991.4688066
2023-08-25 02:00:00,4.425,4.433,4.411,4.418,32156.32021629
2023-08-25 03:00:00,4.419,4.421,4.363,4.403,130886.98150636
2023-08-25 04:00:00,4.406,4.407,4.351,4.364,113636.68208941
2023-08-25 05:00:00,4.364,4.406,4.36,4.399,54314.84366612
2023-08-25 06:00:00,4.398,4.406,4.387,4.4,41078.05583638
2023-08-25 07:00:00,4.4,4.41,4.4,4.403,28857.62321542
2023-08-25 08:00:00,4.402,4.43,4.402,4.428,69059.95764756
2023-08-25 09:00:00,4.428,4.476,4.425,4.448,163208.42101924
2023-08-25 10:00:00,4.45,4.462,4.447,4.451,26665.80468076
2023-08-25 11:00:00,4.452,4.467,4.447,4.451,38044.74685346
2023-08-25 12:00:00,4.451,4.461,4.444,4.452,26737.42515359
2023-08-25 13:00:00,4.452,4.48,4.44,4.44,98350.79436654
2023-08-25 14:00:00,4.442,4.479,4.418,4.424,207764.96258757
2023-08-25 15:00:00,4.425,4.479,4.411,4.454,95167.88059032
2023-08-25 16:00:00,4.453,4.46,4.429,4.436,48941.85031207
2023-08-25 17:00:00,4.436,4.455,4.419,4.435,32588.95082359
2023-08-25 18:00:00,4.435,4.492,4.433,4.478,50832.0907052
2023-08-25 19:00:00,4.477,4.478,4.447,4.459,31722.8936517
2023-08-25 20:00:00,4.458,4.461,4.447,4.458,24752.50391087
2023-08-25 21:00:00,4.457,4.475,4.455,4.474,13289.70327576
2023-08-25 22:00:00,4.474,4.486,4.47,4.479,13126.66833665
2023-08-25 23:00:00,4.479,4.485,4.474,4.485,13517.60598593
2023-08-26 00:00:00,4.485,4.496,4.47,4.478,46371.60824344
2023-08-26 01:00:00,4.478,4.494,4.477,4.481,14074.77439301
2023-08-26 02:00:00,4.48,4.489,4.477,4.488,24853.12108137
2023-08-26 03:00:00,4.489,4.504,4.482,4.496,153999.87669073
2023-08-26 04:00:00,4.497,4.499,4.484,4.488,55154.52098401
2023-08-26 05:00:00,4.489,4.494,4.479,4.485,13246.86531325
2023-08-26 06:00:00,4.485,4.5,4.481,4.5,14287.13819187
2023-08-26 07:00:00,4.501,4.503,4.487,4.487,13332.65928717
2023-08-26 08:00:00,4.486,4.493,4.475,4.478,28985.64751925
2023-08-26 09:00:00,4.479,4.493,4.474,4.486,12725.29122533
2023-08-26 10:00:00,4.486,4.495,4.486,4.495,28221.80846789
2023-08-26 11:00:00,4.495,4.502,4.492,4.498,13299.4527818
2023-08-26 12:00:00,4.498,4.502,4.495,4.502,13129.56036227
2023-08-26 13:00:00,4.503,4.506,4.498,4.505,10107.30754378
2023-08-26 14:00:00,4.506,4.506,4.5,4.503,12099.81567385
2023-08-26 15:00:00,4.504,4.504,4.493,4.494,16774.18429528
2023-08-26 16:00:00,4.494,4.495,4.477,4.491,41149.98391041
2023-08-26 17:00:00,4.489,4.489,4.479,4.488,24571.37542073
2023-08-26 18:00:00,4.488,4.49,4.481,4.489,5396.90629178
2023-08-26 19:00:00,4.489,4.499,4.487,4.494,7424.22869274
2023-08-26 20:00:00,4.492,4.501,4.489,4.5,48628.04318113
2023-08-26 21:00:00,4.5,4.508,4.5,4.507,39059.11511967
2023-08-26 22:00:00,4.508,4.508,4.504,4.506,4241.17962514
2023-08-26 23:00:00,4.506,4.506,4.495,4.502,9398.01184774
2023-08-27 00:00:00,4.502,4.521,4.5,4.513,38055.13888337
2023-08-27 01:00:00,4.512,4.516,4.504,4.516,21906.70930342
2023-08-27 02:00:00,4.516,4.52,4.507,4.508,9006.4651578
2023-08-27 03:00:00,4.508,4.519,4.508,4.515,17488.09735668
2023-08-27 04:00:00,4.516,4.522,4.514,4.521,10932.8075857
2023-08-27 05:00:00,4.521,4.525,4.51,4.512,14036.14401824
2023-08-27 06:00:00,4.513,4.519,4.501,4.514,43142.45866074
2023-08-27 07:00:00,4.514,4.527,4.511,4.512,21050.45627779
2023-08-27 08:00:00,4.514,4.522,4.51,4.519,9719.77473092
2023-08-27 09:00:00,4.519,4.521,4.51,4.518,6110.63110734
2023-08-27 10:00:00,4.519,4.523,4.516,4.516,6870.08723307
2023-08-27 11:00:00,4.515,4.516,4.504,4.508,13153.09234468
2023-08-27 12:00:00,4.509,4.509,4.5,4.506,27305.73436449
2023-08-27 13:00:00,4.507,4.515,4.502,4.515,89016.38933771
2023-08-27 14:00:00,4.515,4.539,4.512,4.518,79866.49940839
2023-08-27 15:00:00,4.518,4.52,4.491,4.498,72012.58992006
2023-08-27 16:00:00,4.499,4.501,4.481,4.491,26293.78538364
2023-08-27 17:00:00,4.491,4.494,4.46,4.466,29984.50057666
2023-08-27 18:00:00,4.466,4.48,4.456,4.479,49059.98969628
2023-08-27 19:00:00,4.478,4.499,4.478,4.491,18605.82089882
2023-08-27 20:00:00,4.492,4.492,4.482,4.483,9492.06504188
2023-08-27 21:00:00,4.483,4.502,4.471,4.476,23448.41727001
2023-08-27 22:00:00,4.477,4.49,4.474,4.49,8981.63445669
2023-08-27 23:00:00,4.491,4.496,4.486,4.486,9658.31248476
2023-08-28 00:00:00,4.485,4.486,4.43,4.453,73244.88670428
2023-08-28 01:00:00,4.454,4.464,4.433,4.452,135190.00767736
2023-08-28 02:00:00,4.452,4.473,4.45,4.456,36087.7766126
2023-08-28 03:00:00,4.456,4.47,4.456,4.465,13686.53824337
2023-08-28 04:00:00,4.466,4.477,4.464,4.469,15361.27719862
2023-08-28 05:00:00,4.467,4.473,4.413,4.451,62146.17523955
2023-08-28 06:00:00,4.451,4.456,4.438,4.455,83855.76788632
2023-08-28 07:00:00,4.454,4.458,4.437,4.445,99865.57228441
2023-08-28 08:00:00,4.442,4.445,4.421,4.445,54257.29286387
2023-08-28 09:00:00,4.445,4.447,4.409,4.439,118329.85928104
2023-08-28 10:00:00,4.44,4.449,4.435,4.449,10594.01779832
2023-08-28 11:00:00,4.449,4.455,4.441,4.454,17184.8990688
2023-08-28 12:00:00,4.454,4.509,4.454,4.48,114581.12256899
2023-08-28 13:00:00,4.481,4.493,4.472,4.491,24679.34994658
2023-08-28 14:00:00,4.492,4.585,4.488,4.537,263690.85492668
2023-08-28 15:00:00,4.536,4.581,4.519,4.561,129796.70147173
2023-08-28 16:00:00,4.562,4.599,4.562,4.577,105632.53777425
2023-08-28 17:00:00,4.578,4.598,4.575,4.577,87568.35577871
2023-08-28 18:00:00,4.578,4.584,4.565,4.582,43927.42572655
2023-08-28 19:00:00,4.583,4.6,4.545,4.578,143518.86957762
2023-08-28 20:00:00,4.577,4.586,4.566,4.571,25802.43428645
2023-08-28 21:00:00,4.571,4.585,4.564,4.572,36875.59760647
2023-08-28 22:00:00,4.572,4.596,4.569,4.593,18627.15248697
2023-08-28 23:00:00,4.594,4.615,4.588,4.603,46631.02201038
2023-08-29 00:00:00,4.604,4.629,4.599,4.627,184785.87710748
2023-08-29 01:00:00,4.625,4.677,4.621,4.661,167193.39612483
2023-08-29 02:00:00,4.661,4.666,4.611,4.615,231160.81473239
2023-08-29 03:00:00,4.615,4.623,4.59,4.595,66009.49143745
2023-08-29 04:00:00,4.594,4.601,4.58,4.597,44475.18327216
2023-08-29 05:00:00,4.597,4.623,4.597,4.616,64457.65086921
2023-08-29 06:00:00,4.615,4.618,4.579,4.582,73109.75098069
2023-08-29 07:00:00,4.581,4.589,4.57,4.57,127899.90337799
2023-08-29 08:00:00,4.569,4.578,4.561,4.562,85086.49365927
2023-08-29 09:00:00,4.561,4.569,4.55,4.559,114009.86307211
2023-08-29 10:00:00,4.559,4.562,4.535,4.557,79433.87113326
2023-08-29 11:00:00,4.557,4.573,4.555,4.569,36233.2047603
2023-08-29 12:00:00,4.568,4.572,4.538,4.563,71053.65062485
2023-08-29 13:00:00,4.564,4.59,4.559,4.562,66411.56056673
2023-08-29 14:00:00,4.562,4.802,4.562,4.753,1810293.38296669
2023-08-29 15:00:00,4.755,4.761,4.673,4.679,297862.98017896
2023-08-29 16:00:00,4.68,4.737,4.659,4.706,296356.24705021
2023-08-29 17:00:00,4.708,4.721,4.682,4.695,116132.49456639
2023-08-29 18:00:00,4.695,4.7,4.68,4.682,41586.67705524
2023-08-29 19:00:00,4.679,4.695,4.668,4.684,39659.96498591
2023-08-29 20:00:00,4.684,4.695,4.65,4.654,57456.43935654
2023-08-29 21:00:00,4.652,4.678,4.647,4.678,29341.24646367
2023-08-29 22:00:00,4.678,4.686,4.668,4.681,30079.81964076
2023-08-29 23:00:00,4.682,4.682,4.657,4.674,54043.09098051
2023-08-30 00:00:00,4.675,4.675,4.623,4.644,90453.75683732
2023-08-30 01:00:00,4.642,4.645,4.623,4.634,47994.48955184
2023-08-30 02:00:00,4.634,4.636,4.621,4.624,81269.78546575
2023-08-30 03:00:00,4.624,4.628,4.595,4.619,131765.36371239
2023-08-30 04:00:00,4.618,4.621,4.594,4.601,45858.76639102
2023-08-30 05:00:00,4.602,4.607,4.592,4.603,53583.08970381
2023-08-30 06:00:00,4.603,4.603,4.581,4.585,30011.35664062
2023-08-30 07:00:00,4.585,4.602,4.584,4.601,24467.17539875
2023-08-30 08:00:00,4.601,4.606,4.589,4.605,28473.21507055
2023-08-30 09:00:00,4.606,4.606,4.579,4.584,69781.45088501
2023-08-30 10:00:00,4.583,4.596,4.579,4.593,30659.36258103
2023-08-30 11:00:00,4.593,4.593,4.564,4.564,62454.31360897
2023-08-30 12:00:00,4.564,4.579,4.551,4.571,71651.37093594
2023-08-30 13:00:00,4.57,4.587,4.542,4.581,87928.04292052
2023-08-30 14:00:00,4.581,4.589,4.51,4.531,238819.51819125
2023-08-30 15:00:00,4.531,4.557,4.515,4.544,142091.49008076
2023-08-30 16:00:00,4.543,4.56,4.536,4.554,51193.56658699
2023-08-30 17:00:00,4.553,4.571,4.548,4.55,33742.61356328
2023-08-30 18:00:00,4.55,4.55,4.534,4.549,32599.82342964
2023-08-30 19:00:00,4.548,4.549,4.541,4.541,8913.66106942
2023-08-30 20:00:00,4.541,4.552,4.538,4.54,10571.59662024
2023-08-30 21:00:00,4.539,4.552,4.526,4.53,23951.09703343
2023-08-30 22:00:00,4.529,4.535,4.525,4.53,13654.94513574
2023-08-30 23:00:00,4.529,4.535,4.526,4.53,15598.90041002
2023-08-31 00:00:00,4.53,4.53,4.504,4.509,41806.81654395
2023-08-31 01:00:00,4.509,4.509,4.486,4.492,53949.01310045
2023-08-31 02:00:00,4.492,4.498,4.477,4.479,131503.08239938
2023-08-31 03:00:00,4.479,4.481,4.472,4.481,44478.68119815
2023-08-31 04:00:00,4.48,4.499,4.474,4.491,37502.1473913
2023-08-31 05:00:00,4.49,4.499,4.486,4.489,91228.42734626
2023-08-31 06:00:00,4.49,4.498,4.483,4.491,26540.11025252
2023-08-31 07:00:00,4.492,4.498,4.484,4.487,68213.06717173
2023-08-31 08:00:00,4.486,4.494,4.478,4.485,84962.5300925
2023-08-31 09:00:00,4.485,4.485,4.462,4.472,54240.657552
2023-08-31 10:00:00,4.472,4.479,4.47,4.471,21269.96219657
2023-08-31 11:00:00,4.471,4.516,4.471,4.489,166000.40280743
2023-08-31 12:00:00,4.487,4.487,4.442,4.465,248274.01610266
2023-08-31 13:00:00,4.466,4.467,4.44,4.457,65134.77903847
2023-08-31 14:00:00,4.456,4.458,4.406,4.448,232583.29895881
2023-08-31 15:00:00,4.447,4.45,4.337,4.367,458364.3577549
2023-08-31 16:00:00,4.367,4.375,4.27,4.277,528196.50667232
2023-08-31 17:00:00,4.277,4.322,4.233,4.321,613849.25830944
2023-08-31 18:00:00,4.32,4.324,4.309,4.313,100365.00177732
2023-08-31 19:00:00,4.313,4.318,4.275,4.31,198141.3163722
2023-08-31 20:00:00,4.308,4.308,4.245,4.254,242991.72111027
2023-08-31 21:00:00,4.254,4.267,4.229,4.262,318266.32428878
2023-08-31 22:00:00,4.261,4.267,4.249,4.264,101267.45037169
2023-08-31 23:00:00,4.265,4.269,4.249,4.268,41630.49843186
2023-09-01 00:00:00,4.267,4.292,4.26,4.281,94552.81237409
2023-09-01 01:00:00,4.28,4.28,4.261,4.261,96343.45525817
2023-09-01 02:00:00,4.26,4.273,4.26,4.265,46803.79039803
2023-09-01 03:00:00,4.264,4.279,4.256,4.276,35383.44084499
2023-09-01 04:00:00,4.275,4.277,4.261,4.261,21757.58796494
2023-09-01 05:00:00,4.261,4.276,4.26,4.269,30221.60656
2023-09-01 06:00:00,4.268,4.273,4.25,4.253,86046.75573394
2023-09-01 07:00:00,4.255,4.257,4.246,4.257,41377.94067607
2023-09-01 08:00:00,4.257,4.262,4.245,4.25,38420.59781054
2023-09-01 09:00:00,4.25,4.264,4.248,4.255,35773.49372743
2023-09-01 10:00:00,4.256,4.258,4.252,4.253,21322.24006688
2023-09-01 11:00:00,4.254,4.272,4.252,4.269,32549.94013618
2023-09-01 12:00:00,4.268,4.278,4.262,4.271,75865.1044771
2023-09-01 13:00:00,4.271,4.272,4.239,4.259,60241.16400503
2023-09-01 14:00:00,4.258,4.258,4.191,4.212,266145.65672582
2023-09-01 15:00:00,4.212,4.244,4.197,4.218,120093.32084128
2023-09-01 16:00:00,4.217,4.236,4.199,4.203,93253.27560362
2023-09-01 17:00:00,4.201,4.204,4.128,4.164,634002.94251666
2023-09-01 18:00:00,4.163,4.222,4.159,4.2,130564.65371416
2023-09-01 19:00:00,4.2,4.202,4.177,4.201,39679.04035618
2023-09-01 20:00:00,4.202,4.231,4.194,4.216,97416.87478497
2023-09-01 21:00:00,4.216,4.227,4.197,4.21,42797.77460897
2023-09-01 22:00:00,4.209,4.212,4.194,4.199,23300.7447266
2023-09-01 23:00:00,4.199,4.22,4.199,4.214,32609.83899403
2023-09-02 00:00:00,4.214,4.22,4.201,4.203,41612.46316366
2023-09-02 01:00:00,4.203,4.22,4.201,4.214,26053.96037946
2023-09-02 02:00:00,4.214,4.225,4.202,4.205,23760.50204793
2023-09-02 03:00:00,4.205,4.226,4.205,4.226,18979.5419405
2023-09-02 04:00:00,4.227,4.244,4.225,4.231,56171.30221905
2023-09-02 05:00:00,4.232,4.239,4.224,4.23,37460.22361269
2023-09-02 06:00:00,4.229,4.233,4.215,4.223,39411.58762045
2023-09-02 07:00:00,4.223,4.231,4.221,4.23,20852.67229726
2023-09-02 08:00:00,4.23,4.244,4.225,4.232,80135.3927024
2023-09-02 09:00:00,4.233,4.256,4.232,4.248,61676.031988
2023-09-02 10:00:00,4.249,4.253,4.242,4.242,28738.95017155
2023-09-02 11:00:00,4.242,4.244,4.234,4.239,26969.90136224
2023-09-02 12:00:00,4.239,4.239,4.226,4.232,18537.89789956
2023-09-02 13:00:00,4.231,4.249,4.216,4.244,31847.42193754
2023-09-02 14:00:00,4.244,4.252,4.237,4.246,25565.24898828
2023-09-02 15:00:00,4.246,4.269,4.245,4.249,61777.77297487
2023-09-02 16:00:00,4.247,4.254,4.234,4.24,31735.93929803
2023-09-02 17:00:00,4.241,4.245,4.221,4.225,67787.82141493
2023-09-02 18:00:00,4.226,4.231,4.197,4.22,93566.44710148
2023-09-02 19:00:00,4.22,4.245,4.218,4.243,23908.23554165
2023-09-02 20:00:00,4.243,4.245,4.233,4.243,9797.01801962
2023-09-02 21:00:00,4.244,4.253,4.242,4.245,24282.48418675
2023-09-02 22:00:00,4.244,4.255,4.244,4.255,20179.7211995
2023-09-02 23:00:00,4.255,4.264,4.25,4.256,19283.13735956
2023-09-03 00:00:00,4.256,4.274,4.246,4.272,47051.30728757
2023-09-03 01:00:00,4.272,4.276,4.256,4.26,78301.06297052
2023-09-03 02:00:00,4.259,4.26,4.254,4.259,11958.63008019
2023-09-03 03:00:00,4.259,4.282,4.259,4.28,24284.21434844
2023-09-03 04:00:00,4.279,4.28,4.268,4.274,24991.55250569
2023-09-03 05:00:00,4.274,4.289,4.273,4.283,18299.24117493
2023-09-03 06:00:00,4.283,4.297,4.279,4.294,26391.98919045
2023-09-03 07:00:00,4.295,4.296,4.278,4.292,20392.40140528
2023-09-03 08:00:00,4.291,4.292,4.261,4.274,78025.51241593
2023-09-03 09:00:00,4.275,4.284,4.268,4.276,23908.27735803
2023-09-03 10:00:00,4.277,4.282,4.267,4.281,10081.44552096
2023-09-03 11:00:00,4.281,4.281,4.266,4.276,39640.7753308
2023-09-03 12:00:00,4.275,4.282,4.253,4.258,68923.64261138
2023-09-03 13:00:00,4.258,4.269,4.242,4.259,44689.03989716
2023-09-03 14:00:00,4.258,4.265,4.254,4.255,39098.29997058
2023-09-03 15:00:00,4.255,4.26,4.246,4.251,18206.60204636
2023-09-03 16:00:00,4.25,4.261,4.222,4.239,94119.34048315
2023-09-03 17:00:00,4.239,4.263,4.235,4.263,52347.10322678
2023-09-03 18:00:00,4.262,4.29,4.26,4.265,60595.04633949
2023-09-03 19:00:00,4.266,4.276,4.261,4.276,16318.74144321
2023-09-03 20:00:00,4.275,4.286,4.259,4.28,45465.76424305
2023-09-03 21:00:00,4.28,4.286,4.256,4.256,30140.10981646
2023-09-03 22:00:00,4.257,4.261,4.253,4.255,23940.87495757
2023-09-03 23:00:00,4.256,4.262,4.253,4.256,4273.0791797
2023-09-04 00:00:00,4.256,4.266,4.249,4.262,38597.92706408
2023-09-04 01:00:00,4.263,4.273,4.252,4.258,116109.26020221
2023-09-04 02:00:00,4.259,4.296,4.258,4.291,108341.01402508
2023-09-04 03:00:00,4.291,4.317,4.278,4.28,62635.3820526
2023-09-04 04:00:00,4.28,4.29,4.274,4.278,12747.60878573
2023-09-04 05:00:00,4.279,4.28,4.258,4.258,15506.30595065
2023-09-04 06:00:00,4.258,4.273,4.256,4.264,176907.02477748
2023-09-04 07:00:00,4.264,4.275,4.26,4.274,18058.5669797
2023-09-04 08:00:00,4.274,4.292,4.274,4.285,16357.31641027
2023-09-04 09:00:00,4.286,4.288,4.276,4.28,22585.6005095
2023-09-04 10:00:00,4.281,4.286,4.275,4.283,21579.47976927
2023-09-04 11:00:00,4.283,4.286,4.257,4.259,22467.76713939
2023-09-04 12:00:00,4.259,4.264,4.243,4.243,32984.98215312
2023-09-04 13:00:00,4.243,4.265,4.237,4.245,58452.91050318
2023-09-04 14:00:00,4.245,4.252,4.223,4.23,61280.87813307
2023-09-04 15:00:00,4.229,4.246,4.189,4.228,125563.68186787
2023-09-04 16:00:00,4.231,4.239,4.227,4.239,24184.76824221
2023-09-04 17:00:00,4.24,4.26,4.238,4.256,46327.53041737
2023-09-04 18:00:00,4.257,4.275,4.255,4.272,14185.77799673
2023-09-04 19:00:00,4.273,4.275,4.238,4.248,25813.86524734
2023-09-04 20:00:00,4.246,4.249,4.223,4.233,21815.96778561
2023-09-04 21:00:00,4.235,4.235,4.192,4.198,61446.36956047
2023-09-04 22:00:00,4.198,4.217,4.187,4.216,58456.83964807
2023-09-04 23:00:00,4.215,4.256,4.214,4.255,66497.42965255
2023-09-05 00:00:00,4.255,4.259,4.244,4.248,54037.59632701
2023-09-05 01:00:00,4.249,4.256,4.241,4.241,26766.24325326
2023-09-05 02:00:00,4.242,4.244,4.217,4.217,38979.94129314
2023-09-05 03:00:00,4.217,4.231,4.194,4.231,299988.78512893
2023-09-05 04:00:00,4.232,4.24,4.232,4.235,18514.29198225
2023-09-05 05:00:00,4.238,4.249,4.235,4.244,15061.69120473
2023-09-05 06:00:00,4.244,4.247,4.23,4.232,5221.11418889
2023-09-05 07:00:00,4.232,4.249,4.231,4.248,13969.71722937
2023-09-05 08:00:00,4.248,4.258,4.232,4.243,64703.42437798
2023-09-05 09:00:00,4.244,4.271,4.244,4.261,26601.38394056
2023-09-05 10:00:00,4.263,4.276,4.263,4.263,46973.47653229
2023-09-05 11:00:00,4.264,4.273,4.256,4.27,27895.86478292
2023-09-05 12:00:00,4.271,4.283,4.255,4.275,32252.19924131
2023-09-05 13:00:00,4.275,4.279,4.262,4.263,21873.78186013
2023-09-05 14:00:00,4.262,4.275,4.257,4.27,27008.80188907
2023-09-05 15:00:00,4.27,4.298,4.264,4.276,90777.63662768
2023-09-05 16:00:00,4.276,4.282,4.247,4.252,32861.57367081
2023-09-05 17:00:00,4.252,4.256,4.242,4.249,39886.62888935
2023-09-05 18:00:00,4.25,4.258,4.245,4.256,25771.38092922
2023-09-05 19:00:00,4.257,4.26,4.231,4.232,34202.05913522
2023-09-05 20:00:00,4.233,4.235,4.221,4.227,35168.5076702
2023-09-05 21:00:00,4.226,4.245,4.226,4.237,28075.37144746
2023-09-05 22:00:00,4.238,4.255,4.237,4.254,14033.22053479
2023-09-05 23:00:00,4.254,4.263,4.25,4.252,23537.032308
2023-09-06 00:00:00,4.252,4.265,4.237,4.252,39780.21630148
2023-09-06 01:00:00,4.251,4.269,4.241,4.245,23626.15783727
2023-09-06 02:00:00,4.245,4.262,4.241,4.262,41614.42206558
2023-09-06 03:00:00,4.262,4.264,4.243,4.247,15823.15673402
2023-09-06 04:00:00,4.247,4.252,4.237,4.237,11447.25120195
2023-09-06 05:00:00,4.237,4.241,4.227,4.237,204894.48981829
2023-09-06 06:00:00,4.237,4.242,4.229,4.233,61070.61965044
2023-09-06 07:00:00,4.233,4.236,4.23,4.231,30720.87522128
2023-09-06 08:00:00,4.23,4.239,4.23,4.238,41553.87937732
2023-09-06 09:00:00,4.237,4.239,4.23,4.238,19011.54616443
2023-09-06 10:00:00,4.238,4.241,4.232,4.232,9690.8183157
2023-09-06 11:00:00,4.232,4.24,4.232,4.239,14521.93026732
2023-09-06 12:00:00,4.24,4.248,4.226,4.235,23531.3907539
2023-09-06 13:00:00,4.236,4.252,4.23,4.24,33900.3755785
2023-09-06 14:00:00,4.24,4.24,4.21,4.217,144280.30448009
2023-09-06 15:00:00,4.217,4.228,4.2,4.215,49851.74647479
2023-09-06 16:00:00,4.214,4.224,4.205,4.215,97988.48039366
2023-09-06 17:00:00,4.214,4.284,4.164,4.245,436009.41530304
2023-09-06 18:00:00,4.245,4.276,4.218,4.218,123974.11335984
2023-09-06 19:00:00,4.218,4.23,4.212,4.221,22915.82771189
2023-09-06 20:00:00,4.222,4.232,4.219,4.223,16953.66002745
2023-09-06 21:00:00,4.222,4.249,4.221,4.248,9958.39650525
2023-09-06 22:00:00,4.248,4.263,4.243,4.257,59705.54525588
2023-09-06 23:00:00,4.258,4.27,4.253,4.267,34073.91907615
2023-09-07 00:00:00,4.267,4.271,4.255,4.261,42186.33002919
2023-09-07 01:00:00,4.261,4.277,4.258,4.272,176189.83632915
2023-09-07 02:00:00,4.272,4.278,4.272,4.272,17762.15313552
2023-09-07 03:00:00,4.272,4.276,4.264,4.275,10946.72455123
2023-09-07 04:00:00,4.275,4.281,4.261,4.262,19914.18992398
2023-09-07 05:00:00,4.263,4.263,4.255,4.255,18143.22762293
2023-09-07 06:00:00,4.255,4.257,4.25,4.25,11143.49394898
2023-09-07 07:00:00,4.248,4.255,4.245,4.25,25094.00318627
2023-09-07 08:00:00,4.25,4.25,4.24,4.241,17162.68172006
2023-09-07 09:00:00,4.241,4.257,4.24,4.254,19436.29228246
2023-09-07 10:00:00,4.255,4.26,4.248,4.252,13139.60340736
2023-09-07 11:00:00,4.252,4.255,4.234,4.236,41628.85701899
2023-09-07 12:00:00,4.235,4.244,4.229,4.239,49659.47168682
2023-09-07 13:00:00,4.239,4.256,4.234,4.239,52575.74323884
2023-09-07 14:00:00,4.239,4.258,4.234,4.251,59348.96563807
2023-09-07 15:00:00,4.251,4.262,4.244,4.247,67962.91422539
2023-09-07 16:00:00,4.247,4.277,4.246,4.255,37392.80806054
2023-09-07 17:00:00,4.256,4.266,4.245,4.264,44371.65530685
2023-09-07 18:00:00,4.264,4.27,4.252,4.262,14983.66474216
2023-09-07 19:00:00,4.262,4.269,4.252,4.268,20612.6511382
2023-09-07 20:00:00,4.267,4.269,4.258,4.268,31087.62902449
2023-09-07 21:00:00,4.268,4.305,4.261,4.265,248381.04243034
2023-09-07 22:00:00,4.265,4.29,4.265,4.283,56082.23341927
2023-09-07 23:00:00,4.284,4.293,4.263,4.289,36776.20146589
2023-09-08 00:00:00,4.289,4.326,4.283,4.318,66998.20012018
2023-09-08 01:00:00,4.319,4.327,4.292,4.292,66537.44503726
2023-09-08 02:00:00,4.292,4.301,4.284,4.287,84714.39757974
2023-09-08 03:00:00,4.289,4.307,4.289,4.299,23074.29167419
2023-09-08 04:00:00,4.299,4.313,4.299,4.307,28946.52150775
2023-09-08 05:00:00,4.308,4.311,4.288,4.29,32209.43219236
2023-09-08 06:00:00,4.289,4.295,4.28,4.289,28027.91603238
2023-09-08 07:00:00,4.291,4.3,4.281,4.29,25192.69793309
2023-09-08 08:00:00,4.289,4.289,4.268,4.285,42625.13042416
2023-09-08 09:00:00,4.284,4.287,4.263,4.263,32974.22601124
2023-09-08 10:00:00,4.264,4.264,4.196,4.234,235492.80080151
2023-09-08 11:00:00,4.235,4.244,4.224,4.227,52833.71851844
2023-09-08 12:00:00,4.227,4.235,4.216,4.229,32957.11294372
2023-09-08 13:00:00,4.23,4.238,4.222,4.233,33773.30512734
2023-09-08 14:00:00,4.233,4.234,4.219,4.223,17498.49210885
2023-09-08 15:00:00,4.222,4.228,4.208,4.222,46054.62909544
2023-09-08 16:00:00,4.221,4.234,4.214,4.23,126682.9744658
2023-09-08 17:00:00,4.23,4.245,4.225,4.242,78640.22804146
2023-09-08 18:00:00,4.242,4.246,4.226,4.228,39019.65016637
2023-09-08 19:00:00,4.228,4.239,4.224,4.237,23522.08207836
2023-09-08 20:00:00,4.238,4.238,4.225,4.231,22653.47872522
2023-09-08 21:00:00,4.231,4.233,4.227,4.232,19273.07238149
2023-09-08 22:00:00,4.232,4.242,4.231,4.24,10920.75001842
2023-09-08 23:00:00,4.24,4.248,4.237,4.248,18584.4626409
2023-09-09 00:00:00,4.248,4.251,4.234,4.235,24460.48747448
2023-09-09 01:00:00,4.236,4.245,4.236,4.243,22821.78070872
2023-09-09 02:00:00,4.243,4.248,4.238,4.241,11997.90929937
2023-09-09 03:00:00,4.242,4.252,4.237,4.246,31180.57133165
2023-09-09 04:00:00,4.246,4.255,4.244,4.253,21488.97015097
2023-09-09 05:00:00,4.253,4.26,4.245,4.246,8184.68031698
2023-09-09 06:00:00,4.247,4.267,4.247,4.266,20212.57141902
2023-09-09 07:00:00,4.266,4.273,4.261,4.267,48347.78156551
2023-09-09 08:00:00,4.267,4.272,4.256,4.26,30467.81065947
2023-09-09 09:00:00,4.262,4.271,4.258,4.271,13337.43721383
2023-09-09 10:00:00,4.272,4.274,4.262,4.264,10124.26396693
2023-09-09 11:00:00,4.265,4.27,4.261,4.268,11742.03865424
2023-09-09 12:00:00,4.267,4.267,4.257,4.257,10401.18367946
2023-09-09 13:00:00,4.257,4.26,4.249,4.254,23481.85097951
2023-09-09 14:00:00,4.254,4.26,4.25,4.26,8164.93919888
2023-09-09 15:00:00,4.26,4.274,4.258,4.259,31907.41060062
2023-09-09 16:00:00,4.258,4.259,4.249,4.252,14184.2894111
2023-09-09 17:00:00,4.251,4.251,4.237,4.241,21071.87484059
2023-09-09 18:00:00,4.24,4.243,4.234,4.243,18064.13333744
2023-09-09 19:00:00,4.242,4.248,4.242,4.248,13193.71442867
2023-09-09 20:00:00,4.248,4.249,4.242,4.242,14458.07152089
2023-09-09 21:00:00,4.242,4.246,4.238,4.24,11897.22841836
2023-09-09 22:00:00,4.24,4.243,4.235,4.24,9612.65443757
2023-09-09 23:00:00,4.239,4.24,4.232,4.234,15334.87364719
2023-09-10 00:00:00,4.233,4.233,4.193,4.217,132877.31866197
2023-09-10 01:00:00,4.217,4.218,4.203,4.215,54239.71269771
2023-09-10 02:00:00,4.215,4.217,4.203,4.216,22514.65164216
2023-09-10 03:00:00,4.215,4.215,4.205,4.207,18921.65113517
2023-09-10 04:00:00,4.206,4.206,4.09,4.157,750653.80907571
2023-09-10 05:00:00,4.157,4.173,4.144,4.171,107084.78749472
2023-09-10 06:00:00,4.171,4.182,4.162,4.169,73446.7023627
2023-09-10 07:00:00,4.17,4.188,4.17,4.177,88692.86194335
2023-09-10 08:00:00,4.176,4.188,4.171,4.185,29916.14219374
2023-09-10 09:00:00,4.184,4.188,4.17,4.172,73878.49541455
2023-09-10 10:00:00,4.171,4.172,4.154,4.154,53173.35999176
2023-09-10 11:00:00,4.154,4.166,4.149,4.149,41040.30186125
2023-09-10 12:00:00,4.148,4.16,4.145,4.154,60686.46737793
2023-09-10 13:00:00,4.153,4.182,4.152,4.182,131599.80359612
2023-09-10 14:00:00,4.181,4.194,4.132,4.142,162232.96556201
2023-09-10 15:00:00,4.141,4.143,4.102,4.135,202713.62174502
2023-09-10 16:00:00,4.135,4.137,4.098,4.137,193260.85458571
2023-09-10 17:00:00,4.135,4.138,4.117,4.123,51528.98001323
2023-09-10 18:00:00,4.123,4.151,4.121,4.148,46132.7235236
2023-09-10 19:00:00,4.149,4.165,4.108,4.153,159079.70311121
2023-09-10 20:00:00,4.152,4.176,4.144,4.153,122585.51322035
2023-09-10 21:00:00,4.153,4.169,4.148,4.162,47437.64046639
2023-09-10 22:00:00,4.163,4.178,4.145,4.145,68837.68396719
2023-09-10 23:00:00,4.146,4.156,4.143,4.145,13832.06617682
2023-09-11 00:00:00,4.145,4.151,4.09,4.118,161432.14833334
2023-09-11 01:00:00,4.119,4.123,4.072,4.095,236155.43092564
2023-09-11 02:00:00,4.094,4.115,4.084,4.111,35196.15808751
2023-09-11 03:00:00,4.111,4.127,4.111,4.115,21862.16021771
2023-09-11 04:00:00,4.115,4.125,4.108,4.12,257491.90304302
2023-09-11 05:00:00,4.119,4.123,4.099,4.122,72844.03650423
2023-09-11 06:00:00,4.124,4.132,4.117,4.117,47014.55249534
2023-09-11 07:00:00,4.118,4.127,4.113,4.113,36703.78940735
2023-09-11 08:00:00,4.113,4.117,4.063,4.087,197272.09441013
2023-09-11 09:00:00,4.086,4.087,4.001,4.04,553306.66669995
2023-09-11 10:00:00,4.04,4.041,3.95,4.012,649838.13042629
2023-09-11 11:00:00,4.011,4.021,3.995,4.005,121180.99248617
2023-09-11 12:00:00,4.003,4.032,4.0,4.032,80949.29765493
2023-09-11 13:00:00,4.032,4.036,4.006,4.006,72842.65666207
2023-09-11 14:00:00,4.008,4.021,3.963,3.993,923084.7598265
2023-09-11 15:00:00,3.993,4.01,3.973,4.005,249697.09372829
2023-09-11 16:00:00,4.004,4.025,4.003,4.01,91907.98490385
2023-09-11 17:00:00,4.009,4.019,3.985,4.016,101413.69925736
2023-09-11 18:00:00,4.015,4.016,3.974,3.978,49963.7355895
2023-09-11 19:00:00,3.977,3.982,3.901,3.932,460350.58824689
2023-09-11 20:00:00,3.931,3.962,3.913,3.958,155107.11734885
2023-09-11 21:00:00,3.958,3.975,3.945,3.956,72942.6321208
2023-09-11 22:00:00,3.955,3.977,3.953,3.975,34218.70383611
2023-09-11 23:00:00,3.975,3.986,3.97,3.986,28864.87665946
2023-09-12 00:00:00,3.985,3.999,3.973,3.984,64923.7451234
2023-09-12 01:00:00,3.986,3.987,3.963,3.965,44527.39077867
2023-09-12 02:00:00,3.966,3.979,3.964,3.973,22492.56959581
2023-09-12 03:00:00,3.973,4.06,3.965,4.022,397582.26244839
2023-09-12 04:00:00,4.023,4.042,4.011,4.011,102946.6771994
2023-09-12 05:00:00,4.013,4.014,3.99,4.009,94252.01695768
2023-09-12 06:00:00,4.01,4.019,3.997,4.002,79292.39902272
2023-09-12 07:00:00,4.003,4.017,3.995,4.006,44414.49297801
2023-09-12 08:00:00,4.007,4.02,3.986,3.99,66396.22928226
2023-09-12 09:00:00,3.992,4.025,3.991,4.024,69413.64004662
2023-09-12 10:00:00,4.024,4.092,4.019,4.059,639816.09743264
2023-09-12 11:00:00,4.06,4.063,4.04,4.042,84081.98083738
2023-09-12 12:00:00,4.043,4.044,4.0,4.0,128328.4435626
2023-09-12 13:00:00,4.002,4.015,3.974,4.013,118434.35499924
2023-09-12 14:00:00,4.012,4.022,3.985,3.993,184183.74234981
2023-09-12 15:00:00,3.993,4.01,3.991,4.002,59296.82999876
2023-09-12 16:00:00,4.002,4.05,3.982,3.992,275753.76353785
2023-09-12 17:00:00,3.991,4.0,3.95,3.973,213899.18449667
2023-09-12 18:00:00,3.972,3.984,3.966,3.982,45775.78172815
2023-09-12 19:00:00,3.981,4.009,3.98,3.985,81334.81927296
2023-09-12 20:00:00,3.985,3.991,3.981,3.984,14344.89538521
2023-09-12 21:00:00,3.983,4.003,3.981,3.996,28692.5082464
2023-09-12 22:00:00,3.996,3.997,3.982,3.994,16376.51849221
2023-09-12 23:00:00,3.994,3.996,3.976,3.983,36301.90146083
2023-09-13 00:00:00,3.983,4.008,3.968,4.003,33044.23064502
2023-09-13 01:00:00,4.001,4.002,3.98,3.991,20064.37735359
2023-09-13 02:00:00,3.99,3.993,3.977,3.981,25428.5311526
2023-09-13 03:00:00,3.979,3.983,3.965,3.979,29808.53567006
2023-09-13 04:00:00,3.979,3.992,3.971,3.976,52069.67157953
2023-09-13 05:00:00,3.976,3.979,3.946,3.953,74456.61504665
2023-09-13 06:00:00,3.953,3.977,3.947,3.973,61981.81556453
2023-09-13 07:00:00,3.973,4.098,3.958,3.971,830915.22015746
2023-09-13 08:00:00,3.973,4.0,3.969,4.0,47539.22059442
2023-09-13 09:00:00,3.999,4.027,3.989,4.021,105615.58029882
2023-09-13 10:00:00,4.023,4.03,4.003,4.01,74644.01614507
2023-09-13 11:00:00,4.012,4.025,3.998,4.018,49073.45144871
2023-09-13 12:00:00,4.019,4.024,3.988,4.016,113510.1976422
2023-09-13 13:00:00,4.017,4.029,4.003,4.014,53540.19244384
2023-09-13 14:00:00,4.014,4.039,3.999,4.026,50129.41173315
2023-09-13 15:00:00,4.027,4.05,4.022,4.025,62265.49028673
2023-09-13 16:00:00,4.026,4.033,4.015,4.018,57498.85268155
2023-09-13 17:00:00,4.018,4.028,3.993,3.996,128120.90734189
2023-09-13 18:00:00,3.997,4.004,3.99,3.994,42535.38157184
2023-09-13 19:00:00,3.994,4.005,3.984,3.998,32541.99856967
2023-09-13 20:00:00,3.997,4.014,3.997,4.011,34096.54179156
2023-09-13 21:00:00,4.013,4.02,4.006,4.011,34758.45220011
2023-09-13 22:00:00,4.01,4.025,4.006,4.007,62398.22086077
2023-09-13 23:00:00,4.007,4.007,3.994,3.996,16050.30227703
2023-09-14 00:00:00,3.996,4.06,3.994,4.059,155525.27776414
2023-09-14 01:00:00,4.059,4.074,4.013,4.017,189347.90761651
2023-09-14 02:00:00,4.016,4.024,4.008,4.016,42160.76076395
2023-09-14 03:00:00,4.018,4.019,3.995,4.003,23371.77688961
2023-09-14 04:00:00,4.004,4.01,3.985,3.992,39536.5050768
2023-09-14 05:00:00,3.991,3.991,3.97,3.976,29016.55561778
2023-09-14 06:00:00,3.978,3.999,3.974,3.997,234609.22362545
2023-09-14 07:00:00,3.997,4.023,3.994,4.01,98084.59786807
2023-09-14 08:00:00,4.01,4.021,4.004,4.02,41378.52664392
2023-09-14 09:00:00,4.019,4.025,4.015,4.023,34795.16232267
2023-09-14 10:00:00,4.024,4.032,4.022,4.029,21925.3602383
2023-09-14 11:00:00,4.029,4.043,4.026,4.036,40825.57377745
2023-09-14 12:00:00,4.036,4.039,4.011,4.029,70243.47163704
2023-09-14 13:00:00,4.029,4.061,4.026,4.04,229479.27309384
2023-09-14 14:00:00,4.039,4.058,4.029,4.057,50368.60906309
2023-09-14 15:00:00,4.057,4.069,4.031,4.042,63859.88271917
2023-09-14 16:00:00,4.043,4.052,4.026,4.046,47210.68195259
2023-09-14 17:00:00,4.047,4.053,4.036,4.046,33282.71461779
2023-09-14 18:00:00,4.047,4.083,4.043,4.043,90962.53153356
2023-09-14 19:00:00,4.043,4.067,4.042,4.065,24274.00502447
2023-09-14 20:00:00,4.065,4.078,4.054,4.056,41897.17556525
2023-09-14 21:00:00,4.054,4.067,4.052,4.061,22401.7110001
2023-09-14 22:00:00,4.062,4.085,4.062,4.077,19918.09678662
2023-09-14 23:00:00,4.076,4.077,4.046,4.056,23384.85755653
2023-09-15 00:00:00,4.057,4.061,4.046,4.05,45766.99397116
2023-09-15 01:00:00,4.051,4.071,4.043,4.071,43572.39865541
2023-09-15 02:00:00,4.072,4.097,4.071,4.085,51216.67826297
2023-09-15 03:00:00,4.087,4.093,4.079,4.083,22611.08908969
2023-09-15 04:00:00,4.084,4.094,4.075,4.089,37396.07358697
2023-09-15 05:00:00,4.088,4.098,4.081,4.085,43966.21600461
2023-09-15 06:00:00,4.086,4.089,4.067,4.073,21277.5454111
2023-09-15 07:00:00,4.072,4.073,4.06,4.063,24413.19330699
2023-09-15 08:00:00,4.065,4.083,4.063,4.081,22476.82276917
2023-09-15 09:00:00,4.081,4.088,4.071,4.085,43832.3536043
2023-09-15 10:00:00,4.086,4.095,4.082,4.095,19302.12823658
2023-09-15 11:00:00,4.094,4.095,4.069,4.07,72747.36602456
2023-09-15 12:00:00,4.071,4.09,4.071,4.075,36088.80320488
2023-09-15 13:00:00,4.073,4.107,4.073,4.091,60471.38972861
2023-09-15 14:00:00,4.092,4.098,4.063,4.067,55257.99396601
2023-09-15 15:00:00,4.066,4.119,4.066,4.111,74286.21340443
2023-09-15 16:00:00,4.112,4.132,4.11,4.112,68713.43726743
2023-09-15 17:00:00,4.112,4.113,4.099,4.099,21109.79787517
2023-09-15 18:00:00,4.099,4.103,4.091,4.097,14468.95171204
2023-09-15 19:00:00,4.097,4.116,4.095,4.107,16863.49370876
2023-09-15 20:00:00,4.108,4.121,4.108,4.12,10068.8949519
2023-09-15 21:00:00,4.121,4.149,4.121,4.129,82938.09799802
2023-09-15 22:00:00,4.13,4.174,4.13,4.161,113563.47053958
2023-09-15 23:00:00,4.165,4.168,4.133,4.136,80407.14757875
2023-09-16 00:00:00,4.137,4.166,4.133,4.157,56634.41371733
2023-09-16 01:00:00,4.159,4.183,4.153,4.179,57827.69386707
2023-09-16 02:00:00,4.179,4.215,4.179,4.201,79732.10005985
2023-09-16 03:00:00,4.202,4.221,4.19,4.193,73680.99143622
2023-09-16 04:00:00,4.194,4.218,4.183,4.215,68675.34755614
2023-09-16 05:00:00,4.216,4.222,4.19,4.197,49854.30829276
2023-09-16 06:00:00,4.197,4.208,4.185,4.187,36978.69361628
2023-09-16 07:00:00,4.186,4.199,4.181,4.188,33529.46635944
2023-09-16 08:00:00,4.189,4.197,4.179,4.181,46642.88990171
2023-09-16 09:00:00,4.181,4.189,4.171,4.172,32356.24141345
2023-09-16 10:00:00,4.171,4.185,4.163,4.175,40838.1859727
2023-09-16 11:00:00,4.175,4.175,4.159,4.164,29066.61251063
2023-09-16 12:00:00,4.164,4.17,4.158,4.166,20040.33403195
2023-09-16 13:00:00,4.167,4.17,4.151,4.156,39060.34082539
2023-09-16 14:00:00,4.156,4.16,4.138,4.14,20854.11659796
2023-09-16 15:00:00,4.139,4.166,4.131,4.152,39596.14991125
2023-09-16 16:00:00,4.152,4.159,4.141,4.146,36075.08868633
2023-09-16 17:00:00,4.146,4.16,4.137,4.154,28654.52285208
2023-09-16 18:00:00,4.154,4.158,4.149,4.153,10270.04887425
2023-09-16 19:00:00,4.152,4.156,4.136,4.14,19093.74176246
2023-09-16 20:00:00,4.14,4.157,4.14,4.15,9867.36955164
2023-09-16 21:00:00,4.15,4.167,4.149,4.167,32328.85585549
2023-09-16 22:00:00,4.169,4.173,4.158,4.171,28375.90396217
2023-09-16 23:00:00,4.172,4.186,4.169,4.183,40546.66928873
2023-09-17 00:00:00,4.184,4.185,4.139,4.146,115578.70751056
2023-09-17 01:00:00,4.145,4.145,4.105,4.132,161416.56508968
2023-09-17 02:00:00,4.132,4.135,4.118,4.127,22405.59802808
2023-09-17 03:00:00,4.126,4.138,4.124,4.137,21417.82674018
2023-09-17 04:00:00,4.136,4.136,4.124,4.133,17749.41818155
2023-09-17 05:00:00,4.134,4.138,4.117,4.124,24934.64348036
2023-09-17 06:00:00,4.124,4.127,4.117,4.124,17553.69891958
2023-09-17 07:00:00,4.123,4.129,4.107,4.11,33557.06614981
2023-09-17 08:00:00,4.109,4.136,4.106,4.135,26436.45601984
2023-09-17 09:00:00,4.134,4.139,4.128,4.134,26029.42376479
2023-09-17 10:00:00,4.135,4.138,4.13,4.131,17143.29799318
2023-09-17 11:00:00,4.131,4.131,4.115,4.116,11784.19601545
2023-09-17 12:00:00,4.115,4.124,4.115,4.122,6065.03115446
2023-09-17 13:00:00,4.121,4.122,4.11,4.114,15756.76307931
2023-09-17 14:00:00,4.116,4.133,4.114,4.124,14435.50525318
2023-09-17 15:00:00,4.124,4.132,4.121,4.127,23598.12363813
2023-09-17 16:00:00,4.127,4.129,4.094,4.099,90910.81457339
2023-09-17 17:00:00,4.098,4.105,4.085,4.088,47926.6807834
2023-09-17 18:00:00,4.086,4.102,4.077,4.096,28612.52303654
2023-09-17 19:00:00,4.096,4.099,4.087,4.096,18564.74220337
2023-09-17 20:00:00,4.094,4.096,4.037,4.053,299867.77512011
2023-09-17 21:00:00,4.051,4.066,4.045,4.062,57797.87735746
2023-09-17 22:00:00,4.061,4.072,4.054,4.07,8930.31659048
2023-09-17 23:00:00,4.071,4.076,4.062,4.067,25534.46408447
2023-09-18 00:00:00,4.067,4.075,4.007,4.035,155049.51049104
2023-09-18 01:00:00,4.033,4.051,4.029,4.051,99493.39609105
2023-09-18 02:00:00,4.051,4.114,4.05,4.11,143508.38766516
2023-09-18 03:00:00,4.11,4.127,4.09,4.12,46361.642592
2023-09-18 04:00:00,4.121,4.13,4.102,4.117,39770.89703729
2023-09-18 05:00:00,4.118,4.135,4.114,4.129,27103.66256656
2023-09-18 06:00:00,4.13,4.139,4.117,4.118,29570.84927536
2023-09-18 07:00:00,4.117,4.142,4.117,4.122,40200.61857574
2023-09-18 08:00:00,4.123,4.128,4.111,4.118,53558.79432684
2023-09-18 09:00:00,4.12,4.16,4.12,4.153,63311.91514352
2023-09-18 10:00:00,4.153,4.199,4.153,4.188,78176.20674282
2023-09-18 11:00:00,4.189,4.201,4.179,4.192,39153.10729699
2023-09-18 12:00:00,4.193,4.212,4.178,4.207,76598.97195738
2023-09-18 13:00:00,4.206,4.217,4.176,4.186,54593.52663319
2023-09-18 14:00:00,4.188,4.207,4.171,4.196,43657.25281038
2023-09-18 15:00:00,4.197,4.203,4.177,4.18,39480.10603764
2023-09-18 16:00:00,4.179,4.188,4.169,4.176,45935.96621184
2023-09-18 17:00:00,4.177,4.181,4.105,4.108,161059.13344421
2023-09-18 18:00:00,4.107,4.128,4.095,4.095,99393.08770816
2023-09-18 19:00:00,4.095,4.141,4.091,4.125,107784.81289538
2023-09-18 20:00:00,4.125,4.125,4.106,4.108,27951.70171236
2023-09-18 21:00:00,4.107,4.122,4.1,4.122,26320.98977376
2023-09-18 22:00:00,4.123,4.128,4.117,4.128,23022.41667848
2023-09-18 23:00:00,4.128,4.128,4.094,4.105,48275.66292215
2023-09-19 00:00:00,4.104,4.109,4.079,4.08,72976.49680681
2023-09-19 01:00:00,4.08,4.098,4.076,4.091,43860.94417009
2023-09-19 02:00:00,4.091,4.109,4.09,4.109,15449.86797966
2023-09-19 03:00:00,4.109,4.115,4.102,4.106,20891.7008632
2023-09-19 04:00:00,4.106,4.115,4.1,4.112,36147.31433785
2023-09-19 05:00:00,4.112,4.122,4.106,4.112,25758.58489518
2023-09-19 06:00:00,4.112,4.115,4.101,4.104,29727.93476731
2023-09-19 07:00:00,4.104,4.108,4.094,4.097,35334.94775984
2023-09-19 08:00:00,4.096,4.119,4.091,4.116,61473.58789221
2023-09-19 09:00:00,4.117,4.168,4.113,4.15,157110.31063227
2023-09-19 10:00:00,4.152,4.155,4.12,4.131,91009.80257611
2023-09-19 11:00:00,4.131,4.133,4.113,4.126,46024.15134528
2023-09-19 12:00:00,4.127,4.14,4.11,4.117,43785.98687434
2023-09-19 13:00:00,4.117,4.131,4.09,4.094,79290.26024842
2023-09-19 14:00:00,4.093,4.115,4.082,4.105,73226.99532108
2023-09-19 15:00:00,4.107,4.143,4.101,4.132,123394.1446846
2023-09-19 16:00:00,4.133,4.152,4.118,4.125,102984.91559719
2023-09-19 17:00:00,4.126,4.137,4.113,4.128,35250.26008583
2023-09-19 18:00:00,4.128,4.151,4.128,4.135,37616.74633453
2023-09-19 19:00:00,4.134,4.142,4.127,4.139,25669.76598154
2023-09-19 20:00:00,4.138,4.146,4.13,4.135,46488.30518041
2023-09-19 21:00:00,4.136,4.161,4.123,4.158,54806.79315071
2023-09-19 22:00:00,4.159,4.162,4.139,4.152,28978.34438217
2023-09-19 23:00:00,4.153,4.161,4.147,4.151,39219.15828139
2023-09-20 00:00:00,4.15,4.162,4.133,4.148,45857.94322858
2023-09-20 01:00:00,4.149,4.163,4.142,4.159,39206.42878281
2023-09-20 02:00:00,4.16,4.166,4.13,4.134,36028.12620761
2023-09-20 03:00:00,4.132,4.141,4.118,4.127,27747.77012463
2023-09-20 04:00:00,4.127,4.13,4.119,4.121,38669.34537483
2023-09-20 05:00:00,4.12,4.125,4.112,4.115,23482.12882525
2023-09-20 06:00:00,4.115,4.118,4.101,4.108,31144.17389785
2023-09-20 07:00:00,4.109,4.119,4.106,4.116,16788.29610763
2023-09-20 08:00:00,4.116,4.132,4.114,4.13,28216.20004955
2023-09-20 09:00:00,4.131,4.131,4.081,4.107,154420.23612635
2023-09-20 10:00:00,4.104,4.106,4.084,4.101,50396.39784145
2023-09-20 11:00:00,4.101,4.112,4.099,4.106,31184.1365125
2023-09-20 12:00:00,4.107,4.109,4.082,4.093,36478.69556677
2023-09-20 13:00:00,4.091,4.106,4.072,4.105,43905.6923504
2023-09-20 14:00:00,4.106,4.114,4.092,4.096,78335.80068655
2023-09-20 15:00:00,4.095,4.112,4.094,4.106,27294.54511058
2023-09-20 16:00:00,4.105,4.118,4.099,4.112,45975.67308548
2023-09-20 17:00:00,4.113,4.122,4.103,4.114,51061.60946471
2023-09-20 18:00:00,4.113,4.153,4.101,4.139,107003.46902254
2023-09-20 19:00:00,4.138,4.143,4.06,4.099,246641.27069842
2023-09-20 20:00:00,4.099,4.124,4.095,4.124,37631.35135319
2023-09-20 21:00:00,4.125,4.152,4.118,4.136,44852.18032007
2023-09-20 22:00:00,4.136,4.142,4.126,4.137,43873.42564819
2023-09-20 23:00:00,4.135,4.141,4.127,4.136,28639.72448126
2023-09-21 00:00:00,4.136,4.164,4.134,4.15,53833.65230388
2023-09-21 01:00:00,4.151,4.155,4.125,4.137,32260.12848759
2023-09-21 02:00:00,4.138,4.152,4.13,4.135,41773.62617648
2023-09-21 03:00:00,4.136,4.148,4.13,4.148,26166.15406242
2023-09-21 04:00:00,4.148,4.151,4.142,4.146,27820.04754456
2023-09-21 05:00:00,4.146,4.146,4.117,4.131,31006.62981487
2023-09-21 06:00:00,4.129,4.129,4.094,4.116,49682.82680005
2023-09-21 07:00:00,4.115,4.116,4.104,4.108,15547.95976965
2023-09-21 08:00:00,4.107,4.116,4.092,4.095,56056.31666504
2023-09-21 09:00:00,4.094,4.094,4.053,4.065,108269.66167466
2023-09-21 10:00:00,4.064,4.069,4.018,4.019,152737.77281007
2023-09-21 11:00:00,4.018,4.052,4.018,4.051,69268.28925269
2023-09-21 12:00:00,4.051,4.051,4.029,4.038,81324.31299611
2023-09-21 13:00:00,4.039,4.04,4.002,4.022,130490.07916472
2023-09-21 14:00:00,4.021,4.042,4.016,4.038,39134.61218158
2023-09-21 15:00:00,4.039,4.047,4.03,4.036,34049.7045939
2023-09-21 16:00:00,4.036,4.036,4.019,4.027,43974.93737384
2023-09-21 17:00:00,4.026,4.039,4.025,4.025,24461.71533464
2023-09-21 18:00:00,4.026,4.031,4.02,4.027,17213.63210562
2023-09-21 19:00:00,4.027,4.029,4.014,4.025,48584.81656886
2023-09-21 20:00:00,4.024,4.025,3.993,4.016,57431.3358955
2023-09-21 21:00:00,4.015,4.017,3.997,4.017,21286.7120707
2023-09-21 22:00:00,4.018,4.018,4.009,4.016,16709.78008927
2023-09-21 23:00:00,4.019,4.021,4.007,4.009,19876.06534621
2023-09-22 00:00:00,4.008,4.022,3.972,4.022,112937.85129583
2023-09-22 01:00:00,4.021,4.029,4.006,4.027,41929.06325236
2023-09-22 02:00:00,4.027,4.031,4.017,4.02,19179.58574584
2023-09-22 03:00:00,4.019,4.032,4.012,4.02,26885.28107784
2023-09-22 04:00:00,4.02,4.029,4.019,4.019,16200.55699558
2023-09-22 05:00:00,4.019,4.026,4.011,4.024,28527.10167438
2023-09-22 06:00:00,4.025,4.027,4.01,4.012,20205.53192862
2023-09-22 07:00:00,4.011,4.022,4.002,4.019,31224.1767287
2023-09-22 08:00:00,4.019,4.028,4.018,4.02,39788.33192883
2023-09-22 09:00:00,4.021,4.022,4.013,4.021,28030.87854066
2023-09-22 10:00:00,4.022,4.029,4.016,4.019,19401.88763753
2023-09-22 11:00:00,4.019,4.027,4.017,4.025,13567.08785365
2023-09-22 12:00:00,4.026,4.032,4.013,4.015,13385.01623149
2023-09-22 13:00:00,4.013,4.015,3.999,4.01,34037.37388165
2023-09-22 14:00:00,4.009,4.018,4.001,4.011,41615.15414043
2023-09-22 15:00:00,4.011,4.017,4.006,4.006,25527.17508017
2023-09-22 16:00:00,4.004,4.013,3.995,4.002,37813.31094191
2023-09-22 17:00:00,4.002,4.009,3.993,4.009,31518.99540674
2023-09-22 18:00:00,4.007,4.017,4.003,4.011,26231.49427742
2023-09-22 19:00:00,4.011,4.017,3.999,3.999,28585.54500053
2023-09-22 20:00:00,4.0,4.007,3.996,4.001,15536.98978001
2023-09-22 21:00:00,4.001,4.022,3.994,4.022,28933.81190859
2023-09-22 22:00:00,4.022,4.025,4.011,4.017,39173.3928447
2023-09-22 23:00:00,4.017,4.018,4.007,4.016,27947.42730703
2023-09-23 00:00:00,4.016,4.036,4.016,4.025,78620.55804704
2023-09-23 01:00:00,4.025,4.026,4.012,4.023,28910.24425841
2023-09-23 02:00:00,4.023,4.025,4.006,4.01,16952.68119773
2023-09-23 03:00:00,4.01,4.012,4.001,4.006,20073.79841554
2023-09-23 04:00:00,4.007,4.012,3.998,4.011,16981.2964785
2023-09-23 05:00:00,4.01,4.015,4.008,4.008,6712.47261021
2023-09-23 06:00:00,4.009,4.017,4.009,4.012,17664.42049508
2023-09-23 07:00:00,4.013,4.017,4.005,4.011,37341.10754722
2023-09-23 08:00:00,4.011,4.013,4.006,4.01,25264.68702458
2023-09-23 09:00:00,4.01,4.014,4.005,4.01,9330.15294315
2023-09-23 10:00:00,4.011,4.013,4.007,4.008,9216.28104329
2023-09-23 11:00:00,4.008,4.009,4.005,4.009,8460.90165063
2023-09-23 12:00:00,4.009,4.013,4.003,4.008,13076.03991666
2023-09-23 13:00:00,4.009,4.011,4.003,4.004,12688.08832426
2023-09-23 14:00:00,4.003,4.014,4.002,4.009,20051.8210251
2023-09-23 15:00:00,4.009,4.009,3.996,4.006,15348.62224989
2023-09-23 16:00:00,4.005,4.022,3.998,4.02,34010.93055279
2023-09-23 17:00:00,4.02,4.025,4.007,4.019,29208.78237472
2023-09-23 18:00:00,4.02,4.029,4.018,4.023,42929.60999137
2023-09-23 19:00:00,4.023,4.032,4.022,4.027,21793.86891806
2023-09-23 20:00:00,4.026,4.032,4.018,4.018,30036.32328924
2023-09-23 21:00:00,4.018,4.025,4.014,4.023,22750.21026872
2023-09-23 22:00:00,4.024,4.028,4.02,4.02,10019.21567362
2023-09-23 23:00:00,4.02,4.03,4.017,4.03,29249.28714596
2023-09-24 00:00:00,4.03,4.03,4.009,4.014,36862.68901729
2023-09-24 01:00:00,4.015,4.019,4.009,4.019,32634.91834997
2023-09-24 02:00:00,4.018,4.022,4.018,4.02,19556.29714741
2023-09-24 03:00:00,4.021,4.023,4.016,4.018,30617.6890569
2023-09-24 04:00:00,4.019,4.019,4.006,4.009,18976.57092139
2023-09-24 05:00:00,4.009,4.012,4.006,4.01,22426.61147545
2023-09-24 06:00:00,4.01,4.012,4.008,4.01,15777.17548256
2023-09-24 07:00:00,4.009,4.013,4.008,4.012,18503.38263099
2023-09-24 08:00:00,4.012,4.024,4.012,4.024,6500.49134115
2023-09-24 09:00:00,4.024,4.025,4.02,4.025,7261.80167453
2023-09-24 10:00:00,4.024,4.027,4.022,4.024,7522.54857043
2023-09-24 11:00:00,4.024,4.043,4.022,4.043,22851.77833116
2023-09-24 12:00:00,4.042,4.051,4.036,4.044,46634.85270587
2023-09-24 13:00:00,4.046,4.052,4.041,4.042,25662.64869725
2023-09-24 14:00:00,4.043,4.049,4.036,4.047,19139.77616432
2023-09-24 15:00:00,4.047,4.048,4.033,4.04,16895.77126047
2023-09-24 16:00:00,4.04,4.042,4.031,4.034,26430.32352362
2023-09-24 17:00:00,4.034,4.053,4.031,4.048,31570.15086178
2023-09-24 18:00:00,4.051,4.057,4.018,4.032,72314.09061731
2023-09-24 19:00:00,4.03,4.035,4.011,4.015,52992.83647424
2023-09-24 20:00:00,4.014,4.019,4.004,4.019,15190.91987652
2023-09-24 21:00:00,4.018,4.019,4.009,4.019,15111.34297391
2023-09-24 22:00:00,4.02,4.027,4.018,4.023,16681.93219777
2023-09-24 23:00:00,4.022,4.022,3.962,3.988,247857.10667665
2023-09-25 00:00:00,3.985,4.002,3.94,4.002,156990.16683059
2023-09-25 01:00:00,4.001,4.02,3.996,3.997,78092.52526191
2023-09-25 02:00:00,3.996,4.012,3.994,4.009,24974.27984755
2023-09-25 03:00:00,4.008,4.012,3.997,3.997,20120.16227289
2023-09-25 04:00:00,3.997,4.01,3.992,4.004,20636.7799512
2023-09-25 05:00:00,4.005,4.039,4.002,4.008,100454.28376016
2023-09-25 06:00:00,4.007,4.021,3.996,4.015,62533.5691457
2023-09-25 07:00:00,4.016,4.06,4.013,4.059,85288.77376835
2023-09-25 08:00:00,4.059,4.066,4.027,4.035,51165.89662322
2023-09-25 09:00:00,4.036,4.037,4.019,4.019,46624.3383526
2023-09-25 10:00:00,4.019,4.036,4.018,4.034,33890.93245047
2023-09-25 11:00:00,4.033,4.035,4.019,4.025,20677.21161591
2023-09-25 12:00:00,4.026,4.043,4.021,4.042,28590.76514104
2023-09-25 13:00:00,4.042,4.054,4.038,4.054,41334.52834049
2023-09-25 14:00:00,4.055,4.057,4.042,4.043,31363.88798859
2023-09-25 15:00:00,4.044,4.078,4.044,4.064,76776.90643808
2023-09-25 16:00:00,4.065,4.084,4.065,4.069,67631.0103488
2023-09-25 17:00:00,4.069,4.074,4.054,4.074,55365.44561063
2023-09-25 18:00:00,4.076,4.082,4.069,4.069,27264.77998417
2023-09-25 19:00:00,4.07,4.071,4.055,4.067,44960.73836522
2023-09-25 20:00:00,4.066,4.077,4.056,4.056,34374.24704153
2023-09-25 21:00:00,4.054,4.06,4.05,4.059,38961.71989911
2023-09-25 22:00:00,4.058,4.062,4.056,4.057,15205.91438848
2023-09-25 23:00:00,4.057,4.063,4.055,4.063,10426.96790757
2023-09-26 00:00:00,4.064,4.072,4.058,4.066,42111.05062728
2023-09-26 01:00:00,4.065,4.083,4.064,4.08,40649.16314685
2023-09-26 02:00:00,4.081,4.084,4.066,4.071,35535.967743
2023-09-26 03:00:00,4.071,4.075,4.055,4.056,38720.18908122
2023-09-26 04:00:00,4.057,4.058,4.043,4.048,20580.62687651
2023-09-26 05:00:00,4.048,4.049,4.038,4.042,22762.73635275
2023-09-26 06:00:00,4.042,4.044,4.032,4.04,30668.406953
2023-09-26 07:00:00,4.04,4.041,4.031,4.041,19287.96313795
2023-09-26 08:00:00,4.042,4.049,4.038,4.038,37428.60762079
2023-09-26 09:00:00,4.038,4.042,4.014,4.031,117743.79148984
2023-09-26 10:00:00,4.032,4.032,4.019,4.027,62427.70512127
2023-09-26 11:00:00,4.027,4.041,4.025,4.035,35887.62466764
2023-09-26 12:00:00,4.034,4.034,4.003,4.006,109146.95057145
2023-09-26 13:00:00,4.005,4.012,3.997,4.005,122003.76561057
2023-09-26 14:00:00,4.004,4.017,3.999,4.015,61186.73679325
2023-09-26 15:00:00,4.015,4.015,3.995,4.006,65571.34383543
2023-09-26 16:00:00,4.006,4.02,4.001,4.011,46343.28658152
2023-09-26 17:00:00,4.011,4.017,3.999,4.005,33280.13123608
2023-09-26 18:00:00,4.004,4.004,3.991,3.997,52904.21097844
2023-09-26 19:00:00,3.998,4.012,3.996,4.011,28309.47857097
2023-09-26 20:00:00,4.011,4.013,3.997,3.997,26675.0369825
2023-09-26 21:00:00,3.998,4.003,3.965,4.003,110391.92582653
2023-09-26 22:00:00,4.002,4.01,3.999,4.001,26255.18287484
2023-09-26 23:00:00,4.001,4.015,3.998,4.01,36482.14224793
2023-09-27 00:00:00,4.009,4.016,4.003,4.016,46914.6570115
2023-09-27 01:00:00,4.017,4.017,3.999,4.002,45999.38045032
2023-09-27 02:00:00,4.002,4.004,3.988,3.996,37995.17375371
2023-09-27 03:00:00,3.997,4.006,3.993,4.003,27882.77310502
2023-09-27 04:00:00,4.003,4.005,3.994,3.994,26148.28467326
2023-09-27 05:00:00,3.994,4.002,3.989,4.002,13852.68565788
2023-09-27 06:00:00,4.001,4.002,3.992,3.997,23478.21906459
2023-09-27 07:00:00,3.997,3.999,3.987,3.997,26521.61228776
2023-09-27 08:00:00,3.995,4.002,3.99,3.999,15307.72273027
2023-09-27 09:00:00,3.998,4.038,3.998,4.032,161791.47367545
2023-09-27 10:00:00,4.033,4.044,4.03,4.033,62221.75270293
2023-09-27 11:00:00,4.033,4.067,4.03,4.054,113597.54992523
2023-09-27 12:00:00,4.056,4.069,4.049,4.052,53270.26228199
2023-09-27 13:00:00,4.054,4.069,4.034,4.039,62960.66579813
2023-09-27 14:00:00,4.04,4.043,3.971,3.992,243029.0704178
2023-09-27 15:00:00,3.991,4.01,3.987,4.003,32296.60376238
2023-09-27 16:00:00,4.002,4.008,3.994,3.998,38952.45629355
2023-09-27 17:00:00,3.997,4.001,3.988,4.0,35226.41877735
2023-09-27 18:00:00,4.001,4.002,3.977,3.995,53659.03724246
2023-09-27 19:00:00,3.994,4.001,3.988,3.99,24868.7588984
2023-09-27 20:00:00,3.99,3.997,3.973,3.984,32183.33123326
2023-09-27 21:00:00,3.984,3.985,3.961,3.973,101638.21475813
2023-09-27 22:00:00,3.973,3.985,3.971,3.985,17889.72710358
2023-09-27 23:00:00,3.987,3.991,3.977,3.987,29624.04263041
2023-09-28 00:00:00,3.987,4.006,3.981,3.998,59565.32057974
2023-09-28 01:00:00,3.997,4.005,3.988,4.0,29206.2974647
2023-09-28 02:00:00,3.999,4.007,3.988,3.993,23218.27642868
2023-09-28 03:00:00,3.994,3.995,3.984,3.986,16747.82504529
2023-09-28 04:00:00,3.986,3.99,3.977,3.986,32203.62216402
2023-09-28 05:00:00,3.987,3.999,3.983,3.994,31380.63084205
2023-09-28 06:00:00,3.995,4.008,3.991,4.007,22625.77037485
2023-09-28 07:00:00,4.007,4.029,4.007,4.022,55985.22293361
2023-09-28 08:00:00,4.021,4.022,4.008,4.016,22789.88528746
2023-09-28 09:00:00,4.016,4.024,4.009,4.022,31103.30612776
2023-09-28 10:00:00,4.022,4.042,4.017,4.038,78643.28012971
2023-09-28 11:00:00,4.038,4.042,4.024,4.033,35370.68517875
2023-09-28 12:00:00,4.033,4.055,4.028,4.031,52317.56543791
2023-09-28 13:00:00,4.03,4.057,4.029,4.057,35050.27284443
2023-09-28 14:00:00,4.056,4.072,4.044,4.061,118734.28481653
2023-09-28 15:00:00,4.06,4.078,4.046,4.072,98983.34151561
2023-09-28 16:00:00,4.072,4.097,4.07,4.071,173174.53844618
2023-09-28 17:00:00,4.072,4.087,4.072,4.076,45833.81852116
2023-09-28 18:00:00,4.077,4.085,4.047,4.062,70445.31322753
2023-09-28 19:00:00,4.062,4.081,4.06,4.077,53213.64419127
2023-09-28 20:00:00,4.077,4.085,4.066,4.072,20799.39755755
2023-09-28 21:00:00,4.071,4.073,4.051,4.067,23158.71420666
2023-09-28 22:00:00,4.067,4.074,4.064,4.072,11648.97769741
2023-09-28 23:00:00,4.073,4.078,4.069,4.071,9757.85618358
2023-09-29 00:00:00,4.071,4.077,4.058,4.066,23704.72176249
2023-09-29 01:00:00,4.067,4.075,4.054,4.075,23650.79414045
2023-09-29 02:00:00,4.074,4.083,4.062,4.065,31303.3205629
2023-09-29 03:00:00,4.065,4.071,4.061,4.071,21228.90756547
2023-09-29 04:00:00,4.071,4.077,4.06,4.077,28887.70246535
2023-09-29 05:00:00,4.077,4.082,4.072,4.079,17598.11090787
2023-09-29 06:00:00,4.079,4.088,4.074,4.087,31616.99596371
2023-09-29 07:00:00,4.087,4.118,4.083,4.107,144373.04393885
2023-09-29 08:00:00,4.108,4.111,4.079,4.081,61720.8546988
2023-09-29 09:00:00,4.083,4.092,4.078,4.087,26619.47541915
2023-09-29 10:00:00,4.087,4.091,4.078,4.078,34868.28416922
2023-09-29 11:00:00,4.078,4.086,4.071,4.075,44661.5125909
2023-09-29 12:00:00,4.075,4.097,4.061,4.096,127160.03143677
2023-09-29 13:00:00,4.097,4.098,4.075,4.08,49488.2433575
2023-09-29 14:00:00,4.079,4.105,4.049,4.09,197006.43473919
2023-09-29 15:00:00,4.091,4.096,4.078,4.092,56590.15382098
2023-09-29 16:00:00,4.091,4.092,4.072,4.077,42972.49739844
2023-09-29 17:00:00,4.077,4.08,4.07,4.071,41364.52052957
2023-09-29 18:00:00,4.07,4.077,4.063,4.077,46175.98214623
2023-09-29 19:00:00,4.077,4.078,4.067,4.074,22403.92885639
2023-09-29 20:00:00,4.074,4.081,4.067,4.078,28935.88977846
2023-09-29 21:00:00,4.079,4.08,4.068,4.071,26135.6751223
2023-09-29 22:00:00,4.07,4.079,4.07,4.074,23995.84127766
2023-09-29 23:00:00,4.073,4.079,4.071,4.071,13951.18593953
2023-09-30 00:00:00,4.07,4.084,4.069,4.079,21143.77665225
2023-09-30 01:00:00,4.079,4.081,4.067,4.069,26715.63939447
2023-09-30 02:00:00,4.069,4.077,4.068,4.076,10636.70078765
2023-09-30 03:00:00,4.076,4.078,4.071,4.074,8804.3489498
2023-09-30 04:00:00,4.074,4.08,4.074,4.075,7353.95484086
2023-09-30 05:00:00,4.074,4.082,4.073,4.081,11872.22745707
2023-09-30 06:00:00,4.081,4.087,4.078,4.079,17856.42766404
2023-09-30 07:00:00,4.079,4.08,4.071,4.074,15270.81860077
2023-09-30 08:00:00,4.074,4.077,4.072,4.075,18525.50282001
2023-09-30 09:00:00,4.075,4.085,4.075,4.082,17811.00691084
2023-09-30 10:00:00,4.082,4.092,4.082,4.086,15563.52700348
2023-09-30 11:00:00,4.087,4.09,4.075,4.081,35960.36967091
2023-09-30 12:00:00,4.081,4.09,4.081,4.085,20746.00887296
2023-09-30 13:00:00,4.084,4.102,4.084,4.099,70798.8531182
2023-09-30 14:00:00,4.099,4.106,4.089,4.098,42893.23185671
2023-09-30 15:00:00,4.098,4.107,4.091,4.095,56830.43437465
2023-09-30 16:00:00,4.096,4.106,4.096,4.102,47551.14873315
2023-09-30 17:00:00,4.1,4.103,4.086,4.099,57204.11565057
2023-09-30 18:00:00,4.099,4.1,4.086,4.096,23156.05443449
2023-09-30 19:00:00,4.097,4.108,4.094,4.105,21306.84807618
2023-09-30 20:00:00,4.106,4.114,4.101,4.11,25117.4803966
2023-09-30 21:00:00,4.11,4.114,4.093,4.104,21686.29439159
2023-09-30 22:00:00,4.105,4.11,4.1,4.106,26388.81026536
2023-09-30 23:00:00,4.105,4.108,4.098,4.101,19787.58938119
2023-10-01 00:00:00,4.1,4.114,4.099,4.114,29468.12853943
2023-10-01 01:00:00,4.114,4.121,4.108,4.116,33308.04184144
2023-10-01 02:00:00,4.117,4.12,4.103,4.112,28874.59925165
2023-10-01 03:00:00,4.111,4.114,4.107,4.114,37296.19812051
2023-10-01 04:00:00,4.112,4.114,4.106,4.114,18771.08843866
2023-10-01 05:00:00,4.114,4.144,4.113,4.141,53184.19354374
2023-10-01 06:00:00,4.143,4.156,4.14,4.145,43693.97687524
2023-10-01 07:00:00,4.146,4.146,4.13,4.136,27583.00132853
2023-10-01 08:00:00,4.136,4.144,4.13,4.143,22291.17702118
2023-10-01 09:00:00,4.143,4.17,4.143,4.168,64271.36046177
2023-10-01 10:00:00,4.168,4.206,4.168,4.184,249307.9021647
2023-10-01 11:00:00,4.185,4.199,4.173,4.195,67446.52694982
2023-10-01 12:00:00,4.197,4.199,4.181,4.192,55505.09437978
2023-10-01 13:00:00,4.192,4.201,4.184,4.197,72835.70695082
2023-10-01 14:00:00,4.198,4.21,4.178,4.181,117321.61058197
2023-10-01 15:00:00,4.18,4.189,4.177,4.186,51532.13059121
2023-10-01 16:00:00,4.187,4.188,4.173,4.175,64012.67180336
2023-10-01 17:00:00,4.176,4.185,4.154,4.159,102273.91127636
2023-10-01 18:00:00,4.159,4.186,4.156,4.186,54401.03796371
2023-10-01 19:00:00,4.185,4.191,4.182,4.191,20293.64164514
2023-10-01 20:00:00,4.192,4.208,4.182,4.2,70170.2033951
2023-10-01 21:00:00,4.2,4.205,4.19,4.197,26057.36286763
2023-10-01 22:00:00,4.198,4.285,4.193,4.274,491100.62429615
2023-10-01 23:00:00,4.273,4.277,4.235,4.26,127015.40174613
2023-10-02 00:00:00,4.26,4.269,4.238,4.243,167370.02252542
2023-10-02 01:00:00,4.242,4.263,4.237,4.26,67332.69395991
2023-10-02 02:00:00,4.259,4.273,4.256,4.273,46670.61547746
2023-10-02 03:00:00,4.273,4.276,4.256,4.262,81380.76620751
2023-10-02 04:00:00,4.263,4.28,4.244,4.247,124946.47214526
2023-10-02 05:00:00,4.247,4.285,4.239,4.26,215915.02410431
2023-10-02 06:00:00,4.258,4.277,4.256,4.273,79108.59343416
2023-10-02 07:00:00,4.273,4.288,4.269,4.275,134336.74952786
2023-10-02 08:00:00,4.275,4.297,4.264,4.274,182082.36112348
2023-10-02 09:00:00,4.274,4.28,4.259,4.264,102384.52973672
2023-10-02 10:00:00,4.263,4.268,4.255,4.257,123787.09528198
2023-10-02 11:00:00,4.258,4.265,4.225,4.228,121271.09700158
2023-10-02 12:00:00,4.228,4.256,4.226,4.243,53165.32900848
2023-10-02 13:00:00,4.243,4.243,4.216,4.233,64480.04305164
2023-10-02 14:00:00,4.234,4.236,4.182,4.221,137554.20179152
2023-10-02 15:00:00,4.22,4.221,4.147,4.165,242996.23853463
2023-10-02 16:00:00,4.164,4.182,4.148,4.175,89370.05321148
2023-10-02 17:00:00,4.173,4.186,4.162,4.181,37472.76267572
2023-10-02 18:00:00,4.181,4.191,3.916,4.113,778660.93144923
2023-10-02 19:00:00,4.112,4.153,4.096,4.153,130966.2671667
2023-10-02 20:00:00,4.153,4.155,4.139,4.143,34453.99541204
2023-10-02 21:00:00,4.143,4.144,4.082,4.11,109112.27937848
2023-10-02 22:00:00,4.109,4.114,4.101,4.112,62811.91148407
2023-10-02 23:00:00,4.112,4.123,4.105,4.116,56873.59150938
2023-10-03 00:00:00,4.116,4.128,4.113,4.121,84839.4879177
2023-10-03 01:00:00,4.122,4.141,4.113,4.139,73291.95660059
2023-10-03 02:00:00,4.139,4.156,4.139,4.156,27908.59620698
2023-10-03 03:00:00,4.155,4.156,4.139,4.151,38278.97691525
2023-10-03 04:00:00,4.152,4.152,4.132,4.143,59305.51776802
2023-10-03 05:00:00,4.144,4.144,4.125,4.125,35459.30551239
2023-10-03 06:00:00,4.126,4.143,4.124,4.134,30937.26876095
2023-10-03 07:00:00,4.135,4.139,4.117,4.12,42097.25233223
2023-10-03 08:00:00,4.119,4.143,4.119,4.134,46897.71562164
2023-10-03 09:00:00,4.134,4.144,4.128,4.129,61153.85449423
2023-10-03 10:00:00,4.129,4.143,4.122,4.143,54418.86051307
2023-10-03 11:00:00,4.142,4.143,4.121,4.131,48338.2335203
2023-10-03 12:00:00,4.131,4.132,4.106,4.119,80317.69594276
2023-10-03 13:00:00,4.118,4.135,4.111,4.127,58290.71152406
2023-10-03 14:00:00,4.127,4.127,4.092,4.1,214259.97546748
2023-10-03 15:00:00,4.098,4.101,4.068,4.08,147697.77858762
2023-10-03 16:00:00,4.08,4.091,4.071,4.086,103570.02885105
2023-10-03 17:00:00,4.086,4.096,4.082,4.085,49592.53601839
2023-10-03 18:00:00,4.085,4.085,4.054,4.054,114572.52921231
2023-10-03 19:00:00,4.054,4.072,4.046,4.062,88875.91170656
2023-10-03 20:00:00,4.062,4.085,4.049,4.076,108195.8137704
2023-10-03 21:00:00,4.076,4.078,4.067,4.073,36307.01031499
2023-10-03 22:00:00,4.072,4.079,4.053,4.079,89391.3962686
2023-10-03 23:00:00,4.078,4.082,4.063,4.073,96535.23459551
2023-10-04 00:00:00,4.073,4.073,3.95,3.997,753124.02131588
2023-10-04 01:00:00,3.997,4.011,3.985,4.004,132403.92433148
2023-10-04 02:00:00,4.003,4.035,4.001,4.029,83289.34952077
2023-10-04 03:00:00,4.029,4.043,4.019,4.03,61600.46799083
2023-10-04 04:00:00,4.031,4.033,4.004,4.012,102362.61663417
2023-10-04 05:00:00,4.012,4.033,4.005,4.033,73413.71433097
2023-10-04 06:00:00,4.033,4.044,4.017,4.044,87578.86653459
2023-10-04 07:00:00,4.044,4.049,4.036,4.046,43225.11922491
2023-10-04 08:00:00,4.045,4.057,4.029,4.053,117118.40855216
2023-10-04 09:00:00,4.053,4.055,4.044,4.049,61853.07677217
2023-10-04 10:00:00,4.049,4.052,4.029,4.03,35441.7665133
2023-10-04 11:00:00,4.03,4.036,4.027,4.036,51929.37304557
2023-10-04 12:00:00,4.036,4.047,4.029,4.032,36070.32521468
2023-10-04 13:00:00,4.031,4.032,3.992,4.001,123746.61125623
2023-10-04 14:00:00,4.002,4.007,3.985,4.005,74319.03618232
2023-10-04 15:00:00,4.004,4.024,4.001,4.008,98909.44707531
2023-10-04 16:00:00,4.007,4.038,3.995,4.026,122064.04451463
2023-10-04 17:00:00,4.026,4.033,4.017,4.023,34490.05147493
2023-10-04 18:00:00,4.023,4.032,4.018,4.031,35095.55815019
2023-10-04 19:00:00,4.032,4.056,4.02,4.034,109878.23679686
2023-10-04 20:00:00,4.033,4.043,4.023,4.027,30961.43523676
2023-10-04 21:00:00,4.027,4.041,4.026,4.034,26201.09564049
2023-10-04 22:00:00,4.033,4.043,4.031,4.041,16002.84606006
2023-10-04 23:00:00,4.041,4.052,4.039,4.039,28623.61622852
2023-10-05 00:00:00,4.039,4.053,4.028,4.043,62327.15604135
2023-10-05 01:00:00,4.044,4.045,4.032,4.038,29220.24160237
2023-10-05 02:00:00,4.039,4.039,4.021,4.035,25134.33159774
2023-10-05 03:00:00,4.037,4.041,4.031,4.033,22748.93164775
2023-10-05 04:00:00,4.031,4.043,4.029,4.043,12608.59745585
2023-10-05 05:00:00,4.043,4.048,4.041,4.046,7266.43399136
2023-10-05 06:00:00,4.046,4.049,4.035,4.037,17724.98674697
2023-10-05 07:00:00,4.037,4.039,4.025,4.035,16762.99909982
2023-10-05 08:00:00,4.035,4.038,4.028,4.035,26878.86376079
2023-10-05 09:00:00,4.034,4.079,4.033,4.052,98587.14440154
2023-10-05 10:00:00,4.052,4.06,4.048,4.06,11949.7686764
2023-10-05 11:00:00,4.06,4.06,4.045,4.045,20446.39387269
2023-10-05 12:00:00,4.046,4.049,4.032,4.035,20699.57281289
2023-10-05 13:00:00,4.037,4.067,4.037,4.056,98368.13048114
2023-10-05 14:00:00,4.056,4.07,4.046,4.054,65184.85778957
2023-10-05 15:00:00,4.054,4.054,3.997,4.023,193490.40291616
2023-10-05 16:00:00,4.021,4.036,4.01,4.015,108806.98096012
2023-10-05 17:00:00,4.015,4.022,4.002,4.019,39157.25129844
2023-10-05 18:00:00,4.018,4.023,4.007,4.014,18881.49966504
2023-10-05 19:00:00,4.014,4.018,4.013,4.016,6578.0538019
2023-10-05 20:00:00,4.017,4.025,4.015,4.025,17097.57892008
2023-10-05 21:00:00,4.025,4.029,4.021,4.021,10381.73920539
2023-10-05 22:00:00,4.02,4.029,4.011,4.026,21540.09636503
2023-10-05 23:00:00,4.028,4.028,4.016,4.019,11076.70364073
2023-10-06 00:00:00,4.019,4.039,4.019,4.039,15826.92854828
2023-10-06 01:00:00,4.038,4.048,4.038,4.045,29917.36971448
2023-10-06 02:00:00,4.044,4.053,4.044,4.051,11511.6594814
2023-10-06 03:00:00,4.051,4.051,4.037,4.037,10840.15177296
2023-10-06 04:00:00,4.037,4.038,4.031,4.034,10244.50659474
2023-10-06 05:00:00,4.035,4.039,4.031,4.039,14330.89686214
2023-10-06 06:00:00,4.039,4.04,4.03,4.037,13840.61204367
2023-10-06 07:00:00,4.037,4.056,4.035,4.05,22668.26381223
2023-10-06 08:00:00,4.05,4.055,4.043,4.045,30973.33338021
2023-10-06 09:00:00,4.045,4.049,4.042,4.046,11641.48815724
2023-10-06 10:00:00,4.046,4.053,4.041,4.041,20391.77595829
2023-10-06 11:00:00,4.041,4.041,4.032,4.035,15398.75680071
2023-10-06 12:00:00,4.034,4.036,3.987,4.002,145179.50718883
2023-10-06 13:00:00,4.001,4.046,3.994,4.035,96352.54685359
2023-10-06 14:00:00,4.037,4.049,4.03,4.043,29404.81759821
2023-10-06 15:00:00,4.043,4.072,4.039,4.061,106229.40956952
2023-10-06 16:00:00,4.061,4.07,4.052,4.065,55821.3446189
2023-10-06 17:00:00,4.065,4.083,4.062,4.078,35803.21389423
2023-10-06 18:00:00,4.079,4.082,4.07,4.076,15349.75137759
2023-10-06 19:00:00,4.077,4.092,4.07,4.07,56134.89405376
2023-10-06 20:00:00,4.07,4.076,4.065,4.066,16110.15690546
2023-10-06 21:00:00,4.067,4.091,4.065,4.084,58121.46895089
2023-10-06 22:00:00,4.083,4.085,4.07,4.07,17572.60192868
2023-10-06 23:00:00,4.07,4.07,4.06,4.067,27428.2626018
2023-10-07 00:00:00,4.067,4.071,4.061,4.066,38464.83455192
2023-10-07 01:00:00,4.067,4.07,4.058,4.063,21555.36619935
2023-10-07 02:00:00,4.064,4.068,4.061,4.061,11560.65927679
2023-10-07 03:00:00,4.061,4.07,4.059,4.066,9388.57041665
2023-10-07 04:00:00,4.065,4.078,4.065,4.076,9106.04022047
2023-10-07 05:00:00,4.077,4.093,4.073,4.09,38156.10935171
2023-10-07 06:00:00,4.091,4.1,4.083,4.087,24730.23693588
2023-10-07 07:00:00,4.087,4.096,4.086,4.094,12483.82275232
2023-10-07 08:00:00,4.094,4.108,4.089,4.108,43030.78457652
2023-10-07 09:00:00,4.108,4.11,4.085,4.089,22125.01358167
2023-10-07 10:00:00,4.089,4.092,4.085,4.091,14856.25712888
2023-10-07 11:00:00,4.091,4.093,4.083,4.085,21125.28566018
2023-10-07 12:00:00,4.085,4.091,4.081,4.084,10490.83070245
2023-10-07 13:00:00,4.085,4.086,4.076,4.083,19256.45332773
2023-10-07 14:00:00,4.084,4.087,4.078,4.086,15006.62196267
2023-10-07 15:00:00,4.087,4.091,4.071,4.075,16115.71876115
2023-10-07 16:00:00,4.075,4.077,4.069,4.07,9050.40496194
2023-10-07 17:00:00,4.069,4.073,4.065,4.067,13436.12518078
2023-10-07 18:00:00,4.067,4.07,4.054,4.055,21350.29722174
2023-10-07 19:00:00,4.055,4.055,4.043,4.049,13811.69850743
2023-10-07 20:00:00,4.049,4.056,4.048,4.055,6592.3402964
2023-10-07 21:00:00,4.054,4.054,4.05,4.051,13010.74696578
2023-10-07 22:00:00,4.051,4.053,4.048,4.051,6648.30620339
2023-10-07 23:00:00,4.051,4.052,4.048,4.05,10012.47572615
2023-10-08 00:00:00,4.049,4.059,4.049,4.058,8423.06415713
2023-10-08 01:00:00,4.057,4.059,4.048,4.059,10941.88310307
2023-10-08 02:00:00,4.059,4.069,4.057,4.061,12402.35446813
2023-10-08 03:00:00,4.06,4.069,4.055,4.068,17591.1970804
2023-10-08 04:00:00,4.068,4.068,4.05,4.054,10273.42594813
2023-10-08 05:00:00,4.053,4.053,4.037,4.041,31118.96134336
2023-10-08 06:00:00,4.04,4.046,4.033,4.034,8153.30580983
2023-10-08 07:00:00,4.034,4.038,4.026,4.033,27819.95821733
2023-10-08 08:00:00,4.032,4.032,4.025,4.027,22456.07777202
2023-10-08 09:00:00,4.027,4.03,4.009,4.013,44421.44870737
2023-10-08 10:00:00,4.012,4.016,4.001,4.005,35871.49218069
2023-10-08 11:00:00,4.007,4.015,4.002,4.014,37805.8854429
2023-10-08 12:00:00,4.013,4.02,4.01,4.017,23399.72549393
2023-10-08 13:00:00,4.016,4.036,4.005,4.025,107815.97883536
2023-10-08 14:00:00,4.024,4.035,4.016,4.031,18865.22957858
2023-10-08 15:00:00,4.031,4.032,4.018,4.018,10727.86134071
2023-10-08 16:00:00,4.019,4.027,4.017,4.024,32812.85517177
2023-10-08 17:00:00,4.024,4.029,4.021,4.022,17298.60830926
2023-10-08 18:00:00,4.021,4.021,4.014,4.02,16926.72401524
2023-10-08 19:00:00,4.021,4.026,4.014,4.016,20160.02255575
2023-10-08 20:00:00,4.016,4.019,4.01,4.016,16467.61750642
2023-10-08 21:00:00,4.017,4.021,4.009,4.009,22902.41335919
2023-10-08 22:00:00,4.009,4.011,3.998,4.007,45116.40626423
2023-10-08 23:00:00,4.006,4.014,4.005,4.01,19222.21038694
2023-10-09 00:00:00,4.01,4.011,3.999,4.002,23766.69591793
2023-10-09 01:00:00,4.002,4.017,3.998,4.014,33944.7605972
2023-10-09 02:00:00,4.014,4.018,4.013,4.018,9670.91954547
2023-10-09 03:00:00,4.018,4.028,4.016,4.021,12032.78695157
2023-10-09 04:00:00,4.022,4.023,4.017,4.017,15066.00234055
2023-10-09 05:00:00,4.017,4.02,4.005,4.006,19747.58829365
2023-10-09 06:00:00,4.006,4.009,4.002,4.004,38571.65892581
2023-10-09 07:00:00,4.003,4.004,3.981,3.989,94521.9763054
2023-10-09 08:00:00,3.989,3.99,3.914,3.933,414567.48192912
2023-10-09 09:00:00,3.931,3.941,3.728,3.852,856776.44048476
2023-10-09 10:00:00,3.851,3.868,3.84,3.855,158239.10429203
2023-10-09 11:00:00,3.854,3.857,3.833,3.844,93952.7428511
2023-10-09 12:00:00,3.843,3.864,3.833,3.854,71763.88572789
2023-10-09 13:00:00,3.854,3.865,3.848,3.863,61574.77041933
2023-10-09 14:00:00,3.864,3.867,3.846,3.849,69408.84611642
2023-10-09 15:00:00,3.848,3.856,3.843,3.843,49903.38502771
2023-10-09 16:00:00,3.845,3.847,3.747,3.807,708230.06871778
2023-10-09 17:00:00,3.808,3.846,3.796,3.844,77233.79490782
2023-10-09 18:00:00,3.845,3.861,3.841,3.842,88681.66649021
2023-10-09 19:00:00,3.842,3.857,3.838,3.852,25643.05971865
2023-10-09 20:00:00,3.853,3.853,3.825,3.829,78110.19329875
2023-10-09 21:00:00,3.828,3.852,3.823,3.848,53940.20758087
2023-10-09 22:00:00,3.847,3.856,3.843,3.855,41298.72695858
2023-10-09 23:00:00,3.855,3.876,3.855,3.876,22316.09120056
2023-10-10 00:00:00,3.876,3.891,3.847,3.851,88438.07630569
2023-10-10 01:00:00,3.851,3.855,3.826,3.826,67960.0655398
2023-10-10 02:00:00,3.825,3.857,3.819,3.855,62432.8922806
2023-10-10 03:00:00,3.856,3.857,3.844,3.85,45160.84641734
2023-10-10 04:00:00,3.85,3.85,3.831,3.832,42948.53406786
2023-10-10 05:00:00,3.834,3.845,3.833,3.842,20787.17240687
2023-10-10 06:00:00,3.842,3.849,3.841,3.849,10576.56978667
2023-10-10 07:00:00,3.85,3.859,3.834,3.835,31057.11783087
2023-10-10 08:00:00,3.836,3.853,3.835,3.835,34389.07816237
2023-10-10 09:00:00,3.835,3.836,3.823,3.829,59228.75471795
2023-10-10 10:00:00,3.829,3.832,3.811,3.814,77494.70409289
2023-10-10 11:00:00,3.816,3.816,3.806,3.808,36954.26389731
2023-10-10 12:00:00,3.809,3.82,3.795,3.8,54329.0773186
2023-10-10 13:00:00,3.801,3.813,3.796,3.812,30720.02196027
2023-10-10 14:00:00,3.812,3.838,3.799,3.811,75586.64735508
2023-10-10 15:00:00,3.81,3.817,3.797,3.806,55385.9481782
2023-10-10 16:00:00,3.807,3.818,3.797,3.813,51314.47307025
2023-10-10 17:00:00,3.814,3.816,3.794,3.799,62788.87769298
2023-10-10 18:00:00,3.8,3.814,3.796,3.812,37001.54879438
2023-10-10 19:00:00,3.813,3.819,3.809,3.813,26065.28811402
2023-10-10 20:00:00,3.814,3.817,3.766,3.8,133170.92537625
2023-10-10 21:00:00,3.799,3.813,3.788,3.813,33167.22716435
2023-10-10 22:00:00,3.813,3.825,3.813,3.818,9870.92154769
2023-10-10 23:00:00,3.818,3.821,3.804,3.807,19595.33591082
2023-10-11 00:00:00,3.808,3.818,3.805,3.818,17060.15320685
2023-10-11 01:00:00,3.818,3.82,3.8,3.804,28045.93697629
2023-10-11 02:00:00,3.804,3.809,3.698,3.76,260419.56238677
2023-10-11 03:00:00,3.764,3.771,3.74,3.743,49370.28298811
2023-10-11 04:00:00,3.743,3.762,3.736,3.759,27707.92027457
2023-10-11 05:00:00,3.757,3.765,3.744,3.757,29104.61639667
2023-10-11 06:00:00,3.757,3.76,3.737,3.744,38531.50563592
2023-10-11 07:00:00,3.745,3.749,3.735,3.737,24588.55407286
2023-10-11 08:00:00,3.736,3.761,3.731,3.76,52682.37045982
2023-10-11 09:00:00,3.76,3.77,3.754,3.765,42135.39687382
2023-10-11 10:00:00,3.765,3.774,3.76,3.771,42101.38637415
2023-10-11 11:00:00,3.77,3.778,3.764,3.766,29507.25083998
2023-10-11 12:00:00,3.765,3.786,3.753,3.763,95451.57255248
2023-10-11 13:00:00,3.764,3.767,3.754,3.763,12760.76696406
2023-10-11 14:00:00,3.762,3.766,3.754,3.758,18577.56868481
2023-10-11 15:00:00,3.758,3.761,3.706,3.729,209257.79031313
2023-10-11 16:00:00,3.729,3.738,3.696,3.71,156283.61858596
2023-10-11 17:00:00,3.709,3.723,3.704,3.713,65668.36900782
2023-10-11 18:00:00,3.711,3.726,3.694,3.725,100927.11591135
2023-10-11 19:00:00,3.724,3.726,3.713,3.719,40414.86164607
2023-10-11 20:00:00,3.72,3.72,3.706,3.711,31677.68047734
2023-10-11 21:00:00,3.711,3.716,3.699,3.715,23452.38398931
2023-10-11 22:00:00,3.715,3.731,3.712,3.728,27922.07698544
2023-10-11 23:00:00,3.729,3.736,3.724,3.736,22954.05698032
2023-10-12 00:00:00,3.736,3.736,3.728,3.73,10350.56626253
2023-10-12 01:00:00,3.729,3.729,3.703,3.704,25938.32373794
2023-10-12 02:00:00,3.703,3.736,3.699,3.726,28332.32674883
2023-10-12 03:00:00,3.726,3.728,3.708,3.717,10247.96798346
2023-10-12 04:00:00,3.717,3.719,3.711,3.711,20787.12396809
2023-10-12 05:00:00,3.711,3.72,3.702,3.72,17638.19483503
2023-10-12 06:00:00,3.72,3.73,3.716,3.716,18945.27414785
2023-10-12 07:00:00,3.716,3.72,3.704,3.706,36766.25539948
2023-10-12 08:00:00,3.707,3.713,3.703,3.707,29649.30904081
2023-10-12 09:00:00,3.706,3.71,3.614,3.642,349740.27702915
2023-10-12 10:00:00,3.642,3.668,3.638,3.664,78703.20884785
2023-10-12 11:00:00,3.663,3.691,3.663,3.689,90632.98852248
2023-10-12 12:00:00,3.688,3.691,3.668,3.678,98361.66510308
2023-10-12 13:00:00,3.677,3.686,3.647,3.657,30004.29970202
2023-10-12 14:00:00,3.658,3.664,3.648,3.66,50797.54492769
2023-10-12 15:00:00,3.66,3.674,3.656,3.659,29032.52151332
2023-10-12 16:00:00,3.659,3.669,3.616,3.649,237563.10252789
2023-10-12 17:00:00,3.649,3.652,3.632,3.649,97643.4902516
2023-10-12 18:00:00,3.651,3.67,3.648,3.653,35508.24164962
2023-10-12 19:00:00,3.653,3.667,3.647,3.66,29868.77904884
2023-10-12 20:00:00,3.659,3.662,3.651,3.653,19288.19867205
2023-10-12 21:00:00,3.653,3.666,3.647,3.666,27287.48112809
2023-10-12 22:00:00,3.666,3.67,3.662,3.667,13505.46647143
2023-10-12 23:00:00,3.667,3.674,3.659,3.672,17390.36148052
2023-10-13 00:00:00,3.671,3.684,3.668,3.68,30711.93358176
2023-10-13 01:00:00,3.681,3.688,3.673,3.683,17982.51936313
2023-10-13 02:00:00,3.684,3.687,3.676,3.684,12900.53269161
2023-10-13 03:00:00,3.684,3.685,3.67,3.673,24027.67804314
2023-10-13 04:00:00,3.674,3.68,3.672,3.672,9103.72462829
2023-10-13 05:00:00,3.672,3.681,3.669,3.669,17252.13629688
2023-10-13 06:00:00,3.669,3.672,3.665,3.67,10467.35981905
2023-10-13 07:00:00,3.67,3.693,3.67,3.689,44297.35342793
2023-10-13 08:00:00,3.69,3.691,3.678,3.68,22725.21888968
2023-10-13 09:00:00,3.68,3.688,3.675,3.676,48410.28660183
2023-10-13 10:00:00,3.677,3.681,3.676,3.679,26717.23926562
2023-10-13 11:00:00,3.679,3.691,3.678,3.687,23805.71883946
2023-10-13 12:00:00,3.687,3.713,3.681,3.712,47982.29760896
2023-10-13 13:00:00,3.712,3.715,3.696,3.699,28104.6627432
2023-10-13 14:00:00,3.698,3.7,3.681,3.682,28265.11687789
2023-10-13 15:00:00,3.68,3.683,3.668,3.682,20062.74788492
2023-10-13 16:00:00,3.682,3.704,3.682,3.699,24064.18907887
2023-10-13 17:00:00,3.7,3.7,3.688,3.699,17061.81944732
2023-10-13 18:00:00,3.698,3.699,3.692,3.699,8790.45572178
2023-10-13 19:00:00,3.699,3.703,3.696,3.701,9839.49315858
2023-10-13 20:00:00,3.702,3.743,3.7,3.734,94844.32621174
2023-10-13 21:00:00,3.734,3.772,3.727,3.737,149044.47845438
2023-10-13 22:00:00,3.737,3.747,3.712,3.721,31102.51131643
2023-10-13 23:00:00,3.722,3.724,3.712,3.717,17399.8876419
2023-10-14 00:00:00,3.718,3.724,3.714,3.724,11873.05925216
2023-10-14 01:00:00,3.724,3.74,3.714,3.74,23397.75771313
2023-10-14 02:00:00,3.738,3.742,3.732,3.732,16438.74403634
2023-10-14 03:00:00,3.733,3.74,3.733,3.737,7275.10193331
2023-10-14 04:00:00,3.738,3.741,3.73,3.73,10405.50529956
2023-10-14 05:00:00,3.732,3.735,3.728,3.728,5656.9923951
2023-10-14 06:00:00,3.728,3.729,3.719,3.721,11766.02057715
2023-10-14 07:00:00,3.72,3.723,3.718,3.723,17720.83373911
2023-10-14 08:00:00,3.725,3.725,3.719,3.722,10167.70684789
2023-10-14 09:00:00,3.722,3.724,3.72,3.724,6692.65799442
2023-10-14 10:00:00,3.725,3.73,3.723,3.73,15840.27215818
2023-10-14 11:00:00,3.73,3.73,3.726,3.73,12308.50830186
2023-10-14 12:00:00,3.73,3.738,3.729,3.736,26086.13215151
2023-10-14 13:00:00,3.737,3.742,3.733,3.741,27287.07639547
2023-10-14 14:00:00,3.742,3.751,3.735,3.738,22001.42653864
2023-10-14 15:00:00,3.737,3.756,3.737,3.754,26965.38304765
2023-10-14 16:00:00,3.755,3.758,3.743,3.749,22954.28491631
2023-10-14 17:00:00,3.748,3.748,3.738,3.74,19007.29282644
2023-10-14 18:00:00,3.74,3.742,3.733,3.735,30313.79685979
2023-10-14 19:00:00,3.735,3.735,3.73,3.735,8694.02738718
2023-10-14 20:00:00,3.736,3.738,3.732,3.737,10083.90675884
2023-10-14 21:00:00,3.737,3.747,3.736,3.736,33069.74924058
2023-10-14 22:00:00,3.736,3.737,3.729,3.732,19594.64373069
2023-10-14 23:00:00,3.732,3.736,3.731,3.731,12406.92416493
2023-10-15 00:00:00,3.731,3.734,3.726,3.73,17581.81974663
2023-10-15 01:00:00,3.73,3.746,3.729,3.742,36442.15984288
2023-10-15 02:00:00,3.742,3.745,3.737,3.739,18994.95612657
2023-10-15 03:00:00,3.739,3.74,3.725,3.725,9153.41266138
2023-10-15 04:00:00,3.726,3.728,3.718,3.72,25878.00695381
2023-10-15 05:00:00,3.72,3.72,3.704,3.707,21992.06796681
2023-10-15 06:00:00,3.707,3.709,3.705,3.708,11447.19961819
2023-10-15 07:00:00,3.708,3.713,3.706,3.713,4143.29934832
2023-10-15 08:00:00,3.714,3.752,3.712,3.743,53641.25544304
2023-10-15 09:00:00,3.743,3.768,3.741,3.766,86309.07369664
2023-10-15 10:00:00,3.768,3.772,3.749,3.75,39925.59948597
2023-10-15 11:00:00,3.75,3.75,3.738,3.739,19530.23747632
2023-10-15 12:00:00,3.739,3.745,3.728,3.74,49730.31954434
2023-10-15 13:00:00,3.74,3.754,3.726,3.729,79212.78275893
2023-10-15 14:00:00,3.729,3.743,3.728,3.739,17311.97862983
2023-10-15 15:00:00,3.738,3.74,3.734,3.737,13824.43270161
2023-10-15 16:00:00,3.736,3.747,3.736,3.747,11564.85683987
2023-10-15 17:00:00,3.746,3.755,3.746,3.754,20107.98141736
2023-10-15 18:00:00,3.754,3.759,3.75,3.758,13586.94065027
2023-10-15 19:00:00,3.759,3.762,3.751,3.757,18394.64829023
2023-10-15 20:00:00,3.758,3.772,3.755,3.768,74206.99321493
2023-10-15 21:00:00,3.769,3.771,3.754,3.757,23236.36754832
2023-10-15 22:00:00,3.757,3.768,3.745,3.749,32692.82050525
2023-10-15 23:00:00,3.749,3.751,3.745,3.75,13153.00490567
2023-10-16 00:00:00,3.75,3.754,3.739,3.743,22163.51925932
2023-10-16 01:00:00,3.743,3.756,3.743,3.749,24369.87465434
2023-10-16 02:00:00,3.75,3.755,3.739,3.74,14194.68708075
2023-10-16 03:00:00,3.739,3.755,3.735,3.755,11808.18791826
2023-10-16 04:00:00,3.755,3.759,3.749,3.752,18170.2044949
2023-10-16 05:00:00,3.753,3.819,3.753,3.795,240119.19925647
2023-10-16 06:00:00,3.796,3.8,3.776,3.781,37227.09142001
2023-10-16 07:00:00,3.782,3.797,3.779,3.796,17357.69452145
2023-10-16 08:00:00,3.797,3.806,3.791,3.792,22700.80104362
2023-10-16 09:00:00,3.793,3.793,3.752,3.782,86085.45071926
2023-10-16 10:00:00,3.781,3.783,3.774,3.778,43524.68026399
2023-10-16 11:00:00,3.777,3.782,3.772,3.782,26262.78353901
2023-10-16 12:00:00,3.783,3.795,3.779,3.793,42638.14037629
2023-10-16 13:00:00,3.795,3.9,3.735,3.769,760464.94596122
2023-10-16 14:00:00,3.77,3.794,3.749,3.782,96053.75117612
2023-10-16 15:00:00,3.783,3.787,3.751,3.758,55048.58465757
2023-10-16 16:00:00,3.759,3.765,3.753,3.754,29178.10788529
2023-10-16 17:00:00,3.755,3.763,3.749,3.757,18643.42286774
2023-10-16 18:00:00,3.758,3.775,3.758,3.773,37872.62514672
2023-10-16 19:00:00,3.774,3.797,3.771,3.779,70066.22655779
2023-10-16 20:00:00,3.78,3.804,3.776,3.78,92168.39692216
2023-10-16 21:00:00,3.781,3.793,3.766,3.792,25032.37475418
2023-10-16 22:00:00,3.793,3.811,3.79,3.808,21968.70298377
2023-10-16 23:00:00,3.808,3.809,3.774,3.774,28482.70886605
2023-10-17 00:00:00,3.774,3.777,3.741,3.742,57439.39808435
2023-10-17 01:00:00,3.741,3.758,3.739,3.744,23538.20534169
2023-10-17 02:00:00,3.744,3.751,3.737,3.747,14936.19159772
2023-10-17 03:00:00,3.747,3.748,3.736,3.738,18556.61520801
2023-10-17 04:00:00,3.737,3.743,3.723,3.741,39714.98772641
2023-10-17 05:00:00,3.74,3.743,3.735,3.736,7977.11903716
2023-10-17 06:00:00,3.736,3.738,3.728,3.738,18793.8024972
2023-10-17 07:00:00,3.738,3.75,3.738,3.747,26922.71023316
2023-10-17 08:00:00,3.746,3.749,3.737,3.742,25476.89200958
2023-10-17 09:00:00,3.743,3.743,3.732,3.736,15336.99622669
2023-10-17 10:00:00,3.736,3.74,3.721,3.724,30421.85974994
2023-10-17 11:00:00,3.724,3.733,3.719,3.728,16383.40648716
2023-10-17 12:00:00,3.728,3.729,3.702,3.705,53608.49079303
2023-10-17 13:00:00,3.704,3.722,3.626,3.683,356020.28772102
2023-10-17 14:00:00,3.681,3.705,3.679,3.7,58189.88434238
2023-10-17 15:00:00,3.699,3.71,3.696,3.696,36954.55132211
2023-10-17 16:00:00,3.695,3.703,3.692,3.696,15342.4688248
2023-10-17 17:00:00,3.695,3.696,3.669,3.679,37124.68389086
2023-10-17 18:00:00,3.679,3.68,3.644,3.657,44002.94913065
2023-10-17 19:00:00,3.656,3.672,3.653,3.672,19753.68687507
2023-10-17 20:00:00,3.673,3.675,3.659,3.66,20914.86358537
2023-10-17 21:00:00,3.66,3.671,3.659,3.663,14365.90785628
2023-10-17 22:00:00,3.662,3.671,3.659,3.663,12767.26318912
2023-10-17 23:00:00,3.664,3.671,3.662,3.669,8630.74104372
2023-10-18 00:00:00,3.668,3.668,3.649,3.658,42192.71498084
2023-10-18 01:00:00,3.656,3.666,3.651,3.656,32690.62319693
2023-10-18 02:00:00,3.656,3.66,3.647,3.654,30008.37526331
2023-10-18 03:00:00,3.655,3.662,3.655,3.662,34822.0827585
2023-10-18 04:00:00,3.662,3.705,3.659,3.682,88639.76216738
2023-10-18 05:00:00,3.683,3.691,3.672,3.678,53372.02768755
2023-10-18 06:00:00,3.678,3.682,3.667,3.673,34000.5069565
2023-10-18 07:00:00,3.673,3.678,3.662,3.672,23861.43856241
2023-10-18 08:00:00,3.671,3.684,3.665,3.684,27408.4104852
2023-10-18 09:00:00,3.684,3.721,3.676,3.676,67897.22874702
2023-10-18 10:00:00,3.676,3.697,3.674,3.694,37785.38647733
2023-10-18 11:00:00,3.694,3.701,3.687,3.693,43411.31184952
2023-10-18 12:00:00,3.696,3.7,3.685,3.69,21004.64389285
2023-10-18 13:00:00,3.691,3.691,3.671,3.681,20312.49855846
2023-10-18 14:00:00,3.68,3.681,3.66,3.665,30641.83332216
2023-10-18 15:00:00,3.664,3.68,3.663,3.68,14389.12888486
2023-10-18 16:00:00,3.68,3.686,3.672,3.676,24522.79601009
2023-10-18 17:00:00,3.677,3.682,3.672,3.673,17114.20597592
2023-10-18 18:00:00,3.673,3.673,3.662,3.664,13197.97084768
2023-10-18 19:00:00,3.663,3.664,3.649,3.653,33336.84483413
2023-10-18 20:00:00,3.653,3.657,3.632,3.641,61941.15232561
2023-10-18 21:00:00,3.641,3.644,3.626,3.64,35803.89949886
2023-10-18 22:00:00,3.639,3.66,3.636,3.659,18893.45169481
2023-10-18 23:00:00,3.66,3.662,3.65,3.651,19461.88496617
2023-10-19 00:00:00,3.65,3.656,3.641,3.653,23118.98295448
2023-10-19 01:00:00,3.651,3.655,3.55,3.612,343597.01563317
2023-10-19 02:00:00,3.613,3.619,3.603,3.616,50260.68615314
2023-10-19 03:00:00,3.616,3.619,3.609,3.612,23806.91902088
2023-10-19 04:00:00,3.612,3.622,3.607,3.621,53007.27618083
2023-10-19 05:00:00,3.621,3.623,3.608,3.609,16448.49569224
2023-10-19 06:00:00,3.609,3.622,3.607,3.619,13232.74863245
2023-10-19 07:00:00,3.62,3.62,3.602,3.613,68351.29331483
2023-10-19 08:00:00,3.613,3.619,3.609,3.61,37662.3796555
2023-10-19 09:00:00,3.611,3.62,3.603,3.61,14096.2673029
2023-10-19 10:00:00,3.611,3.631,3.61,3.625,113033.32073768
2023-10-19 11:00:00,3.625,3.626,3.618,3.622,52133.18557215
2023-10-19 12:00:00,3.622,3.636,3.621,3.626,73567.18043988
2023-10-19 13:00:00,3.626,3.637,3.621,3.622,23347.42393831
2023-10-19 14:00:00,3.622,3.636,3.615,3.635,53903.2038191
2023-10-19 15:00:00,3.636,3.646,3.626,3.63,74602.03983592
2023-10-19 16:00:00,3.63,3.658,3.625,3.628,80580.50816321
2023-10-19 17:00:00,3.629,3.63,3.605,3.629,54018.42554213
2023-10-19 18:00:00,3.628,3.637,3.627,3.632,13196.81483211
2023-10-19 19:00:00,3.631,3.647,3.631,3.64,10744.24555342
2023-10-19 20:00:00,3.641,3.656,3.636,3.638,62320.19756124
2023-10-19 21:00:00,3.639,3.643,3.622,3.626,32901.93520248
2023-10-19 22:00:00,3.625,3.632,3.624,3.629,21115.01376959
2023-10-19 23:00:00,3.629,3.646,3.629,3.646,12051.27224953
2023-10-20 00:00:00,3.647,3.654,3.639,3.643,18020.01124455
2023-10-20 01:00:00,3.643,3.661,3.636,3.661,38075.43382152
2023-10-20 02:00:00,3.66,3.692,3.657,3.683,72547.65566739
2023-10-20 03:00:00,3.684,3.715,3.678,3.705,76614.81584428
2023-10-20 04:00:00,3.706,3.711,3.695,3.709,35196.75661823
2023-10-20 05:00:00,3.711,3.72,3.706,3.714,34842.25409724
2023-10-20 06:00:00,3.714,3.716,3.698,3.714,25947.82952728
2023-10-20 07:00:00,3.714,3.738,3.714,3.722,49633.21784216
2023-10-20 08:00:00,3.723,3.776,3.723,3.763,139925.3597039
2023-10-20 09:00:00,3.763,3.785,3.757,3.781,54888.54952586
2023-10-20 10:00:00,3.782,3.801,3.762,3.762,115732.82337643
2023-10-20 11:00:00,3.762,3.777,3.752,3.755,75686.11377962
2023-10-20 12:00:00,3.756,3.767,3.734,3.755,116767.90751342
2023-10-20 13:00:00,3.755,3.758,3.726,3.752,67828.11572713
2023-10-20 14:00:00,3.749,3.757,3.725,3.731,25922.85069979
2023-10-20 15:00:00,3.731,3.736,3.696,3.71,73034.69643203
2023-10-20 16:00:00,3.71,3.711,3.684,3.689,72563.78251936
2023-10-20 17:00:00,3.689,3.713,3.671,3.706,76542.56609713
2023-10-20 18:00:00,3.706,3.71,3.699,3.702,20989.81608235
2023-10-20 19:00:00,3.702,3.71,3.696,3.71,12269.09211573
2023-10-20 20:00:00,3.711,3.721,3.705,3.713,61723.83996937
2023-10-20 21:00:00,3.713,3.721,3.712,3.717,17958.94309737
2023-10-20 22:00:00,3.717,3.724,3.717,3.723,12530.17242704
2023-10-20 23:00:00,3.723,3.728,3.713,3.715,26719.9168018
2023-10-21 00:00:00,3.715,3.736,3.715,3.727,48435.63945376
2023-10-21 01:00:00,3.725,3.725,3.706,3.709,21472.63665878
2023-10-21 02:00:00,3.71,3.715,3.704,3.715,10537.48844108
2023-10-21 03:00:00,3.716,3.73,3.704,3.721,27009.88043973
2023-10-21 04:00:00,3.72,3.731,3.72,3.728,16209.54852236
2023-10-21 05:00:00,3.728,3.741,3.728,3.733,10065.40223033
2023-10-21 06:00:00,3.735,3.759,3.735,3.754,48022.36593637
2023-10-21 07:00:00,3.756,3.763,3.747,3.763,22813.8898976
2023-10-21 08:00:00,3.763,3.765,3.751,3.752,23860.87696484
2023-10-21 09:00:00,3.753,3.769,3.749,3.765,13094.97161261
2023-10-21 10:00:00,3.768,3.776,3.76,3.774,23954.82373413
2023-10-21 11:00:00,3.774,3.814,3.774,3.807,119515.60368124
2023-10-21 12:00:00,3.809,3.812,3.789,3.789,101460.65125238
2023-10-21 13:00:00,3.789,3.825,3.778,3.824,50770.06820436
2023-10-21 14:00:00,3.824,3.87,3.816,3.859,147013.2341862
2023-10-21 15:00:00,3.858,3.871,3.833,3.861,125068.70705927
2023-10-21 16:00:00,3.861,3.892,3.845,3.872,98150.66685061
2023-10-21 17:00:00,3.873,3.968,3.871,3.956,257620.12657034
2023-10-21 18:00:00,3.956,3.975,3.901,3.934,134971.72749536
2023-10-21 19:00:00,3.935,3.939,3.912,3.937,41882.43696877
2023-10-21 20:00:00,3.937,3.953,3.903,3.917,85767.25882902
2023-10-21 21:00:00,3.917,3.923,3.906,3.917,25418.38606607
2023-10-21 22:00:00,3.916,3.925,3.902,3.909,20509.59555188
2023-10-21 23:00:00,3.909,3.91,3.889,3.907,34373.107011
2023-10-22 00:00:00,3.906,3.947,3.895,3.936,69645.93533618
2023-10-22 01:00:00,3.938,3.95,3.902,3.918,56034.09699554
2023-10-22 02:00:00,3.918,3.918,3.875,3.879,74460.46020574
2023-10-22 03:00:00,3.879,3.88,3.856,3.871,80060.07584235
2023-10-22 04:00:00,3.87,3.899,3.864,3.893,49576.65287272
2023-10-22 05:00:00,3.893,3.935,3.889,3.923,67407.63861568
2023-10-22 06:00:00,3.922,3.93,3.898,3.921,76263.03613092
2023-10-22 07:00:00,3.921,3.928,3.804,3.869,498948.05344393
2023-10-22 08:00:00,3.867,3.879,3.833,3.846,94829.99837625
2023-10-22 09:00:00,3.843,3.866,3.833,3.833,63274.13465214
2023-10-22 10:00:00,3.834,3.857,3.833,3.845,28320.39666294
2023-10-22 11:00:00,3.843,3.844,3.819,3.83,32426.51920236
2023-10-22 12:00:00,3.832,3.854,3.827,3.828,43276.50052955
2023-10-22 13:00:00,3.829,3.854,3.829,3.854,63273.96796268
2023-10-22 14:00:00,3.854,3.855,3.822,3.826,61057.66658067
2023-10-22 15:00:00,3.824,3.826,3.807,3.818,122759.00309206
2023-10-22 16:00:00,3.819,3.846,3.813,3.829,110259.77930857
2023-10-22 17:00:00,3.829,3.877,3.827,3.876,60416.02275609
2023-10-22 18:00:00,3.877,3.897,3.863,3.863,114697.06476101
2023-10-22 19:00:00,3.863,3.876,3.846,3.852,46840.35391095
2023-10-22 20:00:00,3.853,3.881,3.853,3.878,32539.10329204
2023-10-22 21:00:00,3.881,3.896,3.86,3.877,71824.77060983
2023-10-22 22:00:00,3.878,3.953,3.869,3.952,129891.36713273
2023-10-22 23:00:00,3.953,3.969,3.938,3.963,109060.51423919
2023-10-23 00:00:00,3.965,4.0,3.946,3.985,185511.25662153
2023-10-23 01:00:00,3.986,4.036,3.977,4.002,275708.26110368
2023-10-23 02:00:00,4.002,4.02,3.987,4.014,66052.13632297
2023-10-23 03:00:00,4.014,4.037,3.99,4.028,145634.70022887
2023-10-23 04:00:00,4.03,4.052,4.01,4.051,96480.8976845
2023-10-23 05:00:00,4.051,4.054,4.014,4.014,140827.53844898
2023-10-23 06:00:00,4.015,4.042,3.978,3.98,107017.98450679
2023-10-23 07:00:00,3.979,3.994,3.939,3.964,91515.64481047
2023-10-23 08:00:00,3.964,3.997,3.954,3.995,90165.12841694
2023-10-23 09:00:00,3.994,3.996,3.916,3.953,147469.04255117
2023-10-23 10:00:00,3.954,4.008,3.952,4.002,105485.38535086
2023-10-23 11:00:00,4.001,4.032,3.992,4.031,121220.91770519
2023-10-23 12:00:00,4.031,4.046,4.004,4.017,101600.57056482
2023-10-23 13:00:00,4.017,4.043,3.972,4.003,301053.84483747
2023-10-23 14:00:00,4.003,4.029,3.999,4.023,119647.61744047
2023-10-23 15:00:00,4.024,4.129,4.023,4.092,524847.56329364
2023-10-23 16:00:00,4.092,4.124,4.078,4.123,314765.44594002
2023-10-23 17:00:00,4.123,4.173,4.089,4.143,513989.19031477
2023-10-23 18:00:00,4.144,4.159,4.086,4.132,273776.77158524
2023-10-23 19:00:00,4.132,4.198,4.128,4.193,245750.09560625
2023-10-23 20:00:00,4.191,4.207,4.165,4.185,222191.17892127
2023-10-23 21:00:00,4.185,4.209,4.179,4.187,70310.19540782
2023-10-23 22:00:00,4.186,4.349,4.178,4.32,1015779.11939205
2023-10-23 23:00:00,4.32,4.367,4.236,4.358,456820.73885977
2023-10-24 00:00:00,4.358,4.396,4.299,4.357,283610.43795188
2023-10-24 01:00:00,4.358,4.379,4.295,4.33,334312.33847039
2023-10-24 02:00:00,4.33,4.421,4.32,4.375,542128.45445841
2023-10-24 03:00:00,4.375,4.375,4.296,4.296,365084.92880518
2023-10-24 04:00:00,4.296,4.36,4.295,4.343,142743.4543175
2023-10-24 05:00:00,4.343,4.394,4.291,4.304,200265.75084458
2023-10-24 06:00:00,4.303,4.324,4.235,4.261,188045.99657362
2023-10-24 07:00:00,4.261,4.264,4.212,4.252,102855.52155601
2023-10-24 08:00:00,4.254,4.28,4.241,4.27,64304.59458006
2023-10-24 09:00:00,4.269,4.31,4.247,4.283,245953.43563838
2023-10-24 10:00:00,4.284,4.308,4.275,4.302,77106.83096399
2023-10-24 11:00:00,4.302,4.312,4.255,4.294,192751.99369492
2023-10-24 12:00:00,4.295,4.378,4.29,4.338,241813.97634889
2023-10-24 13:00:00,4.338,4.338,4.277,4.313,208223.52231332
2023-10-24 14:00:00,4.314,4.319,4.24,4.275,179054.93543608
2023-10-24 15:00:00,4.275,4.302,4.089,4.151,1071023.91781441
2023-10-24 16:00:00,4.152,4.225,4.118,4.19,336003.27627144
2023-10-24 17:00:00,4.189,4.208,4.166,4.171,67886.86353802
2023-10-24 18:00:00,4.171,4.194,4.125,4.186,175776.19427872
2023-10-24 19:00:00,4.185,4.197,4.175,4.176,110172.61043521
2023-10-24 20:00:00,4.176,4.192,4.152,4.161,93744.59229776
2023-10-24 21:00:00,4.159,4.199,4.14,4.194,188833.55197681
2023-10-24 22:00:00,4.193,4.221,4.176,4.203,184060.12428745
2023-10-24 23:00:00,4.203,4.209,4.17,4.186,63930.11884621
2023-10-25 00:00:00,4.186,4.222,4.163,4.222,53267.61140692
2023-10-25 01:00:00,4.221,4.28,4.22,4.25,85027.88213838
2023-10-25 02:00:00,4.25,4.254,4.2,4.216,44138.671762
2023-10-25 03:00:00,4.218,4.22,4.19,4.204,27104.71649431
2023-10-25 04:00:00,4.205,4.241,4.195,4.239,34877.18769239
2023-10-25 05:00:00,4.242,4.257,4.203,4.207,125668.27205002
2023-10-25 06:00:00,4.209,4.25,4.208,4.243,75045.41583106
2023-10-25 07:00:00,4.242,4.247,4.132,4.177,161122.10678842
2023-10-25 08:00:00,4.178,4.192,4.147,4.181,61889.18027897
2023-10-25 09:00:00,4.182,4.226,4.171,4.197,128246.49911083
2023-10-25 10:00:00,4.198,4.222,4.186,4.216,33570.09086154
2023-10-25 11:00:00,4.217,4.235,4.189,4.197,124527.18212448
2023-10-25 12:00:00,4.198,4.243,4.198,4.232,91262.13653855
2023-10-25 13:00:00,4.231,4.271,4.22,4.252,157185.85162946
2023-10-25 14:00:00,4.252,4.299,4.243,4.294,160723.11287404
2023-10-25 15:00:00,4.295,4.333,4.277,4.326,178529.23570899
2023-10-25 16:00:00,4.326,4.353,4.251,4.253,194071.97475495
2023-10-25 17:00:00,4.253,4.302,4.235,4.287,135394.49239944
2023-10-25 18:00:00,4.285,4.306,4.269,4.297,65209.96741066
2023-10-25 19:00:00,4.296,4.33,4.283,4.321,50413.24496875
2023-10-25 20:00:00,4.319,4.324,4.274,4.277,95250.18585459
2023-10-25 21:00:00,4.278,4.291,4.255,4.287,68959.72921687
2023-10-25 22:00:00,4.287,4.299,4.269,4.277,46654.9887985
2023-10-25 23:00:00,4.277,4.29,4.244,4.29,61047.03614698
2023-10-26 00:00:00,4.29,4.312,4.267,4.303,48034.30587219
2023-10-26 01:00:00,4.303,4.327,4.291,4.311,40899.17954945
2023-10-26 02:00:00,4.311,4.316,4.289,4.296,23816.79805639
2023-10-26 03:00:00,4.299,4.366,4.298,4.364,48502.52073539
2023-10-26 04:00:00,4.365,4.367,4.329,4.335,37475.10739613
2023-10-26 05:00:00,4.335,4.354,4.267,4.272,74791.21070832
2023-10-26 06:00:00,4.272,4.308,4.246,4.306,56211.16593837
2023-10-26 07:00:00,4.305,4.384,4.297,4.383,131665.49047479
2023-10-26 08:00:00,4.383,4.417,4.339,4.412,203680.96417428
2023-10-26 09:00:00,4.415,4.449,4.346,4.364,223486.7895779
2023-10-26 10:00:00,4.363,4.371,4.308,4.35,217447.09217685
2023-10-26 11:00:00,4.349,4.369,4.264,4.304,298020.96208355
2023-10-26 12:00:00,4.304,4.347,4.299,4.342,53572.61418487
2023-10-26 13:00:00,4.341,4.357,4.279,4.279,73152.69995053
2023-10-26 14:00:00,4.279,4.31,4.143,4.236,554663.35239428
2023-10-26 15:00:00,4.234,4.243,4.152,4.199,158212.86524924
2023-10-26 16:00:00,4.197,4.202,4.163,4.171,224610.11848504
2023-10-26 17:00:00,4.17,4.225,4.168,4.222,75383.23413309
2023-10-26 18:00:00,4.222,4.23,4.204,4.205,43799.91221718
2023-10-26 19:00:00,4.204,4.239,4.199,4.236,38658.55869826
2023-10-26 20:00:00,4.234,4.246,4.228,4.233,142818.30921927
2023-10-26 21:00:00,4.233,4.233,4.208,4.226,50257.2291139
2023-10-26 22:00:00,4.225,4.244,4.225,4.243,40774.91699703
2023-10-26 23:00:00,4.243,4.25,4.228,4.234,33127.47952648
2023-10-27 00:00:00,4.233,4.236,4.181,4.199,70198.70966646
2023-10-27 01:00:00,4.198,4.205,4.117,4.124,220297.58994107
2023-10-27 02:00:00,4.125,4.172,4.114,4.16,54158.65069364
2023-10-27 03:00:00,4.162,4.178,4.158,4.175,14440.43634449
2023-10-27 04:00:00,4.176,4.185,4.154,4.175,45173.59898493
2023-10-27 05:00:00,4.176,4.176,4.133,4.167,88343.14938702
2023-10-27 06:00:00,4.167,4.191,4.161,4.191,36345.90398467
2023-10-27 07:00:00,4.189,4.19,4.121,4.123,127121.28846311
2023-10-27 08:00:00,4.123,4.161,4.12,4.154,81492.96877468
2023-10-27 09:00:00,4.153,4.178,4.153,4.176,33788.57333787
2023-10-27 10:00:00,4.178,4.178,4.153,4.155,28026.38558847
2023-10-27 11:00:00,4.155,4.156,4.103,4.121,76185.48846129
2023-10-27 12:00:00,4.12,4.163,4.106,4.155,84658.17538439
2023-10-27 13:00:00,4.155,4.186,4.148,4.175,70420.76538789
2023-10-27 14:00:00,4.174,4.175,4.1,4.127,191422.5882743
2023-10-27 15:00:00,4.128,4.177,4.112,4.16,130043.16167505
2023-10-27 16:00:00,4.162,4.175,4.118,4.131,111854.69181677
2023-10-27 17:00:00,4.131,4.138,4.042,4.109,597797.74690297
2023-10-27 18:00:00,4.109,4.113,4.051,4.103,128000.10766492
2023-10-27 19:00:00,4.102,4.128,4.097,4.122,34405.28656669
2023-10-27 20:00:00,4.121,4.141,4.116,4.133,38635.29533712
2023-10-27 21:00:00,4.134,4.149,4.121,4.149,22545.93584728
2023-10-27 22:00:00,4.15,4.15,4.123,4.125,17859.78292339
2023-10-27 23:00:00,4.125,4.145,4.122,4.135,12776.44943347
2023-10-28 00:00:00,4.135,4.159,4.13,4.139,17824.11067078
2023-10-28 01:00:00,4.14,4.163,4.135,4.163,9610.53420101
2023-10-28 02:00:00,4.163,4.191,4.154,4.188,43202.1940643
2023-10-28 03:00:00,4.188,4.199,4.179,4.194,34035.55517213
2023-10-28 04:00:00,4.199,4.2,4.186,4.191,63219.4276173
2023-10-28 05:00:00,4.193,4.207,4.176,4.178,56583.85584629
2023-10-28 06:00:00,4.178,4.185,4.171,4.175,28029.06778122
2023-10-28 07:00:00,4.175,4.186,4.169,4.177,18391.2702154
2023-10-28 08:00:00,4.178,4.194,4.171,4.187,15015.68603419
2023-10-28 09:00:00,4.187,4.199,4.18,4.184,17264.53319817
2023-10-28 10:00:00,4.186,4.195,4.179,4.195,12839.76426159
2023-10-28 11:00:00,4.195,4.222,4.195,4.197,77320.04971698
2023-10-28 12:00:00,4.198,4.207,4.146,4.159,144788.57199003
2023-10-28 13:00:00,4.159,4.191,4.151,4.182,68291.61617693
2023-10-28 14:00:00,4.182,4.182,4.165,4.167,65599.40247293
2023-10-28 15:00:00,4.169,4.194,4.169,4.19,38389.85232188
2023-10-28 16:00:00,4.193,4.193,4.166,4.174,41421.54676646
2023-10-28 17:00:00,4.175,4.178,4.165,4.175,16141.49502441
2023-10-28 18:00:00,4.175,4.18,4.157,4.176,20553.65823768
2023-10-28 19:00:00,4.176,4.178,4.148,4.151,10939.10195407
2023-10-28 20:00:00,4.15,4.175,4.15,4.173,16890.82322309
2023-10-28 21:00:00,4.175,4.193,4.172,4.193,14050.95155365
2023-10-28 22:00:00,4.195,4.195,4.157,4.181,25017.07828027
2023-10-28 23:00:00,4.178,4.183,4.164,4.179,29098.26910107
2023-10-29 00:00:00,4.178,4.192,4.168,4.169,25888.26802275
2023-10-29 01:00:00,4.17,4.175,4.123,4.166,79339.43426096
2023-10-29 02:00:00,4.165,4.169,4.153,4.169,17177.29257544
2023-10-29 03:00:00,4.168,4.171,4.152,4.164,38832.95185737
2023-10-29 04:00:00,4.164,4.177,4.152,4.171,27253.33528553
2023-10-29 05:00:00,4.171,4.173,4.159,4.163,43452.13047708
2023-10-29 06:00:00,4.163,4.183,4.155,4.168,19674.18607818
2023-10-29 07:00:00,4.17,4.183,4.165,4.175,20921.7858918
2023-10-29 08:00:00,4.175,4.204,4.175,4.203,55531.10271872
2023-10-29 09:00:00,4.204,4.206,4.192,4.194,55890.50942034
2023-10-29 10:00:00,4.195,4.196,4.173,4.179,26125.1149855
2023-10-29 11:00:00,4.179,4.201,4.173,4.193,42764.38187538
2023-10-29 12:00:00,4.194,4.224,4.189,4.224,74709.67740768
2023-10-29 13:00:00,4.224,4.227,4.204,4.215,77211.11321935
2023-10-29 14:00:00,4.215,4.268,4.203,4.268,79843.89648215
2023-10-29 15:00:00,4.267,4.286,4.255,4.266,118601.45757135
2023-10-29 16:00:00,4.266,4.276,4.243,4.246,65160.24915189
2023-10-29 17:00:00,4.247,4.299,4.238,4.279,90511.29377555
2023-10-29 18:00:00,4.283,4.301,4.272,4.29,65448.60539143
2023-10-29 19:00:00,4.29,4.295,4.269,4.292,33187.16277889
2023-10-29 20:00:00,4.292,4.316,4.284,4.316,28372.43439797
2023-10-29 21:00:00,4.316,4.319,4.296,4.297,41109.313738
2023-10-29 22:00:00,4.302,4.353,4.3,4.339,56439.45925441
2023-10-29 23:00:00,4.34,4.345,4.3,4.314,46696.91792736
2023-10-30 00:00:00,4.314,4.335,4.302,4.307,54036.36171434
2023-10-30 01:00:00,4.308,4.322,4.293,4.297,31104.54914348
2023-10-30 02:00:00,4.297,4.299,4.268,4.286,129866.58981364
2023-10-30 03:00:00,4.288,4.29,4.272,4.279,26142.33566692
2023-10-30 04:00:00,4.278,4.294,4.276,4.285,20202.96949121
2023-10-30 05:00:00,4.286,4.29,4.26,4.261,38321.96626814
2023-10-30 06:00:00,4.261,4.269,4.232,4.269,93620.81368621
2023-10-30 07:00:00,4.268,4.282,4.245,4.246,52051.90660074
2023-10-30 08:00:00,4.245,4.305,4.237,4.294,69670.23810888
2023-10-30 09:00:00,4.296,4.365,4.296,4.331,199875.76237186
2023-10-30 10:00:00,4.331,4.344,4.313,4.335,72806.07627382
2023-10-30 11:00:00,4.335,4.34,4.308,4.328,52860.47169086
2023-10-30 12:00:00,4.327,4.354,4.312,4.314,101500.91460883
2023-10-30 13:00:00,4.315,4.35,4.302,4.332,100078.94628197
2023-10-30 14:00:00,4.334,4.356,4.311,4.34,98854.36019139
2023-10-30 15:00:00,4.34,4.363,4.333,4.36,55945.00871652
2023-10-30 16:00:00,4.359,4.379,4.323,4.364,76687.0832336
2023-10-30 17:00:00,4.364,4.364,4.269,4.316,337121.6379664
2023-10-30 18:00:00,4.316,4.327,4.304,4.324,42131.72924447
2023-10-30 19:00:00,4.325,4.382,4.317,4.38,66213.37695787
2023-10-30 20:00:00,4.381,4.383,4.337,4.359,100514.87916327
2023-10-30 21:00:00,4.36,4.49,4.359,4.461,366203.47527744
2023-10-30 22:00:00,4.46,4.482,4.436,4.479,303279.81301807
2023-10-30 23:00:00,4.479,4.534,4.476,4.526,395052.81160503
2023-10-31 00:00:00,4.526,4.603,4.506,4.579,345879.57891405
2023-10-31 01:00:00,4.582,4.589,4.531,4.556,181407.53140449
2023-10-31 02:00:00,4.556,4.578,4.497,4.525,159267.70369756
2023-10-31 03:00:00,4.525,4.533,4.482,4.486,96246.616586
2023-10-31 04:00:00,4.488,4.503,4.472,4.474,88698.76333585
2023-10-31 05:00:00,4.474,4.516,4.456,4.504,89254.77390606
2023-10-31 06:00:00,4.505,4.533,4.478,4.499,141614.90947403
2023-10-31 07:00:00,4.5,4.501,4.422,4.427,210887.2920573
2023-10-31 08:00:00,4.429,4.497,4.385,4.492,144551.17037316
2023-10-31 09:00:00,4.491,4.492,4.463,4.471,119179.93825449
2023-10-31 10:00:00,4.472,4.482,4.45,4.478,75328.9275436
2023-10-31 11:00:00,4.481,4.52,4.476,4.507,88088.19683693
2023-10-31 12:00:00,4.506,4.508,4.431,4.455,159083.01501591
2023-10-31 13:00:00,4.457,4.464,4.383,4.414,172290.59417853
2023-10-31 14:00:00,4.413,4.437,4.376,4.412,185817.96849426
2023-10-31 15:00:00,4.414,4.421,4.268,4.365,604426.38986571
2023-10-31 16:00:00,4.367,4.446,4.347,4.426,139899.11265695
2023-10-31 17:00:00,4.425,4.449,4.404,4.444,52228.25779587
2023-10-31 18:00:00,4.446,4.458,4.418,4.455,41608.51177123
2023-10-31 19:00:00,4.455,4.466,4.39,4.428,206955.84960421
2023-10-31 20:00:00,4.427,4.472,4.424,4.454,121962.66915615
2023-10-31 21:00:00,4.454,4.461,4.411,4.425,91822.9220876
2023-10-31 22:00:00,4.429,4.45,4.422,4.437,84224.56629924
2023-10-31 23:00:00,4.436,4.46,4.43,4.453,23540.11081217
2023-11-01 00:00:00,4.454,4.497,4.442,4.454,91608.50663185
2023-11-01 01:00:00,4.455,4.476,4.441,4.445,46522.43734144
2023-11-01 02:00:00,4.446,4.453,4.422,4.423,39708.93168354
2023-11-01 03:00:00,4.426,4.432,4.409,4.423,43296.02531204
2023-11-01 04:00:00,4.424,4.431,4.414,4.42,11098.85722187
2023-11-01 05:00:00,4.42,4.42,4.355,4.361,75619.98898605
2023-11-01 06:00:00,4.36,4.384,4.34,4.371,109388.24155163
2023-11-01 07:00:00,4.371,4.388,4.355,4.372,55931.70410685
2023-11-01 08:00:00,4.37,4.382,4.36,4.376,30454.26162744
2023-11-01 09:00:00,4.377,4.388,4.365,4.387,32769.80137667
2023-11-01 10:00:00,4.388,4.388,4.329,4.337,52007.47705085
2023-11-01 11:00:00,4.338,4.37,4.329,4.366,48568.30167325
2023-11-01 12:00:00,4.367,4.419,4.324,4.41,101258.68224654
2023-11-01 13:00:00,4.412,4.457,4.34,4.372,173961.92076755
2023-11-01 14:00:00,4.373,4.433,4.333,4.348,193827.74768922
2023-11-01 15:00:00,4.348,4.373,4.329,4.365,109591.79163264
2023-11-01 16:00:00,4.364,4.417,4.361,4.381,58129.18973985
2023-11-01 17:00:00,4.381,4.429,4.375,4.423,60648.47169556
2023-11-01 18:00:00,4.423,4.6,4.412,4.582,331577.52059506
2023-11-01 19:00:00,4.581,4.763,4.581,4.677,597492.05363798
2023-11-01 20:00:00,4.676,4.793,4.676,4.789,309739.10293561
2023-11-01 21:00:00,4.789,4.796,4.723,4.765,200404.59872451
2023-11-01 22:00:00,4.767,4.812,4.716,4.721,231607.11952093
2023-11-01 23:00:00,4.722,4.741,4.704,4.736,118619.74658393
2023-11-02 00:00:00,4.733,4.759,4.707,4.742,90425.23293921
2023-11-02 01:00:00,4.745,4.794,4.74,4.768,82179.57459344
2023-11-02 02:00:00,4.767,4.801,4.746,4.785,123295.07640042
2023-11-02 03:00:00,4.783,4.805,4.746,4.751,90342.46017245
2023-11-02 04:00:00,4.752,4.76,4.687,4.701,85509.97986935
2023-11-02 05:00:00,4.701,4.707,4.634,4.635,128986.4396294
2023-11-02 06:00:00,4.634,4.667,4.621,4.642,100636.76168402
2023-11-02 07:00:00,4.643,4.678,4.637,4.654,49996.24397083
2023-11-02 08:00:00,4.653,4.69,4.607,4.69,77816.28255682
2023-11-02 09:00:00,4.69,4.75,4.668,4.73,88208.79518352
2023-11-02 10:00:00,4.728,4.742,4.691,4.697,111668.43961953
2023-11-02 11:00:00,4.698,4.723,4.684,4.707,84486.791767
2023-11-02 12:00:00,4.707,4.8,4.694,4.752,297681.42289356
2023-11-02 13:00:00,4.752,4.76,4.643,4.706,293276.36631961
2023-11-02 14:00:00,4.706,4.724,4.622,4.674,181154.26229438
2023-11-02 15:00:00,4.673,4.673,4.578,4.598,379340.56479842
2023-11-02 16:00:00,4.597,4.632,4.519,4.604,332294.87477101
2023-11-02 17:00:00,4.604,4.687,4.581,4.673,285162.24447491
2023-11-02 18:00:00,4.673,4.677,4.631,4.659,69737.74320409
2023-11-02 19:00:00,4.659,4.68,4.613,4.673,315903.20158147
2023-11-02 20:00:00,4.672,4.684,4.605,4.636,117724.86242355
2023-11-02 21:00:00,4.637,4.639,4.61,4.636,30450.33436061
2023-11-02 22:00:00,4.635,4.635,4.59,4.615,69589.57875076
2023-11-02 23:00:00,4.613,4.648,4.597,4.632,47009.56116515
2023-11-03 00:00:00,4.632,4.632,4.519,4.543,173012.18134446
2023-11-03 01:00:00,4.54,4.547,4.458,4.495,200909.98810473
2023-11-03 02:00:00,4.492,4.524,4.481,4.523,66279.72405458
2023-11-03 03:00:00,4.523,4.553,4.508,4.516,104257.08041313
2023-11-03 04:00:00,4.517,4.526,4.467,4.486,58884.96647102
2023-11-03 05:00:00,4.489,4.539,4.484,4.536,62318.76753668
2023-11-03 06:00:00,4.535,4.556,4.527,4.537,50756.87664182
2023-11-03 07:00:00,4.538,4.564,4.526,4.558,48145.13263185
2023-11-03 08:00:00,4.557,4.588,4.512,4.561,116836.41659928
2023-11-03 09:00:00,4.559,4.56,4.498,4.507,116619.52070931
2023-11-03 10:00:00,4.51,4.515,4.485,4.509,91831.62124312
2023-11-03 11:00:00,4.51,4.534,4.493,4.531,57946.1972551
2023-11-03 12:00:00,4.529,4.55,4.5,4.534,79373.97062396
2023-11-03 13:00:00,4.537,4.58,4.52,4.576,80514.96279165
2023-11-03 14:00:00,4.578,4.599,4.545,4.579,112149.33933802
2023-11-03 15:00:00,4.581,4.64,4.562,4.623,124839.73500353
2023-11-03 16:00:00,4.623,4.646,4.587,4.615,107513.48815536
2023-11-03 17:00:00,4.614,4.617,4.556,4.587,73343.41430838
2023-11-03 18:00:00,4.584,4.614,4.563,4.595,64679.05010188
2023-11-03 19:00:00,4.596,4.604,4.571,4.582,34376.6627423
2023-11-03 20:00:00,4.583,4.634,4.576,4.609,56031.04810336
2023-11-03 21:00:00,4.611,4.626,4.604,4.605,22899.37695715
2023-11-03 22:00:00,4.605,4.623,4.601,4.62,19331.55296828
2023-11-03 23:00:00,4.622,4.628,4.597,4.613,44073.27857967
2023-11-04 00:00:00,4.613,4.616,4.587,4.611,40733.14952225
2023-11-04 01:00:00,4.609,4.643,4.591,4.636,45501.9384853
2023-11-04 02:00:00,4.635,4.639,4.619,4.622,33678.01512233
2023-11-04 03:00:00,4.623,4.633,4.606,4.633,17039.84406382
2023-11-04 04:00:00,4.633,4.643,4.62,4.624,27590.41457918
2023-11-04 05:00:00,4.627,4.633,4.609,4.632,31381.01608826
2023-11-04 06:00:00,4.633,4.674,4.632,4.657,81903.4898857
2023-11-04 07:00:00,4.659,4.677,4.648,4.648,38379.96751257
2023-11-04 08:00:00,4.648,4.672,4.632,4.658,42662.4641669
2023-11-04 09:00:00,4.658,4.667,4.634,4.637,39829.71659444
2023-11-04 10:00:00,4.635,4.662,4.626,4.654,35861.13375858
2023-11-04 11:00:00,4.655,4.669,4.632,4.639,52862.26517878
2023-11-04 12:00:00,4.636,4.657,4.629,4.657,27055.36465881
2023-11-04 13:00:00,4.657,4.783,4.656,4.724,398162.5143743
2023-11-04 14:00:00,4.726,4.73,4.674,4.689,77472.67918372
2023-11-04 15:00:00,4.69,4.69,4.636,4.647,131300.38481128
2023-11-04 16:00:00,4.647,4.665,4.642,4.646,42896.0722466
2023-11-04 17:00:00,4.645,4.672,4.641,4.66,53399.31128949
2023-11-04 18:00:00,4.661,4.675,4.641,4.672,31597.6335002
2023-11-04 19:00:00,4.67,4.674,4.655,4.669,31879.15575261
2023-11-04 20:00:00,4.667,4.669,4.637,4.658,60143.20340568
2023-11-04 21:00:00,4.658,4.684,4.655,4.668,24180.73732698
2023-11-04 22:00:00,4.668,4.707,4.666,4.707,46762.41305124
2023-11-04 23:00:00,4.708,4.73,4.683,4.689,77610.70913839
2023-11-05 00:00:00,4.69,4.725,4.659,4.711,151771.7563317
2023-11-05 01:00:00,4.712,4.732,4.7,4.723,62458.21043066
2023-11-05 02:00:00,4.724,4.726,4.682,4.718,47273.92196566
2023-11-05 03:00:00,4.719,4.775,4.71,4.767,101213.93946035
2023-11-05 04:00:00,4.767,4.798,4.742,4.781,121497.57169599
2023-11-05 05:00:00,4.78,4.805,4.769,4.79,117232.2091154
2023-11-05 06:00:00,4.793,4.805,4.748,4.765,79049.64335142
2023-11-05 07:00:00,4.765,4.85,4.765,4.801,140349.76889283
2023-11-05 08:00:00,4.801,4.833,4.767,4.776,119124.72715055
2023-11-05 09:00:00,4.778,4.816,4.745,4.763,270537.45995746
2023-11-05 10:00:00,4.764,4.791,4.748,4.79,82223.22864063
2023-11-05 11:00:00,4.79,4.825,4.784,4.81,80997.03822403
2023-11-05 12:00:00,4.811,4.882,4.793,4.866,178333.12147874
2023-11-05 13:00:00,4.868,4.912,4.706,4.732,312857.90079401
2023-11-05 14:00:00,4.731,4.798,4.731,4.764,211552.6008255
2023-11-05 15:00:00,4.767,4.79,4.742,4.78,144056.83857521
2023-11-05 16:00:00,4.78,4.833,4.767,4.814,101931.46318046
2023-11-05 17:00:00,4.814,4.872,4.804,4.831,130749.73004156
2023-11-05 18:00:00,4.829,4.846,4.811,4.818,41308.65835161
2023-11-05 19:00:00,4.821,4.84,4.805,4.812,47861.87105442
2023-11-05 20:00:00,4.81,4.845,4.778,4.803,95840.76405111
2023-11-05 21:00:00,4.803,4.806,4.659,4.714,235839.42760942
2023-11-05 22:00:00,4.712,4.798,4.702,4.781,95113.98526304
2023-11-05 23:00:00,4.78,4.809,4.759,4.764,89962.36011392
2023-11-06 00:00:00,4.765,4.825,4.751,4.819,116957.6079622
2023-11-06 01:00:00,4.819,4.856,4.777,4.784,103896.63485784
2023-11-06 02:00:00,4.783,4.82,4.759,4.796,62168.66930538
2023-11-06 03:00:00,4.795,4.801,4.768,4.794,39575.67123379
2023-11-06 04:00:00,4.795,4.807,4.735,4.754,80893.17293689
2023-11-06 05:00:00,4.752,4.761,4.681,4.721,115457.75180657
2023-11-06 06:00:00,4.72,4.75,4.703,4.747,83834.13170877
2023-11-06 07:00:00,4.747,4.785,4.734,4.784,63953.2220252
2023-11-06 08:00:00,4.784,4.804,4.748,4.804,70698.63543475
2023-11-06 09:00:00,4.803,4.856,4.795,4.855,140857.9113874
2023-11-06 10:00:00,4.856,4.906,4.843,4.863,142465.80534286
2023-11-06 11:00:00,4.864,4.88,4.845,4.874,102703.15855207
2023-11-06 12:00:00,4.875,4.895,4.85,4.893,89937.8329177
2023-11-06 13:00:00,4.892,4.905,4.811,4.851,214637.34840864
2023-11-06 14:00:00,4.851,4.88,4.847,4.872,93994.26399582
2023-11-06 15:00:00,4.877,4.892,4.85,4.872,89544.88777595
2023-11-06 16:00:00,4.873,4.905,4.837,4.882,124805.26270225
2023-11-06 17:00:00,4.88,4.904,4.843,4.864,82893.55256491
2023-11-06 18:00:00,4.864,4.898,4.829,4.88,66268.70322554
2023-11-06 19:00:00,4.88,4.961,4.868,4.926,121811.05297145
2023-11-06 20:00:00,4.927,4.946,4.903,4.942,66156.52519363
2023-11-06 21:00:00,4.944,4.945,4.887,4.919,117825.92421055
2023-11-06 22:00:00,4.92,4.988,4.916,4.986,97322.67107666
2023-11-06 23:00:00,4.987,4.997,4.946,4.967,94492.50747164
2023-11-07 00:00:00,4.968,4.972,4.871,4.921,200224.1854084
2023-11-07 01:00:00,4.919,4.977,4.909,4.975,118282.25390132
2023-11-07 02:00:00,4.977,4.997,4.861,4.866,132524.0330333
2023-11-07 03:00:00,4.865,4.953,4.855,4.948,123096.10506028
2023-11-07 04:00:00,4.947,4.953,4.907,4.949,75531.1759613
2023-11-07 05:00:00,4.95,5.008,4.934,5.003,115531.92112405
2023-11-07 06:00:00,5.006,5.008,4.983,4.994,106145.20178534
2023-11-07 07:00:00,4.994,5.007,4.951,4.968,68807.62668172
2023-11-07 08:00:00,4.969,4.986,4.936,4.962,137793.27343736
2023-11-07 09:00:00,4.963,4.967,4.86,4.888,242836.73144035
2023-11-07 10:00:00,4.886,4.903,4.844,4.862,143821.11352912
2023-11-07 11:00:00,4.862,4.902,4.853,4.875,78035.7384604
2023-11-07 12:00:00,4.873,4.904,4.835,4.903,91268.76848336
2023-11-07 13:00:00,4.903,4.921,4.854,4.891,91493.95993263
2023-11-07 14:00:00,4.89,4.905,4.843,4.873,127657.94842173
2023-11-07 15:00:00,4.873,4.873,4.744,4.788,213878.30089662
2023-11-07 16:00:00,4.789,4.808,4.762,4.764,74359.18581745
2023-11-07 17:00:00,4.764,4.832,4.722,4.832,123661.38603409
2023-11-07 18:00:00,4.832,4.943,4.827,4.943,291125.14956503
2023-11-07 19:00:00,4.944,4.95,4.877,4.915,103962.16196759
2023-11-07 20:00:00,4.916,4.995,4.904,4.963,174167.73600734
2023-11-07 21:00:00,4.962,4.99,4.932,4.971,91926.23958825
2023-11-07 22:00:00,4.974,4.977,4.907,4.912,109491.90977412
2023-11-07 23:00:00,4.912,4.938,4.905,4.932,36440.20346422
2023-11-08 00:00:00,4.93,4.934,4.873,4.918,108013.20639262
2023-11-08 01:00:00,4.919,4.958,4.902,4.933,65012.77516023
2023-11-08 02:00:00,4.933,4.942,4.882,4.886,52789.95539594
2023-11-08 03:00:00,4.886,4.894,4.863,4.881,40625.72048592
2023-11-08 04:00:00,4.881,4.903,4.872,4.901,55339.82660049
2023-11-08 05:00:00,4.901,4.907,4.876,4.89,37930.80906882
2023-11-08 06:00:00,4.891,4.923,4.867,4.922,20820.17271053
2023-11-08 07:00:00,4.923,4.938,4.905,4.911,44127.85142398
2023-11-08 08:00:00,4.91,4.934,4.896,4.925,37591.49330607
2023-11-08 09:00:00,4.925,4.949,4.92,4.935,59488.97891079
2023-11-08 10:00:00,4.935,4.966,4.932,4.961,51473.10636809
2023-11-08 11:00:00,4.963,4.965,4.935,4.941,29961.0813365
2023-11-08 12:00:00,4.94,5.096,4.935,5.016,390432.49743626
2023-11-08 13:00:00,5.018,5.039,4.982,5.025,164384.01965129
2023-11-08 14:00:00,5.026,5.038,4.971,4.986,309755.47420466
2023-11-08 15:00:00,4.984,4.995,4.917,4.952,131233.4393654
2023-11-08 16:00:00,4.949,5.005,4.939,5.002,83259.82123447
2023-11-08 17:00:00,5.001,5.016,4.98,5.006,59816.94253615
2023-11-08 18:00:00,5.002,5.04,4.991,5.03,73803.14221185
2023-11-08 19:00:00,5.032,5.059,5.011,5.054,82007.16883299
2023-11-08 20:00:00,5.055,5.065,5.019,5.05,97275.43094105
2023-11-08 21:00:00,5.047,5.071,4.996,5.034,131897.26389931
2023-11-08 22:00:00,5.035,5.088,5.035,5.067,70762.71606491
2023-11-08 23:00:00,5.067,5.078,5.031,5.031,99322.41123693
2023-11-09 00:00:00,5.034,5.082,5.014,5.074,87349.9105522
2023-11-09 01:00:00,5.074,5.1,5.055,5.089,80721.94719439
2023-11-09 02:00:00,5.089,5.146,5.075,5.125,169571.36802283
2023-11-09 03:00:00,5.124,5.127,5.088,5.112,76996.06935696
2023-11-09 04:00:00,5.113,5.14,5.11,5.127,118440.14227428
2023-11-09 05:00:00,5.128,5.131,5.112,5.126,60059.89413518
2023-11-09 06:00:00,5.125,5.157,5.122,5.151,95538.18716483
2023-11-09 07:00:00,5.15,5.162,5.083,5.083,140047.48138107
2023-11-09 08:00:00,5.087,5.14,5.086,5.131,91676.43187432
2023-11-09 09:00:00,5.133,5.153,5.119,5.143,69710.45754476
2023-11-09 10:00:00,5.142,5.165,5.107,5.112,70574.00293945
2023-11-09 11:00:00,5.113,5.115,5.064,5.105,121569.96928251
2023-11-09 12:00:00,5.106,5.147,5.092,5.135,101292.71333634
2023-11-09 13:00:00,5.134,5.155,5.075,5.131,164371.88402757
2023-11-09 14:00:00,5.13,5.252,5.119,5.242,519243.68925469
2023-11-09 15:00:00,5.241,5.27,5.125,5.153,650509.6921868
2023-11-09 16:00:00,5.153,5.186,4.475,4.87,1923089.21845136
2023-11-09 17:00:00,4.866,4.973,4.827,4.956,466412.15450386
2023-11-09 18:00:00,4.956,4.958,4.833,4.843,236558.94482397
2023-11-09 19:00:00,4.843,4.889,4.828,4.877,167219.80510574
2023-11-09 20:00:00,4.876,4.876,4.776,4.862,210373.07955233
2023-11-09 21:00:00,4.862,4.93,4.85,4.902,235602.3870908
2023-11-09 22:00:00,4.901,4.98,4.9,4.979,136669.49165852
2023-11-09 23:00:00,4.979,5.105,4.957,5.094,155930.41668747
2023-11-10 00:00:00,5.095,5.174,5.073,5.089,235411.22502562
2023-11-10 01:00:00,5.09,5.185,5.072,5.177,122292.86507786
2023-11-10 02:00:00,5.178,5.216,5.173,5.19,116814.79248602
2023-11-10 03:00:00,5.191,5.193,5.103,5.112,107209.69515755
2023-11-10 04:00:00,5.113,5.155,5.104,5.142,135996.01694217
2023-11-10 05:00:00,5.142,5.155,5.106,5.151,45144.02826598
2023-11-10 06:00:00,5.152,5.157,5.094,5.106,110633.53133654
2023-11-10 07:00:00,5.105,5.124,5.07,5.086,130881.0017361
2023-11-10 08:00:00,5.087,5.098,5.004,5.072,138901.05140372
2023-11-10 09:00:00,5.071,5.12,5.057,5.115,97940.88653714
2023-11-10 10:00:00,5.115,5.144,5.09,5.141,94100.5237422
2023-11-10 11:00:00,5.142,5.199,5.14,5.184,146699.62295242
2023-11-10 12:00:00,5.185,5.188,5.092,5.144,231181.50595213
2023-11-10 13:00:00,5.142,5.142,5.046,5.064,137403.2026358
2023-11-10 14:00:00,5.065,5.092,4.977,5.034,337984.50873322
2023-11-10 15:00:00,5.033,5.076,5.026,5.036,70380.80115525
2023-11-10 16:00:00,5.037,5.127,5.033,5.101,256970.0961267
2023-11-10 17:00:00,5.103,5.141,5.098,5.137,88002.80204758
2023-11-10 18:00:00,5.135,5.204,5.123,5.173,382022.55317221
2023-11-10 19:00:00,5.173,5.203,5.152,5.154,69604.04584788
2023-11-10 20:00:00,5.156,5.191,5.132,5.187,56247.8301898
2023-11-10 21:00:00,5.188,5.254,5.186,5.248,82681.29342394
2023-11-10 22:00:00,5.246,5.3,5.23,5.245,135094.31999962
2023-11-10 23:00:00,5.245,5.324,5.244,5.305,130729.66575097
2023-11-11 00:00:00,5.304,5.349,5.268,5.294,261407.64811109
2023-11-11 01:00:00,5.296,5.343,5.216,5.266,337961.19382363
2023-11-11 02:00:00,5.266,5.313,5.193,5.294,196406.30648623
2023-11-11 03:00:00,5.295,5.301,5.189,5.196,194227.03059022
2023-11-11 04:00:00,5.195,5.208,5.093,5.157,329193.74741678
2023-11-11 05:00:00,5.157,5.25,5.148,5.24,101032.64208674
2023-11-11 06:00:00,5.243,5.264,5.203,5.244,96261.90274351
2023-11-11 07:00:00,5.244,5.268,5.202,5.22,114362.19883083
2023-11-11 08:00:00,5.223,5.24,5.196,5.225,85494.67371972
2023-11-11 09:00:00,5.227,5.359,5.222,5.332,196290.37297949
2023-11-11 10:00:00,5.329,5.358,5.301,5.313,154710.06417725
2023-11-11 11:00:00,5.312,5.312,5.25,5.263,126871.20841413
2023-11-11 12:00:00,5.263,5.357,5.237,5.349,186078.85658745
2023-11-11 13:00:00,5.349,5.358,5.308,5.35,91098.53732385
2023-11-11 14:00:00,5.35,5.495,5.341,5.457,406763.67948417
2023-11-11 15:00:00,5.456,5.506,5.446,5.477,370330.0035201
2023-11-11 16:00:00,5.479,5.601,5.478,5.548,299953.48706687
2023-11-11 17:00:00,5.548,5.589,5.488,5.563,426384.05786021
2023-11-11 18:00:00,5.564,5.572,5.515,5.531,124043.28251324
2023-11-11 19:00:00,5.531,5.675,5.529,5.662,268289.37392293
2023-11-11 20:00:00,5.662,5.688,5.599,5.604,290109.48633295
2023-11-11 21:00:00,5.603,5.648,5.566,5.589,200194.77922747
2023-11-11 22:00:00,5.59,5.63,5.52,5.579,205299.50905214
2023-11-11 23:00:00,5.581,5.581,5.482,5.561,169335.15582084
2023-11-12 00:00:00,5.563,5.59,5.349,5.447,512135.96379244
2023-11-12 01:00:00,5.446,5.631,5.43,5.604,329360.49469937
2023-11-12 02:00:00,5.607,5.644,5.54,5.606,206459.59788622
2023-11-12 03:00:00,5.604,5.613,5.561,5.606,110909.27764147
2023-11-12 04:00:00,5.604,5.628,5.505,5.526,167810.77419825
2023-11-12 05:00:00,5.524,5.54,5.492,5.54,126385.41297348
2023-11-12 06:00:00,5.538,5.633,5.518,5.619,150297.08663474
2023-11-12 07:00:00,5.62,5.76,5.612,5.724,429601.17932788
2023-11-12 08:00:00,5.723,5.789,5.694,5.741,356131.79960292
2023-11-12 09:00:00,5.741,5.77,5.684,5.765,185423.03851599
2023-11-12 10:00:00,5.765,5.859,5.738,5.851,233571.37627105
2023-11-12 11:00:00,5.851,5.863,5.781,5.811,137058.63124868
2023-11-12 12:00:00,5.811,5.835,5.727,5.733,245170.95973781
2023-11-12 13:00:00,5.734,5.77,5.678,5.738,193984.40712591
2023-11-12 14:00:00,5.739,5.807,5.739,5.804,140239.41877351
2023-11-12 15:00:00,5.805,5.821,5.7,5.774,304746.63284818
2023-11-12 16:00:00,5.774,5.79,5.69,5.722,199708.70552071
2023-11-12 17:00:00,5.72,5.726,5.677,5.684,163384.00194933
2023-11-12 18:00:00,5.685,5.727,5.649,5.706,226982.26535664
2023-11-12 19:00:00,5.705,5.738,5.682,5.714,102365.7073642
2023-11-12 20:00:00,5.71,5.762,5.694,5.751,71196.06831255
2023-11-12 21:00:00,5.753,5.828,5.751,5.768,164881.81868078
2023-11-12 22:00:00,5.764,5.772,5.725,5.752,60412.94744561
2023-11-12 23:00:00,5.754,5.763,5.656,5.714,107203.55194289
2023-11-13 00:00:00,5.715,5.755,5.632,5.735,173048.64153509
2023-11-13 01:00:00,5.735,5.839,5.735,5.799,210612.48911823
2023-11-13 02:00:00,5.797,5.897,5.782,5.854,176366.79054769
2023-11-13 03:00:00,5.853,5.889,5.635,5.66,281720.47327658
2023-11-13 04:00:00,5.661,5.705,5.587,5.625,235147.45669743
2023-11-13 05:00:00,5.626,5.649,5.586,5.624,123759.25876563
2023-11-13 06:00:00,5.623,5.657,5.543,5.655,209757.46924762
2023-11-13 07:00:00,5.657,5.771,5.643,5.714,146209.74845884
2023-11-13 08:00:00,5.715,5.741,5.686,5.735,117259.35569614
2023-11-13 09:00:00,5.736,5.746,5.689,5.717,77867.60948714
2023-11-13 10:00:00,5.718,5.727,5.654,5.69,99332.64609542
2023-11-13 11:00:00,5.689,5.691,5.558,5.601,151254.85295605
2023-11-13 12:00:00,5.599,5.628,5.522,5.619,182625.55077111
2023-11-13 13:00:00,5.618,5.619,5.542,5.553,143061.64848925
2023-11-13 14:00:00,5.553,5.614,5.428,5.562,532186.56517036
2023-11-13 15:00:00,5.563,5.618,5.539,5.597,161851.31348305
2023-11-13 16:00:00,5.597,5.63,5.529,5.547,112124.79125045
2023-11-13 17:00:00,5.547,5.552,5.431,5.481,216486.02385525
2023-11-13 18:00:00,5.478,5.525,5.447,5.513,92606.10080752
2023-11-13 19:00:00,5.512,5.54,5.492,5.537,37888.8297262
2023-11-13 20:00:00,5.538,5.538,5.444,5.46,114914.69627143
2023-11-13 21:00:00,5.459,5.465,5.331,5.382,483274.63464583
2023-11-13 22:00:00,5.382,5.418,5.353,5.359,141926.46049938
2023-11-13 23:00:00,5.36,5.404,5.352,5.354,71232.15528352
2023-11-14 00:00:00,5.356,5.37,5.219,5.27,385932.5906266
2023-11-14 01:00:00,5.268,5.355,5.264,5.316,79472.54591727
2023-11-14 02:00:00,5.316,5.343,5.305,5.335,106124.16656681
2023-11-14 03:00:00,5.336,5.383,5.329,5.376,60662.89980544
2023-11-14 04:00:00,5.375,5.41,5.355,5.398,134392.20058349
2023-11-14 05:00:00,5.397,5.475,5.394,5.472,66030.59529005
2023-11-14 06:00:00,5.472,5.517,5.449,5.459,83065.82307546
2023-11-14 07:00:00,5.458,5.486,5.442,5.477,52265.45916372
2023-11-14 08:00:00,5.477,5.525,5.467,5.504,103402.59585389
2023-11-14 09:00:00,5.505,5.506,5.428,5.43,133420.44468943
2023-11-14 10:00:00,5.432,5.445,5.374,5.403,99244.78136156
2023-11-14 11:00:00,5.402,5.408,5.282,5.3,288382.99613999
2023-11-14 12:00:00,5.3,5.318,5.239,5.291,223054.15852287
2023-11-14 13:00:00,5.292,5.47,5.286,5.387,350768.26541168
2023-11-14 14:00:00,5.388,5.463,5.37,5.45,140326.72217626
2023-11-14 15:00:00,5.449,5.458,5.279,5.348,239348.42287789
2023-11-14 16:00:00,5.347,5.406,5.341,5.369,96924.02523239
2023-11-14 17:00:00,5.369,5.379,5.26,5.262,106412.53131311
2023-11-14 18:00:00,5.259,5.282,4.94,5.096,639123.8090303
2023-11-14 19:00:00,5.097,5.17,5.081,5.145,257365.45800502
2023-11-14 20:00:00,5.145,5.267,5.128,5.191,327273.10703603
2023-11-14 21:00:00,5.192,5.244,5.185,5.231,153090.59024896
2023-11-14 22:00:00,5.231,5.249,5.2,5.225,56868.92762189
2023-11-14 23:00:00,5.225,5.253,5.195,5.205,85150.46646224
2023-11-15 00:00:00,5.205,5.26,5.194,5.211,86574.44549005
2023-11-15 01:00:00,5.211,5.266,5.191,5.213,69647.39562628
2023-11-15 02:00:00,5.212,5.252,5.2,5.246,47034.19274448
2023-11-15 03:00:00,5.247,5.254,5.207,5.208,82178.50970097
2023-11-15 04:00:00,5.209,5.279,5.208,5.278,55183.71120671
2023-11-15 05:00:00,5.278,5.312,5.257,5.301,55819.45688239
2023-11-15 06:00:00,5.302,5.325,5.257,5.289,188807.66370864
2023-11-15 07:00:00,5.289,5.321,5.265,5.306,109221.55603694
2023-11-15 08:00:00,5.309,5.34,5.306,5.33,95136.55773502
2023-11-15 09:00:00,5.332,5.355,5.297,5.303,84677.49913301
2023-11-15 10:00:00,5.302,5.371,5.298,5.361,105586.9718967
2023-11-15 11:00:00,5.36,5.461,5.36,5.446,211791.92195198
2023-11-15 12:00:00,5.446,5.465,5.413,5.439,226987.31623722
2023-11-15 13:00:00,5.439,5.444,5.374,5.405,232160.24325547
2023-11-15 14:00:00,5.404,5.445,5.387,5.416,118594.55267261
2023-11-15 15:00:00,5.414,5.453,5.408,5.452,110434.3783306
2023-11-15 16:00:00,5.453,5.508,5.408,5.462,151667.26092219
2023-11-15 17:00:00,5.463,5.471,5.405,5.435,102966.83931268
2023-11-15 18:00:00,5.435,5.562,5.403,5.549,398047.33077868
2023-11-15 19:00:00,5.55,5.632,5.523,5.632,235719.05001124
2023-11-15 20:00:00,5.633,5.644,5.602,5.63,223719.83906635
2023-11-15 21:00:00,5.629,5.631,5.548,5.572,110798.60603811
2023-11-15 22:00:00,5.573,5.601,5.558,5.576,47505.00949792
2023-11-15 23:00:00,5.575,5.588,5.538,5.572,73413.40469937
2023-11-16 00:00:00,5.574,5.649,5.547,5.627,155589.7634953
2023-11-16 01:00:00,5.627,5.636,5.564,5.571,76161.24001222
2023-11-16 02:00:00,5.569,5.609,5.554,5.596,176509.16928851
2023-11-16 03:00:00,5.595,5.602,5.574,5.593,49405.67442533
2023-11-16 04:00:00,5.592,5.606,5.559,5.603,77886.62736401
2023-11-16 05:00:00,5.603,5.606,5.554,5.584,73251.77624989
2023-11-16 06:00:00,5.585,5.643,5.566,5.643,121173.94159547
2023-11-16 07:00:00,5.643,5.8,5.64,5.712,513567.26867532
2023-11-16 08:00:00,5.714,5.782,5.639,5.714,447550.28284669
2023-11-16 09:00:00,5.715,5.768,5.647,5.741,447342.8661425
2023-11-16 10:00:00,5.741,5.743,5.646,5.655,179800.52049598
2023-11-16 11:00:00,5.653,5.704,5.591,5.611,269435.07420486
2023-11-16 12:00:00,5.61,5.614,5.522,5.578,357691.9227217
2023-11-16 13:00:00,5.576,5.6,5.453,5.53,386021.87753574
2023-11-16 14:00:00,5.528,5.57,5.468,5.554,213689.26663184
2023-11-16 15:00:00,5.555,5.617,5.416,5.475,399296.51823034
2023-11-16 16:00:00,5.475,5.531,5.471,5.511,180758.86075213
2023-11-16 17:00:00,5.51,5.554,5.488,5.492,114513.3377644
2023-11-16 18:00:00,5.49,5.498,5.414,5.443,231933.25735383
2023-11-16 19:00:00,5.442,5.455,5.276,5.416,571924.43100618
2023-11-16 20:00:00,5.416,5.434,5.345,5.354,208567.69557049
2023-11-16 21:00:00,5.354,5.387,5.315,5.357,145711.37983223
2023-11-16 22:00:00,5.357,5.422,5.35,5.398,105711.58888333
2023-11-16 23:00:00,5.398,5.403,5.311,5.359,172021.27034114
2023-11-17 00:00:00,5.357,5.432,5.34,5.422,139013.85196057
2023-11-17 01:00:00,5.422,5.479,5.388,5.476,115073.41883863
2023-11-17 02:00:00,5.48,5.492,5.434,5.463,146631.67012548
2023-11-17 03:00:00,5.462,5.48,5.411,5.46,116187.57939256
2023-11-17 04:00:00,5.463,5.477,5.427,5.456,103441.25315914
2023-11-17 05:00:00,5.455,5.476,5.421,5.476,96909.0630275
2023-11-17 06:00:00,5.476,5.483,5.434,5.451,117384.92982719
2023-11-17 07:00:00,5.452,5.456,5.354,5.37,155429.2620831
2023-11-17 08:00:00,5.37,5.454,5.364,5.441,146389.19865471
2023-11-17 09:00:00,5.438,5.458,5.38,5.398,111636.74539725
2023-11-17 10:00:00,5.4,5.401,5.278,5.333,264070.67752253
2023-11-17 11:00:00,5.334,5.349,5.301,5.31,117685.79882736
2023-11-17 12:00:00,5.31,5.322,5.23,5.321,252687.48243239
2023-11-17 13:00:00,5.322,5.378,5.295,5.303,225099.41210259
2023-11-17 14:00:00,5.301,5.329,5.152,5.194,416749.95982815
2023-11-17 15:00:00,5.193,5.201,5.055,5.078,360526.53746165
2023-11-17 16:00:00,5.078,5.166,5.063,5.124,197389.99651169
2023-11-17 17:00:00,5.124,5.258,5.122,5.257,378050.84418535
2023-11-17 18:00:00,5.256,5.27,5.214,5.259,103293.34850104
2023-11-17 19:00:00,5.261,5.273,5.207,5.214,91554.01831741
2023-11-17 20:00:00,5.215,5.26,5.196,5.219,68796.91853302
2023-11-17 21:00:00,5.22,5.233,5.199,5.223,46659.90066927
2023-11-17 22:00:00,5.223,5.268,5.216,5.265,73237.82614964
2023-11-17 23:00:00,5.265,5.29,5.226,5.249,72590.05649626
2023-11-18 00:00:00,5.249,5.251,5.174,5.184,85934.65942627
2023-11-18 01:00:00,5.182,5.213,5.157,5.192,99726.64639991
2023-11-18 02:00:00,5.192,5.21,5.185,5.191,45140.39725455
2023-11-18 03:00:00,5.192,5.194,5.127,5.135,105399.7905457
2023-11-18 04:00:00,5.136,5.187,5.133,5.16,63090.40208292
2023-11-18 05:00:00,5.161,5.165,5.086,5.089,101160.66669315
2023-11-18 06:00:00,5.088,5.127,5.035,5.038,123695.08365877
2023-11-18 07:00:00,5.039,5.108,4.993,5.108,232299.75378398
2023-11-18 08:00:00,5.108,5.138,5.074,5.116,95510.42808093
2023-11-18 09:00:00,5.117,5.14,5.105,5.13,52726.41979111
2023-11-18 10:00:00,5.133,5.172,5.126,5.169,78357.19751404
2023-11-18 11:00:00,5.169,5.173,5.125,5.136,69532.49039465
2023-11-18 12:00:00,5.136,5.158,5.116,5.139,72773.02011156
2023-11-18 13:00:00,5.139,5.153,5.06,5.105,146907.70710483
2023-11-18 14:00:00,5.105,5.197,5.097,5.15,113304.99678913
2023-11-18 15:00:00,5.15,5.236,5.143,5.231,148293.7451049
2023-11-18 16:00:00,5.235,5.282,5.231,5.243,187348.30263279
2023-11-18 17:00:00,5.244,5.274,5.213,5.272,85316.01527197
2023-11-18 18:00:00,5.274,5.281,5.248,5.275,87212.70390415
2023-11-18 19:00:00,5.276,5.29,5.259,5.262,51678.1671139
2023-11-18 20:00:00,5.267,5.277,5.24,5.255,79745.0932599
2023-11-18 21:00:00,5.255,5.272,5.25,5.254,30653.53829492
2023-11-18 22:00:00,5.254,5.287,5.234,5.277,48501.22254804
2023-11-18 23:00:00,5.279,5.299,5.271,5.296,61197.19367371
2023-11-19 00:00:00,5.295,5.295,5.193,5.204,216036.83828976
2023-11-19 01:00:00,5.204,5.251,5.176,5.251,130707.91393102
2023-11-19 02:00:00,5.25,5.29,5.23,5.273,101864.60140828
2023-11-19 03:00:00,5.271,5.3,5.248,5.292,74227.04696609
2023-11-19 04:00:00,5.292,5.293,5.265,5.285,42461.37777502
2023-11-19 05:00:00,5.283,5.297,5.265,5.27,39859.32793879
2023-11-19 06:00:00,5.271,5.307,5.265,5.291,68836.99281557
2023-11-19 07:00:00,5.291,5.307,5.28,5.295,40538.23858666
2023-11-19 08:00:00,5.297,5.32,5.28,5.288,103567.03675763
2023-11-19 09:00:00,5.288,5.31,5.275,5.3,60914.85604981
2023-11-19 10:00:00,5.301,5.301,5.227,5.229,81982.26468013
2023-11-19 11:00:00,5.229,5.241,5.202,5.236,79767.55659156
2023-11-19 12:00:00,5.235,5.247,5.204,5.239,84459.54427063
2023-11-19 13:00:00,5.239,5.264,5.233,5.255,48752.87267312
2023-11-19 14:00:00,5.251,5.263,5.225,5.244,59112.53066883
2023-11-19 15:00:00,5.244,5.316,5.228,5.297,92701.13940144
2023-11-19 16:00:00,5.296,5.314,5.274,5.275,61197.36673499
2023-11-19 17:00:00,5.278,5.454,5.273,5.414,383369.85262605
2023-11-19 18:00:00,5.414,5.435,5.384,5.422,147022.45783517
2023-11-19 19:00:00,5.422,5.486,5.418,5.48,120692.69008342
2023-11-19 20:00:00,5.482,5.487,5.447,5.467,99123.69065349
2023-11-19 21:00:00,5.467,5.483,5.436,5.46,96701.47510378
2023-11-19 22:00:00,5.461,5.469,5.399,5.412,226138.74211257
2023-11-19 23:00:00,5.412,5.474,5.409,5.442,210301.76505774
2023-11-20 00:00:00,5.444,5.457,5.402,5.454,95979.68379619
2023-11-20 01:00:00,5.455,5.48,5.444,5.453,66705.39602658
2023-11-20 02:00:00,5.453,5.472,5.422,5.468,69817.06931111
2023-11-20 03:00:00,5.467,5.486,5.433,5.463,83278.22640222
2023-11-20 04:00:00,5.463,5.486,5.44,5.467,71767.17644893
2023-11-20 05:00:00,5.468,5.471,5.388,5.411,128401.0503777
2023-11-20 06:00:00,5.412,5.445,5.403,5.444,84019.96870883
2023-11-20 07:00:00,5.444,5.49,5.427,5.474,124557.82314271
2023-11-20 08:00:00,5.475,5.577,5.449,5.499,386317.18499475
2023-11-20 09:00:00,5.499,5.537,5.474,5.533,169220.42296169
2023-11-20 10:00:00,5.533,5.551,5.513,5.525,111239.48679265
2023-11-20 11:00:00,5.526,5.562,5.475,5.494,304310.7618552
2023-11-20 12:00:00,5.493,5.497,5.401,5.44,335085.2773829
2023-11-20 13:00:00,5.439,5.456,5.406,5.409,126042.53735168
2023-11-20 14:00:00,5.41,5.469,5.323,5.463,595366.16252461
2023-11-20 15:00:00,5.463,5.48,5.415,5.446,185186.55455055
2023-11-20 16:00:00,5.445,5.463,5.352,5.364,183518.32626132
2023-11-20 17:00:00,5.363,5.464,5.323,5.442,362270.18010945
2023-11-20 18:00:00,5.444,5.458,5.348,5.388,147954.38881684
2023-11-20 19:00:00,5.388,5.401,5.349,5.359,106928.93860069
2023-11-20 20:00:00,5.36,5.379,5.348,5.356,52817.4994787
2023-11-20 21:00:00,5.357,5.358,5.258,5.329,382108.44020916
2023-11-20 22:00:00,5.329,5.36,5.3,5.325,61931.43765287
2023-11-20 23:00:00,5.324,5.349,5.293,5.308,123382.95543787
2023-11-21 00:00:00,5.309,5.333,5.283,5.307,149530.30141725
2023-11-21 01:00:00,5.305,5.334,5.269,5.313,179541.43449268
2023-11-21 02:00:00,5.313,5.321,5.196,5.216,297464.9183345
2023-11-21 03:00:00,5.217,5.257,5.208,5.255,120519.52741182
2023-11-21 04:00:00,5.255,5.257,5.236,5.247,78998.44607964
2023-11-21 05:00:00,5.248,5.268,5.227,5.24,76173.44699266
2023-11-21 06:00:00,5.239,5.272,5.234,5.257,47281.28543862
2023-11-21 07:00:00,5.258,5.258,5.196,5.205,89639.86873192
2023-11-21 08:00:00,5.205,5.237,5.201,5.232,81061.34538877
2023-11-21 09:00:00,5.232,5.243,5.206,5.206,69925.25363164
2023-11-21 10:00:00,5.206,5.234,5.198,5.218,69844.55093279
2023-11-21 11:00:00,5.218,5.219,5.165,5.194,121133.36959922
2023-11-21 12:00:00,5.192,5.213,5.188,5.208,61635.91665272
2023-11-21 13:00:00,5.206,5.213,5.155,5.165,110838.94880395
2023-11-21 14:00:00,5.166,5.168,5.11,5.151,277477.73055127
2023-11-21 15:00:00,5.153,5.187,5.035,5.15,904089.23239841
2023-11-21 16:00:00,5.149,5.195,5.105,5.163,349014.45239168
2023-11-21 17:00:00,5.163,5.19,4.962,5.039,869348.9778726
2023-11-21 18:00:00,5.037,5.038,4.91,4.98,797538.03907823
2023-11-21 19:00:00,4.982,5.065,4.971,5.036,239296.26172543
2023-11-21 20:00:00,5.031,5.069,4.993,5.031,164434.27224419
2023-11-21 21:00:00,5.033,5.065,5.005,5.011,108561.31464643
2023-11-21 22:00:00,5.011,5.012,4.819,4.863,562186.83010037
2023-11-21 23:00:00,4.863,4.925,4.842,4.861,386284.93851164
2023-11-22 00:00:00,4.859,4.947,4.843,4.941,204233.93809559
2023-11-22 01:00:00,4.941,4.973,4.935,4.952,91541.07649909
2023-11-22 02:00:00,4.953,5.008,4.941,5.004,66358.85735539
2023-11-22 03:00:00,5.003,5.058,4.992,5.031,141756.83452871
2023-11-22 04:00:00,5.03,5.039,5.008,5.031,87183.47460192
2023-11-22 05:00:00,5.031,5.05,5.026,5.031,87368.56117611
2023-11-22 06:00:00,5.032,5.074,5.028,5.06,125122.99190605
2023-11-22 07:00:00,5.062,5.082,5.046,5.056,120951.74533708
2023-11-22 08:00:00,5.057,5.081,5.056,5.079,68111.36883541
2023-11-22 09:00:00,5.078,5.108,5.075,5.107,119666.94197613
2023-11-22 10:00:00,5.107,5.113,5.063,5.101,90356.91464258
2023-11-22 11:00:00,5.102,5.103,5.069,5.076,61053.26965756
2023-11-22 12:00:00,5.076,5.102,5.066,5.093,74794.62535626
2023-11-22 13:00:00,5.093,5.113,5.064,5.101,124997.86541301
2023-11-22 14:00:00,5.103,5.121,5.054,5.082,110526.58059687
2023-11-22 15:00:00,5.083,5.12,5.049,5.092,125607.85676019
2023-11-22 16:00:00,5.09,5.147,5.06,5.12,286550.63456632
2023-11-22 17:00:00,5.119,5.168,5.118,5.15,255342.88349958
2023-11-22 18:00:00,5.151,5.237,5.138,5.225,265530.62092739
2023-11-22 19:00:00,5.229,5.25,5.204,5.224,144288.54068906
2023-11-22 20:00:00,5.225,5.257,5.195,5.251,228715.47945033
2023-11-22 21:00:00,5.253,5.293,5.206,5.214,378925.09075772
2023-11-22 22:00:00,5.215,5.229,5.164,5.169,142640.00657299
2023-11-22 23:00:00,5.17,5.179,5.147,5.176,85986.10288518
2023-11-23 00:00:00,5.177,5.197,5.15,5.157,78038.72677128
2023-11-23 01:00:00,5.158,5.222,5.156,5.205,80115.44690387
2023-11-23 02:00:00,5.204,5.21,5.181,5.191,52935.03989575
2023-11-23 03:00:00,5.192,5.195,5.165,5.171,45634.47894077
2023-11-23 04:00:00,5.173,5.203,5.16,5.199,52632.52345265
2023-11-23 05:00:00,5.199,5.202,5.169,5.17,52114.08037277
2023-11-23 06:00:00,5.171,5.174,5.152,5.17,59867.64837257
2023-11-23 07:00:00,5.17,5.19,5.168,5.178,48539.9023886
2023-11-23 08:00:00,5.178,5.205,5.167,5.203,36726.90904887
2023-11-23 09:00:00,5.203,5.224,5.181,5.22,46668.70175276
2023-11-23 10:00:00,5.219,5.223,5.181,5.185,64164.13206304
2023-11-23 11:00:00,5.184,5.185,5.133,5.161,165190.41157019
2023-11-23 12:00:00,5.16,5.172,5.137,5.144,69796.87282678
2023-11-23 13:00:00,5.142,5.156,5.119,5.133,62142.94611582
2023-11-23 14:00:00,5.135,5.159,5.13,5.136,66188.69333705
2023-11-23 15:00:00,5.133,5.145,5.085,5.113,179032.42084528
2023-11-23 16:00:00,5.11,5.138,5.099,5.12,53898.35336861
2023-11-23 17:00:00,5.122,5.154,5.118,5.134,58418.32416006
2023-11-23 18:00:00,5.135,5.151,5.124,5.131,42012.03184271
2023-11-23 19:00:00,5.131,5.137,5.105,5.11,54828.65034305
2023-11-23 20:00:00,5.109,5.128,5.106,5.115,36705.16359828
2023-11-23 21:00:00,5.114,5.137,5.112,5.124,37434.70258319
2023-11-23 22:00:00,5.126,5.143,5.119,5.139,24186.83488983
2023-11-23 23:00:00,5.141,5.149,5.131,5.14,33881.26712948
2023-11-24 00:00:00,5.14,5.167,5.123,5.161,71006.9589628
2023-11-24 01:00:00,5.161,5.19,5.157,5.157,68280.67505202
2023-11-24 02:00:00,5.158,5.188,5.155,5.176,50994.1450102
2023-11-24 03:00:00,5.176,5.192,5.167,5.169,38427.4914441
2023-11-24 04:00:00,5.169,5.182,5.164,5.172,40076.85780014
2023-11-24 05:00:00,5.173,5.181,5.154,5.18,35701.99509768
2023-11-24 06:00:00,5.18,5.203,5.167,5.188,46324.07264427
2023-11-24 07:00:00,5.188,5.249,5.176,5.23,86878.19278731
2023-11-24 08:00:00,5.23,5.254,5.182,5.194,263732.95504935
2023-11-24 09:00:00,5.193,5.242,5.189,5.221,94041.816121
2023-11-24 10:00:00,5.223,5.254,5.206,5.209,115281.86349597
2023-11-24 11:00:00,5.209,5.262,5.204,5.215,113393.77915744
2023-11-24 12:00:00,5.214,5.245,5.208,5.212,96236.33130746
2023-11-24 13:00:00,5.21,5.227,5.19,5.213,94276.34752259
2023-11-24 14:00:00,5.213,5.217,5.174,5.2,81693.12579042
2023-11-24 15:00:00,5.199,5.278,5.197,5.249,203622.29609193
2023-11-24 16:00:00,5.25,5.299,5.204,5.226,235141.06912277
2023-11-24 17:00:00,5.226,5.282,5.211,5.255,91216.58176832
2023-11-24 18:00:00,5.256,5.257,5.206,5.227,106637.71832137
2023-11-24 19:00:00,5.228,5.233,5.202,5.233,62378.86362698
2023-11-24 20:00:00,5.235,5.241,5.213,5.241,45600.03745586
2023-11-24 21:00:00,5.241,5.267,5.236,5.255,90388.35072921
2023-11-24 22:00:00,5.257,5.299,5.234,5.25,173115.41165404
2023-11-24 23:00:00,5.248,5.257,5.213,5.249,70948.71854246
2023-11-25 00:00:00,5.249,5.293,5.215,5.272,81526.27438525
2023-11-25 01:00:00,5.272,5.329,5.269,5.322,69945.75087156
2023-11-25 02:00:00,5.322,5.335,5.302,5.329,73440.33275473
2023-11-25 03:00:00,5.329,5.329,5.305,5.307,53352.57291496
2023-11-25 04:00:00,5.309,5.309,5.285,5.293,44280.9163037
2023-11-25 05:00:00,5.292,5.298,5.267,5.281,44236.16594664
2023-11-25 06:00:00,5.279,5.308,5.275,5.299,36010.7249643
2023-11-25 07:00:00,5.298,5.32,5.296,5.316,49825.66548245
2023-11-25 08:00:00,5.317,5.332,5.298,5.301,31102.12508408
2023-11-25 09:00:00,5.303,5.31,5.287,5.301,41414.66038422
2023-11-25 10:00:00,5.298,5.315,5.27,5.283,56866.71170491
2023-11-25 11:00:00,5.282,5.289,5.244,5.273,72628.44882195
2023-11-25 12:00:00,5.272,5.304,5.264,5.295,40554.94327406
2023-11-25 13:00:00,5.295,5.334,5.288,5.329,70574.80177294
2023-11-25 14:00:00,5.329,5.388,5.311,5.388,126129.03233787
2023-11-25 15:00:00,5.387,5.392,5.329,5.349,117458.22126184
2023-11-25 16:00:00,5.349,5.364,5.334,5.339,53038.805205
2023-11-25 17:00:00,5.34,5.365,5.335,5.352,35427.0453246
2023-11-25 18:00:00,5.351,5.356,5.336,5.346,41667.8714906
2023-11-25 19:00:00,5.343,5.358,5.341,5.349,28995.33270876
2023-11-25 20:00:00,5.346,5.358,5.321,5.332,43886.53211262
2023-11-25 21:00:00,5.333,5.343,5.326,5.33,28329.69345916
2023-11-25 22:00:00,5.33,5.331,5.316,5.323,24986.33648478
2023-11-25 23:00:00,5.325,5.338,5.32,5.336,32848.40060665
2023-11-26 00:00:00,5.337,5.361,5.326,5.35,52117.88728525
2023-11-26 01:00:00,5.349,5.35,5.306,5.308,71035.75682669
2023-11-26 02:00:00,5.309,5.337,5.301,5.337,39820.72261663
2023-11-26 03:00:00,5.338,5.361,5.321,5.329,60466.56434276
2023-11-26 04:00:00,5.33,5.362,5.317,5.361,41603.81064944
2023-11-26 05:00:00,5.361,5.4,5.353,5.398,63069.63106211
2023-11-26 06:00:00,5.399,5.419,5.361,5.377,96055.97650662
2023-11-26 07:00:00,5.378,5.378,5.36,5.367,58073.92463146
2023-11-26 08:00:00,5.367,5.372,5.353,5.355,37583.20206308
2023-11-26 09:00:00,5.355,5.374,5.339,5.366,50693.88312153
2023-11-26 10:00:00,5.366,5.367,5.328,5.33,41887.25517
2023-11-26 11:00:00,5.331,5.36,5.327,5.336,58309.40556261
2023-11-26 12:00:00,5.339,5.366,5.306,5.366,145026.06574668
2023-11-26 13:00:00,5.368,5.377,5.307,5.354,116828.69035566
2023-11-26 14:00:00,5.354,5.361,5.264,5.292,195101.05602201
2023-11-26 15:00:00,5.289,5.331,5.26,5.278,141361.87473645
2023-11-26 16:00:00,5.275,5.297,5.148,5.234,517395.96676357
2023-11-26 17:00:00,5.233,5.251,5.22,5.229,74673.81688547
2023-11-26 18:00:00,5.229,5.261,5.219,5.232,78287.1480354
2023-11-26 19:00:00,5.23,5.31,5.229,5.307,85248.34105274
2023-11-26 20:00:00,5.306,5.387,5.298,5.354,165884.76329995
2023-11-26 21:00:00,5.354,5.361,5.298,5.316,106327.59258323
2023-11-26 22:00:00,5.316,5.351,5.314,5.322,82543.5561701
2023-11-26 23:00:00,5.321,5.333,5.288,5.329,79206.41252182
2023-11-27 00:00:00,5.332,5.374,5.318,5.35,77539.52498863
2023-11-27 01:00:00,5.35,5.378,5.311,5.317,83986.25747497
2023-11-27 02:00:00,5.318,5.323,5.277,5.295,79964.61037571
2023-11-27 03:00:00,5.295,5.303,5.251,5.291,86334.86627359
2023-11-27 04:00:00,5.291,5.333,5.281,5.318,149543.70558611
2023-11-27 05:00:00,5.319,5.322,5.28,5.284,93574.54328417
2023-11-27 06:00:00,5.284,5.334,5.26,5.262,139865.91245881
2023-11-27 07:00:00,5.26,5.301,5.212,5.255,163348.90687282
2023-11-27 08:00:00,5.254,5.267,5.227,5.232,64779.81581669
2023-11-27 09:00:00,5.231,5.262,5.226,5.234,64862.96634263
2023-11-27 10:00:00,5.233,5.244,5.134,5.159,186750.96834516
2023-11-27 11:00:00,5.16,5.178,5.133,5.154,150405.77748942
2023-11-27 12:00:00,5.155,5.169,5.126,5.135,113222.57040982
2023-11-27 13:00:00,5.135,5.164,5.114,5.157,154002.62698448
2023-11-27 14:00:00,5.155,5.169,5.08,5.097,175840.53060815
2023-11-27 15:00:00,5.096,5.15,5.075,5.084,165208.46700008
2023-11-27 16:00:00,5.083,5.14,5.077,5.139,132027.5023673
2023-11-27 17:00:00,5.14,5.16,5.105,5.109,185295.09885716
2023-11-27 18:00:00,5.108,5.125,5.086,5.087,69822.90467522
2023-11-27 19:00:00,5.088,5.118,5.039,5.073,149505.00545916
2023-11-27 20:00:00,5.073,5.081,5.042,5.054,67881.14397667
2023-11-27 21:00:00,5.054,5.124,5.048,5.114,74839.78675351
2023-11-27 22:00:00,5.113,5.133,5.099,5.127,27379.01607311
2023-11-27 23:00:00,5.127,5.173,5.127,5.159,106377.80983103
2023-11-28 00:00:00,5.16,5.188,5.147,5.177,48840.84565819
2023-11-28 01:00:00,5.18,5.188,5.142,5.176,122126.35995574
2023-11-28 02:00:00,5.176,5.189,5.151,5.18,42357.5571583
2023-11-28 03:00:00,5.182,5.192,5.157,5.165,70056.88623337
2023-11-28 04:00:00,5.167,5.192,5.15,5.183,112351.8239911
2023-11-28 05:00:00,5.184,5.213,5.166,5.174,321863.65012327
2023-11-28 06:00:00,5.172,5.195,5.154,5.192,169169.97896271
2023-11-28 07:00:00,5.192,5.196,5.121,5.168,207707.88865694
2023-11-28 08:00:00,5.169,5.171,5.107,5.108,94937.41463777
2023-11-28 09:00:00,5.108,5.214,5.108,5.198,99149.32258623
2023-11-28 10:00:00,5.201,5.202,5.144,5.169,57631.9891473
2023-11-28 11:00:00,5.17,5.207,5.168,5.202,67896.0516718
2023-11-28 12:00:00,5.203,5.207,5.175,5.182,43229.46837026
2023-11-28 13:00:00,5.185,5.233,5.163,5.233,83160.90205183
2023-11-28 14:00:00,5.232,5.238,5.198,5.208,79888.53980276
2023-11-28 15:00:00,5.208,5.235,5.18,5.225,103281.52873993
2023-11-28 16:00:00,5.227,5.274,5.208,5.259,147172.50905932
2023-11-28 17:00:00,5.258,5.294,5.234,5.294,214952.5999282
2023-11-28 18:00:00,5.295,5.3,5.256,5.277,103756.52417222
2023-11-28 19:00:00,5.276,5.317,5.272,5.284,150838.12562879
2023-11-28 20:00:00,5.284,5.306,5.275,5.301,97003.38768282
2023-11-28 21:00:00,5.299,5.303,5.259,5.268,82036.15322787
2023-11-28 22:00:00,5.266,5.279,5.239,5.255,49077.65514378
2023-11-28 23:00:00,5.256,5.293,5.254,5.277,44441.92469944
2023-11-29 00:00:00,5.278,5.305,5.256,5.302,56532.53733864
2023-11-29 01:00:00,5.302,5.315,5.289,5.292,63143.93191459
2023-11-29 02:00:00,5.293,5.303,5.276,5.278,47008.767067
2023-11-29 03:00:00,5.278,5.285,5.267,5.277,38773.57663514
2023-11-29 04:00:00,5.281,5.281,5.264,5.276,21581.01692085
2023-11-29 05:00:00,5.276,5.284,5.249,5.273,55946.42548248
2023-11-29 06:00:00,5.273,5.304,5.261,5.304,76389.04720523
2023-11-29 07:00:00,5.305,5.309,5.277,5.281,49465.58630121
2023-11-29 08:00:00,5.28,5.359,5.278,5.354,88873.16223111
2023-11-29 09:00:00,5.354,5.36,5.305,5.331,109143.14122728
2023-11-29 10:00:00,5.33,5.39,5.29,5.308,261164.67388619
2023-11-29 11:00:00,5.307,5.368,5.295,5.355,65326.90167161
2023-11-29 12:00:00,5.354,5.38,5.317,5.318,99370.69233211
2023-11-29 13:00:00,5.317,5.333,5.278,5.289,88258.84307759
2023-11-29 14:00:00,5.289,5.31,5.243,5.248,167072.9107024
2023-11-29 15:00:00,5.246,5.26,5.197,5.234,198422.05471069
2023-11-29 16:00:00,5.235,5.248,5.181,5.212,109210.86806684
2023-11-29 17:00:00,5.212,5.245,5.189,5.228,98337.78727736
2023-11-29 18:00:00,5.229,5.232,5.199,5.214,101052.81378214
2023-11-29 19:00:00,5.215,5.216,5.176,5.198,104102.98859245
2023-11-29 20:00:00,5.198,5.199,5.153,5.165,48785.95516117
2023-11-29 21:00:00,5.165,5.181,5.154,5.165,59814.89292806
2023-11-29 22:00:00,5.167,5.176,5.163,5.166,32574.23546519
2023-11-29 23:00:00,5.165,5.178,5.155,5.167,53479.81023715
2023-11-30 00:00:00,5.164,5.17,5.148,5.153,51118.38676301
2023-11-30 01:00:00,5.152,5.161,5.125,5.133,83793.16423946
2023-11-30 02:00:00,5.132,5.16,5.121,5.151,63521.02225821
2023-11-30 03:00:00,5.151,5.192,5.144,5.183,42824.14684429
2023-11-30 04:00:00,5.183,5.194,5.165,5.165,43339.40888398
2023-11-30 05:00:00,5.165,5.176,5.146,5.152,28610.65088608
2023-11-30 06:00:00,5.152,5.173,5.143,5.167,35737.82579214
2023-11-30 07:00:00,5.166,5.185,5.161,5.173,38545.9077128
2023-11-30 08:00:00,5.174,5.176,5.129,5.156,52831.33097766
2023-11-30 09:00:00,5.156,5.182,5.15,5.168,44129.96806155
2023-11-30 10:00:00,5.167,5.191,5.162,5.176,40585.76647292
2023-11-30 11:00:00,5.176,5.206,5.172,5.203,47211.42319526
2023-11-30 12:00:00,5.204,5.211,5.191,5.207,40902.86197623
2023-11-30 13:00:00,5.208,5.243,5.186,5.213,85428.25010113
2023-11-30 14:00:00,5.213,5.274,5.181,5.266,154238.24731226
2023-11-30 15:00:00,5.266,5.498,5.248,5.495,730489.50811606
2023-11-30 16:00:00,5.495,5.577,5.406,5.406,509637.99272209
2023-11-30 17:00:00,5.405,5.465,5.398,5.464,118006.9221534
2023-11-30 18:00:00,5.463,5.489,5.444,5.45,146878.31279633
2023-11-30 19:00:00,5.45,5.478,5.436,5.457,72901.18268587
2023-11-30 20:00:00,5.456,5.465,5.424,5.438,62654.34404371
2023-11-30 21:00:00,5.437,5.499,5.436,5.499,76994.94396744
2023-11-30 22:00:00,5.497,5.503,5.476,5.477,54738.87611701
2023-11-30 23:00:00,5.477,5.483,5.435,5.475,62553.61318468
2023-12-01 00:00:00,5.479,5.483,5.414,5.44,92614.2569838
2023-12-01 01:00:00,5.441,5.48,5.422,5.464,143642.80153088
2023-12-01 02:00:00,5.465,5.5,5.456,5.489,97081.92861535
2023-12-01 03:00:00,5.49,5.498,5.473,5.497,76287.05350795
2023-12-01 04:00:00,5.497,5.513,5.471,5.5,96462.32368638
2023-12-01 05:00:00,5.501,5.526,5.477,5.478,76096.62535306
2023-12-01 06:00:00,5.482,5.482,5.449,5.46,67005.16918723
2023-12-01 07:00:00,5.461,5.483,5.443,5.456,83930.11605054
2023-12-01 08:00:00,5.455,5.463,5.423,5.434,98346.61244997
2023-12-01 09:00:00,5.436,5.482,5.436,5.475,159063.19786977
2023-12-01 10:00:00,5.475,5.484,5.431,5.45,80977.99853403
2023-12-01 11:00:00,5.451,5.46,5.444,5.452,38137.29635523
2023-12-01 12:00:00,5.453,5.457,5.415,5.434,96035.23343626
2023-12-01 13:00:00,5.434,5.439,5.393,5.401,64721.49377269
2023-12-01 14:00:00,5.401,5.428,5.373,5.419,117520.12511784
2023-12-01 15:00:00,5.418,5.44,5.411,5.43,57756.00242903
2023-12-01 16:00:00,5.43,5.468,5.415,5.454,130895.2759282
2023-12-01 17:00:00,5.453,5.462,5.428,5.451,78921.1693564
2023-12-01 18:00:00,5.451,5.464,5.444,5.449,43923.72072694
2023-12-01 19:00:00,5.449,5.48,5.441,5.474,53866.01178198
2023-12-01 20:00:00,5.475,5.475,5.444,5.449,28853.26428982
2023-12-01 21:00:00,5.448,5.46,5.44,5.449,22076.64386296
2023-12-01 22:00:00,5.449,5.478,5.447,5.476,30826.89181667
2023-12-01 23:00:00,5.477,5.484,5.464,5.474,28919.16410481
2023-12-02 00:00:00,5.474,5.483,5.459,5.479,34313.5805555
2023-12-02 01:00:00,5.479,5.481,5.462,5.463,43944.83298185
2023-12-02 02:00:00,5.464,5.47,5.454,5.465,20543.5666611
2023-12-02 03:00:00,5.466,5.492,5.453,5.484,33132.8628869
2023-12-02 04:00:00,5.485,5.493,5.474,5.475,29827.281069
2023-12-02 05:00:00,5.477,5.48,5.464,5.47,29096.05161708
2023-12-02 06:00:00,5.47,5.502,5.468,5.498,40170.68822685
2023-12-02 07:00:00,5.497,5.511,5.494,5.495,39956.3194456
2023-12-02 08:00:00,5.494,5.535,5.493,5.516,48960.60784918
2023-12-02 09:00:00,5.517,5.521,5.501,5.518,25988.36023064
2023-12-02 10:00:00,5.516,5.543,5.51,5.54,47840.94330127
2023-12-02 11:00:00,5.541,5.543,5.508,5.527,51974.38387883
2023-12-02 12:00:00,5.528,5.542,5.522,5.531,35735.89155248
2023-12-02 13:00:00,5.529,5.536,5.519,5.523,33016.83620816
2023-12-02 14:00:00,5.523,5.533,5.462,5.487,93382.64362209
2023-12-02 15:00:00,5.486,5.5,5.467,5.488,144605.206159
2023-12-02 16:00:00,5.486,5.496,5.461,5.479,64855.17079012
2023-12-02 17:00:00,5.48,5.496,5.472,5.493,22767.09415875
2023-12-02 18:00:00,5.493,5.534,5.49,5.515,93824.69832797
2023-12-02 19:00:00,5.514,5.576,5.514,5.556,226836.57411927
2023-12-02 20:00:00,5.556,5.58,5.55,5.578,78658.17642652
2023-12-02 21:00:00,5.579,5.606,5.557,5.604,76818.72610301
2023-12-02 22:00:00,5.605,5.609,5.555,5.556,75180.36430817
2023-12-02 23:00:00,5.558,5.588,5.558,5.567,38998.69202157
2023-12-03 00:00:00,5.567,5.599,5.558,5.598,34199.52993196
2023-12-03 01:00:00,5.599,5.616,5.589,5.606,45819.96531294
2023-12-03 02:00:00,5.605,5.611,5.561,5.563,42008.81565019
2023-12-03 03:00:00,5.564,5.567,5.523,5.548,72980.11370548
2023-12-03 04:00:00,5.548,5.555,5.53,5.537,43599.03771895
2023-12-03 05:00:00,5.538,5.559,5.525,5.542,27262.01278863
2023-12-03 06:00:00,5.541,5.545,5.516,5.531,33742.0367954
2023-12-03 07:00:00,5.531,5.543,5.509,5.543,40076.50828861
2023-12-03 08:00:00,5.543,5.543,5.516,5.522,27484.17825597
2023-12-03 09:00:00,5.521,5.539,5.518,5.527,31324.50150204
2023-12-03 10:00:00,5.527,5.532,5.508,5.526,41191.89987929
2023-12-03 11:00:00,5.521,5.525,5.473,5.506,90301.52993915
2023-12-03 12:00:00,5.507,5.514,5.436,5.45,99342.24742044
2023-12-03 13:00:00,5.45,5.496,5.445,5.481,107681.05871078
2023-12-03 14:00:00,5.48,5.49,5.447,5.454,78853.14141197
2023-12-03 15:00:00,5.454,5.555,5.449,5.507,174057.47831811
2023-12-03 16:00:00,5.51,5.531,5.487,5.489,114692.79812956
2023-12-03 17:00:00,5.49,5.493,5.45,5.458,108923.90351816
2023-12-03 18:00:00,5.458,5.475,5.454,5.463,41785.45222364
2023-12-03 19:00:00,5.463,5.475,5.439,5.475,48990.84747005
2023-12-03 20:00:00,5.474,5.497,5.467,5.496,59660.53509249
2023-12-03 21:00:00,5.497,5.53,5.485,5.528,67120.91774278
2023-12-03 22:00:00,5.528,5.63,5.528,5.587,248296.73009615
2023-12-03 23:00:00,5.587,5.608,5.507,5.545,266703.66643035
2023-12-04 00:00:00,5.545,5.58,5.533,5.563,201814.19697996
2023-12-04 01:00:00,5.565,5.623,5.551,5.599,212149.28330204
2023-12-04 02:00:00,5.599,5.615,5.589,5.608,88772.90354422
2023-12-04 03:00:00,5.608,5.632,5.602,5.612,70090.04928999
2023-12-04 04:00:00,5.613,5.687,5.613,5.658,147173.43143906
2023-12-04 05:00:00,5.658,5.665,5.618,5.643,154889.05079874
2023-12-04 06:00:00,5.643,5.706,5.624,5.689,110067.88800552
2023-12-04 07:00:00,5.691,5.708,5.646,5.656,164818.51729012
2023-12-04 08:00:00,5.657,5.706,5.651,5.702,125504.18464668
2023-12-04 09:00:00,5.702,5.711,5.672,5.674,108113.34330993
2023-12-04 10:00:00,5.674,5.729,5.674,5.708,164447.83657665
2023-12-04 11:00:00,5.712,5.714,5.402,5.581,1431702.60438374
2023-12-04 12:00:00,5.581,5.669,5.554,5.661,224505.02350963
2023-12-04 13:00:00,5.662,5.67,5.55,5.566,158168.66216828
2023-12-04 14:00:00,5.568,5.577,5.501,5.532,283816.01336273
2023-12-04 15:00:00,5.533,5.543,5.478,5.497,189917.91233197
2023-12-04 16:00:00,5.493,5.572,5.489,5.57,119084.04030364
2023-12-04 17:00:00,5.57,5.585,5.527,5.534,94651.41557344
2023-12-04 18:00:00,5.534,5.569,5.533,5.544,56737.17869964
2023-12-04 19:00:00,5.544,5.574,5.527,5.57,66573.77954198
2023-12-04 20:00:00,5.572,5.601,5.565,5.581,65582.11679177
2023-12-04 21:00:00,5.581,5.591,5.57,5.584,50557.01202013
2023-12-04 22:00:00,5.583,5.626,5.557,5.578,102548.03140651
2023-12-04 23:00:00,5.581,5.64,5.572,5.639,71564.05732096
2023-12-05 00:00:00,5.641,5.7,5.607,5.695,112982.08971136
2023-12-05 01:00:00,5.694,5.701,5.622,5.642,129697.89050713
2023-12-05 02:00:00,5.641,5.645,5.557,5.606,173788.30432897
2023-12-05 03:00:00,5.606,5.629,5.599,5.609,84447.81349139
2023-12-05 04:00:00,5.61,5.618,5.582,5.618,70289.13512321
2023-12-05 05:00:00,5.617,5.695,5.606,5.65,219463.48909791
2023-12-05 06:00:00,5.649,5.681,5.609,5.617,217958.38791635
2023-12-05 07:00:00,5.618,5.674,5.568,5.639,460362.86019912
2023-12-05 08:00:00,5.638,5.735,5.607,5.656,624936.45300483
2023-12-05 09:00:00,5.657,5.673,5.588,5.593,291188.64652413
2023-12-05 10:00:00,5.592,5.61,5.524,5.526,272246.19507779
2023-12-05 11:00:00,5.526,5.564,5.516,5.538,116383.45899832
2023-12-05 12:00:00,5.537,5.571,5.527,5.55,166413.8941068
2023-12-05 13:00:00,5.552,5.595,5.514,5.52,119299.82712624
2023-12-05 14:00:00,5.52,5.568,5.512,5.557,86588.76038522
2023-12-05 15:00:00,5.557,5.639,5.545,5.635,123414.41566617
2023-12-05 16:00:00,5.635,5.686,5.606,5.681,194840.97984248
2023-12-05 17:00:00,5.681,5.74,5.658,5.736,449854.14680345
2023-12-05 18:00:00,5.737,5.788,5.713,5.748,279260.66120715
2023-12-05 19:00:00,5.749,5.831,5.741,5.787,274378.49772423
2023-12-05 20:00:00,5.788,5.801,5.743,5.783,143599.68588233
2023-12-05 21:00:00,5.782,5.816,5.759,5.794,91276.00710688
2023-12-05 22:00:00,5.796,5.821,5.781,5.799,68815.72878044
2023-12-05 23:00:00,5.802,5.946,5.796,5.905,316957.76886367
2023-12-06 00:00:00,5.906,5.997,5.883,5.972,257310.87912583
2023-12-06 01:00:00,5.974,6.004,5.936,5.965,160488.14497103
2023-12-06 02:00:00,5.968,5.978,5.904,5.962,125498.79298982
2023-12-06 03:00:00,5.963,5.966,5.858,5.875,248370.23750303
2023-12-06 04:00:00,5.878,5.925,5.878,5.911,94229.19648689
2023-12-06 05:00:00,5.912,5.937,5.782,5.855,326605.6801919
2023-12-06 06:00:00,5.858,5.87,5.8,5.868,162003.0970807
2023-12-06 07:00:00,5.869,5.953,5.858,5.948,234839.02750483
2023-12-06 08:00:00,5.948,5.98,5.904,5.976,209338.34910884
2023-12-06 09:00:00,5.978,5.983,5.92,5.929,196051.09472133
2023-12-06 10:00:00,5.929,6.023,5.927,5.945,376049.4454122
2023-12-06 11:00:00,5.945,5.967,5.794,5.946,986629.89343589
2023-12-06 12:00:00,5.947,6.085,5.932,6.082,356258.01605921
2023-12-06 13:00:00,6.082,6.097,6.009,6.044,280667.14308126
2023-12-06 14:00:00,6.043,6.162,6.04,6.143,394812.11569305
2023-12-06 15:00:00,6.144,6.159,6.05,6.13,316590.73709026
2023-12-06 16:00:00,6.132,6.202,6.106,6.184,307230.7143069
2023-12-06 17:00:00,6.184,6.197,6.096,6.124,205195.47589919
2023-12-06 18:00:00,6.124,6.144,6.081,6.111,131022.67971984
2023-12-06 19:00:00,6.11,6.116,6.078,6.081,98278.33388071
2023-12-06 20:00:00,6.08,6.094,6.046,6.051,141501.40019452
2023-12-06 21:00:00,6.051,6.096,6.008,6.085,153747.58240118
2023-12-06 22:00:00,6.083,6.102,5.99,6.047,156696.34882664
2023-12-06 23:00:00,6.047,6.107,6.027,6.046,173148.36591193
2023-12-07 00:00:00,6.046,6.107,6.045,6.091,144613.76413336
2023-12-07 01:00:00,6.092,6.139,6.077,6.098,103423.62657446
2023-12-07 02:00:00,6.1,6.119,6.064,6.096,70148.59845277
2023-12-07 03:00:00,6.097,6.108,6.034,6.063,76406.11363588
2023-12-07 04:00:00,6.059,6.147,6.05,6.141,103786.56170771
2023-12-07 05:00:00,6.142,6.184,6.135,6.18,104793.89407516
2023-12-07 06:00:00,6.181,6.185,6.109,6.131,85668.93411621
2023-12-07 07:00:00,6.13,6.145,6.115,6.128,71998.21483826
2023-12-07 08:00:00,6.127,6.14,6.02,6.035,200816.26573532
2023-12-07 09:00:00,6.038,6.081,5.906,6.04,447397.80427251
2023-12-07 10:00:00,6.038,6.062,5.992,6.005,166057.22954863
2023-12-07 11:00:00,6.003,6.028,5.949,5.973,119685.70856694
2023-12-07 12:00:00,5.973,6.037,5.962,6.033,137186.81662586
2023-12-07 13:00:00,6.033,6.049,5.982,6.003,104175.33697615
2023-12-07 14:00:00,6.001,6.049,5.989,6.041,115879.26819305
2023-12-07 15:00:00,6.039,6.135,6.036,6.103,285664.41334792
2023-12-07 16:00:00,6.104,6.197,6.081,6.196,251824.51499063
2023-12-07 17:00:00,6.197,6.312,6.164,6.286,556669.82154179
2023-12-07 18:00:00,6.287,6.306,6.226,6.237,238800.1027129
2023-12-07 19:00:00,6.238,6.242,6.152,6.202,170177.08865064
2023-12-07 20:00:00,6.206,6.249,6.187,6.236,140816.97027655
2023-12-07 21:00:00,6.239,6.287,6.231,6.261,143747.83015091
2023-12-07 22:00:00,6.262,6.265,6.21,6.212,103808.36930712
2023-12-07 23:00:00,6.211,6.275,6.211,6.247,96912.87055409
2023-12-08 00:00:00,6.248,6.28,6.206,6.21,111921.97446772
2023-12-08 01:00:00,6.21,6.241,6.175,6.197,119331.58112566
2023-12-08 02:00:00,6.194,6.228,6.186,6.228,70357.57518685
2023-12-08 03:00:00,6.224,6.246,6.201,6.223,80178.14223091
2023-12-08 04:00:00,6.225,6.303,6.214,6.302,102132.08723802
2023-12-08 05:00:00,6.3,6.307,6.27,6.293,70775.93006641
2023-12-08 06:00:00,6.294,6.326,6.278,6.293,94004.91767525
2023-12-08 07:00:00,6.292,6.293,6.231,6.239,103816.94765229
2023-12-08 08:00:00,6.241,6.28,6.234,6.251,96312.65286403
2023-12-08 09:00:00,6.25,6.381,6.247,6.288,263984.93952408
2023-12-08 10:00:00,6.286,6.316,6.264,6.308,150907.00948642
2023-12-08 11:00:00,6.306,6.387,6.298,6.379,160913.04206556
2023-12-08 12:00:00,6.378,6.656,6.378,6.581,698624.53261562
2023-12-08 13:00:00,6.582,6.686,6.558,6.669,546370.46237218
2023-12-08 14:00:00,6.669,6.699,6.568,6.64,383264.59734392
2023-12-08 15:00:00,6.642,6.688,6.607,6.684,260085.33566524
2023-12-08 16:00:00,6.686,6.816,6.644,6.694,566254.11256838
2023-12-08 17:00:00,6.694,6.723,6.639,6.651,256858.53302851
2023-12-08 18:00:00,6.65,6.657,6.603,6.62,170041.87188608
2023-12-08 19:00:00,6.62,6.668,6.605,6.658,87099.31968567
2023-12-08 20:00:00,6.658,6.719,6.64,6.718,90041.82530535
2023-12-08 21:00:00,6.717,6.751,6.67,6.742,144929.65732407
2023-12-08 22:00:00,6.744,6.795,6.725,6.761,116504.06782539
2023-12-08 23:00:00,6.761,6.923,6.761,6.847,242506.15494163
2023-12-09 00:00:00,6.848,7.458,6.838,7.432,871149.30693201
2023-12-09 01:00:00,7.431,7.449,7.191,7.314,793494.3174
2023-12-09 02:00:00,7.311,7.449,7.295,7.343,439215.17056504
2023-12-09 03:00:00,7.34,7.523,7.323,7.423,414069.3785676
2023-12-09 04:00:00,7.424,7.545,7.382,7.478,390033.14056027
2023-12-09 05:00:00,7.477,7.534,7.402,7.423,299701.31720186
2023-12-09 06:00:00,7.424,7.481,7.381,7.451,194804.69597063
2023-12-09 07:00:00,7.45,7.612,7.441,7.569,386975.61587591
2023-12-09 08:00:00,7.569,7.696,7.333,7.441,864374.77881239
2023-12-09 09:00:00,7.44,7.629,7.44,7.463,407986.13712211
2023-12-09 10:00:00,7.466,7.563,7.44,7.563,268356.42223223
2023-12-09 11:00:00,7.564,7.6,7.49,7.594,346858.73969298
2023-12-09 12:00:00,7.593,7.639,7.483,7.504,491165.10355506
2023-12-09 13:00:00,7.505,7.526,7.429,7.435,303189.17580423
2023-12-09 14:00:00,7.429,7.475,7.291,7.37,431313.47969076
2023-12-09 15:00:00,7.369,7.39,7.306,7.326,237236.45331333
2023-12-09 16:00:00,7.328,7.355,7.176,7.207,411984.85200896
2023-12-09 17:00:00,7.206,7.212,7.061,7.09,516490.93960547
2023-12-09 18:00:00,7.091,7.263,7.09,7.25,231957.59387624
2023-12-09 19:00:00,7.252,7.296,7.221,7.29,104295.01083262
2023-12-09 20:00:00,7.291,7.292,7.205,7.231,157879.77482448
2023-12-09 21:00:00,7.231,7.258,7.177,7.228,100783.27073232
2023-12-09 22:00:00,7.226,7.27,7.142,7.17,114615.32274181
2023-12-09 23:00:00,7.172,7.187,7.023,7.11,336372.26570577
2023-12-10 00:00:00,7.111,7.286,7.11,7.248,284022.54529043
2023-12-10 01:00:00,7.248,7.329,7.241,7.272,172635.77284891
2023-12-10 02:00:00,7.271,7.289,7.226,7.244,158738.10039629
2023-12-10 03:00:00,7.243,7.302,7.237,7.267,90249.53511312
2023-12-10 04:00:00,7.266,7.33,7.246,7.315,112754.5473898
2023-12-10 05:00:00,7.315,7.318,7.269,7.288,90789.20411371
2023-12-10 06:00:00,7.288,7.294,7.235,7.252,97852.49259091
2023-12-10 07:00:00,7.252,7.253,7.166,7.209,175254.15575122
2023-12-10 08:00:00,7.208,7.216,7.101,7.116,228086.05290551
2023-12-10 09:00:00,7.116,7.133,6.969,6.969,347901.61391233
2023-12-10 10:00:00,6.972,7.072,6.968,7.072,162500.64008147
2023-12-10 11:00:00,7.073,7.114,7.063,7.095,151947.29855423
2023-12-10 12:00:00,7.095,7.245,7.095,7.196,235231.71225284
2023-12-10 13:00:00,7.198,7.246,7.177,7.206,157986.47478923
2023-12-10 14:00:00,7.204,7.275,7.183,7.241,128552.98862534
2023-12-10 15:00:00,7.241,7.269,7.216,7.227,116174.28049388
2023-12-10 16:00:00,7.223,7.244,7.185,7.189,117754.58141584
2023-12-10 17:00:00,7.185,7.197,7.114,7.15,152292.77478864
2023-12-10 18:00:00,7.15,7.232,7.149,7.177,101729.01490856
2023-12-10 19:00:00,7.178,7.2,7.143,7.185,74837.18602126
2023-12-10 20:00:00,7.186,7.324,7.182,7.314,293296.08920644
2023-12-10 21:00:00,7.313,7.323,7.212,7.229,144543.70058712
2023-12-10 22:00:00,7.229,7.271,7.211,7.271,72263.7128321
2023-12-10 23:00:00,7.273,7.36,7.228,7.352,164158.06933632
2023-12-11 00:00:00,7.352,7.368,7.186,7.196,220655.07854299
2023-12-11 01:00:00,7.196,7.24,7.087,7.218,320731.30558509
2023-12-11 02:00:00,7.218,7.225,6.2,6.722,1904178.46262146
2023-12-11 03:00:00,6.727,6.889,6.712,6.851,394705.3032714
2023-12-11 04:00:00,6.851,6.92,6.808,6.86,470106.6422387
2023-12-11 05:00:00,6.859,6.881,6.742,6.804,401839.25914788
2023-12-11 06:00:00,6.804,6.804,6.64,6.754,412533.47087462
2023-12-11 07:00:00,6.753,6.809,6.66,6.669,220897.41551474
2023-12-11 08:00:00,6.667,6.711,6.607,6.7,376350.87062493
2023-12-11 09:00:00,6.698,6.759,6.687,6.708,197715.26987088
2023-12-11 10:00:00,6.708,6.732,6.679,6.714,152028.46805922
2023-12-11 11:00:00,6.713,6.769,6.691,6.766,166421.60732206
2023-12-11 12:00:00,6.766,6.82,6.722,6.726,229958.50565801
2023-12-11 13:00:00,6.726,6.753,6.578,6.669,333829.81362142
2023-12-11 14:00:00,6.67,6.713,6.581,6.624,455124.27521732
2023-12-11 15:00:00,6.625,6.714,6.607,6.689,393585.97428511
2023-12-11 16:00:00,6.688,6.741,6.632,6.729,479799.64237367
2023-12-11 17:00:00,6.727,6.728,6.565,6.573,322063.45058707
2023-12-11 18:00:00,6.575,6.6,6.398,6.52,695931.28257726
2023-12-11 19:00:00,6.522,6.544,6.405,6.525,315348.86020388
2023-12-11 20:00:00,6.523,6.587,6.494,6.585,198247.2077278
2023-12-11 21:00:00,6.584,6.732,6.581,6.729,254370.32702796
2023-12-11 22:00:00,6.73,6.763,6.679,6.733,161714.04878003
2023-12-11 23:00:00,6.733,6.748,6.697,6.71,90259.69734279
2023-12-12 00:00:00,6.708,6.797,6.699,6.753,190800.56305538
2023-12-12 01:00:00,6.754,6.843,6.74,6.801,122982.69872841
2023-12-12 02:00:00,6.802,6.906,6.802,6.887,180756.93501529
2023-12-12 03:00:00,6.889,7.046,6.888,6.913,307439.45945672
2023-12-12 04:00:00,6.913,6.929,6.862,6.88,157167.01840906
2023-12-12 05:00:00,6.882,7.038,6.882,6.989,251130.01228808
2023-12-12 06:00:00,6.987,6.995,6.926,6.951,145315.65461509
2023-12-12 07:00:00,6.95,7.288,6.941,7.26,380887.97090024
2023-12-12 08:00:00,7.257,7.299,7.108,7.175,378742.17552016
2023-12-12 09:00:00,7.173,7.173,7.074,7.1,232809.28398914
2023-12-12 10:00:00,7.1,7.215,7.097,7.209,163831.12782036
2023-12-12 11:00:00,7.209,7.229,7.118,7.148,223290.14023791
2023-12-12 12:00:00,7.145,7.24,7.117,7.236,219749.95870029
2023-12-12 13:00:00,7.236,7.298,7.152,7.204,494158.1600479
2023-12-12 14:00:00,7.204,7.339,7.103,7.172,524944.41807724
2023-12-12 15:00:00,7.169,7.227,7.029,7.138,537345.05088989
2023-12-12 16:00:00,7.138,7.175,6.99,7.026,328941.06415478
2023-12-12 17:00:00,7.029,7.029,6.829,6.832,432972.13342877
2023-12-12 18:00:00,6.83,7.146,6.825,7.142,440776.51242645
2023-12-12 19:00:00,7.142,7.163,7.01,7.043,264337.49176076
2023-12-12 20:00:00,7.044,7.103,6.983,7.054,398856.09167999
2023-12-12 21:00:00,7.053,7.118,6.916,6.919,244898.43493041
2023-12-12 22:00:00,6.918,6.985,6.891,6.948,227325.79344087
2023-12-12 23:00:00,6.948,7.128,6.935,7.124,303938.78101271
2023-12-13 00:00:00,7.126,7.245,7.092,7.156,440624.75451188
2023-12-13 01:00:00,7.158,7.161,6.818,6.818,381404.99624403
2023-12-13 02:00:00,6.818,6.896,6.72,6.844,433550.52773718
2023-12-13 03:00:00,6.845,6.884,6.755,6.774,215198.44935999
2023-12-13 04:00:00,6.774,6.853,6.723,6.851,310033.19482349
2023-12-13 05:00:00,6.851,6.851,6.761,6.796,152812.13558464
2023-12-13 06:00:00,6.799,6.814,6.632,6.65,307769.64322376
2023-12-13 07:00:00,6.652,6.809,6.61,6.765,283053.51490948
2023-12-13 08:00:00,6.767,6.869,6.752,6.861,177500.0959261
2023-12-13 09:00:00,6.862,6.862,6.78,6.805,134296.71674299
2023-12-13 10:00:00,6.806,6.811,6.739,6.785,129413.62784327
2023-12-13 11:00:00,6.788,6.83,6.746,6.755,158873.48071727
2023-12-13 12:00:00,6.752,6.833,6.737,6.819,130057.77052831
2023-12-13 13:00:00,6.819,6.998,6.808,6.981,314453.16519591
2023-12-13 14:00:00,6.981,7.065,6.913,6.914,346562.98666227
2023-12-13 15:00:00,6.915,7.086,6.913,7.044,320604.85479826
2023-12-13 16:00:00,7.045,7.062,6.921,6.968,264867.65122253
2023-12-13 17:00:00,6.966,6.998,6.939,6.973,183148.81858323
2023-12-13 18:00:00,6.974,7.065,6.963,7.012,209521.92358824
2023-12-13 19:00:00,7.012,7.296,7.012,7.277,487997.97506744
2023-12-13 20:00:00,7.277,7.388,7.234,7.385,370088.85591648
2023-12-13 21:00:00,7.382,7.426,7.301,7.405,451154.59473099
2023-12-13 22:00:00,7.406,7.571,7.406,7.47,434617.4943491
2023-12-13 23:00:00,7.471,7.649,7.471,7.605,378862.85277402
2023-12-14 00:00:00,7.604,7.635,7.469,7.498,358507.98156855
2023-12-14 01:00:00,7.5,7.57,7.484,7.553,191329.82679892
2023-12-14 02:00:00,7.551,7.553,7.452,7.487,279493.69055078
2023-12-14 03:00:00,7.485,7.507,7.352,7.437,260565.36443846
2023-12-14 04:00:00,7.438,7.456,7.375,7.375,233593.21812586
2023-12-14 05:00:00,7.377,7.444,7.365,7.389,93979.71941815
2023-12-14 06:00:00,7.387,7.487,7.361,7.437,236936.54987978
2023-12-14 07:00:00,7.435,7.451,7.354,7.418,165554.26553604
2023-12-14 08:00:00,7.419,7.422,7.3,7.319,174175.34133684
2023-12-14 09:00:00,7.319,7.348,7.274,7.327,154315.56080513
2023-12-14 10:00:00,7.326,7.367,7.302,7.365,107327.17678733
2023-12-14 11:00:00,7.365,7.573,7.359,7.547,275689.63528676
2023-12-14 12:00:00,7.545,7.582,7.39,7.41,287542.26410967
2023-12-14 13:00:00,7.409,7.412,6.94,7.291,990340.58623958
2023-12-14 14:00:00,7.29,7.341,7.202,7.267,363074.080607
2023-12-14 15:00:00,7.266,7.291,7.2,7.265,188150.46977707
2023-12-14 16:00:00,7.266,7.342,7.265,7.281,148405.93490213
2023-12-14 17:00:00,7.279,7.597,7.272,7.393,701072.66245374
2023-12-14 18:00:00,7.394,7.445,7.327,7.335,299438.64463024
2023-12-14 19:00:00,7.332,7.502,7.332,7.41,482982.38813911
2023-12-14 20:00:00,7.409,7.418,7.347,7.399,173852.4881654
2023-12-14 21:00:00,7.398,7.611,7.382,7.6,851197.34440351
2023-12-14 22:00:00,7.6,7.787,7.558,7.581,580977.48035735
2023-12-14 23:00:00,7.582,7.605,7.508,7.511,279914.29128629
2023-12-15 00:00:00,7.514,7.571,7.479,7.499,205165.98261621
2023-12-15 01:00:00,7.504,7.57,7.48,7.544,134581.78785381
2023-12-15 02:00:00,7.547,7.554,7.465,7.471,160891.34140437
2023-12-15 03:00:00,7.47,7.499,7.428,7.441,298429.44742917
2023-12-15 04:00:00,7.448,7.461,7.355,7.384,176066.457795
2023-12-15 05:00:00,7.382,7.396,7.292,7.295,158720.82050803
2023-12-15 06:00:00,7.296,7.338,7.266,7.27,142150.15200594
2023-12-15 07:00:00,7.271,7.292,7.197,7.221,238666.02957079
2023-12-15 08:00:00,7.22,7.279,7.178,7.275,227284.49512243
2023-12-15 09:00:00,7.275,7.338,7.258,7.303,306429.56641171
2023-12-15 10:00:00,7.304,7.339,7.277,7.336,161663.27938475
2023-12-15 11:00:00,7.334,7.373,7.302,7.326,172517.33129876
2023-12-15 12:00:00,7.323,7.334,7.23,7.236,220355.24296644
2023-12-15 13:00:00,7.24,7.282,7.172,7.213,247578.29413335
2023-12-15 14:00:00,7.214,7.252,7.154,7.172,224110.3070931
2023-12-15 15:00:00,7.172,7.204,7.036,7.101,461750.65663163
2023-12-15 16:00:00,7.101,7.169,7.079,7.112,206657.58141154
2023-12-15 17:00:00,7.113,7.156,7.087,7.088,128217.83660809
2023-12-15 18:00:00,7.087,7.184,7.084,7.179,119761.07905746
2023-12-15 19:00:00,7.179,7.197,7.05,7.07,283290.97878027
2023-12-15 20:00:00,7.069,7.086,7.031,7.07,181550.95229394
2023-12-15 21:00:00,7.071,7.087,7.04,7.049,123532.99993535
2023-12-15 22:00:00,7.05,7.081,6.942,7.008,358313.51239269
2023-12-15 23:00:00,7.009,7.045,6.932,6.96,197314.57094699
2023-12-16 00:00:00,6.96,7.038,6.866,6.976,344700.07603622
2023-12-16 01:00:00,6.976,7.047,6.971,7.01,155378.55970766
2023-12-16 02:00:00,7.011,7.05,7.003,7.044,102647.7391302
2023-12-16 03:00:00,7.046,7.091,7.037,7.087,95671.16812072
2023-12-16 04:00:00,7.087,7.145,7.061,7.14,125376.67767746
2023-12-16 05:00:00,7.139,7.157,7.112,7.147,106435.26172313
2023-12-16 06:00:00,7.147,7.167,7.082,7.108,116478.57253981
2023-12-16 07:00:00,7.109,7.115,7.077,7.097,57179.52820485
2023-12-16 08:00:00,7.097,7.145,7.094,7.14,93254.77608207
2023-12-16 09:00:00,7.14,7.184,7.14,7.152,77815.4991744
2023-12-16 10:00:00,7.152,7.164,7.112,7.133,61651.22753707
2023-12-16 11:00:00,7.134,7.198,7.11,7.196,71716.02626791
2023-12-16 12:00:00,7.195,7.31,7.155,7.297,342387.96547127
2023-12-16 13:00:00,7.298,7.325,7.205,7.261,223878.39047103
2023-12-16 14:00:00,7.259,7.269,7.179,7.219,142186.96077064
2023-12-16 15:00:00,7.219,7.295,7.179,7.279,154858.40116348
2023-12-16 16:00:00,7.281,7.343,7.248,7.299,167831.60883294
2023-12-16 17:00:00,7.299,7.359,7.222,7.254,343480.80804275
2023-12-16 18:00:00,7.253,7.253,7.117,7.162,505659.36616361
2023-12-16 19:00:00,7.163,7.191,7.045,7.06,264426.69775392
2023-12-16 20:00:00,7.061,7.111,7.037,7.07,130385.54530832
2023-12-16 21:00:00,7.068,7.091,7.036,7.055,106155.34006891
2023-12-16 22:00:00,7.053,7.113,7.007,7.106,105062.41978397
2023-12-16 23:00:00,7.106,7.113,7.038,7.096,151680.68068787
2023-12-17 00:00:00,7.094,7.168,7.094,7.103,157064.55677245
2023-12-17 01:00:00,7.104,7.145,7.012,7.086,232470.62533152
2023-12-17 02:00:00,7.087,7.132,7.053,7.056,190718.6775498
2023-12-17 03:00:00,7.057,7.087,7.027,7.078,89345.62385717
2023-12-17 04:00:00,7.078,7.158,7.074,7.123,107624.65285768
2023-12-17 05:00:00,7.121,7.134,6.984,7.035,152662.81675417
2023-12-17 06:00:00,7.035,7.098,6.944,7.043,847768.21375925
2023-12-17 07:00:00,7.043,7.082,6.948,6.967,232829.92232471
2023-12-17 08:00:00,6.968,7.037,6.939,7.022,158657.06182074
2023-12-17 09:00:00,7.022,7.07,7.004,7.059,96142.52582727
2023-12-17 10:00:00,7.055,7.055,7.002,7.011,98853.83720815
2023-12-17 11:00:00,7.009,7.039,6.979,6.994,101652.5251108
2023-12-17 12:00:00,6.994,7.01,6.93,6.95,160936.07927516
2023-12-17 13:00:00,6.952,6.965,6.881,6.913,197302.94875243
2023-12-17 14:00:00,6.913,6.962,6.829,6.86,591950.44304444
2023-12-17 15:00:00,6.86,6.939,6.832,6.919,258293.56098516
2023-12-17 16:00:00,6.919,6.962,6.819,6.959,207999.63114036
2023-12-17 17:00:00,6.958,6.999,6.931,6.946,219132.07241214
2023-12-17 18:00:00,6.945,6.952,6.861,6.928,147033.5314301
2023-12-17 19:00:00,6.928,6.944,6.886,6.896,77981.93483076
2023-12-17 20:00:00,6.899,6.938,6.876,6.919,54172.40742212
2023-12-17 21:00:00,6.92,6.922,6.851,6.866,83367.18052612
2023-12-17 22:00:00,6.864,6.871,6.776,6.819,152633.61082598
2023-12-17 23:00:00,6.82,6.824,6.744,6.784,186543.22492575
2023-12-18 00:00:00,6.786,6.849,6.78,6.823,126180.84009501
2023-12-18 01:00:00,6.822,6.853,6.697,6.703,249900.10158109
2023-12-18 02:00:00,6.703,6.758,6.62,6.652,236218.1959297
2023-12-18 03:00:00,6.652,6.723,6.641,6.718,114470.00439971
2023-12-18 04:00:00,6.719,6.763,6.696,6.76,105031.3614579
2023-12-18 05:00:00,6.759,6.772,6.686,6.691,127295.95545699
2023-12-18 06:00:00,6.694,6.763,6.689,6.743,124343.47597745
2023-12-18 07:00:00,6.742,6.744,6.633,6.656,156470.22820644
2023-12-18 08:00:00,6.655,6.715,6.564,6.677,251198.43221759
2023-12-18 09:00:00,6.675,6.682,6.517,6.593,365296.1012949
2023-12-18 10:00:00,6.593,6.599,6.365,6.489,727501.79356918
2023-12-18 11:00:00,6.488,6.559,6.475,6.535,238104.12690012
2023-12-18 12:00:00,6.534,6.536,6.464,6.473,117641.40072829
2023-12-18 13:00:00,6.474,6.609,6.468,6.602,220020.11071013
2023-12-18 14:00:00,6.601,6.696,6.578,6.659,229650.27127941
2023-12-18 15:00:00,6.659,6.67,6.584,6.594,188188.85781385
2023-12-18 16:00:00,6.593,6.653,6.568,6.643,151729.22659293
2023-12-18 17:00:00,6.642,6.692,6.631,6.648,140484.37786524
2023-12-18 18:00:00,6.647,6.684,6.626,6.684,96832.65378077
2023-12-18 19:00:00,6.684,6.716,6.668,6.691,137360.33436337
2023-12-18 20:00:00,6.69,6.783,6.641,6.759,206015.97855563
2023-12-18 21:00:00,6.759,6.853,6.759,6.848,281108.29474697
2023-12-18 22:00:00,6.848,6.864,6.805,6.842,148418.68482736
2023-12-18 23:00:00,6.842,6.882,6.83,6.88,132477.08626005
2023-12-19 00:00:00,6.88,6.909,6.832,6.86,181069.40262408
2023-12-19 01:00:00,6.861,6.984,6.837,6.974,170079.37708823
2023-12-19 02:00:00,6.975,6.997,6.923,6.923,144245.75446813
2023-12-19 03:00:00,6.924,6.943,6.9,6.924,94334.90305109
2023-12-19 04:00:00,6.924,6.952,6.878,6.939,146132.63109806
2023-12-19 05:00:00,6.94,6.943,6.901,6.927,81204.0393483
2023-12-19 06:00:00,6.927,6.956,6.895,6.919,105220.40001824
2023-12-19 07:00:00,6.919,6.987,6.905,6.969,118649.68176144
2023-12-19 08:00:00,6.97,7.049,6.938,6.942,238229.53202333
2023-12-19 09:00:00,6.943,6.974,6.876,6.898,183831.45968752
2023-12-19 10:00:00,6.9,6.923,6.86,6.89,153797.57839462
2023-12-19 11:00:00,6.89,6.911,6.834,6.835,150479.3352034
2023-12-19 12:00:00,6.836,6.891,6.822,6.83,163185.44707495
2023-12-19 13:00:00,6.83,6.87,6.822,6.823,102174.80660963
2023-12-19 14:00:00,6.822,6.835,6.7,6.725,429341.47685131
2023-12-19 15:00:00,6.725,6.81,6.696,6.771,234645.51885383
2023-12-19 16:00:00,6.772,6.823,6.751,6.767,169286.46737946
2023-12-19 17:00:00,6.772,6.782,6.623,6.632,337582.94375042
2023-12-19 18:00:00,6.632,6.731,6.612,6.728,241674.67678921
2023-12-19 19:00:00,6.73,6.768,6.702,6.73,165910.5534864
2023-12-19 20:00:00,6.731,6.762,6.673,6.694,113794.53870151
2023-12-19 21:00:00,6.696,6.755,6.689,6.752,92032.98406193
2023-12-19 22:00:00,6.753,6.754,6.679,6.703,74613.98942148
2023-12-19 23:00:00,6.705,6.736,6.672,6.709,149331.64714107
2023-12-20 00:00:00,6.71,6.77,6.703,6.742,149069.38096065
2023-12-20 01:00:00,6.742,6.757,6.642,6.669,105288.6184561
2023-12-20 02:00:00,6.669,6.736,6.62,6.733,142062.60475092
2023-12-20 03:00:00,6.733,6.778,6.723,6.771,73224.40883507
2023-12-20 04:00:00,6.771,6.868,6.761,6.855,159918.43122941
2023-12-20 05:00:00,6.854,6.861,6.817,6.845,109049.00920519
2023-12-20 06:00:00,6.847,6.887,6.823,6.834,125289.16945651
2023-12-20 07:00:00,6.836,6.912,6.822,6.903,187667.56623141
2023-12-20 08:00:00,6.901,6.972,6.873,6.917,191317.7901151
2023-12-20 09:00:00,6.919,7.053,6.913,7.019,285333.75960923
2023-12-20 10:00:00,7.021,7.026,6.939,6.968,241218.25672166
2023-12-20 11:00:00,6.97,7.012,6.921,6.996,170539.95113742
2023-12-20 12:00:00,6.996,7.02,6.948,6.977,160792.03948829
2023-12-20 13:00:00,6.978,7.113,6.978,7.108,446912.59334702
2023-12-20 14:00:00,7.108,7.141,7.034,7.047,355013.60426817
2023-12-20 15:00:00,7.047,7.113,7.022,7.082,252348.39281491
2023-12-20 16:00:00,7.087,7.089,6.956,6.991,314240.83238686
2023-12-20 17:00:00,6.989,7.06,6.989,7.052,172561.80622665
2023-12-20 18:00:00,7.055,7.077,7.036,7.053,133414.38266812
2023-12-20 19:00:00,7.055,7.068,6.973,6.976,141735.22593938
2023-12-20 20:00:00,6.976,6.995,6.835,6.889,355408.64430081
2023-12-20 21:00:00,6.889,6.953,6.858,6.886,121229.48725501
2023-12-20 22:00:00,6.887,6.96,6.877,6.93,82409.40953448
2023-12-20 23:00:00,6.929,6.96,6.9,6.96,82978.39330128
2023-12-21 00:00:00,6.96,7.129,6.925,7.026,351898.95869676
2023-12-21 01:00:00,7.026,7.136,6.974,7.06,356013.33480952
2023-12-21 02:00:00,7.064,7.113,7.026,7.106,267796.81883222
2023-12-21 03:00:00,7.106,7.2,7.083,7.127,290021.58004027
2023-12-21 04:00:00,7.128,7.187,7.116,7.159,165933.61798805
2023-12-21 05:00:00,7.16,7.259,7.157,7.233,468126.79223081
2023-12-21 06:00:00,7.233,7.395,7.231,7.378,512411.96984922
2023-12-21 07:00:00,7.376,7.477,7.357,7.445,401948.97557864
2023-12-21 08:00:00,7.445,7.62,7.413,7.536,565414.58482107
2023-12-21 09:00:00,7.537,7.594,7.441,7.469,548519.15745096
2023-12-21 10:00:00,7.469,7.572,7.461,7.547,293456.78425551
2023-12-21 11:00:00,7.546,7.595,7.51,7.578,213393.13026329
2023-12-21 12:00:00,7.579,7.629,7.497,7.526,457518.31219494
2023-12-21 13:00:00,7.528,7.715,7.523,7.655,355682.31128715
2023-12-21 14:00:00,7.657,7.853,7.547,7.58,891098.42106579
2023-12-21 15:00:00,7.585,7.693,7.481,7.551,531453.06881569
2023-12-21 16:00:00,7.549,7.889,7.534,7.889,553381.2159257
2023-12-21 17:00:00,7.888,8.062,7.764,8.056,896284.58271824
2023-12-21 18:00:00,8.055,8.314,8.049,8.19,979613.138147
2023-12-21 19:00:00,8.19,8.286,8.097,8.246,470009.98888532
2023-12-21 20:00:00,8.246,8.307,8.142,8.291,376206.35468865
2023-12-21 21:00:00,8.291,8.375,8.157,8.309,380545.36352025
2023-12-21 22:00:00,8.31,8.318,8.161,8.226,286240.51171749
2023-12-21 23:00:00,8.231,8.443,8.2,8.429,359977.33597431
2023-12-22 00:00:00,8.429,8.478,8.284,8.402,469485.50178532
2023-12-22 01:00:00,8.401,8.492,8.321,8.36,547090.74292859
2023-12-22 02:00:00,8.359,8.583,8.215,8.267,502993.45089874
2023-12-22 03:00:00,8.268,8.35,8.176,8.246,404251.54284841
2023-12-22 04:00:00,8.246,8.251,8.052,8.073,406484.54537265
2023-12-22 05:00:00,8.072,8.202,8.064,8.16,223456.97391418
2023-12-22 06:00:00,8.156,8.187,7.967,8.003,308010.43826001
2023-12-22 07:00:00,8.005,8.05,7.854,7.953,433742.10144229
2023-12-22 08:00:00,7.954,8.03,7.944,7.981,269456.79815567
2023-12-22 09:00:00,7.983,7.999,7.855,7.955,331769.69622143
2023-12-22 10:00:00,7.956,8.068,7.884,8.037,212288.95864543
2023-12-22 11:00:00,8.038,8.133,8.02,8.132,198286.28683239
2023-12-22 12:00:00,8.133,8.134,8.0,8.018,198242.02021726
2023-12-22 13:00:00,8.019,8.116,7.965,8.094,193362.20351877
2023-12-22 14:00:00,8.095,8.104,7.94,8.041,232318.15845646
2023-12-22 15:00:00,8.042,8.092,7.922,8.083,218692.68029367
2023-12-22 16:00:00,8.081,8.081,7.974,8.036,171667.62734301
2023-12-22 17:00:00,8.036,8.094,8.033,8.052,79762.63195154
2023-12-22 18:00:00,8.057,8.118,8.034,8.085,128451.48009396
2023-12-22 19:00:00,8.084,8.086,7.907,7.934,200874.79139513
2023-12-22 20:00:00,7.936,8.008,7.931,7.995,89890.84175581
2023-12-22 21:00:00,7.995,8.012,7.96,7.971,62109.33466536
2023-12-22 22:00:00,7.971,7.987,7.918,7.971,75846.20622164
2023-12-22 23:00:00,7.968,7.998,7.924,7.967,125232.14735603
2023-12-23 00:00:00,7.966,7.971,7.83,7.853,285428.95053341
2023-12-23 01:00:00,7.854,7.896,7.755,7.761,285873.14733289
2023-12-23 02:00:00,7.76,7.794,7.605,7.605,437033.62976769
2023-12-23 03:00:00,7.605,7.675,7.6,7.634,179314.51561012
2023-12-23 04:00:00,7.634,7.702,7.6,7.702,206340.95285093
2023-12-23 05:00:00,7.701,7.765,7.673,7.757,179521.78126052
2023-12-23 06:00:00,7.758,7.77,7.732,7.757,105247.28943721
2023-12-23 07:00:00,7.755,7.759,7.693,7.742,198132.30652913
2023-12-23 08:00:00,7.733,7.841,7.722,7.82,154619.24831421
2023-12-23 09:00:00,7.818,7.862,7.771,7.842,132761.21814233
2023-12-23 10:00:00,7.841,7.966,7.834,7.929,184626.87871895
2023-12-23 11:00:00,7.929,7.95,7.813,7.847,236851.29148724
2023-12-23 12:00:00,7.847,7.936,7.827,7.862,219910.20320551
2023-12-23 13:00:00,7.862,7.896,7.813,7.862,126434.09043863
2023-12-23 14:00:00,7.859,7.94,7.824,7.906,184284.83980808
2023-12-23 15:00:00,7.906,7.907,7.813,7.83,144359.84158765
2023-12-23 16:00:00,7.831,7.861,7.813,7.848,123491.03350073
2023-12-23 17:00:00,7.846,7.873,7.824,7.845,122131.32743346
2023-12-23 18:00:00,7.846,7.912,7.836,7.9,118779.52228413
2023-12-23 19:00:00,7.901,8.003,7.893,7.966,327061.35846516
2023-12-23 20:00:00,7.965,8.083,7.885,8.061,222406.0869333
2023-12-23 21:00:00,8.062,8.245,7.98,8.217,408608.4650573
2023-12-23 22:00:00,8.217,8.433,8.148,8.425,390057.99553001
2023-12-23 23:00:00,8.418,8.459,8.308,8.336,298603.23743808
2023-12-24 00:00:00,8.334,8.688,8.324,8.582,704042.37624624
2023-12-24 01:00:00,8.583,8.943,8.501,8.897,572747.69882034
2023-12-24 02:00:00,8.898,8.967,8.791,8.794,441537.8494616
2023-12-24 03:00:00,8.792,8.867,8.741,8.815,310094.61204838
2023-12-24 04:00:00,8.816,8.821,8.676,8.704,408526.77972018
2023-12-24 05:00:00,8.706,8.706,8.439,8.5,584036.95595512
2023-12-24 06:00:00,8.503,8.538,8.339,8.396,386755.66671741
2023-12-24 07:00:00,8.399,8.606,8.369,8.597,439033.48893519
2023-12-24 08:00:00,8.6,8.794,8.525,8.79,458782.49515818
2023-12-24 09:00:00,8.788,8.93,8.682,8.92,448297.44182165
2023-12-24 10:00:00,8.919,9.006,8.685,8.891,756974.98000403
2023-12-24 11:00:00,8.888,9.166,8.866,9.068,737870.4772631
2023-12-24 12:00:00,9.069,9.069,8.877,8.958,465369.71399734
2023-12-24 13:00:00,8.957,9.225,8.927,9.081,676462.13649512
2023-12-24 14:00:00,9.079,9.144,8.89,8.919,484588.26006182
2023-12-24 15:00:00,8.922,9.043,8.859,8.95,302109.89706355
2023-12-24 16:00:00,8.952,8.987,8.794,8.978,419803.89255883
2023-12-24 17:00:00,8.978,9.025,8.885,8.954,441306.80892659
2023-12-24 18:00:00,8.957,9.047,8.892,8.992,397764.67931065
2023-12-24 19:00:00,8.994,8.998,8.815,8.886,214853.02676787
2023-12-24 20:00:00,8.888,8.958,8.73,8.779,305170.61284151
2023-12-24 21:00:00,8.781,8.882,8.728,8.744,208681.29693934
2023-12-24 22:00:00,8.744,8.782,8.514,8.639,574740.83232586
2023-12-24 23:00:00,8.637,8.716,8.601,8.627,210862.02388927
2023-12-25 00:00:00,8.626,8.78,8.515,8.686,339792.45690444
2023-12-25 01:00:00,8.687,8.931,8.687,8.731,306745.08805387
2023-12-25 02:00:00,8.729,8.813,8.601,8.706,231423.29188732
2023-12-25 03:00:00,8.708,8.774,8.676,8.759,166160.56005591
2023-12-25 04:00:00,8.759,8.914,8.728,8.906,191470.84452372
2023-12-25 05:00:00,8.903,9.227,8.778,9.219,582496.27704445
2023-12-25 06:00:00,9.221,9.4,9.143,9.291,627725.64634839
2023-12-25 07:00:00,9.291,9.395,9.177,9.21,571607.01976559
2023-12-25 08:00:00,9.209,9.318,9.109,9.134,428327.69759046
2023-12-25 09:00:00,9.135,9.18,9.014,9.065,822401.4155196
2023-12-25 10:00:00,9.064,9.247,9.061,9.239,237715.43426687
2023-12-25 11:00:00,9.239,9.303,9.136,9.151,338078.51850181
2023-12-25 12:00:00,9.152,9.281,9.062,9.269,391494.96327406
2023-12-25 13:00:00,9.27,9.29,9.106,9.151,405712.30017563
2023-12-25 14:00:00,9.153,9.22,9.063,9.22,206797.03361329
2023-12-25 15:00:00,9.219,9.265,9.126,9.179,362048.34348847
2023-12-25 16:00:00,9.181,9.187,8.918,8.96,469997.59730858
2023-12-25 17:00:00,8.958,9.262,8.957,9.256,390191.8246674
2023-12-25 18:00:00,9.26,9.375,9.221,9.343,433487.51329487
2023-12-25 19:00:00,9.342,9.359,9.167,9.182,294610.68108797
2023-12-25 20:00:00,9.181,9.306,9.021,9.096,497170.38643382
2023-12-25 21:00:00,9.098,9.198,9.032,9.181,239097.15838868
2023-12-25 22:00:00,9.18,9.277,9.161,9.205,113094.11506379
2023-12-25 23:00:00,9.206,9.328,9.172,9.205,184995.7412479
2023-12-26 00:00:00,9.205,9.55,9.203,9.499,378084.18198228
2023-12-26 01:00:00,9.5,9.593,9.335,9.405,346754.28611426
2023-12-26 02:00:00,9.403,9.48,9.337,9.341,183795.73803616
2023-12-26 03:00:00,9.342,9.403,9.272,9.303,142162.71136112
2023-12-26 04:00:00,9.306,9.408,9.295,9.379,127734.83022042
2023-12-26 05:00:00,9.379,9.384,9.02,9.068,607247.14331546
2023-12-26 06:00:00,9.066,9.208,8.962,9.008,643859.69524853
2023-12-26 07:00:00,9.011,9.153,8.951,9.111,302656.09105735
2023-12-26 08:00:00,9.11,9.133,8.901,9.003,385475.67808721
2023-12-26 09:00:00,9.003,9.073,8.85,8.968,523959.97783984
2023-12-26 10:00:00,8.967,9.189,8.945,9.142,342599.87419134
2023-12-26 11:00:00,9.143,9.179,9.075,9.172,159703.33860432
2023-12-26 12:00:00,9.172,9.218,9.083,9.145,247132.12688672
2023-12-26 13:00:00,9.147,9.165,9.026,9.105,224552.05548678
2023-12-26 14:00:00,9.106,9.133,8.97,9.001,277271.81837353
2023-12-26 15:00:00,9.0,9.065,8.825,8.859,397543.43231668
2023-12-26 16:00:00,8.859,8.941,8.832,8.871,310450.03140998
2023-12-26 17:00:00,8.866,8.896,8.333,8.625,1108818.04870294
2023-12-26 18:00:00,8.626,8.711,8.539,8.695,379133.12926851
2023-12-26 19:00:00,8.694,8.748,8.636,8.653,223352.62496547
2023-12-26 20:00:00,8.652,8.76,8.643,8.69,200491.63625055
2023-12-26 21:00:00,8.692,8.794,8.681,8.763,181755.78199741
2023-12-26 22:00:00,8.763,8.845,8.747,8.842,142080.06769828
2023-12-26 23:00:00,8.84,8.85,8.762,8.828,135574.65316395
2023-12-27 00:00:00,8.828,8.835,8.686,8.705,177058.37566435
2023-12-27 01:00:00,8.702,8.77,8.691,8.728,108280.0258103
2023-12-27 02:00:00,8.73,8.731,8.494,8.517,294149.83871244
2023-12-27 03:00:00,8.517,8.578,8.418,8.472,212599.80282321
2023-12-27 04:00:00,8.472,8.612,8.469,8.586,156394.79451991
2023-12-27 05:00:00,8.587,8.629,8.536,8.621,127325.99050031
2023-12-27 06:00:00,8.618,8.659,8.575,8.597,107839.8576612
2023-12-27 07:00:00,8.595,8.702,8.542,8.686,278028.07323325
2023-12-27 08:00:00,8.685,8.979,8.683,8.969,370104.44897282
2023-12-27 09:00:00,8.968,8.99,8.83,8.834,439813.53749135
2023-12-27 10:00:00,8.837,8.946,8.818,8.892,220013.45189767
2023-12-27 11:00:00,8.891,8.914,8.791,8.848,172339.99706669
2023-12-27 12:00:00,8.847,8.851,8.743,8.794,280303.0699599
2023-12-27 13:00:00,8.795,8.858,8.755,8.837,200533.16366291
2023-12-27 14:00:00,8.835,8.907,8.674,8.847,356548.6196158
2023-12-27 15:00:00,8.845,9.023,8.817,8.922,435903.44668718
2023-12-27 16:00:00,8.927,9.033,8.858,8.914,353791.89778712
2023-12-27 17:00:00,8.917,8.985,8.8,8.897,304905.7563909
2023-12-27 18:00:00,8.899,8.97,8.835,8.927,220102.69682293
2023-12-27 19:00:00,8.929,8.932,8.77,8.809,212770.43081197
2023-12-27 20:00:00,8.811,8.87,8.764,8.846,168735.61520445
2023-12-27 21:00:00,8.846,8.879,8.803,8.805,151544.15518404
2023-12-27 22:00:00,8.804,8.825,8.622,8.653,256064.58987881
2023-12-27 23:00:00,8.653,8.728,8.653,8.71,141688.14654397
2023-12-28 00:00:00,8.712,8.932,8.657,8.885,333857.63312094
2023-12-28 01:00:00,8.884,8.932,8.768,8.798,199908.96697514
2023-12-28 02:00:00,8.799,8.808,8.635,8.64,194885.82578615
2023-12-28 03:00:00,8.639,8.684,8.579,8.594,216253.98069171
2023-12-28 04:00:00,8.594,8.706,8.581,8.593,200787.48604463
2023-12-28 05:00:00,8.592,8.633,8.52,8.574,271099.360869
2023-12-28 06:00:00,8.573,8.606,8.474,8.522,218243.76645791
2023-12-28 07:00:00,8.521,8.591,8.447,8.583,242154.34079293
2023-12-28 08:00:00,8.583,8.666,8.547,8.653,163677.28590044
2023-12-28 09:00:00,8.654,8.685,8.617,8.647,109799.71837894
2023-12-28 10:00:00,8.651,8.762,8.636,8.716,113973.76679785
2023-12-28 11:00:00,8.718,8.761,8.654,8.713,108589.11830953
2023-12-28 12:00:00,8.712,8.727,8.48,8.491,204858.19978903
2023-12-28 13:00:00,8.491,8.593,8.419,8.508,248017.11600544
2023-12-28 14:00:00,8.508,8.521,8.281,8.387,503097.14478726
2023-12-28 15:00:00,8.386,8.427,8.32,8.395,278650.34800292
2023-12-28 16:00:00,8.393,8.48,8.352,8.436,145201.62689943
2023-12-28 17:00:00,8.435,8.504,8.396,8.418,129802.73505846
2023-12-28 18:00:00,8.419,8.484,8.361,8.414,104147.27925954
2023-12-28 19:00:00,8.418,8.491,8.412,8.458,88948.4286599
2023-12-28 20:00:00,8.459,8.46,8.319,8.412,133459.28341111
2023-12-28 21:00:00,8.412,8.464,8.327,8.368,113894.75555601
2023-12-28 22:00:00,8.368,8.469,8.342,8.469,91364.31711145
2023-12-28 23:00:00,8.469,8.517,8.433,8.441,101351.53408243
2023-12-29 00:00:00,8.443,8.526,8.278,8.328,324298.93714577
2023-12-29 01:00:00,8.329,8.353,8.152,8.228,464211.0885675
2023-12-29 02:00:00,8.229,8.328,8.201,8.325,164412.30860053
2023-12-29 03:00:00,8.326,8.485,8.326,8.448,124541.08958815
2023-12-29 04:00:00,8.449,8.503,8.402,8.42,122738.82705468
2023-12-29 05:00:00,8.426,8.454,8.371,8.448,95307.68138478
2023-12-29 06:00:00,8.448,8.495,8.407,8.465,151038.09896962
2023-12-29 07:00:00,8.462,8.503,8.297,8.323,152531.26202241
2023-12-29 08:00:00,8.323,8.635,8.321,8.575,236350.56944437
2023-12-29 09:00:00,8.575,8.637,8.533,8.608,188294.38190893
2023-12-29 10:00:00,8.607,8.624,8.509,8.524,101427.29160511
2023-12-29 11:00:00,8.524,8.611,8.522,8.58,123527.04650426
2023-12-29 12:00:00,8.58,8.597,8.471,8.503,119967.09942392
2023-12-29 13:00:00,8.503,8.677,8.464,8.652,160955.31223413
2023-12-29 14:00:00,8.653,8.693,8.583,8.693,179255.2974362
2023-12-29 15:00:00,8.692,8.692,8.312,8.378,358533.12268822
2023-12-29 16:00:00,8.375,8.428,8.2,8.214,412408.00186695
2023-12-29 17:00:00,8.211,8.292,8.153,8.23,338983.81681937
2023-12-29 18:00:00,8.228,8.304,8.212,8.289,135218.1051188
2023-12-29 19:00:00,8.29,8.315,8.229,8.286,126624.08610146
2023-12-29 20:00:00,8.285,8.285,8.215,8.254,84121.34844412
2023-12-29 21:00:00,8.253,8.309,8.199,8.229,119916.51907755
2023-12-29 22:00:00,8.23,8.254,8.057,8.228,282615.80026714
2023-12-29 23:00:00,8.23,8.304,8.213,8.303,67389.43485594
2023-12-30 00:00:00,8.302,8.393,8.28,8.377,87682.33039957
2023-12-30 01:00:00,8.376,8.438,8.338,8.424,115898.90551185
2023-12-30 02:00:00,8.424,8.451,8.31,8.337,133079.13983688
2023-12-30 03:00:00,8.338,8.457,8.336,8.372,175484.1477507
2023-12-30 04:00:00,8.373,8.477,8.367,8.458,99441.58851486
2023-12-30 05:00:00,8.457,8.498,8.417,8.458,124164.47471177
2023-12-30 06:00:00,8.459,8.464,8.403,8.416,72047.58858138
2023-12-30 07:00:00,8.418,8.425,8.316,8.332,105331.68186872
2023-12-30 08:00:00,8.332,8.361,8.185,8.194,170587.38417783
2023-12-30 09:00:00,8.195,8.247,8.105,8.14,165652.43644651
2023-12-30 10:00:00,8.14,8.219,8.133,8.213,95499.02213171
2023-12-30 11:00:00,8.213,8.251,8.198,8.208,93002.57388949
2023-12-30 12:00:00,8.215,8.283,8.198,8.229,85557.23365292
2023-12-30 13:00:00,8.232,8.255,8.182,8.234,64417.14867632
2023-12-30 14:00:00,8.236,8.341,8.233,8.337,127066.93849008
2023-12-30 15:00:00,8.337,8.399,8.3,8.394,143266.83404222
2023-12-30 16:00:00,8.394,8.414,8.296,8.332,126942.20283773
2023-12-30 17:00:00,8.332,8.4,8.29,8.361,144339.67102876
2023-12-30 18:00:00,8.362,8.372,8.288,8.326,72642.27053495
2023-12-30 19:00:00,8.327,8.367,8.289,8.322,69399.74777404
2023-12-30 20:00:00,8.318,8.363,8.294,8.318,101946.26795118
2023-12-30 21:00:00,8.318,8.409,8.314,8.402,57748.88629321
2023-12-30 22:00:00,8.4,8.436,8.297,8.335,103116.76358292
2023-12-30 23:00:00,8.342,8.409,8.334,8.355,64833.10070756
2023-12-31 00:00:00,8.355,8.428,8.332,8.362,101149.0187594
2023-12-31 01:00:00,8.364,8.367,8.266,8.282,99277.12721509
2023-12-31 02:00:00,8.278,8.297,8.16,8.196,110740.54699599
2023-12-31 03:00:00,8.192,8.23,8.16,8.221,106783.28719163
2023-12-31 04:00:00,8.22,8.297,8.213,8.275,76966.92527187
2023-12-31 05:00:00,8.277,8.32,8.269,8.291,62027.12306207
2023-12-31 06:00:00,8.291,8.36,8.286,8.315,56389.63258601
2023-12-31 07:00:00,8.316,8.6,8.312,8.571,416584.11870185
2023-12-31 08:00:00,8.57,8.574,8.5,8.53,171368.51459205
2023-12-31 09:00:00,8.53,8.615,8.512,8.598,165424.92518828
2023-12-31 10:00:00,8.598,8.661,8.591,8.618,106266.34672668
2023-12-31 11:00:00,8.616,8.623,8.456,8.475,136516.83761811
2023-12-31 12:00:00,8.475,8.552,8.444,8.483,120771.00175591
2023-12-31 13:00:00,8.485,8.565,8.419,8.534,142899.19776669
2023-12-31 14:00:00,8.534,8.534,8.452,8.466,108542.11531566
2023-12-31 15:00:00,8.467,8.542,8.457,8.49,153758.30616334
2023-12-31 16:00:00,8.491,8.545,8.449,8.498,130492.19852611
2023-12-31 17:00:00,8.498,8.535,8.459,8.517,139810.34671079
2023-12-31 18:00:00,8.517,8.525,8.43,8.484,184485.27543631
2023-12-31 19:00:00,8.485,8.494,8.434,8.449,90128.02431374
2023-12-31 20:00:00,8.448,8.454,8.304,8.329,195305.82913132
2023-12-31 21:00:00,8.328,8.413,8.316,8.319,94308.45270678
2023-12-31 22:00:00,8.319,8.351,8.029,8.126,220158.52516947
2023-12-31 23:00:00,8.127,8.213,8.115,8.21,160211.57771196
2024-01-01 00:00:00,8.211,8.281,8.203,8.273,124607.23603516
2024-01-01 01:00:00,8.273,8.331,8.246,8.3,68996.89238884
2024-01-01 02:00:00,8.301,8.308,8.246,8.26,98075.49545649
2024-01-01 03:00:00,8.26,8.262,8.128,8.154,116960.33066167
2024-01-01 04:00:00,8.153,8.186,8.068,8.145,133080.08741076
2024-01-01 05:00:00,8.145,8.182,8.092,8.104,74352.40846369
2024-01-01 06:00:00,8.105,8.16,8.104,8.15,64153.52985483
2024-01-01 07:00:00,8.148,8.179,8.12,8.177,62521.15917913
2024-01-01 08:00:00,8.177,8.195,8.151,8.194,40618.13462469
2024-01-01 09:00:00,8.194,8.253,8.178,8.244,55968.39576949
2024-01-01 10:00:00,8.242,8.265,8.225,8.254,66719.8945277
2024-01-01 11:00:00,8.254,8.275,8.221,8.25,52173.16744177
2024-01-01 12:00:00,8.254,8.283,8.221,8.249,52541.45865497
2024-01-01 13:00:00,8.25,8.292,8.225,8.278,62019.36815343
2024-01-01 14:00:00,8.276,8.277,8.213,8.271,110166.11851569
2024-01-01 15:00:00,8.271,8.391,8.271,8.391,157686.17322807
2024-01-01 16:00:00,8.392,8.413,8.319,8.325,122796.50644871
2024-01-01 17:00:00,8.325,8.399,8.321,8.394,54254.57588136
2024-01-01 18:00:00,8.394,8.557,8.394,8.521,206316.16796938
2024-01-01 19:00:00,8.522,8.614,8.522,8.608,137558.17723868
2024-01-01 20:00:00,8.608,8.646,8.541,8.567,168856.87367548
2024-01-01 21:00:00,8.568,8.577,8.511,8.548,80959.87787629
2024-01-01 22:00:00,8.547,8.562,8.481,8.541,43607.16030431
2024-01-01 23:00:00,8.536,8.649,8.509,8.607,178861.64382063
2024-01-02 00:00:00,8.606,8.726,8.551,8.705,314823.98877606
2024-01-02 01:00:00,8.706,8.778,8.651,8.689,227717.24388037
2024-01-02 02:00:00,8.688,8.731,8.632,8.731,180084.32842764
2024-01-02 03:00:00,8.733,8.741,8.624,8.691,127098.63928126
2024-01-02 04:00:00,8.691,8.719,8.664,8.704,64284.33609383
2024-01-02 05:00:00,8.704,8.712,8.661,8.665,53967.30815932
2024-01-02 06:00:00,8.665,8.698,8.632,8.636,70747.68294378
2024-01-02 07:00:00,8.636,8.721,8.636,8.72,65963.67754359
2024-01-02 08:00:00,8.72,8.779,8.698,8.745,96075.22697076
2024-01-02 09:00:00,8.747,8.79,8.712,8.788,100007.56551039
2024-01-02 10:00:00,8.787,8.826,8.684,8.729,155292.619565
2024-01-02 11:00:00,8.73,8.767,8.614,8.662,161415.37260575
2024-01-02 12:00:00,8.663,8.732,8.627,8.638,105600.27428727
2024-01-02 13:00:00,8.639,8.773,8.619,8.732,109252.16791139
2024-01-02 14:00:00,8.733,8.739,8.461,8.508,323644.36665286
2024-01-02 15:00:00,8.507,8.569,8.414,8.433,278282.5822435
2024-01-02 16:00:00,8.433,8.534,8.374,8.501,212989.17971038
2024-01-02 17:00:00,8.501,8.506,8.4,8.438,117859.34605608
2024-01-02 18:00:00,8.441,8.505,8.425,8.475,82280.76931481
2024-01-02 19:00:00,8.477,8.505,8.404,8.45,123616.51040257
2024-01-02 20:00:00,8.45,8.496,8.353,8.365,164677.53896449
2024-01-02 21:00:00,8.366,8.426,8.327,8.422,152358.07034238
2024-01-02 22:00:00,8.422,8.472,8.401,8.457,62806.8520318
2024-01-02 23:00:00,8.458,8.473,8.382,8.424,54933.4913018
2024-01-03 00:00:00,8.424,8.518,8.4,8.474,130921.83478503
2024-01-03 01:00:00,8.475,8.542,8.465,8.542,61607.8583638
2024-01-03 02:00:00,8.542,8.561,8.463,8.471,64379.58909243
2024-01-03 03:00:00,8.471,8.472,8.426,8.451,51985.97884769
2024-01-03 04:00:00,8.453,8.514,8.446,8.491,53799.54000346
2024-01-03 05:00:00,8.491,8.589,8.478,8.536,71092.69643828
2024-01-03 06:00:00,8.535,8.578,8.511,8.547,60506.97160848
2024-01-03 07:00:00,8.548,8.563,8.438,8.459,125445.88784265
2024-01-03 08:00:00,8.458,8.516,8.449,8.514,77758.31684498
2024-01-03 09:00:00,8.515,8.565,8.504,8.522,112484.58452221
2024-01-03 10:00:00,8.522,8.56,8.425,8.471,97256.5693275
2024-01-03 11:00:00,8.471,8.478,8.091,8.148,796630.44403121
2024-01-03 12:00:00,8.152,8.163,6.355,7.657,3785613.09225392
2024-01-03 13:00:00,7.659,7.662,7.493,7.597,1071082.92202709
2024-01-03 14:00:00,7.6,7.601,7.356,7.482,861899.36344168
2024-01-03 15:00:00,7.481,7.78,7.469,7.772,683717.93593906
2024-01-03 16:00:00,7.772,7.793,7.639,7.7,610538.13194348
2024-01-03 17:00:00,7.699,7.72,7.642,7.72,247725.12564148
2024-01-03 18:00:00,7.719,7.751,7.537,7.611,353849.07504773
2024-01-03 19:00:00,7.612,7.784,7.606,7.689,221221.78101926
2024-01-03 20:00:00,7.688,7.799,7.677,7.786,169899.82078161
2024-01-03 21:00:00,7.788,7.821,7.734,7.8,170920.05738047
2024-01-03 22:00:00,7.804,7.806,7.644,7.676,185450.21041325
2024-01-03 23:00:00,7.677,7.677,7.591,7.633,112610.90395956
2024-01-04 00:00:00,7.632,7.7,7.61,7.635,139761.00471128
2024-01-04 01:00:00,7.634,7.656,7.478,7.524,257359.35284394
2024-01-04 02:00:00,7.524,7.644,7.523,7.635,120705.88869029
2024-01-04 03:00:00,7.638,7.686,7.609,7.648,94651.32055782
2024-01-04 04:00:00,7.649,7.703,7.626,7.686,84190.12221917
2024-01-04 05:00:00,7.689,7.742,7.652,7.702,106206.44615776
2024-01-04 06:00:00,7.704,7.756,7.687,7.703,75271.32132814
2024-01-04 07:00:00,7.703,7.736,7.607,7.608,147315.41778999
2024-01-04 08:00:00,7.608,7.643,7.561,7.582,105498.8455006
2024-01-04 09:00:00,7.583,7.659,7.582,7.62,127027.07602642
2024-01-04 10:00:00,7.62,7.653,7.512,7.606,148478.17845121
2024-01-04 11:00:00,7.608,7.722,7.608,7.675,145415.53091673
2024-01-04 12:00:00,7.676,7.75,7.642,7.718,209207.18601986
2024-01-04 13:00:00,7.72,7.75,7.653,7.709,69574.870878
2024-01-04 14:00:00,7.711,7.86,7.68,7.854,195572.08145734
2024-01-04 15:00:00,7.854,7.964,7.8,7.89,344787.72913563
2024-01-04 16:00:00,7.89,7.907,7.782,7.841,189468.48133958
2024-01-04 17:00:00,7.843,7.9,7.812,7.856,110850.25398651
2024-01-04 18:00:00,7.856,7.91,7.82,7.883,66487.41333555
2024-01-04 19:00:00,7.885,7.98,7.876,7.892,133849.47422096
2024-01-04 20:00:00,7.891,8.007,7.879,7.925,176980.15607807
2024-01-04 21:00:00,7.921,7.967,7.854,7.887,135053.34382149
2024-01-04 22:00:00,7.89,7.959,7.823,7.859,93247.98376281
2024-01-04 23:00:00,7.858,7.905,7.835,7.882,54198.20520432
2024-01-05 00:00:00,7.883,7.952,7.835,7.935,108537.93834059
2024-01-05 01:00:00,7.93,7.963,7.531,7.694,561813.0192458
2024-01-05 02:00:00,7.694,7.785,7.636,7.65,368490.69867337
2024-01-05 03:00:00,7.649,7.734,7.649,7.714,203636.9468708
2024-01-05 04:00:00,7.713,7.75,7.653,7.725,193582.42776173
2024-01-05 05:00:00,7.726,7.749,7.692,7.737,112414.84418607
2024-01-05 06:00:00,7.736,7.74,7.626,7.66,153737.9488527
2024-01-05 07:00:00,7.661,7.686,7.623,7.628,142416.88457385
2024-01-05 08:00:00,7.629,7.676,7.568,7.585,210082.52721574
2024-01-05 09:00:00,7.584,7.68,7.568,7.674,156714.36065202
2024-01-05 10:00:00,7.681,7.682,7.434,7.515,248349.35872461
2024-01-05 11:00:00,7.516,7.556,7.447,7.46,245459.4854343
2024-01-05 12:00:00,7.459,7.528,7.408,7.483,203497.51507277
2024-01-05 13:00:00,7.485,7.538,7.461,7.472,210354.01365743
2024-01-05 14:00:00,7.472,7.498,7.246,7.279,677475.5767098
2024-01-05 15:00:00,7.28,7.374,7.248,7.357,325278.09608935
2024-01-05 16:00:00,7.356,7.394,7.235,7.253,270429.62038549
2024-01-05 17:00:00,7.253,7.347,7.177,7.332,434737.28217432
2024-01-05 18:00:00,7.331,7.351,7.274,7.325,125721.98943813
2024-01-05 19:00:00,7.325,7.36,7.288,7.305,107516.97456714
2024-01-05 20:00:00,7.307,7.43,7.301,7.396,226688.97724712
2024-01-05 21:00:00,7.397,7.4,7.305,7.375,125364.35142201
2024-01-05 22:00:00,7.375,7.395,7.319,7.364,60458.32380169
2024-01-05 23:00:00,7.366,7.452,7.366,7.451,100050.83461199
2024-01-06 00:00:00,7.452,7.454,7.368,7.407,92792.23476295
2024-01-06 01:00:00,7.409,7.413,7.318,7.353,75255.94452685
2024-01-06 02:00:00,7.353,7.374,7.294,7.336,81247.90293154
2024-01-06 03:00:00,7.334,7.353,7.293,7.304,80855.20314804
2024-01-06 04:00:00,7.305,7.347,7.236,7.242,88004.46319186
2024-01-06 05:00:00,7.242,7.256,7.033,7.098,269857.61117082
2024-01-06 06:00:00,7.1,7.12,6.948,6.995,458514.07863727
2024-01-06 07:00:00,6.994,7.123,6.964,7.12,268576.4260616
2024-01-06 08:00:00,7.119,7.195,7.078,7.192,126099.04423275
2024-01-06 09:00:00,7.191,7.227,7.171,7.183,97547.88146215
2024-01-06 10:00:00,7.184,7.211,7.15,7.197,95454.90976462
2024-01-06 11:00:00,7.197,7.219,7.16,7.196,56927.36330448
2024-01-06 12:00:00,7.197,7.234,7.131,7.149,76259.41925199
2024-01-06 13:00:00,7.149,7.197,7.108,7.182,69599.17316276
2024-01-06 14:00:00,7.182,7.272,7.178,7.231,93908.90727817
2024-01-06 15:00:00,7.233,7.274,7.208,7.244,74857.71811106
2024-01-06 16:00:00,7.241,7.29,7.193,7.232,116267.15359274
2024-01-06 17:00:00,7.228,7.31,7.207,7.305,106156.50877872
2024-01-06 18:00:00,7.308,7.316,7.252,7.267,92466.25999565
2024-01-06 19:00:00,7.269,7.273,7.163,7.201,112014.96046766
2024-01-06 20:00:00,7.201,7.23,7.15,7.171,114635.91402567
2024-01-06 21:00:00,7.172,7.188,7.121,7.16,89491.87681374
2024-01-06 22:00:00,7.162,7.174,7.08,7.126,85229.31448631
2024-01-06 23:00:00,7.125,7.152,7.031,7.14,114045.23420219
2024-01-07 00:00:00,7.137,7.256,7.122,7.219,89924.34882202
2024-01-07 01:00:00,7.221,7.235,7.138,7.147,108839.56700718
2024-01-07 02:00:00,7.144,7.201,7.08,7.109,87088.7639308
2024-01-07 03:00:00,7.108,7.153,7.092,7.131,99895.47782911
2024-01-07 04:00:00,7.131,7.227,7.131,7.218,73085.4316003
2024-01-07 05:00:00,7.219,7.238,7.166,7.207,82943.04623959
2024-01-07 06:00:00,7.209,7.279,7.193,7.263,167989.86586919
2024-01-07 07:00:00,7.263,7.325,7.245,7.293,135929.97577359
2024-01-07 08:00:00,7.293,7.326,7.196,7.205,131841.23459006
2024-01-07 09:00:00,7.204,7.235,7.128,7.147,160249.83553612
2024-01-07 10:00:00,7.145,7.201,7.142,7.188,78971.90874867
2024-01-07 11:00:00,7.189,7.242,7.165,7.194,57276.38329876
2024-01-07 12:00:00,7.194,7.236,7.139,7.215,80629.92617999
2024-01-07 13:00:00,7.215,7.295,7.21,7.26,177370.28997741
2024-01-07 14:00:00,7.26,7.285,7.192,7.242,122258.88952039
2024-01-07 15:00:00,7.242,7.245,7.119,7.152,195937.09382771
2024-01-07 16:00:00,7.153,7.182,7.034,7.059,194989.27774544
2024-01-07 17:00:00,7.059,7.176,7.04,7.172,128831.67933059
2024-01-07 18:00:00,7.174,7.234,7.164,7.207,82187.28388221
2024-01-07 19:00:00,7.206,7.23,7.153,7.213,93069.4121659
2024-01-07 20:00:00,7.214,7.225,7.15,7.155,62480.62022089
2024-01-07 21:00:00,7.158,7.189,7.076,7.091,102655.8034165
2024-01-07 22:00:00,7.087,7.087,6.88,6.907,293155.5359137
2024-01-07 23:00:00,6.909,6.975,6.818,6.902,238415.88423119
2024-01-08 00:00:00,6.902,6.964,6.8,6.802,223535.84090479
2024-01-08 01:00:00,6.802,6.904,6.774,6.818,246205.79000007
2024-01-08 02:00:00,6.817,6.852,6.592,6.665,504281.52467312
2024-01-08 03:00:00,6.667,6.751,6.508,6.688,370645.9115521
2024-01-08 04:00:00,6.688,6.799,6.644,6.794,144993.50481173
2024-01-08 05:00:00,6.795,6.881,6.756,6.857,160803.76225199
2024-01-08 06:00:00,6.859,6.991,6.841,6.907,257672.32682288
2024-01-08 07:00:00,6.907,6.978,6.902,6.936,107411.47639876
2024-01-08 08:00:00,6.938,7.0,6.907,6.92,130399.57250232
2024-01-08 09:00:00,6.919,6.95,6.851,6.879,88365.89151768
2024-01-08 10:00:00,6.88,6.972,6.863,6.964,88798.98506078
2024-01-08 11:00:00,6.964,7.138,6.959,7.138,172002.83991046
2024-01-08 12:00:00,7.139,7.205,7.111,7.194,247618.35857805
2024-01-08 13:00:00,7.194,7.251,7.158,7.196,160478.16120753
2024-01-08 14:00:00,7.197,7.234,7.145,7.177,120316.08919342
2024-01-08 15:00:00,7.18,7.264,7.159,7.228,160741.60857231
2024-01-08 16:00:00,7.23,7.291,7.18,7.22,131214.63459675
2024-01-08 17:00:00,7.22,7.31,7.188,7.308,133677.4262393
2024-01-08 18:00:00,7.307,7.495,7.307,7.471,396289.83153499
2024-01-08 19:00:00,7.47,7.492,7.404,7.487,185504.41396506
2024-01-08 20:00:00,7.488,7.508,7.369,7.388,175506.5015406
2024-01-08 21:00:00,7.391,7.464,7.379,7.417,112942.403208
2024-01-08 22:00:00,7.419,7.495,7.411,7.494,66095.54431444
2024-01-08 23:00:00,7.494,7.509,7.464,7.49,87089.02459452
2024-01-09 00:00:00,7.491,7.532,7.307,7.418,261483.62449739
2024-01-09 01:00:00,7.419,7.445,7.336,7.362,102148.62387333
2024-01-09 02:00:00,7.366,7.386,7.331,7.361,55286.30309124
2024-01-09 03:00:00,7.36,7.369,7.312,7.326,99763.19515072
2024-01-09 04:00:00,7.324,7.492,7.319,7.473,102701.26233358
2024-01-09 05:00:00,7.47,7.481,7.378,7.429,96050.88284511
2024-01-09 06:00:00,7.43,7.517,7.351,7.488,240764.17032213
2024-01-09 07:00:00,7.487,7.525,7.426,7.462,143579.20766165
2024-01-09 08:00:00,7.461,7.52,7.386,7.395,132270.68806117
2024-01-09 09:00:00,7.397,7.422,7.284,7.318,191874.17564074
2024-01-09 10:00:00,7.316,7.427,7.314,7.402,87863.2532449
2024-01-09 11:00:00,7.404,7.481,7.311,7.318,238300.09434812
2024-01-09 12:00:00,7.317,7.348,7.001,7.118,482249.33132078
2024-01-09 13:00:00,7.12,7.253,7.108,7.227,385301.59220892
2024-01-09 14:00:00,7.227,7.253,7.105,7.11,294919.93660144
2024-01-09 15:00:00,7.108,7.21,7.062,7.141,223840.56515395
2024-01-09 16:00:00,7.141,7.161,7.036,7.088,169417.53478917
2024-01-09 17:00:00,7.088,7.112,7.043,7.064,134615.49489539
2024-01-09 18:00:00,7.064,7.126,7.038,7.096,119404.61673288
2024-01-09 19:00:00,7.096,7.098,6.958,7.033,176228.48860159
2024-01-09 20:00:00,7.036,7.053,6.907,6.922,228764.94281699
2024-01-09 21:00:00,6.922,7.197,6.916,6.986,1361531.27850118
2024-01-09 22:00:00,6.987,7.187,6.964,7.128,176040.64613929
2024-01-09 23:00:00,7.126,7.132,7.043,7.132,85754.10615368
2024-01-10 00:00:00,7.13,7.228,7.094,7.158,134115.7474583
2024-01-10 01:00:00,7.16,7.205,7.145,7.204,78408.34142642
2024-01-10 02:00:00,7.203,7.206,7.088,7.1,54631.05817239
2024-01-10 03:00:00,7.101,7.177,7.089,7.138,40359.45093888
2024-01-10 04:00:00,7.139,7.185,7.115,7.148,41209.49485098
2024-01-10 05:00:00,7.15,7.193,7.121,7.17,53874.1431061
2024-01-10 06:00:00,7.171,7.173,7.103,7.142,43983.69407893
2024-01-10 07:00:00,7.139,7.153,7.072,7.075,55323.46354465
2024-01-10 08:00:00,7.076,7.105,6.986,7.013,103706.24185025
2024-01-10 09:00:00,7.013,7.23,7.013,7.193,117552.0693179
2024-01-10 10:00:00,7.192,7.225,7.157,7.161,63735.38313609
2024-01-10 11:00:00,7.162,7.204,7.075,7.141,100084.3087107
2024-01-10 12:00:00,7.135,7.145,6.795,6.879,449990.63902954
2024-01-10 13:00:00,6.879,6.976,6.833,6.945,214202.82303288
2024-01-10 14:00:00,6.944,7.008,6.918,6.934,120919.06358623
2024-01-10 15:00:00,6.933,7.098,6.906,7.086,272197.75709653
2024-01-10 16:00:00,7.083,7.111,7.017,7.022,129515.74793885
2024-01-10 17:00:00,7.023,7.16,7.011,7.16,143054.884035
2024-01-10 18:00:00,7.161,7.262,7.128,7.161,196530.75384509
2024-01-10 19:00:00,7.161,7.261,7.136,7.256,201650.96031337
2024-01-10 20:00:00,7.255,7.389,7.118,7.378,925481.54019804
2024-01-10 21:00:00,7.377,7.85,7.357,7.836,832015.1092083
2024-01-10 22:00:00,7.838,8.007,7.805,7.923,443711.10342095
2024-01-10 23:00:00,7.923,8.091,7.876,7.992,603309.10845691
2024-01-11 00:00:00,7.991,8.085,7.931,8.04,343220.18744927
2024-01-11 01:00:00,8.04,8.194,7.967,8.066,410848.64462813
2024-01-11 02:00:00,8.068,8.229,8.051,8.153,212564.73940598
2024-01-11 03:00:00,8.153,8.253,8.092,8.218,192790.80737028
2024-01-11 04:00:00,8.219,8.3,8.185,8.19,202533.22915058
2024-01-11 05:00:00,8.19,8.203,8.02,8.045,314010.30811559
2024-01-11 06:00:00,8.047,8.061,7.858,8.019,431354.64906164
2024-01-11 07:00:00,8.018,8.394,8.012,8.336,497269.80337157
2024-01-11 08:00:00,8.332,8.465,8.27,8.37,594840.52020036
2024-01-11 09:00:00,8.364,8.384,8.286,8.287,161300.41780421
2024-01-11 10:00:00,8.286,8.393,8.285,8.351,162428.17351925
2024-01-11 11:00:00,8.351,8.42,8.33,8.402,194102.41379768
2024-01-11 12:00:00,8.399,8.556,8.395,8.54,290119.36583251
2024-01-11 13:00:00,8.54,8.581,8.349,8.469,418162.98065267
2024-01-11 14:00:00,8.468,8.531,8.304,8.447,614567.24517442
2024-01-11 15:00:00,8.45,8.458,8.14,8.237,606555.5956875
2024-01-11 16:00:00,8.238,8.286,8.05,8.164,539318.3709947
2024-01-11 17:00:00,8.163,8.247,8.1,8.199,158931.39524932
2024-01-11 18:00:00,8.201,8.219,8.147,8.199,94818.3401791
2024-01-11 19:00:00,8.198,8.253,8.143,8.229,88552.66474582
2024-01-11 20:00:00,8.228,8.325,8.114,8.139,259920.01869505
2024-01-11 21:00:00,8.137,8.21,8.109,8.122,107381.499291
2024-01-11 22:00:00,8.12,8.158,8.058,8.142,95802.74286488
2024-01-11 23:00:00,8.143,8.192,8.121,8.154,92422.96420446
2024-01-12 00:00:00,8.154,8.219,8.111,8.203,129331.9076887
2024-01-12 01:00:00,8.204,8.207,8.036,8.126,114852.70079172
2024-01-12 02:00:00,8.125,8.175,8.092,8.173,60508.7894216
2024-01-12 03:00:00,8.174,8.175,8.063,8.084,72277.50152931
2024-01-12 04:00:00,8.081,8.163,8.069,8.106,95310.3942271
2024-01-12 05:00:00,8.106,8.206,8.084,8.178,64782.10415851
2024-01-12 06:00:00,8.176,8.202,8.093,8.099,60154.89815062
2024-01-12 07:00:00,8.099,8.124,8.033,8.074,105842.25872455
2024-01-12 08:00:00,8.076,8.104,7.975,8.05,160600.8816718
2024-01-12 09:00:00,8.055,8.105,7.967,8.072,124991.82472827
2024-01-12 10:00:00,8.071,8.081,8.019,8.066,77951.14010558
2024-01-12 11:00:00,8.067,8.128,8.032,8.077,92248.60727689
2024-01-12 12:00:00,8.074,8.168,8.013,8.066,133306.27521221
2024-01-12 13:00:00,8.067,8.186,8.048,8.173,147876.1277327
2024-01-12 14:00:00,8.17,8.22,8.057,8.118,132844.89413173
2024-01-12 15:00:00,8.116,8.129,7.846,7.904,421083.05792444
2024-01-12 16:00:00,7.903,7.956,7.628,7.741,641496.18024037
2024-01-12 17:00:00,7.741,7.816,7.559,7.815,474008.03710339
2024-01-12 18:00:00,7.815,7.85,7.717,7.775,197925.42878236
2024-01-12 19:00:00,7.774,7.802,7.717,7.769,125936.12643909
2024-01-12 20:00:00,7.763,7.817,7.762,7.781,74850.90334582
2024-01-12 21:00:00,7.785,7.8,7.567,7.649,271885.5813495
2024-01-12 22:00:00,7.649,7.657,7.245,7.51,776998.284886
2024-01-12 23:00:00,7.509,7.584,7.5,7.568,123918.65451044
2024-01-13 00:00:00,7.569,7.615,7.504,7.529,179956.04433045
2024-01-13 01:00:00,7.532,7.559,7.368,7.553,195188.32130587
2024-01-13 02:00:00,7.551,7.646,7.52,7.587,88454.17454986
2024-01-13 03:00:00,7.587,7.621,7.56,7.592,67221.6741688
2024-01-13 04:00:00,7.59,7.636,7.579,7.623,49432.71108289
2024-01-13 05:00:00,7.622,7.7,7.6,7.686,80852.18186138
2024-01-13 06:00:00,7.687,7.724,7.661,7.71,93195.39822929
2024-01-13 07:00:00,7.708,7.749,7.689,7.697,59345.22544244
2024-01-13 08:00:00,7.695,7.745,7.682,7.701,68157.80257402
2024-01-13 09:00:00,7.704,7.713,7.625,7.643,72966.58299949
2024-01-13 10:00:00,7.643,7.664,7.594,7.634,100126.23731266
2024-01-13 11:00:00,7.635,7.657,7.594,7.649,89490.04059589
2024-01-13 12:00:00,7.647,7.69,7.629,7.658,48741.63661602
2024-01-13 13:00:00,7.659,7.673,7.616,7.638,39434.6960515
2024-01-13 14:00:00,7.639,7.656,7.576,7.623,93538.12349572
2024-01-13 15:00:00,7.623,7.756,7.62,7.708,116664.0678929
2024-01-13 16:00:00,7.709,7.715,7.643,7.657,82681.94881423
2024-01-13 17:00:00,7.66,7.746,7.621,7.695,89427.49766129
2024-01-13 18:00:00,7.691,7.705,7.647,7.657,52867.81243317
2024-01-13 19:00:00,7.66,7.695,7.626,7.629,46875.7020335
2024-01-13 20:00:00,7.627,7.685,7.609,7.654,94335.84850438
2024-01-13 21:00:00,7.651,7.664,7.613,7.663,32112.54707849
2024-01-13 22:00:00,7.664,7.672,7.618,7.657,22674.8779375
2024-01-13 23:00:00,7.658,7.665,7.6,7.619,47292.97061081
2024-01-14 00:00:00,7.619,7.632,7.52,7.544,91998.8827269
2024-01-14 01:00:00,7.541,7.592,7.538,7.57,59534.0935881
2024-01-14 02:00:00,7.569,7.571,7.515,7.55,55484.01555663
2024-01-14 03:00:00,7.551,7.578,7.506,7.515,56386.41007364
2024-01-14 04:00:00,7.514,7.532,7.465,7.477,82132.48616734
2024-01-14 05:00:00,7.476,7.599,7.475,7.599,66475.6010156
2024-01-14 06:00:00,7.598,7.673,7.586,7.648,73863.21446517
2024-01-14 07:00:00,7.649,7.666,7.61,7.612,68069.15977438
2024-01-14 08:00:00,7.615,7.668,7.598,7.666,53898.14641894
2024-01-14 09:00:00,7.666,7.695,7.628,7.689,67532.92804691
2024-01-14 10:00:00,7.692,7.704,7.637,7.645,94273.56337882
2024-01-14 11:00:00,7.645,7.648,7.572,7.582,79988.31370224
2024-01-14 12:00:00,7.584,7.6,7.533,7.553,98453.39763963
2024-01-14 13:00:00,7.554,7.612,7.532,7.609,67228.59209416
2024-01-14 14:00:00,7.61,7.665,7.597,7.627,84798.73240432
2024-01-14 15:00:00,7.624,7.677,7.616,7.672,41973.06927238
2024-01-14 16:00:00,7.673,7.7,7.577,7.602,73538.51482955
2024-01-14 17:00:00,7.602,7.674,7.589,7.649,41102.98680396
2024-01-14 18:00:00,7.649,7.679,7.571,7.605,56468.30531105
2024-01-14 19:00:00,7.606,7.615,7.469,7.478,95264.90911141
2024-01-14 20:00:00,7.478,7.536,7.402,7.483,119331.14310722
2024-01-14 21:00:00,7.482,7.529,7.414,7.527,88740.21811738
2024-01-14 22:00:00,7.53,7.547,7.437,7.446,59828.28947238
2024-01-14 23:00:00,7.446,7.46,7.315,7.323,209057.09648896
2024-01-15 00:00:00,7.324,7.441,7.308,7.437,96474.96960918
2024-01-15 01:00:00,7.439,7.491,7.408,7.48,62892.82694958
2024-01-15 02:00:00,7.478,7.544,7.458,7.541,48045.85417101
2024-01-15 03:00:00,7.541,7.648,7.535,7.606,75760.57521588
2024-01-15 04:00:00,7.603,7.644,7.589,7.636,69100.96480258
2024-01-15 05:00:00,7.638,7.687,7.597,7.616,62978.52407414
2024-01-15 06:00:00,7.616,7.637,7.579,7.592,54082.81201022
2024-01-15 07:00:00,7.589,7.597,7.516,7.534,38776.23486759
2024-01-15 08:00:00,7.534,7.589,7.506,7.57,89036.15225656
2024-01-15 09:00:00,7.571,7.65,7.534,7.645,37032.26527834
2024-01-15 10:00:00,7.642,7.684,7.615,7.636,52739.8598585
2024-01-15 11:00:00,7.636,7.654,7.578,7.581,50062.99678097
2024-01-15 12:00:00,7.582,7.617,7.526,7.552,86982.33425078
2024-01-15 13:00:00,7.551,7.671,7.55,7.642,79874.2828627
2024-01-15 14:00:00,7.64,7.649,7.444,7.459,127699.05120253
2024-01-15 15:00:00,7.459,7.506,7.406,7.42,114508.9205535
2024-01-15 16:00:00,7.417,7.56,7.413,7.538,80879.84959057
2024-01-15 17:00:00,7.538,7.582,7.523,7.57,56282.09443249
2024-01-15 18:00:00,7.571,7.694,7.564,7.63,84905.81653748
2024-01-15 19:00:00,7.632,7.679,7.615,7.625,80005.45530251
2024-01-15 20:00:00,7.627,7.669,7.557,7.577,52302.03428078
2024-01-15 21:00:00,7.579,7.585,7.537,7.541,37852.46641608
2024-01-15 22:00:00,7.542,7.558,7.438,7.501,69789.21486577
2024-01-15 23:00:00,7.504,7.538,7.491,7.51,46874.39617322
2024-01-16 00:00:00,7.51,7.568,7.505,7.556,39254.59562882
2024-01-16 01:00:00,7.553,7.614,7.516,7.541,65893.85386071
2024-01-16 02:00:00,7.539,7.577,7.507,7.528,26212.67526313
2024-01-16 03:00:00,7.526,7.599,7.526,7.598,46677.58582566
2024-01-16 04:00:00,7.598,7.604,7.546,7.555,54004.21964628
2024-01-16 05:00:00,7.557,7.602,7.526,7.528,30468.6185647
2024-01-16 06:00:00,7.529,7.534,7.5,7.532,51124.18912073
2024-01-16 07:00:00,7.531,7.551,7.483,7.55,55611.54842588
2024-01-16 08:00:00,7.551,7.651,7.537,7.651,75727.5095549
2024-01-16 09:00:00,7.652,7.689,7.609,7.611,72383.30284759
2024-01-16 10:00:00,7.612,7.617,7.551,7.553,39964.29828899
2024-01-16 11:00:00,7.551,7.569,7.462,7.522,71219.30091909
2024-01-16 12:00:00,7.518,7.58,7.504,7.58,69129.79863817
2024-01-16 13:00:00,7.582,7.589,7.457,7.466,66980.02932903
2024-01-16 14:00:00,7.465,7.494,7.339,7.455,161629.83823438
2024-01-16 15:00:00,7.455,7.537,7.415,7.514,107261.22054896
2024-01-16 16:00:00,7.517,7.548,7.464,7.485,100866.51361501
2024-01-16 17:00:00,7.485,7.492,7.448,7.46,47262.89162563
2024-01-16 18:00:00,7.466,7.487,7.394,7.428,55661.52182401
2024-01-16 19:00:00,7.429,7.468,7.406,7.458,30226.30051312
2024-01-16 20:00:00,7.46,7.534,7.452,7.534,50968.3564922
2024-01-16 21:00:00,7.534,7.581,7.523,7.576,53909.85558006
2024-01-16 22:00:00,7.577,7.606,7.541,7.541,52830.6684992
2024-01-16 23:00:00,7.543,7.565,7.479,7.492,34740.81329538
2024-01-17 00:00:00,7.492,7.513,7.461,7.5,35540.37778648
2024-01-17 01:00:00,7.501,7.564,7.476,7.544,64423.64929374
2024-01-17 02:00:00,7.543,7.6,7.541,7.574,57770.67217206
2024-01-17 03:00:00,7.576,7.577,7.496,7.496,27070.00581209
2024-01-17 04:00:00,7.498,7.513,7.459,7.462,34418.48766059
2024-01-17 05:00:00,7.46,7.485,7.415,7.419,45031.40078313
2024-01-17 06:00:00,7.418,7.476,7.412,7.451,30712.67352422
2024-01-17 07:00:00,7.449,7.46,7.362,7.376,53096.95070731
2024-01-17 08:00:00,7.373,7.413,7.355,7.407,59748.79288291
2024-01-17 09:00:00,7.405,7.426,7.387,7.394,77803.936468
2024-01-17 10:00:00,7.396,7.432,7.378,7.428,58746.79833087
2024-01-17 11:00:00,7.429,7.43,7.395,7.397,54363.76640111
2024-01-17 12:00:00,7.398,7.469,7.375,7.463,63501.93256742
2024-01-17 13:00:00,7.463,7.463,7.377,7.402,56464.99797192
2024-01-17 14:00:00,7.401,7.457,7.349,7.385,118782.43402405
2024-01-17 15:00:00,7.385,7.423,7.325,7.35,101109.27511918
2024-01-17 16:00:00,7.345,7.364,7.321,7.355,62643.16488585
2024-01-17 17:00:00,7.353,7.355,7.258,7.321,109252.97517835
2024-01-17 18:00:00,7.323,7.351,7.287,7.351,39285.78258018
2024-01-17 19:00:00,7.352,7.382,7.315,7.338,46415.5149805
2024-01-17 20:00:00,7.34,7.375,7.324,7.357,55184.56921403
2024-01-17 21:00:00,7.355,7.375,7.337,7.349,44006.65606302
2024-01-17 22:00:00,7.347,7.352,7.253,7.313,53238.49807326
2024-01-17 23:00:00,7.312,7.35,7.265,7.349,62244.08992523
2024-01-18 00:00:00,7.348,7.392,7.336,7.375,50255.11900924
2024-01-18 01:00:00,7.377,7.379,7.229,7.294,91364.70794453
2024-01-18 02:00:00,7.295,7.357,7.278,7.327,59323.00645278
2024-01-18 03:00:00,7.328,7.372,7.328,7.349,54324.89197063
2024-01-18 04:00:00,7.348,7.373,7.306,7.31,57248.21861178
2024-01-18 05:00:00,7.309,7.332,7.284,7.329,54819.9801646
2024-01-18 06:00:00,7.328,7.372,7.328,7.367,40560.72014633
2024-01-18 07:00:00,7.367,7.381,7.321,7.343,32068.06175374
2024-01-18 08:00:00,7.342,7.353,7.3,7.306,52862.8923467
2024-01-18 09:00:00,7.306,7.336,7.283,7.286,68164.74528978
2024-01-18 10:00:00,7.287,7.31,7.169,7.198,151649.19046572
2024-01-18 11:00:00,7.197,7.226,7.177,7.208,97692.33229995
2024-01-18 12:00:00,7.206,7.206,7.103,7.169,155365.78094201
2024-01-18 13:00:00,7.17,7.196,7.106,7.172,101751.37504044
2024-01-18 14:00:00,7.17,7.23,7.156,7.23,51808.17674728
2024-01-18 15:00:00,7.232,7.244,7.199,7.213,59701.53977637
2024-01-18 16:00:00,7.211,7.228,7.002,7.063,430960.4476878
2024-01-18 17:00:00,7.065,7.081,6.94,6.994,265885.79209375
2024-01-18 18:00:00,6.996,7.017,6.904,6.981,235410.6968799
2024-01-18 19:00:00,6.983,6.992,6.819,6.875,289395.58703565
2024-01-18 20:00:00,6.873,6.986,6.858,6.915,198966.30984865
2024-01-18 21:00:00,6.914,6.972,6.885,6.952,97082.24951091
2024-01-18 22:00:00,6.95,7.044,6.921,7.041,187675.97267312
2024-01-18 23:00:00,7.042,7.059,7.008,7.019,64917.58386536
2024-01-19 00:00:00,7.02,7.051,6.97,6.996,49316.88381503
2024-01-19 01:00:00,6.994,6.995,6.906,6.977,69297.02667997
2024-01-19 02:00:00,6.977,6.992,6.896,6.92,47140.04535839
2024-01-19 03:00:00,6.921,6.951,6.824,6.95,121960.58438391
2024-01-19 04:00:00,6.951,6.978,6.931,6.952,52161.08553934
2024-01-19 05:00:00,6.952,6.995,6.944,6.992,26468.85345656
2024-01-19 06:00:00,6.992,7.047,6.989,7.044,59870.81968666
2024-01-19 07:00:00,7.042,7.051,6.995,6.997,39661.97316404
2024-01-19 08:00:00,7.0,7.004,6.96,6.986,56598.84868624
2024-01-19 09:00:00,6.986,7.028,6.973,7.008,54630.49260118
2024-01-19 10:00:00,7.007,7.033,6.988,7.024,47375.75915819
2024-01-19 11:00:00,7.024,7.032,6.994,6.999,47241.74382537
2024-01-19 12:00:00,6.999,7.009,6.895,6.918,207354.76694959
2024-01-19 13:00:00,6.921,6.957,6.898,6.943,61219.82496673
2024-01-19 14:00:00,6.943,6.951,6.827,6.858,160490.78537717
2024-01-19 15:00:00,6.859,6.869,6.77,6.798,198014.0588949
2024-01-19 16:00:00,6.797,6.812,6.57,6.636,621289.17090203
2024-01-19 17:00:00,6.639,6.751,6.605,6.732,256688.77339714
2024-01-19 18:00:00,6.734,6.847,6.686,6.836,247067.20784442
2024-01-19 19:00:00,6.836,6.874,6.793,6.847,87560.02922931
2024-01-19 20:00:00,6.848,6.921,6.838,6.856,112966.53182433
2024-01-19 21:00:00,6.855,6.871,6.823,6.846,63532.83177223
2024-01-19 22:00:00,6.844,6.86,6.812,6.853,27747.7998166
2024-01-19 23:00:00,6.852,6.895,6.768,6.889,326584.07951248
2024-01-20 00:00:00,6.885,6.885,6.773,6.78,62150.70998059
2024-01-20 01:00:00,6.779,6.87,6.773,6.863,66335.52067913
2024-01-20 02:00:00,6.864,6.87,6.818,6.848,73483.76492267
2024-01-20 03:00:00,6.844,6.852,6.807,6.826,38430.50352681
2024-01-20 04:00:00,6.826,6.871,6.818,6.844,50173.03074545
2024-01-20 05:00:00,6.844,6.853,6.823,6.837,58348.1721366
2024-01-20 06:00:00,6.837,6.894,6.835,6.887,46503.15895514
2024-01-20 07:00:00,6.889,6.945,6.889,6.895,74687.07470449
2024-01-20 08:00:00,6.9,6.925,6.852,6.872,63091.87547651
2024-01-20 09:00:00,6.873,6.894,6.791,6.809,87005.68946937
2024-01-20 10:00:00,6.808,6.859,6.806,6.832,33739.09850659
2024-01-20 11:00:00,6.833,6.86,6.809,6.854,39033.0501539
2024-01-20 12:00:00,6.855,6.88,6.837,6.852,37838.8939213
2024-01-20 13:00:00,6.851,6.875,6.844,6.86,53838.43003171
2024-01-20 14:00:00,6.861,6.862,6.804,6.839,56326.36448961
2024-01-20 15:00:00,6.839,6.882,6.8,6.857,53048.27899481
2024-01-20 16:00:00,6.858,6.885,6.814,6.815,55221.92522739
2024-01-20 17:00:00,6.813,6.868,6.806,6.862,45953.555621
2024-01-20 18:00:00,6.86,6.86,6.787,6.823,72481.17881743
2024-01-20 19:00:00,6.822,6.854,6.819,6.842,42660.20574944
2024-01-20 20:00:00,6.841,6.887,6.832,6.867,71967.63185876
2024-01-20 21:00:00,6.867,6.922,6.864,6.883,61252.39125871
2024-01-20 22:00:00,6.883,6.917,6.877,6.912,38375.69518489
2024-01-20 23:00:00,6.911,6.914,6.883,6.909,35641.17009255
2024-01-21 00:00:00,6.908,6.908,6.86,6.866,44259.30912371
2024-01-21 01:00:00,6.866,6.907,6.857,6.888,37572.91861931
2024-01-21 02:00:00,6.888,6.922,6.866,6.922,31257.48732743
2024-01-21 03:00:00,6.923,6.974,6.903,6.915,61033.77178482
2024-01-21 04:00:00,6.916,6.921,6.891,6.898,37423.28115527
2024-01-21 05:00:00,6.898,6.916,6.88,6.887,29855.74908133
2024-01-21 06:00:00,6.887,6.897,6.856,6.863,39509.19365838
2024-01-21 07:00:00,6.863,6.904,6.851,6.897,26424.18158753
2024-01-21 08:00:00,6.899,6.922,6.888,6.893,37854.30561113
2024-01-21 09:00:00,6.893,6.916,6.891,6.897,22056.64324916
2024-01-21 10:00:00,6.898,6.924,6.884,6.917,49927.52963391
2024-01-21 11:00:00,6.919,6.929,6.889,6.895,53009.96992557
2024-01-21 12:00:00,6.895,6.935,6.892,6.906,48806.60850561
2024-01-21 13:00:00,6.904,6.94,6.902,6.936,27615.30004892
2024-01-21 14:00:00,6.939,6.972,6.916,6.933,79308.89400022
2024-01-21 15:00:00,6.933,6.945,6.86,6.88,78494.60998416
2024-01-21 16:00:00,6.883,6.892,6.836,6.878,67951.37518876
2024-01-21 17:00:00,6.876,6.908,6.873,6.886,58767.88168343
2024-01-21 18:00:00,6.888,6.907,6.873,6.896,29824.48993984
2024-01-21 19:00:00,6.897,6.909,6.867,6.903,19747.22445389
2024-01-21 20:00:00,6.904,6.909,6.849,6.865,23433.74226429
2024-01-21 21:00:00,6.865,6.901,6.855,6.899,32666.99171452
2024-01-21 22:00:00,6.899,6.9,6.826,6.842,40469.42352642
2024-01-21 23:00:00,6.843,6.862,6.798,6.813,63840.83600453
2024-01-22 00:00:00,6.813,6.846,6.764,6.816,105393.78254077
2024-01-22 01:00:00,6.816,6.831,6.716,6.735,152460.2059041
2024-01-22 02:00:00,6.736,6.761,6.672,6.709,89164.63146642
2024-01-22 03:00:00,6.704,6.742,6.683,6.718,53602.3082674
2024-01-22 04:00:00,6.719,6.733,6.662,6.662,55073.77882957
2024-01-22 05:00:00,6.662,6.737,6.636,6.734,63966.23837222
2024-01-22 06:00:00,6.733,6.756,6.708,6.745,43868.70093623
2024-01-22 07:00:00,6.745,6.754,6.704,6.716,31639.37090693
2024-01-22 08:00:00,6.717,6.717,6.608,6.661,128057.39612547
2024-01-22 09:00:00,6.661,6.813,6.641,6.664,320008.2607416
2024-01-22 10:00:00,6.664,6.697,6.548,6.612,219401.4403792
2024-01-22 11:00:00,6.612,6.641,6.552,6.58,234825.75753288
2024-01-22 12:00:00,6.579,6.598,6.527,6.588,126020.65445091
2024-01-22 13:00:00,6.587,6.677,6.587,6.631,140025.40379078
2024-01-22 14:00:00,6.633,6.64,6.501,6.557,165006.87041409
2024-01-22 15:00:00,6.557,6.566,6.429,6.514,316808.25973064
2024-01-22 16:00:00,6.517,6.547,6.494,6.534,102428.82658884
2024-01-22 17:00:00,6.533,6.564,6.494,6.531,97008.53814895
2024-01-22 18:00:00,6.532,6.558,6.393,6.471,246061.19432183
2024-01-22 19:00:00,6.471,6.506,6.289,6.374,421921.53649858
2024-01-22 20:00:00,6.373,6.486,6.367,6.453,195698.9874356
2024-01-22 21:00:00,6.452,6.453,6.382,6.419,145865.95799498
2024-01-22 22:00:00,6.417,6.431,6.331,6.378,95482.93720673
2024-01-22 23:00:00,6.378,6.404,6.32,6.337,103520.04273595
2024-01-23 00:00:00,6.339,6.384,6.317,6.375,93445.59769008
2024-01-23 01:00:00,6.376,6.418,6.341,6.382,48584.31429596
2024-01-23 02:00:00,6.381,6.447,6.375,6.442,53766.83996388
2024-01-23 03:00:00,6.445,6.451,6.413,6.415,57913.4727376
2024-01-23 04:00:00,6.421,6.454,6.409,6.41,37298.79643684
2024-01-23 05:00:00,6.409,6.434,6.399,6.42,32542.60756181
2024-01-23 06:00:00,6.42,6.434,6.396,6.4,28416.96849173
2024-01-23 07:00:00,6.4,6.418,6.281,6.309,110746.76526048
2024-01-23 08:00:00,6.31,6.34,6.104,6.153,454723.21773099
2024-01-23 09:00:00,6.154,6.185,5.966,6.041,784965.71934133
2024-01-23 10:00:00,6.043,6.142,6.036,6.067,163539.00374432
2024-01-23 11:00:00,6.067,6.106,6.054,6.091,158289.85468901
2024-01-23 12:00:00,6.094,6.132,6.038,6.119,171882.19152267
2024-01-23 13:00:00,6.119,6.13,6.042,6.051,115461.26400545
2024-01-23 14:00:00,6.048,6.136,5.968,6.121,341522.7954435
2024-01-23 15:00:00,6.12,6.23,6.12,6.221,324387.98532553
2024-01-23 16:00:00,6.218,6.279,6.2,6.275,191423.59619505
2024-01-23 17:00:00,6.276,6.341,6.267,6.279,205706.04814002
2024-01-23 18:00:00,6.278,6.34,6.209,6.216,162514.61830077
2024-01-23 19:00:00,6.216,6.255,6.187,6.19,164120.78738723
2024-01-23 20:00:00,6.193,6.241,6.178,6.205,133331.6760398
2024-01-23 21:00:00,6.203,6.231,6.149,6.21,152414.25611696
2024-01-23 22:00:00,6.209,6.305,6.203,6.288,115097.29178247
2024-01-23 23:00:00,6.288,6.36,6.288,6.355,113404.18596651
2024-01-24 00:00:00,6.355,6.405,6.315,6.383,135100.10110334
2024-01-24 01:00:00,6.383,6.384,6.291,6.295,120530.9023796
2024-01-24 02:00:00,6.297,6.329,6.283,6.297,73636.39902453
2024-01-24 03:00:00,6.298,6.301,6.257,6.271,58890.08281821
2024-01-24 04:00:00,6.271,6.303,6.256,6.268,58209.94258683
2024-01-24 05:00:00,6.27,6.341,6.27,6.335,91880.0849917
2024-01-24 06:00:00,6.335,6.36,6.294,6.352,98012.27779138
2024-01-24 07:00:00,6.354,6.42,6.335,6.372,101994.35196152
2024-01-24 08:00:00,6.375,6.418,6.367,6.406,113191.72381834
2024-01-24 09:00:00,6.405,6.467,6.402,6.44,129351.97649908
2024-01-24 10:00:00,6.439,6.532,6.429,6.515,84775.18004947
2024-01-24 11:00:00,6.517,6.522,6.461,6.471,92065.10965805
2024-01-24 12:00:00,6.467,6.537,6.467,6.474,104860.20846199
2024-01-24 13:00:00,6.475,6.489,6.41,6.43,127599.49274573
2024-01-24 14:00:00,6.43,6.473,6.373,6.395,133790.07707069
2024-01-24 15:00:00,6.394,6.426,6.367,6.418,94176.22461698
2024-01-24 16:00:00,6.42,6.451,6.376,6.445,108460.85875168
2024-01-24 17:00:00,6.447,6.448,6.374,6.382,84890.07881808
2024-01-24 18:00:00,6.38,6.388,6.296,6.345,104677.02195609
2024-01-24 19:00:00,6.344,6.362,6.315,6.341,46646.63110043
2024-01-24 20:00:00,6.341,6.383,6.29,6.302,77359.37737127
2024-01-24 21:00:00,6.303,6.355,6.299,6.353,50089.13595514
2024-01-24 22:00:00,6.354,6.421,6.34,6.414,68161.91815107
2024-01-24 23:00:00,6.414,6.473,6.414,6.46,67281.72282845
2024-01-25 00:00:00,6.459,6.469,6.421,6.458,76013.15623516
2024-01-25 01:00:00,6.458,6.495,6.414,6.428,73117.5837257
2024-01-25 02:00:00,6.428,6.463,6.425,6.436,63465.99147526
2024-01-25 03:00:00,6.439,6.486,6.435,6.472,54357.04294248
2024-01-25 04:00:00,6.474,6.491,6.424,6.44,50561.83296028
2024-01-25 05:00:00,6.441,6.45,6.405,6.443,48019.40999963
2024-01-25 06:00:00,6.443,6.527,6.432,6.52,66317.68426865
2024-01-25 07:00:00,6.523,6.53,6.484,6.503,81690.89012184
2024-01-25 08:00:00,6.503,6.528,6.469,6.471,102992.95937743
2024-01-25 09:00:00,6.469,6.493,6.452,6.456,51681.4915626
2024-01-25 10:00:00,6.454,6.491,6.433,6.484,63339.67609411
2024-01-25 11:00:00,6.485,6.568,6.468,6.527,112262.98436808
2024-01-25 12:00:00,6.525,6.532,6.406,6.43,98310.00790014
2024-01-25 13:00:00,6.433,6.483,6.393,6.415,94682.00069722
2024-01-25 14:00:00,6.414,6.49,6.41,6.454,96912.13208367
2024-01-25 15:00:00,6.456,6.46,6.352,6.387,162719.75409315
2024-01-25 16:00:00,6.385,6.414,6.358,6.364,81548.56270496
2024-01-25 17:00:00,6.363,6.442,6.343,6.438,76983.28928724
2024-01-25 18:00:00,6.439,6.507,6.397,6.412,123644.64831792
2024-01-25 19:00:00,6.417,6.472,6.394,6.442,70001.94713523
2024-01-25 20:00:00,6.444,6.462,6.425,6.455,63124.90122182
2024-01-25 21:00:00,6.462,6.491,6.416,6.435,45578.29252943
2024-01-25 22:00:00,6.433,6.451,6.41,6.444,34977.00474995
2024-01-25 23:00:00,6.443,6.449,6.411,6.435,29500.61554095
2024-01-26 00:00:00,6.435,6.435,6.358,6.394,66731.86485826
2024-01-26 01:00:00,6.393,6.42,6.359,6.41,38769.07981749
2024-01-26 02:00:00,6.408,6.484,6.402,6.465,66395.413907
2024-01-26 03:00:00,6.466,6.474,6.437,6.443,29128.80341371
2024-01-26 04:00:00,6.443,6.457,6.421,6.424,33878.57771839
2024-01-26 05:00:00,6.425,6.429,6.397,6.402,38335.158498
2024-01-26 06:00:00,6.403,6.425,6.363,6.376,72153.75431518
2024-01-26 07:00:00,6.378,6.386,6.357,6.367,52750.60405849
2024-01-26 08:00:00,6.367,6.403,6.365,6.382,65258.05247317
2024-01-26 09:00:00,6.381,6.445,6.379,6.386,96565.94713298
2024-01-26 10:00:00,6.386,6.513,6.381,6.507,150239.16249331
2024-01-26 11:00:00,6.505,6.613,6.504,6.592,223934.96043804
2024-01-26 12:00:00,6.595,6.612,6.537,6.544,156094.15488331
2024-01-26 13:00:00,6.545,6.578,6.501,6.528,88350.46571614
2024-01-26 14:00:00,6.528,6.619,6.527,6.619,84928.0470705
2024-01-26 15:00:00,6.619,6.624,6.584,6.614,83993.31013251
2024-01-26 16:00:00,6.614,6.719,6.613,6.696,165229.85522054
2024-01-26 17:00:00,6.697,6.718,6.671,6.697,108218.83877425
2024-01-26 18:00:00,6.697,6.723,6.681,6.713,96711.05142525
2024-01-26 19:00:00,6.712,6.712,6.66,6.671,68798.02643957
2024-01-26 20:00:00,6.669,6.725,6.651,6.667,119459.03800243
2024-01-26 21:00:00,6.665,6.672,6.635,6.658,55055.52132745
2024-01-26 22:00:00,6.66,6.693,6.635,6.679,42747.61394015
2024-01-26 23:00:00,6.677,6.682,6.648,6.669,46619.39511345
2024-01-27 00:00:00,6.669,6.716,6.665,6.7,77780.87682327
2024-01-27 01:00:00,6.7,6.714,6.667,6.685,78605.58873617
2024-01-27 02:00:00,6.684,6.706,6.683,6.696,24549.94933796
2024-01-27 03:00:00,6.693,6.708,6.677,6.688,34014.88689913
2024-01-27 04:00:00,6.689,6.694,6.63,6.643,84112.23296045
2024-01-27 05:00:00,6.643,6.644,6.573,6.581,81806.46446108
2024-01-27 06:00:00,6.581,6.601,6.566,6.57,56867.87535562
2024-01-27 07:00:00,6.57,6.581,6.545,6.568,41292.55828356
2024-01-27 08:00:00,6.568,6.574,6.536,6.54,49969.75176051
2024-01-27 09:00:00,6.54,6.594,6.527,6.586,53108.04401281
2024-01-27 10:00:00,6.586,6.607,6.576,6.579,48447.01484412
2024-01-27 11:00:00,6.579,6.656,6.568,6.645,131008.46825521
2024-01-27 12:00:00,6.645,6.68,6.62,6.657,86191.32418296
2024-01-27 13:00:00,6.657,6.668,6.629,6.667,57928.78428952
2024-01-27 14:00:00,6.666,6.695,6.651,6.666,84996.77488263
2024-01-27 15:00:00,6.665,6.71,6.654,6.689,83003.50943617
2024-01-27 16:00:00,6.69,6.711,6.656,6.656,50978.58356551
2024-01-27 17:00:00,6.656,6.676,6.638,6.647,59296.3606708
2024-01-27 18:00:00,6.648,6.676,6.639,6.667,50104.21486214
2024-01-27 19:00:00,6.67,6.705,6.667,6.683,70082.72088469
2024-01-27 20:00:00,6.683,6.706,6.664,6.701,55694.33266733
2024-01-27 21:00:00,6.701,6.754,6.679,6.69,120404.04098118
2024-01-27 22:00:00,6.69,6.693,6.671,6.674,35267.37766768
2024-01-27 23:00:00,6.675,6.68,6.654,6.669,67090.443378
2024-01-28 00:00:00,6.67,6.689,6.654,6.686,49749.01356575
2024-01-28 01:00:00,6.687,6.737,6.674,6.682,77438.10523332
2024-01-28 02:00:00,6.681,6.69,6.656,6.667,35689.28675737
2024-01-28 03:00:00,6.669,6.738,6.661,6.735,93182.45563993
2024-01-28 04:00:00,6.732,6.785,6.71,6.782,148440.80627257
2024-01-28 05:00:00,6.781,6.793,6.721,6.744,119547.40742348
2024-01-28 06:00:00,6.745,6.766,6.718,6.732,138557.27417931
2024-01-28 07:00:00,6.731,6.746,6.691,6.7,61666.50467598
2024-01-28 08:00:00,6.699,6.758,6.677,6.726,83821.64989597
2024-01-28 09:00:00,6.725,6.75,6.711,6.74,81283.87895552
2024-01-28 10:00:00,6.741,6.779,6.725,6.755,90318.48939162
2024-01-28 11:00:00,6.755,6.775,6.697,6.73,83296.99657841
2024-01-28 12:00:00,6.731,6.736,6.643,6.7,162211.94658676
2024-01-28 13:00:00,6.699,6.706,6.665,6.697,88015.00611156
2024-01-28 14:00:00,6.696,6.73,6.646,6.651,91611.24255722
2024-01-28 15:00:00,6.652,6.677,6.622,6.656,102438.19466321
2024-01-28 16:00:00,6.655,6.685,6.639,6.676,38654.42481803
2024-01-28 17:00:00,6.675,6.677,6.62,6.641,66844.40430429
2024-01-28 18:00:00,6.639,6.653,6.596,6.611,63993.86459683
2024-01-28 19:00:00,6.609,6.641,6.57,6.598,107719.96724321
2024-01-28 20:00:00,6.598,6.665,6.567,6.657,74699.77384155
2024-01-28 21:00:00,6.657,6.778,6.651,6.748,125634.84737304
2024-01-28 22:00:00,6.745,6.784,6.696,6.761,147535.77104368
2024-01-28 23:00:00,6.758,6.869,6.724,6.863,220095.4007356
2024-01-29 00:00:00,6.866,6.882,6.753,6.758,211186.12898907
2024-01-29 01:00:00,6.757,6.902,6.755,6.877,155474.58975139
2024-01-29 02:00:00,6.876,6.895,6.847,6.879,71491.28595753
2024-01-29 03:00:00,6.884,6.95,6.884,6.923,113950.50553263
2024-01-29 04:00:00,6.923,6.993,6.915,6.99,201510.15642871
2024-01-29 05:00:00,6.989,7.001,6.883,6.89,147435.91395849
2024-01-29 06:00:00,6.891,6.909,6.845,6.879,201892.4447429
2024-01-29 07:00:00,6.881,6.884,6.805,6.813,105883.45748499
2024-01-29 08:00:00,6.812,6.835,6.766,6.8,186890.90400928
2024-01-29 09:00:00,6.8,6.813,6.762,6.789,95162.31259972
2024-01-29 10:00:00,6.792,6.849,6.778,6.839,115513.54242285
2024-01-29 11:00:00,6.842,6.856,6.822,6.826,71135.16243291
2024-01-29 12:00:00,6.828,6.863,6.783,6.783,108366.88603667
2024-01-29 13:00:00,6.784,6.806,6.732,6.744,142839.99708153
2024-01-29 14:00:00,6.743,6.79,6.703,6.733,85266.07469481
2024-01-29 15:00:00,6.733,6.823,6.714,6.82,120769.66153344
2024-01-29 16:00:00,6.816,6.973,6.777,6.942,341450.44894824
2024-01-29 17:00:00,6.942,6.999,6.922,6.97,145453.03994605
2024-01-29 18:00:00,6.968,7.174,6.966,7.11,514574.04356655
2024-01-29 19:00:00,7.109,7.165,7.099,7.104,171110.51603884
2024-01-29 20:00:00,7.104,7.19,7.078,7.181,206204.69696755
2024-01-29 21:00:00,7.18,7.24,7.127,7.238,269108.63574523
2024-01-29 22:00:00,7.238,7.298,7.198,7.211,250088.03993867
2024-01-29 23:00:00,7.209,7.231,7.016,7.029,559910.4329708
2024-01-30 00:00:00,7.029,7.034,6.953,6.965,166564.48342993
2024-01-30 01:00:00,6.963,7.072,6.958,7.033,135482.82136369
2024-01-30 02:00:00,7.033,7.08,7.033,7.039,88247.46718332
2024-01-30 03:00:00,7.041,7.079,7.001,7.001,105303.85971329
2024-01-30 04:00:00,7.002,7.023,6.975,6.988,73425.46911385
2024-01-30 05:00:00,6.99,7.011,6.969,6.994,52867.50710129
2024-01-30 06:00:00,6.996,7.012,6.94,6.991,84897.19615005
2024-01-30 07:00:00,6.991,7.05,6.987,7.009,104518.28126475
2024-01-30 08:00:00,7.009,7.066,6.982,7.046,110120.57627271
2024-01-30 09:00:00,7.047,7.052,6.989,6.994,66158.96049723
2024-01-30 10:00:00,6.994,7.028,6.987,7.024,65008.99441365
2024-01-30 11:00:00,7.024,7.051,6.996,7.041,70025.81707157
2024-01-30 12:00:00,7.044,7.06,6.931,6.954,193769.50466471
2024-01-30 13:00:00,6.954,6.985,6.904,6.957,189672.51765634
2024-01-30 14:00:00,6.956,6.981,6.913,6.966,95825.256489
2024-01-30 15:00:00,6.966,7.023,6.942,6.995,98830.66234978
2024-01-30 16:00:00,6.999,7.029,6.938,7.005,100923.34780698
2024-01-30 17:00:00,7.007,7.029,6.978,7.012,75284.80545232
2024-01-30 18:00:00,7.01,7.028,6.98,7.008,60736.85904222
2024-01-30 19:00:00,7.009,7.017,6.976,7.003,37422.6860986
2024-01-30 20:00:00,7.003,7.037,6.992,7.011,40752.75001998
2024-01-30 21:00:00,7.01,7.017,6.964,6.972,106995.06994089
2024-01-30 22:00:00,6.971,6.972,6.903,6.904,48842.83807488
2024-01-30 23:00:00,6.904,6.929,6.816,6.836,229244.95221595
2024-01-31 00:00:00,6.837,6.862,6.75,6.816,235309.32866525
2024-01-31 01:00:00,6.815,6.845,6.769,6.801,74929.82697189
2024-01-31 02:00:00,6.805,6.832,6.764,6.83,81788.94315681
2024-01-31 03:00:00,6.829,6.84,6.791,6.805,47949.66465109
2024-01-31 04:00:00,6.806,6.82,6.789,6.817,43029.66905633
2024-01-31 05:00:00,6.818,6.854,6.802,6.848,64402.51437474
2024-01-31 06:00:00,6.849,6.855,6.811,6.829,45939.09562075
2024-01-31 07:00:00,6.828,6.885,6.826,6.865,66908.07601914
2024-01-31 08:00:00,6.865,6.873,6.804,6.81,61968.32531958
2024-01-31 09:00:00,6.809,6.81,6.708,6.733,181901.28846613
2024-01-31 10:00:00,6.732,6.766,6.664,6.672,142738.00984642
2024-01-31 11:00:00,6.672,6.764,6.662,6.758,120683.06734652
2024-01-31 12:00:00,6.755,6.784,6.731,6.745,107754.80624294
2024-01-31 13:00:00,6.746,6.759,6.704,6.722,77870.37306644
2024-01-31 14:00:00,6.718,6.749,6.651,6.708,214819.96675338
2024-01-31 15:00:00,6.707,6.794,6.612,6.791,214154.04945427
2024-01-31 16:00:00,6.788,6.819,6.761,6.808,111462.69865807
2024-01-31 17:00:00,6.806,6.85,6.789,6.845,59186.35512962
2024-01-31 18:00:00,6.844,6.851,6.799,6.811,45432.25348397
2024-01-31 19:00:00,6.812,6.845,6.756,6.816,109060.60673897
2024-01-31 20:00:00,6.817,6.824,6.692,6.701,170778.47241365
2024-01-31 21:00:00,6.703,6.739,6.602,6.645,185904.7093274
2024-01-31 22:00:00,6.645,6.665,6.579,6.648,86041.47018034
2024-01-31 23:00:00,6.645,6.665,6.627,6.648,47787.80079166
2024-02-01 00:00:00,6.647,6.686,6.636,6.671,73322.71761972
2024-02-01 01:00:00,6.671,6.672,6.525,6.575,208472.34304321
2024-02-01 02:00:00,6.576,6.651,6.57,6.647,86117.09032796
2024-02-01 03:00:00,6.648,6.686,6.637,6.646,76865.05406847
2024-02-01 04:00:00,6.645,6.688,6.636,6.678,68793.25119517
2024-02-01 05:00:00,6.677,6.682,6.626,6.659,43321.21660482
2024-02-01 06:00:00,6.659,6.661,6.615,6.634,42078.82046915
2024-02-01 07:00:00,6.635,6.67,6.62,6.647,38665.2675854
2024-02-01 08:00:00,6.646,6.672,6.627,6.666,62937.60287715
2024-02-01 09:00:00,6.665,6.694,6.641,6.678,75431.10460365
2024-02-01 10:00:00,6.677,6.69,6.654,6.661,40065.05902176
2024-02-01 11:00:00,6.66,6.668,6.629,6.639,28964.88128121
2024-02-01 12:00:00,6.639,6.691,6.639,6.67,64103.39620845
2024-02-01 13:00:00,6.668,6.688,6.627,6.681,69919.83004265
2024-02-01 14:00:00,6.68,6.746,6.668,6.741,111686.54120585
2024-02-01 15:00:00,6.74,6.783,6.729,6.729,90998.56483149
2024-02-01 16:00:00,6.729,6.757,6.683,6.746,100570.50708832
2024-02-01 17:00:00,6.745,6.798,6.741,6.791,78757.00501076
2024-02-01 18:00:00,6.793,6.795,6.745,6.764,59832.40470306
2024-02-01 19:00:00,6.762,6.814,6.759,6.802,54068.1689728
2024-02-01 20:00:00,6.801,6.806,6.752,6.762,47435.41384633
2024-02-01 21:00:00,6.764,6.796,6.755,6.784,44516.24771619
2024-02-01 22:00:00,6.783,6.787,6.76,6.78,22297.06154411
2024-02-01 23:00:00,6.78,6.795,6.753,6.79,46753.24132182
2024-02-02 00:00:00,6.789,6.837,6.768,6.808,61107.763524
2024-02-02 01:00:00,6.807,6.826,6.788,6.79,38179.88996933
2024-02-02 02:00:00,6.791,6.814,6.77,6.814,40333.09997539
2024-02-02 03:00:00,6.814,6.816,6.789,6.79,16728.05999305
2024-02-02 04:00:00,6.79,6.808,6.764,6.777,28720.57572932
2024-02-02 05:00:00,6.777,6.81,6.768,6.804,35927.00384915
2024-02-02 06:00:00,6.804,6.842,6.794,6.829,43882.34401921
2024-02-02 07:00:00,6.828,6.874,6.825,6.863,58762.80753693
2024-02-02 08:00:00,6.865,6.912,6.851,6.895,147059.75754335
2024-02-02 09:00:00,6.898,6.94,6.877,6.909,101138.42564527
2024-02-02 10:00:00,6.91,6.943,6.89,6.943,58658.41806065
2024-02-02 11:00:00,6.943,6.945,6.884,6.901,61024.47562031
2024-02-02 12:00:00,6.901,6.933,6.872,6.883,53287.98942561
2024-02-02 13:00:00,6.883,6.891,6.76,6.786,156457.56059343
2024-02-02 14:00:00,6.784,6.85,6.769,6.841,95192.08328907
2024-02-02 15:00:00,6.842,7.0,6.836,6.987,217419.92451397
2024-02-02 16:00:00,6.988,7.005,6.947,6.989,101624.91148641
2024-02-02 17:00:00,6.988,7.021,6.955,6.956,85018.15487508
2024-02-02 18:00:00,6.958,6.975,6.898,6.909,122099.32142048
2024-02-02 19:00:00,6.909,6.954,6.907,6.934,61276.65212587
2024-02-02 20:00:00,6.935,6.945,6.896,6.902,60549.78010347
2024-02-02 21:00:00,6.902,6.923,6.877,6.881,51383.07740039
2024-02-02 22:00:00,6.881,6.956,6.873,6.956,31037.02813272
2024-02-02 23:00:00,6.957,6.957,6.912,6.942,40412.12283043
2024-02-03 00:00:00,6.947,6.997,6.923,6.978,40493.31131584
2024-02-03 01:00:00,6.978,7.006,6.96,6.982,98345.07573581
2024-02-03 02:00:00,6.983,6.988,6.923,6.929,112506.02463469
2024-02-03 03:00:00,6.931,6.952,6.908,6.911,35609.2068861
2024-02-03 04:00:00,6.91,6.935,6.904,6.925,18214.06764333
2024-02-03 05:00:00,6.923,6.946,6.922,6.925,30630.34009915
2024-02-03 06:00:00,6.927,6.932,6.901,6.917,31335.39422302
2024-02-03 07:00:00,6.917,6.919,6.851,6.869,67417.66396211
2024-02-03 08:00:00,6.871,6.894,6.861,6.861,40164.59766945
2024-02-03 09:00:00,6.866,6.923,6.862,6.922,70268.85682008
2024-02-03 10:00:00,6.921,6.955,6.913,6.925,69232.61582347
2024-02-03 11:00:00,6.924,6.924,6.87,6.891,49761.27161366
2024-02-03 12:00:00,6.892,6.92,6.872,6.912,44189.11262853
2024-02-03 13:00:00,6.909,6.912,6.886,6.892,20403.63721335
2024-02-03 14:00:00,6.892,6.893,6.844,6.852,35947.63143495
2024-02-03 15:00:00,6.851,6.892,6.81,6.88,52590.27821588
2024-02-03 16:00:00,6.884,6.893,6.867,6.869,27340.08073837
2024-02-03 17:00:00,6.873,6.92,6.867,6.907,72497.86208931
2024-02-03 18:00:00,6.907,6.907,6.865,6.87,26393.28572695
2024-02-03 19:00:00,6.871,6.903,6.868,6.903,15125.87068038
2024-02-03 20:00:00,6.904,6.905,6.875,6.883,28030.97176004
2024-02-03 21:00:00,6.884,6.895,6.866,6.878,14072.21028554
2024-02-03 22:00:00,6.877,6.882,6.846,6.85,21382.74854777
2024-02-03 23:00:00,6.856,6.874,6.819,6.825,44601.56319098
2024-02-04 00:00:00,6.825,6.825,6.741,6.784,95256.89897287
2024-02-04 01:00:00,6.783,6.819,6.763,6.813,48588.74160871
2024-02-04 02:00:00,6.813,6.823,6.799,6.801,29380.51361867
2024-02-04 03:00:00,6.802,6.824,6.8,6.816,17958.15173937
2024-02-04 04:00:00,6.817,6.817,6.751,6.767,38090.37413623
2024-02-04 05:00:00,6.767,6.79,6.759,6.762,25672.34721154
2024-02-04 06:00:00,6.761,6.781,6.727,6.731,43155.2165856
2024-02-04 07:00:00,6.731,6.751,6.714,6.74,50208.36745261
2024-02-04 08:00:00,6.741,6.754,6.731,6.737,25549.93728027
2024-02-04 09:00:00,6.739,6.782,6.714,6.773,85535.85535133
2024-02-04 10:00:00,6.774,6.783,6.754,6.773,23994.72859481
2024-02-04 11:00:00,6.772,6.821,6.77,6.804,37629.2007829
2024-02-04 12:00:00,6.803,6.813,6.79,6.793,29693.75321981
2024-02-04 13:00:00,6.791,6.809,6.789,6.792,20690.87885924
2024-02-04 14:00:00,6.794,6.816,6.769,6.781,40016.36924869
2024-02-04 15:00:00,6.783,6.791,6.769,6.782,24355.93492743
2024-02-04 16:00:00,6.783,6.784,6.767,6.776,19238.06187215
2024-02-04 17:00:00,6.777,6.784,6.753,6.779,31995.43675363
2024-02-04 18:00:00,6.778,6.79,6.734,6.745,41291.28489504
2024-02-04 19:00:00,6.745,6.752,6.684,6.739,105824.83336653
2024-02-04 20:00:00,6.74,6.782,6.717,6.767,83278.93636487
2024-02-04 21:00:00,6.768,6.79,6.752,6.752,19840.64840969
2024-02-04 22:00:00,6.751,6.767,6.644,6.689,89188.02540667
2024-02-04 23:00:00,6.689,6.705,6.657,6.665,38435.26899206
2024-02-05 00:00:00,6.665,6.687,6.629,6.638,55247.69124307
2024-02-05 01:00:00,6.639,6.672,6.589,6.67,73975.84410832
2024-02-05 02:00:00,6.67,6.797,6.652,6.741,179434.25205922
2024-02-05 03:00:00,6.742,6.843,6.734,6.835,72895.13772636
2024-02-05 04:00:00,6.835,6.86,6.823,6.83,61046.29296901
2024-02-05 05:00:00,6.831,6.848,6.818,6.83,44440.91575605
2024-02-05 06:00:00,6.829,6.864,6.821,6.851,42428.15547662
2024-02-05 07:00:00,6.851,6.916,6.833,6.916,66560.75915407
2024-02-05 08:00:00,6.913,6.934,6.885,6.91,154819.94808588
2024-02-05 09:00:00,6.91,6.914,6.884,6.902,46925.89248668
2024-02-05 10:00:00,6.901,6.932,6.888,6.903,50626.99836356
2024-02-05 11:00:00,6.907,6.966,6.899,6.957,75016.59912751
2024-02-05 12:00:00,6.956,6.968,6.928,6.941,90758.79216794
2024-02-05 13:00:00,6.942,6.947,6.909,6.919,69962.53653926
2024-02-05 14:00:00,6.921,6.929,6.884,6.886,66419.88403034
2024-02-05 15:00:00,6.886,6.886,6.77,6.788,266107.60419965
2024-02-05 16:00:00,6.788,6.816,6.743,6.803,186983.45819671
2024-02-05 17:00:00,6.802,6.818,6.772,6.774,61362.44930687
2024-02-05 18:00:00,6.773,6.776,6.739,6.76,42967.75317438
2024-02-05 19:00:00,6.76,6.813,6.755,6.788,46853.29448832
2024-02-05 20:00:00,6.788,6.793,6.712,6.756,65595.99981651
2024-02-05 21:00:00,6.756,6.756,6.693,6.698,67310.63591601
2024-02-05 22:00:00,6.695,6.715,6.661,6.682,64001.66535692
2024-02-05 23:00:00,6.681,6.734,6.665,6.732,46819.02103006
2024-02-06 00:00:00,6.73,6.73,6.676,6.695,53556.10584983
2024-02-06 01:00:00,6.695,6.728,6.66,6.699,136910.91535931
2024-02-06 02:00:00,6.698,6.777,6.695,6.775,120371.50513288
2024-02-06 03:00:00,6.776,6.792,6.735,6.75,99452.16950731
2024-02-06 04:00:00,6.751,6.769,6.729,6.739,45200.93062265
2024-02-06 05:00:00,6.739,6.742,6.712,6.72,38530.03784887
2024-02-06 06:00:00,6.72,6.739,6.713,6.734,45339.01968698
2024-02-06 07:00:00,6.734,6.743,6.697,6.741,108107.14186348
2024-02-06 08:00:00,6.741,6.78,6.727,6.771,62542.08882909
2024-02-06 09:00:00,6.774,6.777,6.728,6.743,63339.6290102
2024-02-06 10:00:00,6.743,6.751,6.634,6.681,133753.96328631
2024-02-06 11:00:00,6.682,6.711,6.666,6.704,49033.78213881
2024-02-06 12:00:00,6.701,6.724,6.65,6.682,69860.83037963
2024-02-06 13:00:00,6.682,6.717,6.657,6.717,46324.94786522
2024-02-06 14:00:00,6.718,6.76,6.715,6.72,60736.25204539
2024-02-06 15:00:00,6.719,6.778,6.713,6.762,56400.32492886
2024-02-06 16:00:00,6.761,6.79,6.74,6.752,50689.17639455
2024-02-06 17:00:00,6.748,6.764,6.729,6.736,37224.13955247
2024-02-06 18:00:00,6.736,6.759,6.699,6.755,65470.37784432
2024-02-06 19:00:00,6.755,6.797,6.741,6.795,64146.69856603
2024-02-06 20:00:00,6.794,6.812,6.785,6.793,43400.8526313
2024-02-06 21:00:00,6.793,6.801,6.776,6.797,30653.64262494
2024-02-06 22:00:00,6.791,6.832,6.781,6.815,33250.89175063
2024-02-06 23:00:00,6.815,6.819,6.796,6.808,47518.22807111
2024-02-07 00:00:00,6.806,6.82,6.782,6.792,33014.79359446
2024-02-07 01:00:00,6.792,6.822,6.789,6.807,16698.40845131
2024-02-07 02:00:00,6.809,6.812,6.79,6.79,10802.57181452
2024-02-07 03:00:00,6.789,6.789,6.73,6.731,42463.38770842
2024-02-07 04:00:00,6.731,6.738,6.698,6.714,24718.86974202
2024-02-07 05:00:00,6.714,6.758,6.681,6.742,40148.40510884
2024-02-07 06:00:00,6.742,6.742,6.704,6.721,56426.88809207
2024-02-07 07:00:00,6.723,6.737,6.673,6.687,32351.19236068
2024-02-07 08:00:00,6.688,6.734,6.668,6.732,110120.42278759
2024-02-07 09:00:00,6.732,6.764,6.717,6.744,31972.13960897
2024-02-07 10:00:00,6.748,6.749,6.663,6.691,92603.13816933
2024-02-07 11:00:00,6.692,6.716,6.682,6.703,65381.08928608
2024-02-07 12:00:00,6.704,6.738,6.701,6.737,17377.01182931
2024-02-07 13:00:00,6.738,6.762,6.729,6.751,30947.86830679
2024-02-07 14:00:00,6.75,6.818,6.748,6.783,88319.50548486
2024-02-07 15:00:00,6.784,6.845,6.758,6.797,92302.07193364
2024-02-07 16:00:00,6.797,6.855,6.781,6.851,55117.71903583
2024-02-07 17:00:00,6.856,6.91,6.848,6.88,94225.96210362
2024-02-07 18:00:00,6.881,6.91,6.869,6.9,42895.88007784
2024-02-07 19:00:00,6.899,6.907,6.869,6.886,30899.06279192
2024-02-07 20:00:00,6.887,6.961,6.887,6.938,80225.53457443
2024-02-07 21:00:00,6.94,6.948,6.922,6.938,47888.28574234
2024-02-07 22:00:00,6.939,6.952,6.916,6.932,73817.93519139
2024-02-07 23:00:00,6.932,6.947,6.925,6.937,25095.76422947
2024-02-08 00:00:00,6.937,6.99,6.937,6.987,145203.23580788
2024-02-08 01:00:00,6.988,6.988,6.938,6.969,81013.69360506
2024-02-08 02:00:00,6.969,6.984,6.958,6.975,51881.90076155
2024-02-08 03:00:00,6.975,6.979,6.952,6.956,42533.5235123
2024-02-08 04:00:00,6.958,6.974,6.943,6.944,45098.25717864
2024-02-08 05:00:00,6.944,6.95,6.925,6.93,38355.33780073
2024-02-08 06:00:00,6.931,6.952,6.914,6.918,50089.00919685
2024-02-08 07:00:00,6.918,6.955,6.907,6.954,54891.8767495
2024-02-08 08:00:00,6.953,6.983,6.953,6.966,66044.72377185
2024-02-08 09:00:00,6.967,6.976,6.945,6.965,41392.23407468
2024-02-08 10:00:00,6.966,6.978,6.937,6.948,58439.31732609
2024-02-08 11:00:00,6.95,6.952,6.896,6.908,61043.42947851
2024-02-08 12:00:00,6.908,6.935,6.878,6.884,46011.31569384
2024-02-08 13:00:00,6.883,6.936,6.874,6.934,45806.82850349
2024-02-08 14:00:00,6.934,6.995,6.927,6.981,124392.32841124
2024-02-08 15:00:00,6.981,7.081,6.981,7.048,169647.4470693
2024-02-08 16:00:00,7.047,7.055,6.912,6.954,194043.36028175
2024-02-08 17:00:00,6.956,7.065,6.943,6.987,139228.10603573
2024-02-08 18:00:00,6.987,7.051,6.97,7.045,46745.42361875
2024-02-08 19:00:00,7.046,7.063,7.015,7.015,51444.69861551
2024-02-08 20:00:00,7.014,7.077,7.009,7.071,59403.96482634
2024-02-08 21:00:00,7.069,7.107,7.048,7.08,79550.32620966
2024-02-08 22:00:00,7.079,7.106,7.039,7.04,37524.33152912
2024-02-08 23:00:00,7.041,7.052,7.013,7.016,46154.34297413
2024-02-09 00:00:00,7.016,7.032,6.979,6.991,53457.12761702
2024-02-09 01:00:00,6.992,6.992,6.964,6.987,49531.38549052
2024-02-09 02:00:00,6.987,7.119,6.978,7.103,112510.35020619
2024-02-09 03:00:00,7.104,7.106,7.051,7.051,80582.3271422
2024-02-09 04:00:00,7.053,7.077,7.038,7.055,35788.51025059
2024-02-09 05:00:00,7.058,7.093,7.039,7.089,37563.95642702
2024-02-09 06:00:00,7.087,7.087,7.051,7.073,36142.79070059
2024-02-09 07:00:00,7.07,7.111,7.063,7.098,81772.85999299
2024-02-09 08:00:00,7.097,7.107,7.064,7.105,81947.44362429
2024-02-09 09:00:00,7.105,7.13,7.085,7.088,74552.69146345
2024-02-09 10:00:00,7.088,7.108,7.069,7.105,60875.47970856
2024-02-09 11:00:00,7.105,7.191,7.094,7.163,95584.01877896
2024-02-09 12:00:00,7.163,7.214,7.148,7.168,180971.10161008
2024-02-09 13:00:00,7.171,7.232,7.154,7.216,93890.53492499
2024-02-09 14:00:00,7.217,7.331,7.15,7.207,393891.62045743
2024-02-09 15:00:00,7.206,7.251,7.135,7.215,180002.25287102
2024-02-09 16:00:00,7.215,7.217,7.147,7.176,112409.30981166
2024-02-09 17:00:00,7.17,7.211,7.123,7.145,146386.26155385
2024-02-09 18:00:00,7.145,7.203,7.143,7.179,78301.8804434
2024-02-09 19:00:00,7.177,7.179,7.117,7.154,59095.20267972
2024-02-09 20:00:00,7.159,7.186,7.159,7.171,37583.44678494
2024-02-09 21:00:00,7.172,7.229,7.167,7.228,44945.93568277
2024-02-09 22:00:00,7.227,7.229,7.191,7.209,50237.18553562
2024-02-09 23:00:00,7.208,7.228,7.172,7.197,55568.39247082
2024-02-10 00:00:00,7.199,7.283,7.199,7.213,50650.36932248
2024-02-10 01:00:00,7.215,7.235,7.176,7.235,38687.54032175
2024-02-10 02:00:00,7.233,7.245,7.206,7.228,29018.90994774
2024-02-10 03:00:00,7.227,7.268,7.217,7.255,34370.58447495
2024-02-10 04:00:00,7.256,7.27,7.239,7.243,35922.45957073
2024-02-10 05:00:00,7.241,7.242,7.211,7.217,20184.48601931
2024-02-10 06:00:00,7.218,7.222,7.186,7.195,24878.38392354
2024-02-10 07:00:00,7.194,7.202,7.178,7.185,27940.06791564
2024-02-10 08:00:00,7.183,7.221,7.146,7.149,33360.99314369
2024-02-10 09:00:00,7.15,7.185,7.133,7.136,60305.28105177
2024-02-10 10:00:00,7.136,7.15,7.061,7.075,203197.07991125
2024-02-10 11:00:00,7.077,7.116,7.068,7.109,48070.07447077
2024-02-10 12:00:00,7.111,7.125,7.093,7.096,29202.06369869
2024-02-10 13:00:00,7.096,7.115,7.077,7.112,43424.08717023
2024-02-10 14:00:00,7.113,7.127,7.107,7.122,17821.37603829
2024-02-10 15:00:00,7.122,7.15,7.119,7.144,21830.20106825
2024-02-10 16:00:00,7.144,7.16,7.119,7.16,22072.02460293
2024-02-10 17:00:00,7.161,7.174,7.153,7.153,40807.50990828
2024-02-10 18:00:00,7.154,7.183,7.149,7.179,21108.9260299
2024-02-10 19:00:00,7.18,7.218,7.174,7.211,30773.3426214
2024-02-10 20:00:00,7.213,7.27,7.196,7.247,36538.55150443
2024-02-10 21:00:00,7.248,7.294,7.248,7.256,70083.18593012
2024-02-10 22:00:00,7.26,7.26,7.207,7.232,43628.18058917
2024-02-10 23:00:00,7.231,7.254,7.202,7.203,42447.30210722
2024-02-11 00:00:00,7.204,7.209,7.169,7.198,54762.41992543
2024-02-11 01:00:00,7.199,7.22,7.156,7.185,55735.70333065
2024-02-11 02:00:00,7.184,7.189,7.161,7.17,52563.06408964
2024-02-11 03:00:00,7.17,7.253,7.167,7.249,75913.28530742
2024-02-11 04:00:00,7.249,7.276,7.239,7.248,75806.45095359
2024-02-11 05:00:00,7.249,7.298,7.244,7.295,60297.36357607
2024-02-11 06:00:00,7.295,7.304,7.272,7.297,51490.59236425
2024-02-11 07:00:00,7.298,7.304,7.261,7.287,69331.91245196
2024-02-11 08:00:00,7.289,7.347,7.281,7.292,73517.04433389
2024-02-11 09:00:00,7.291,7.304,7.262,7.274,36773.63830531
2024-02-11 10:00:00,7.275,7.285,7.238,7.281,99500.45811991
2024-02-11 11:00:00,7.281,7.31,7.271,7.308,60163.62640881
2024-02-11 12:00:00,7.306,7.315,7.273,7.278,42979.62756077
2024-02-11 13:00:00,7.277,7.288,7.197,7.207,75926.78682305
2024-02-11 14:00:00,7.203,7.216,7.168,7.206,74676.3334194
2024-02-11 15:00:00,7.205,7.208,7.188,7.204,49399.35814872
2024-02-11 16:00:00,7.205,7.212,7.173,7.201,31550.43603246
2024-02-11 17:00:00,7.203,7.234,7.198,7.216,24902.75598315
2024-02-11 18:00:00,7.215,7.215,7.13,7.2,70276.16412385
2024-02-11 19:00:00,7.2,7.212,7.191,7.193,21056.86110571
2024-02-11 20:00:00,7.192,7.21,7.101,7.108,93841.21884174
2024-02-11 21:00:00,7.108,7.132,7.087,7.098,61786.09499127
2024-02-11 22:00:00,7.098,7.117,7.084,7.099,30751.37531566
2024-02-11 23:00:00,7.101,7.106,7.08,7.104,29204.93294777
2024-02-12 00:00:00,7.104,7.157,7.08,7.151,68436.5570955
2024-02-12 01:00:00,7.152,7.173,7.126,7.142,35609.64893764
2024-02-12 02:00:00,7.142,7.147,6.994,7.043,145706.2137453
2024-02-12 03:00:00,7.043,7.093,7.029,7.077,59000.5959548
2024-02-12 04:00:00,7.078,7.105,7.068,7.09,15359.36973419
2024-02-12 05:00:00,7.091,7.112,7.074,7.079,30464.46690805
2024-02-12 06:00:00,7.077,7.085,7.001,7.052,85709.41396271
2024-02-12 07:00:00,7.053,7.128,7.047,7.101,65159.75600276
2024-02-12 08:00:00,7.103,7.135,7.089,7.096,40401.22859793
2024-02-12 09:00:00,7.097,7.104,7.022,7.022,69731.41862231
2024-02-12 10:00:00,7.022,7.056,7.009,7.014,59503.97627606
2024-02-12 11:00:00,7.014,7.027,6.982,7.016,66568.41824155
2024-02-12 12:00:00,7.016,7.05,7.007,7.043,44756.17846061
2024-02-12 13:00:00,7.043,7.049,7.028,7.043,19615.02933132
2024-02-12 14:00:00,7.044,7.158,7.042,7.156,83576.31714923
2024-02-12 15:00:00,7.157,7.262,7.132,7.252,197770.33915914
2024-02-12 16:00:00,7.253,7.282,7.201,7.281,173152.92304746
2024-02-12 17:00:00,7.281,7.383,7.272,7.361,234191.67758275
2024-02-12 18:00:00,7.362,7.371,7.303,7.305,112589.17534191
2024-02-12 19:00:00,7.306,7.327,7.21,7.226,99045.35356018
2024-02-12 20:00:00,7.226,7.31,7.225,7.309,81088.3165983
2024-02-12 21:00:00,7.308,7.323,7.28,7.28,95947.58193945
2024-02-12 22:00:00,7.28,7.358,7.28,7.355,32111.23046796
2024-02-12 23:00:00,7.354,7.364,7.322,7.346,80435.60004967
2024-02-13 00:00:00,7.345,7.458,7.344,7.43,123882.14208204
2024-02-13 01:00:00,7.431,7.457,7.385,7.411,96482.51485215
2024-02-13 02:00:00,7.411,7.414,7.345,7.355,86260.43733786
2024-02-13 03:00:00,7.357,7.369,7.286,7.307,89335.5840303
2024-02-13 04:00:00,7.308,7.389,7.308,7.371,70016.56792753
2024-02-13 05:00:00,7.371,7.385,7.342,7.385,46104.00518279
2024-02-13 06:00:00,7.384,7.41,7.361,7.388,81647.6991491
2024-02-13 07:00:00,7.388,7.417,7.375,7.409,68552.46493734
2024-02-13 08:00:00,7.407,7.428,7.386,7.421,65323.31457304
2024-02-13 09:00:00,7.427,7.452,7.385,7.435,67126.50917419
2024-02-13 10:00:00,7.434,7.434,7.345,7.346,102432.55901455
2024-02-13 11:00:00,7.346,7.388,7.327,7.386,66400.76792443
2024-02-13 12:00:00,7.385,7.389,7.355,7.366,44707.83010046
2024-02-13 13:00:00,7.366,7.377,7.142,7.281,506562.86137606
2024-02-13 14:00:00,7.279,7.308,7.116,7.199,606953.77922834
2024-02-13 15:00:00,7.201,7.234,7.155,7.21,160630.36041169
2024-02-13 16:00:00,7.209,7.245,7.165,7.167,95249.51805836
2024-02-13 17:00:00,7.167,7.228,7.161,7.227,72252.02745312
2024-02-13 18:00:00,7.226,7.278,7.22,7.253,60617.79854575
2024-02-13 19:00:00,7.253,7.277,7.226,7.233,41723.91003647
2024-02-13 20:00:00,7.233,7.315,7.233,7.306,64095.41288621
2024-02-13 21:00:00,7.307,7.35,7.297,7.32,98575.76184516
2024-02-13 22:00:00,7.323,7.335,7.278,7.325,58309.8796618
2024-02-13 23:00:00,7.325,7.372,7.31,7.365,61202.72303836
2024-02-14 00:00:00,7.362,7.368,7.29,7.306,72928.04597131
2024-02-14 01:00:00,7.309,7.326,7.283,7.313,68618.51444129
2024-02-14 02:00:00,7.313,7.397,7.301,7.395,75061.96148336
2024-02-14 03:00:00,7.394,7.583,7.394,7.512,270233.83163066
2024-02-14 04:00:00,7.51,7.581,7.489,7.551,111765.25303768
2024-02-14 05:00:00,7.554,7.649,7.545,7.582,154993.32309326
2024-02-14 06:00:00,7.581,7.655,7.558,7.641,94964.81464701
2024-02-14 07:00:00,7.642,7.649,7.586,7.599,74377.20727613
2024-02-14 08:00:00,7.6,7.652,7.57,7.652,124100.71353659
2024-02-14 09:00:00,7.653,7.713,7.618,7.698,260127.53016611
2024-02-14 10:00:00,7.699,7.72,7.651,7.669,135495.31695317
2024-02-14 11:00:00,7.668,7.679,7.628,7.668,100224.22950972
2024-02-14 12:00:00,7.668,7.675,7.592,7.613,107044.66742936
2024-02-14 13:00:00,7.614,7.662,7.611,7.657,57419.69345886
2024-02-14 14:00:00,7.656,7.685,7.62,7.637,89024.50013448
2024-02-14 15:00:00,7.637,7.645,7.56,7.591,142820.00936721
2024-02-14 16:00:00,7.591,7.607,7.528,7.555,114906.96048937
2024-02-14 17:00:00,7.551,7.572,7.524,7.539,53533.08009661
2024-02-14 18:00:00,7.541,7.629,7.537,7.606,48380.42994014
2024-02-14 19:00:00,7.605,7.67,7.598,7.652,51410.09160013
2024-02-14 20:00:00,7.65,7.681,7.632,7.663,42568.06897557
2024-02-14 21:00:00,7.664,7.689,7.649,7.682,58327.02676812
2024-02-14 22:00:00,7.683,7.689,7.665,7.688,30395.91794295
2024-02-14 23:00:00,7.688,7.688,7.65,7.662,37984.29147036
2024-02-15 00:00:00,7.661,7.749,7.651,7.748,106274.77152725
2024-02-15 01:00:00,7.746,7.747,7.588,7.636,157017.13828734
2024-02-15 02:00:00,7.636,7.682,7.631,7.633,50660.08495487
2024-02-15 03:00:00,7.636,7.678,7.627,7.678,43045.54007786
2024-02-15 04:00:00,7.678,7.678,7.628,7.638,48611.91540831
2024-02-15 05:00:00,7.636,7.645,7.543,7.578,100901.12644008
2024-02-15 06:00:00,7.578,7.638,7.568,7.63,120967.09762563
2024-02-15 07:00:00,7.63,7.666,7.598,7.66,120215.41324483
2024-02-15 08:00:00,7.66,7.672,7.629,7.652,45834.93573929
2024-02-15 09:00:00,7.649,7.778,7.646,7.765,132396.53643399
2024-02-15 10:00:00,7.766,7.876,7.758,7.845,218401.28832003
2024-02-15 11:00:00,7.844,7.928,7.826,7.917,274020.90795397
2024-02-15 12:00:00,7.921,7.962,7.836,7.873,293200.2769244
2024-02-15 13:00:00,7.87,7.903,7.834,7.885,132206.30070231
2024-02-15 14:00:00,7.884,7.957,7.882,7.914,173457.78530275
2024-02-15 15:00:00,7.915,7.947,7.771,7.809,395815.1498424
2024-02-15 16:00:00,7.808,7.848,7.728,7.781,275164.47587322
2024-02-15 17:00:00,7.778,7.843,7.694,7.725,234358.41776756
2024-02-15 18:00:00,7.726,7.79,7.705,7.742,228924.74008439
2024-02-15 19:00:00,7.741,7.786,7.708,7.769,114552.96391016
2024-02-15 20:00:00,7.769,7.789,7.707,7.717,97989.74610156
2024-02-15 21:00:00,7.717,7.755,7.64,7.666,101288.70105324
2024-02-15 22:00:00,7.666,7.763,7.665,7.749,87840.56558566
2024-02-15 23:00:00,7.749,7.795,7.739,7.792,108075.92813504
2024-02-16 00:00:00,7.792,7.798,7.729,7.767,99832.60015708
2024-02-16 01:00:00,7.768,7.8,7.747,7.795,61981.93349053
2024-02-16 02:00:00,7.795,7.807,7.773,7.799,53451.46434915
2024-02-16 03:00:00,7.798,7.833,7.781,7.829,67884.63665276
2024-02-16 04:00:00,7.829,7.848,7.816,7.818,79373.84223956
2024-02-16 05:00:00,7.818,7.837,7.801,7.804,56068.99640902
2024-02-16 06:00:00,7.805,7.882,7.782,7.796,88629.2865287
2024-02-16 07:00:00,7.796,7.812,7.733,7.739,95164.8469928
2024-02-16 08:00:00,7.74,7.852,7.726,7.79,118251.49253191
2024-02-16 09:00:00,7.79,7.807,7.711,7.742,127587.69249926
2024-02-16 10:00:00,7.745,7.795,7.715,7.793,65573.68911064
2024-02-16 11:00:00,7.794,7.807,7.772,7.775,60262.40663704
2024-02-16 12:00:00,7.776,7.877,7.759,7.864,82825.80509567
2024-02-16 13:00:00,7.868,7.873,7.787,7.834,140993.0039937
2024-02-16 14:00:00,7.835,7.849,7.617,7.666,310179.88614984
2024-02-16 15:00:00,7.666,7.668,7.547,7.655,315381.06105812
2024-02-16 16:00:00,7.657,7.719,7.623,7.635,167293.05604012
2024-02-16 17:00:00,7.633,7.645,7.579,7.599,109969.04159412
2024-02-16 18:00:00,7.601,7.634,7.561,7.631,59998.3348037
2024-02-16 19:00:00,7.631,7.657,7.57,7.589,60110.05120716
2024-02-16 20:00:00,7.584,7.62,7.575,7.609,45988.80835876
2024-02-16 21:00:00,7.61,7.639,7.588,7.636,29781.43520863
2024-02-16 22:00:00,7.637,7.639,7.574,7.596,52991.40002577
2024-02-16 23:00:00,7.597,7.686,7.587,7.662,57987.93322279
2024-02-17 00:00:00,7.663,7.697,7.645,7.647,43927.12208869
2024-02-17 01:00:00,7.646,7.654,7.508,7.543,158137.39534208
2024-02-17 02:00:00,7.543,7.582,7.533,7.574,54901.68076147
2024-02-17 03:00:00,7.575,7.591,7.562,7.591,14200.1479126
2024-02-17 04:00:00,7.592,7.611,7.574,7.595,27387.97476142
2024-02-17 05:00:00,7.596,7.598,7.555,7.58,52884.07747623
2024-02-17 06:00:00,7.58,7.6,7.568,7.592,44632.61317869
2024-02-17 07:00:00,7.591,7.676,7.586,7.671,49481.49508486
2024-02-17 08:00:00,7.673,7.679,7.59,7.632,91644.40100727
2024-02-17 09:00:00,7.629,7.644,7.586,7.586,95834.43393068
2024-02-17 10:00:00,7.585,7.596,7.535,7.582,94511.89555958
2024-02-17 11:00:00,7.581,7.623,7.567,7.612,58297.41011286
2024-02-17 12:00:00,7.612,7.643,7.577,7.642,82010.77243841
2024-02-17 13:00:00,7.642,7.644,7.451,7.471,243415.00590738
2024-02-17 14:00:00,7.469,7.518,7.344,7.412,414856.18536845
2024-02-17 15:00:00,7.413,7.485,7.374,7.468,165536.49673146
2024-02-17 16:00:00,7.468,7.507,7.435,7.506,47138.0316775
2024-02-17 17:00:00,7.505,7.547,7.505,7.528,54332.20617454
2024-02-17 18:00:00,7.529,7.534,7.513,7.514,34140.46657236
2024-02-17 19:00:00,7.515,7.568,7.511,7.566,56767.20594001
2024-02-17 20:00:00,7.567,7.686,7.551,7.678,102414.24586877
2024-02-17 21:00:00,7.681,7.695,7.637,7.671,90518.70230105
2024-02-17 22:00:00,7.671,7.706,7.658,7.695,41971.30500681
2024-02-17 23:00:00,7.699,7.72,7.682,7.715,54658.63584646
2024-02-18 00:00:00,7.715,7.853,7.715,7.801,195841.5986145
2024-02-18 01:00:00,7.801,7.843,7.741,7.753,100622.11360542
2024-02-18 02:00:00,7.756,7.83,7.735,7.754,184242.11553124
2024-02-18 03:00:00,7.753,7.781,7.74,7.748,91672.22171045
2024-02-18 04:00:00,7.747,7.791,7.743,7.77,43174.49229672
2024-02-18 05:00:00,7.769,7.824,7.737,7.823,83439.39139498
2024-02-18 06:00:00,7.822,7.83,7.702,7.728,92341.84808888
2024-02-18 07:00:00,7.728,7.788,7.684,7.786,137991.1413175
2024-02-18 08:00:00,7.786,7.804,7.747,7.802,48270.3399767
2024-02-18 09:00:00,7.802,7.864,7.8,7.845,100782.28048806
2024-02-18 10:00:00,7.843,7.843,7.77,7.8,68757.81280827
2024-02-18 11:00:00,7.8,7.801,7.766,7.78,40335.39249784
2024-02-18 12:00:00,7.78,7.798,7.728,7.735,100160.17409886
2024-02-18 13:00:00,7.733,7.754,7.726,7.739,52842.52318733
2024-02-18 14:00:00,7.738,7.81,7.736,7.79,35360.63319777
2024-02-18 15:00:00,7.791,7.821,7.767,7.787,68222.07567311
2024-02-18 16:00:00,7.788,7.793,7.746,7.782,63823.84656909
2024-02-18 17:00:00,7.782,7.872,7.781,7.822,103759.93015125
2024-02-18 18:00:00,7.822,7.822,7.764,7.806,50858.9359645
2024-02-18 19:00:00,7.806,7.832,7.79,7.798,42759.24741454
2024-02-18 20:00:00,7.797,7.797,7.736,7.764,66319.76136872
2024-02-18 21:00:00,7.764,7.814,7.764,7.808,40627.54282437
2024-02-18 22:00:00,7.808,7.888,7.802,7.871,149196.37890538
2024-02-18 23:00:00,7.87,7.928,7.823,7.865,127412.57268221
2024-02-19 00:00:00,7.865,7.901,7.838,7.87,98451.1765714
2024-02-19 01:00:00,7.869,7.87,7.79,7.847,119216.49722167
2024-02-19 02:00:00,7.846,7.873,7.84,7.846,69808.90019495
2024-02-19 03:00:00,7.846,7.859,7.795,7.818,51162.72447423
2024-02-19 04:00:00,7.818,7.821,7.786,7.805,70061.21500867
2024-02-19 05:00:00,7.805,7.819,7.757,7.815,75732.95351577
2024-02-19 06:00:00,7.816,7.898,7.811,7.844,131760.81008497
2024-02-19 07:00:00,7.845,7.917,7.833,7.898,100156.26773904
2024-02-19 08:00:00,7.899,7.902,7.766,7.779,126275.77710819
2024-02-19 09:00:00,7.779,7.843,7.779,7.8,135674.91274242
2024-02-19 10:00:00,7.801,7.824,7.727,7.824,126299.76851242
2024-02-19 11:00:00,7.824,7.851,7.797,7.834,86146.22026367
2024-02-19 12:00:00,7.833,7.835,7.771,7.772,78213.46522963
2024-02-19 13:00:00,7.773,7.808,7.728,7.74,217598.12665913
2024-02-19 14:00:00,7.74,7.743,7.664,7.713,223613.42349888
2024-02-19 15:00:00,7.713,7.789,7.71,7.746,109818.16060779
2024-02-19 16:00:00,7.745,7.803,7.688,7.703,161152.45056354
2024-02-19 17:00:00,7.709,7.814,7.655,7.766,248134.87540228
2024-02-19 18:00:00,7.767,7.799,7.742,7.751,97514.62157936
2024-02-19 19:00:00,7.749,7.797,7.729,7.788,71754.41514306
2024-02-19 20:00:00,7.789,7.876,7.76,7.846,117340.83391766
2024-02-19 21:00:00,7.85,7.949,7.843,7.94,367937.35888999
2024-02-19 22:00:00,7.94,8.112,7.94,8.106,278861.35265184
2024-02-19 23:00:00,8.106,8.164,8.027,8.035,499262.15557197
2024-02-20 00:00:00,8.039,8.126,7.963,7.99,229626.01388331
2024-02-20 01:00:00,7.99,8.058,7.902,7.939,255493.03864723
2024-02-20 02:00:00,7.938,7.988,7.921,7.96,111306.93951704
2024-02-20 03:00:00,7.961,7.982,7.827,7.83,184550.06628359
2024-02-20 04:00:00,7.831,7.906,7.806,7.898,238386.68592019
2024-02-20 05:00:00,7.898,7.933,7.879,7.892,124371.17846019
2024-02-20 06:00:00,7.893,7.945,7.885,7.917,77760.14343168
2024-02-20 07:00:00,7.918,7.941,7.847,7.853,94256.96877283
2024-02-20 08:00:00,7.856,7.866,7.766,7.8,223992.84900282
2024-02-20 09:00:00,7.8,7.802,7.632,7.711,305755.80942957
2024-02-20 10:00:00,7.711,7.803,7.696,7.803,174073.8635328
2024-02-20 11:00:00,7.803,7.854,7.803,7.852,101056.74255724
2024-02-20 12:00:00,7.853,7.889,7.787,7.79,153755.89775691
2024-02-20 13:00:00,7.79,7.948,7.779,7.946,237441.02262791
2024-02-20 14:00:00,7.945,7.948,7.651,7.714,471567.19005842
2024-02-20 15:00:00,7.714,7.731,7.409,7.572,792017.30390139
2024-02-20 16:00:00,7.575,7.622,7.502,7.51,166825.1952055
2024-02-20 17:00:00,7.51,7.556,7.446,7.539,206378.25769028
2024-02-20 18:00:00,7.538,7.587,7.512,7.56,147169.45653565
2024-02-20 19:00:00,7.562,7.658,7.519,7.658,93162.00958339
2024-02-20 20:00:00,7.656,7.68,7.623,7.665,105298.50352833
2024-02-20 21:00:00,7.666,7.731,7.642,7.707,95849.74452597
2024-02-20 22:00:00,7.707,7.825,7.707,7.812,88039.105896
2024-02-20 23:00:00,7.813,7.838,7.728,7.739,140161.32681722
2024-02-21 00:00:00,7.737,7.74,7.637,7.64,140238.39641656
2024-02-21 01:00:00,7.64,7.655,7.571,7.598,296357.94734244
2024-02-21 02:00:00,7.598,7.657,7.597,7.624,92481.4310143
2024-02-21 03:00:00,7.627,7.67,7.602,7.62,40939.50590477
2024-02-21 04:00:00,7.62,7.627,7.539,7.577,96000.30217209
2024-02-21 05:00:00,7.577,7.611,7.507,7.522,80413.97934101
2024-02-21 06:00:00,7.52,7.534,7.437,7.445,147640.59387467
2024-02-21 07:00:00,7.444,7.455,7.373,7.426,280165.95423961
2024-02-21 08:00:00,7.426,7.473,7.413,7.456,74423.11553323
2024-02-21 09:00:00,7.454,7.455,7.273,7.307,570025.62319004
2024-02-21 10:00:00,7.309,7.382,7.23,7.363,467723.26369181
2024-02-21 11:00:00,7.362,7.396,7.294,7.324,134659.79978217
2024-02-21 12:00:00,7.324,7.423,7.233,7.387,382495.93278713
2024-02-21 13:00:00,7.388,7.438,7.333,7.378,182222.12511454
2024-02-21 14:00:00,7.379,7.382,7.248,7.308,387859.77708405
2024-02-21 15:00:00,7.306,7.422,7.288,7.385,220610.54861727
2024-02-21 16:00:00,7.385,7.428,7.345,7.413,153925.78877104
2024-02-21 17:00:00,7.413,7.432,7.31,7.323,118461.63753867
2024-02-21 18:00:00,7.326,7.351,7.249,7.319,336455.45683663
2024-02-21 19:00:00,7.318,7.378,7.295,7.363,90552.14481681
2024-02-21 20:00:00,7.364,7.367,7.315,7.331,44750.5433488
2024-02-21 21:00:00,7.331,7.43,7.318,7.428,132058.19188253
2024-02-21 22:00:00,7.427,7.439,7.384,7.428,57490.84952568
2024-02-21 23:00:00,7.426,7.493,7.424,7.472,84924.76395934
2024-02-22 00:00:00,7.472,7.475,7.411,7.422,75675.21131619
2024-02-22 01:00:00,7.422,7.447,7.278,7.281,139268.56541739
2024-02-22 02:00:00,7.28,7.36,7.28,7.34,69128.64001358
2024-02-22 03:00:00,7.34,7.4,7.325,7.389,56061.71070594
2024-02-22 04:00:00,7.383,7.402,7.35,7.363,53204.74576632
2024-02-22 05:00:00,7.365,7.419,7.365,7.394,59197.90948502
2024-02-22 06:00:00,7.394,7.496,7.394,7.484,63493.24656961
2024-02-22 07:00:00,7.485,7.556,7.436,7.536,135752.37465014
2024-02-22 08:00:00,7.533,7.601,7.511,7.584,172358.34379749
2024-02-22 09:00:00,7.584,7.614,7.541,7.594,181658.3081587
2024-02-22 10:00:00,7.593,7.601,7.503,7.536,125279.38494435
2024-02-22 11:00:00,7.537,7.547,7.496,7.534,88922.58910023
2024-02-22 12:00:00,7.533,7.559,7.442,7.504,147719.84365005
2024-02-22 13:00:00,7.504,7.508,7.4,7.449,174000.61667754
2024-02-22 14:00:00,7.45,7.553,7.439,7.545,107866.28182541
2024-02-22 15:00:00,7.545,7.61,7.528,7.573,140757.33274253
2024-02-22 16:00:00,7.574,7.61,7.524,7.569,129377.32057715
2024-02-22 17:00:00,7.569,7.615,7.569,7.6,128392.16471432
2024-02-22 18:00:00,7.599,7.645,7.55,7.618,158880.88596505
2024-02-22 19:00:00,7.616,7.616,7.554,7.565,57349.84296133
2024-02-22 20:00:00,7.566,7.69,7.561,7.658,163458.37643624
2024-02-22 21:00:00,7.659,7.659,7.569,7.604,87369.22733772
2024-02-22 22:00:00,7.603,7.625,7.514,7.527,240373.71555563
2024-02-22 23:00:00,7.527,7.549,7.465,7.483,141346.76134078
2024-02-23 00:00:00,7.485,7.52,7.472,7.519,60945.39831871
2024-02-23 01:00:00,7.52,7.54,7.472,7.472,58954.70795038
2024-02-23 02:00:00,7.472,7.511,7.398,7.408,137578.07364287
2024-02-23 03:00:00,7.409,7.411,7.357,7.382,167947.90685972
2024-02-23 04:00:00,7.383,7.427,7.319,7.408,137636.1747895
2024-02-23 05:00:00,7.408,7.448,7.4,7.434,96584.43713955
2024-02-23 06:00:00,7.43,7.465,7.418,7.455,63683.87549531
2024-02-23 07:00:00,7.455,7.455,7.336,7.35,129561.25443244
2024-02-23 08:00:00,7.347,7.4,7.284,7.311,251478.06592031
2024-02-23 09:00:00,7.308,7.347,7.288,7.344,115477.1026111
2024-02-23 10:00:00,7.344,7.366,7.322,7.357,56755.23504347
2024-02-23 11:00:00,7.357,7.374,7.341,7.365,45812.81682871
2024-02-23 12:00:00,7.364,7.364,7.275,7.306,102223.09532607
2024-02-23 13:00:00,7.309,7.364,7.294,7.363,72830.91211204
2024-02-23 14:00:00,7.363,7.52,7.32,7.507,239370.0316229
2024-02-23 15:00:00,7.506,7.508,7.339,7.408,403734.38808251
2024-02-23 16:00:00,7.412,7.477,7.299,7.445,417107.36154764
2024-02-23 17:00:00,7.446,7.578,7.44,7.546,219895.40348582
2024-02-23 18:00:00,7.549,7.601,7.504,7.586,188810.10180177
2024-02-23 19:00:00,7.587,7.632,7.554,7.619,130842.9518517
2024-02-23 20:00:00,7.618,7.648,7.571,7.643,84926.45615533
2024-02-23 21:00:00,7.64,7.649,7.573,7.61,81871.84789603
2024-02-23 22:00:00,7.611,7.63,7.52,7.534,67520.24646346
2024-02-23 23:00:00,7.533,7.599,7.452,7.566,117077.9569598
2024-02-24 00:00:00,7.568,7.649,7.567,7.623,107914.55832643
2024-02-24 01:00:00,7.621,7.639,7.438,7.443,121632.83587351
2024-02-24 02:00:00,7.442,7.63,7.44,7.608,144339.08186301
2024-02-24 03:00:00,7.609,7.617,7.577,7.602,67698.01359914
2024-02-24 04:00:00,7.603,7.701,7.581,7.697,80338.0687592
2024-02-24 05:00:00,7.698,7.744,7.673,7.693,110213.58196752
2024-02-24 06:00:00,7.693,7.82,7.69,7.815,188227.40169959
2024-02-24 07:00:00,7.817,7.817,7.76,7.793,152886.09150074
2024-02-24 08:00:00,7.795,7.829,7.728,7.752,143052.98054189
2024-02-24 09:00:00,7.749,7.765,7.726,7.75,101537.25211674
2024-02-24 10:00:00,7.749,7.788,7.734,7.734,114396.83753667
2024-02-24 11:00:00,7.734,7.774,7.716,7.757,59825.98461922
2024-02-24 12:00:00,7.756,7.773,7.719,7.75,56570.88086374
2024-02-24 13:00:00,7.749,7.841,7.739,7.835,332611.38455905
2024-02-24 14:00:00,7.835,7.857,7.768,7.808,220557.29626113
2024-02-24 15:00:00,7.809,7.858,7.79,7.79,146240.00410627
2024-02-24 16:00:00,7.79,7.826,7.748,7.79,78568.11943649
2024-02-24 17:00:00,7.79,7.855,7.787,7.837,126075.56641954
2024-02-24 18:00:00,7.839,7.854,7.783,7.79,46119.71034151
2024-02-24 19:00:00,7.788,7.832,7.783,7.832,33645.9557152
2024-02-24 20:00:00,7.833,7.836,7.786,7.799,34805.80196035
2024-02-24 21:00:00,7.798,7.894,7.782,7.879,74421.93386673
2024-02-24 22:00:00,7.879,7.895,7.822,7.838,50016.61166214
2024-02-24 23:00:00,7.837,7.856,7.739,7.823,475772.14960591
2024-02-25 00:00:00,7.823,7.826,7.763,7.793,130304.66780415
2024-02-25 01:00:00,7.792,7.826,7.759,7.823,58518.25754366
2024-02-25 02:00:00,7.822,7.855,7.771,7.781,89265.41134478
2024-02-25 03:00:00,7.78,7.783,7.702,7.768,114065.10259609
2024-02-25 04:00:00,7.769,7.788,7.718,7.746,69579.17194479
2024-02-25 05:00:00,7.744,7.773,7.721,7.773,31901.86168634
2024-02-25 06:00:00,7.772,7.789,7.728,7.786,53848.21364696
2024-02-25 07:00:00,7.786,7.792,7.739,7.749,24650.76559281
2024-02-25 08:00:00,7.749,7.772,7.692,7.702,59161.82661429
2024-02-25 09:00:00,7.706,7.734,7.686,7.726,52752.19514679
2024-02-25 10:00:00,7.727,7.757,7.722,7.727,78546.09456249
2024-02-25 11:00:00,7.726,7.763,7.72,7.762,40783.09248246
2024-02-25 12:00:00,7.762,7.78,7.745,7.769,85901.67658645
2024-02-25 13:00:00,7.769,7.81,7.741,7.774,65735.85605494
2024-02-25 14:00:00,7.773,7.8,7.72,7.784,190339.59120681
2024-02-25 15:00:00,7.787,7.805,7.72,7.735,78675.9249774
2024-02-25 16:00:00,7.736,7.775,7.702,7.743,76846.90239993
2024-02-25 17:00:00,7.743,7.796,7.739,7.788,67013.40560741
2024-02-25 18:00:00,7.79,7.793,7.767,7.793,36603.34002274
2024-02-25 19:00:00,7.793,7.842,7.776,7.84,52075.35743656
2024-02-25 20:00:00,7.842,7.908,7.838,7.844,115940.17716547
2024-02-25 21:00:00,7.847,7.851,7.781,7.792,41561.14852314
2024-02-25 22:00:00,7.788,7.927,7.773,7.872,180083.17581128
2024-02-25 23:00:00,7.873,7.95,7.854,7.927,186315.87007728
2024-02-26 00:00:00,7.928,7.934,7.859,7.876,128888.83769643
2024-02-26 01:00:00,7.875,7.878,7.824,7.826,83676.97567065
2024-02-26 02:00:00,7.836,7.85,7.81,7.81,54320.4796979
2024-02-26 03:00:00,7.814,7.858,7.796,7.853,59972.99466159
2024-02-26 04:00:00,7.854,7.88,7.832,7.842,58605.07905959
2024-02-26 05:00:00,7.841,7.863,7.804,7.851,52201.43377269
2024-02-26 06:00:00,7.852,7.891,7.821,7.891,43203.2590409
2024-02-26 07:00:00,7.891,7.898,7.748,7.758,298538.61490679
2024-02-26 08:00:00,7.757,7.767,7.725,7.739,92417.0079293
2024-02-26 09:00:00,7.741,7.769,7.61,7.633,257715.30542155
2024-02-26 10:00:00,7.633,7.701,7.631,7.683,105537.25492978
2024-02-26 11:00:00,7.682,7.691,7.631,7.649,70148.02978568
2024-02-26 12:00:00,7.65,7.669,7.592,7.662,135366.27812459
2024-02-26 13:00:00,7.663,7.713,7.654,7.677,96468.16441567
2024-02-26 14:00:00,7.674,7.776,7.666,7.766,123260.3050747
2024-02-26 15:00:00,7.766,7.901,7.753,7.865,303694.16078492
2024-02-26 16:00:00,7.866,8.1,7.861,8.0,425678.29321147
2024-02-26 17:00:00,8.0,8.022,7.965,8.015,111501.83478894
2024-02-26 18:00:00,8.016,8.042,7.969,7.978,164128.8180953
2024-02-26 19:00:00,7.977,8.108,7.947,8.093,376619.57548074
2024-02-26 20:00:00,8.091,8.109,8.043,8.057,86352.38141283
2024-02-26 21:00:00,8.059,8.08,8.028,8.063,56416.24374283
2024-02-26 22:00:00,8.063,8.114,8.0,8.102,157213.841163
2024-02-26 23:00:00,8.101,8.134,8.061,8.121,87333.50749016
2024-02-27 00:00:00,8.122,8.134,8.043,8.105,121766.1144474
2024-02-27 01:00:00,8.106,8.191,8.099,8.145,103444.25992423
2024-02-27 02:00:00,8.144,8.148,8.061,8.107,392929.20075133
2024-02-27 03:00:00,8.107,8.162,8.041,8.059,120170.2461132
2024-02-27 04:00:00,8.06,8.11,8.048,8.075,62134.14744907
2024-02-27 05:00:00,8.073,8.162,8.053,8.154,88473.56473027
2024-02-27 06:00:00,8.153,8.179,8.094,8.108,84707.24692519
2024-02-27 07:00:00,8.11,8.112,8.047,8.05,82212.4172194
2024-02-27 08:00:00,8.051,8.178,8.047,8.103,131948.08827584
2024-02-27 09:00:00,8.102,8.159,8.088,8.154,85091.5999269
2024-02-27 10:00:00,8.154,8.165,8.122,8.158,103718.97357637
2024-02-27 11:00:00,8.157,8.157,8.091,8.111,70522.74688717
2024-02-27 12:00:00,8.11,8.18,8.095,8.103,109154.52418367
2024-02-27 13:00:00,8.105,8.222,8.022,8.197,292813.20909648
2024-02-27 14:00:00,8.197,8.264,8.128,8.214,441737.10998964
2024-02-27 15:00:00,8.215,8.236,8.024,8.055,272478.61989744
2024-02-27 16:00:00,8.055,8.166,8.012,8.123,479645.95743602
2024-02-27 17:00:00,8.124,8.143,8.048,8.116,125013.82639184
2024-02-27 18:00:00,8.119,8.233,8.111,8.196,176408.62128443
2024-02-27 19:00:00,8.193,8.239,8.168,8.228,125292.17928771
2024-02-27 20:00:00,8.23,8.37,8.213,8.368,227621.09929766
2024-02-27 21:00:00,8.368,8.371,8.283,8.346,99875.88083097
2024-02-27 22:00:00,8.349,8.46,8.345,8.365,173765.47921922
2024-02-27 23:00:00,8.369,8.404,8.347,8.382,106529.34120298
2024-02-28 00:00:00,8.383,8.449,8.315,8.4,213543.04522702
2024-02-28 01:00:00,8.4,8.402,8.34,8.361,113154.09938991
2024-02-28 02:00:00,8.361,8.361,8.318,8.32,54031.44549913
2024-02-28 03:00:00,8.318,8.32,8.262,8.264,95426.29658372
2024-02-28 04:00:00,8.265,8.321,8.265,8.291,92763.94537693
2024-02-28 05:00:00,8.29,8.309,8.259,8.263,42617.61690534
2024-02-28 06:00:00,8.262,8.301,8.221,8.257,160426.89884789
2024-02-28 07:00:00,8.256,8.378,8.234,8.373,264394.9162394
2024-02-28 08:00:00,8.373,8.467,8.346,8.452,327188.58498698
2024-02-28 09:00:00,8.452,8.517,8.358,8.493,274508.022306
2024-02-28 10:00:00,8.492,8.579,8.446,8.558,190761.87679049
2024-02-28 11:00:00,8.558,8.614,8.335,8.425,468130.42116327
2024-02-28 12:00:00,8.427,8.546,8.42,8.496,270612.10187851
2024-02-28 13:00:00,8.492,8.604,8.472,8.558,288824.68731698
2024-02-28 14:00:00,8.56,8.639,8.303,8.44,830465.22309922
2024-02-28 15:00:00,8.444,8.498,8.391,8.429,224258.19935686
2024-02-28 16:00:00,8.429,8.701,8.425,8.682,276439.84476871
2024-02-28 17:00:00,8.682,8.744,7.7,8.309,1670854.14227951
2024-02-28 18:00:00,8.307,8.352,7.901,8.188,1006265.75067414
2024-02-28 19:00:00,8.19,8.212,8.105,8.139,212261.63962249
2024-02-28 20:00:00,8.14,8.207,8.042,8.192,278383.72105136
2024-02-28 21:00:00,8.189,8.25,8.123,8.234,163416.21190498
2024-02-28 22:00:00,8.233,8.384,8.228,8.335,193623.18279488
2024-02-28 23:00:00,8.335,8.399,8.305,8.36,97183.13120861
2024-02-29 00:00:00,8.36,8.495,8.283,8.495,280996.4850062
2024-02-29 01:00:00,8.495,8.558,8.44,8.478,258475.16888815
2024-02-29 02:00:00,8.476,8.501,8.387,8.407,121669.95782747
2024-02-29 03:00:00,8.406,8.458,8.359,8.443,89573.76646792
2024-02-29 04:00:00,8.444,8.539,8.418,8.532,140455.69255971
2024-02-29 05:00:00,8.532,8.561,8.509,8.554,232941.69426255
2024-02-29 06:00:00,8.555,8.67,8.555,8.628,187889.53023801
2024-02-29 07:00:00,8.626,8.682,8.557,8.65,207833.38964384
2024-02-29 08:00:00,8.646,8.864,8.621,8.856,350581.84053577
2024-02-29 09:00:00,8.853,8.915,8.691,8.739,412372.59276841
2024-02-29 10:00:00,8.737,8.814,8.684,8.809,158099.20425777
2024-02-29 11:00:00,8.808,8.825,8.724,8.746,212100.8029387
2024-02-29 12:00:00,8.736,8.778,8.639,8.688,214793.62006688
2024-02-29 13:00:00,8.689,8.82,8.666,8.762,186592.98766211
2024-02-29 14:00:00,8.763,8.875,8.757,8.827,224697.93288718
2024-02-29 15:00:00,8.833,8.892,8.791,8.838,194144.95904853
2024-02-29 16:00:00,8.835,8.882,8.537,8.712,582491.5807897
2024-02-29 17:00:00,8.712,8.754,8.478,8.551,475966.15245661
2024-02-29 18:00:00,8.549,8.604,8.445,8.491,222249.74152099
2024-02-29 19:00:00,8.488,8.579,8.448,8.577,102681.59583817
2024-02-29 20:00:00,8.578,8.608,8.552,8.554,78525.04683542
2024-02-29 21:00:00,8.553,8.561,8.237,8.345,487690.23405605
2024-02-29 22:00:00,8.346,8.36,8.045,8.154,316752.67326424
2024-02-29 23:00:00,8.154,8.295,8.152,8.275,127034.24823196
2024-03-01 00:00:00,8.275,8.41,8.275,8.404,132670.21537704
2024-03-01 01:00:00,8.405,8.444,8.341,8.394,150535.85871999
2024-03-01 02:00:00,8.395,8.405,8.296,8.353,189908.11201272
2024-03-01 03:00:00,8.353,8.399,8.295,8.37,180360.86555169
2024-03-01 04:00:00,8.37,8.43,8.353,8.422,89672.95900407
2024-03-01 05:00:00,8.422,8.465,8.398,8.412,97902.70474349
2024-03-01 06:00:00,8.414,8.46,8.372,8.436,164038.44809007
2024-03-01 07:00:00,8.437,8.451,8.356,8.363,88186.4479479
2024-03-01 08:00:00,8.365,8.476,8.325,8.463,167145.20980072
2024-03-01 09:00:00,8.463,8.493,8.438,8.459,60110.78012602
2024-03-01 10:00:00,8.458,8.482,8.413,8.434,61835.29427442
2024-03-01 11:00:00,8.434,8.465,8.42,8.441,73664.88918167
2024-03-01 12:00:00,8.439,8.52,8.425,8.467,85817.53747773
2024-03-01 13:00:00,8.467,8.513,8.461,8.503,96439.33475952
2024-03-01 14:00:00,8.502,8.539,8.385,8.456,329712.69147718
2024-03-01 15:00:00,8.458,8.486,8.293,8.309,254246.11824889
2024-03-01 16:00:00,8.306,8.365,8.287,8.317,160065.43193614
2024-03-01 17:00:00,8.316,8.461,8.316,8.425,113319.87370578
2024-03-01 18:00:00,8.429,8.442,8.376,8.416,90882.95676334
2024-03-01 19:00:00,8.417,8.443,8.355,8.388,57460.41566939
2024-03-01 20:00:00,8.386,8.473,8.382,8.468,76786.84587517
2024-03-01 21:00:00,8.466,8.5,8.426,8.488,103920.10239272
2024-03-01 22:00:00,8.491,8.671,8.482,8.642,168033.30218942
2024-03-01 23:00:00,8.642,8.687,8.601,8.676,154689.471407
2024-03-02 00:00:00,8.676,8.815,8.676,8.756,254919.1107528
2024-03-02 01:00:00,8.756,8.776,8.597,8.747,253010.78989672
2024-03-02 02:00:00,8.751,8.838,8.716,8.816,150345.04929643
2024-03-02 03:00:00,8.818,8.999,8.796,8.968,308935.76673531
2024-03-02 04:00:00,8.967,9.078,8.94,8.942,319605.47112999
2024-03-02 05:00:00,8.943,8.955,8.821,8.864,496005.08842914
2024-03-02 06:00:00,8.862,9.029,8.849,8.968,471901.75060962
2024-03-02 07:00:00,8.968,8.969,8.876,8.942,211920.14315837
2024-03-02 08:00:00,8.943,9.019,8.831,9.016,276508.9633285
2024-03-02 09:00:00,9.015,9.053,8.839,8.925,395799.79420316
2024-03-02 10:00:00,8.927,8.969,8.895,8.95,134942.88669526
2024-03-02 11:00:00,8.946,9.03,8.938,8.98,175599.23901323
2024-03-02 12:00:00,8.981,9.221,8.968,9.195,377405.46425338
2024-03-02 13:00:00,9.194,9.196,9.062,9.07,254936.79915607
2024-03-02 14:00:00,9.073,9.15,8.988,9.149,389379.57026746
2024-03-02 15:00:00,9.148,9.17,8.987,9.039,259110.06442305
2024-03-02 16:00:00,9.04,9.195,9.035,9.174,280212.39278294
2024-03-02 17:00:00,9.175,9.186,9.097,9.107,172424.36358167
2024-03-02 18:00:00,9.107,9.283,9.099,9.263,167535.15147345
2024-03-02 19:00:00,9.263,9.326,9.232,9.245,167225.16163882
2024-03-02 20:00:00,9.248,9.272,9.122,9.227,180726.20626128
2024-03-02 21:00:00,9.226,9.406,9.218,9.33,207026.02440765
2024-03-02 22:00:00,9.329,9.407,9.285,9.341,200110.71001967
2024-03-02 23:00:00,9.343,9.484,9.343,9.482,314849.26498857
2024-03-03 00:00:00,9.482,9.494,9.326,9.361,411019.90155669
2024-03-03 01:00:00,9.362,9.39,9.288,9.353,183992.46674354
2024-03-03 02:00:00,9.352,9.408,9.237,9.298,205890.31048069
2024-03-03 03:00:00,9.298,9.436,9.283,9.389,170455.84615077
2024-03-03 04:00:00,9.388,9.419,9.365,9.385,108748.87002594
2024-03-03 05:00:00,9.385,9.397,9.229,9.234,161510.41247086
2024-03-03 06:00:00,9.233,9.251,9.137,9.159,283826.1861341
2024-03-03 07:00:00,9.159,9.185,8.546,8.95,1498719.26247291
2024-03-03 08:00:00,8.952,9.139,8.86,9.113,650783.08657056
2024-03-03 09:00:00,9.114,9.166,9.077,9.127,257372.85505561
2024-03-03 10:00:00,9.126,9.169,9.069,9.122,155162.77462402
2024-03-03 11:00:00,9.123,9.197,9.094,9.193,109180.09181755
2024-03-03 12:00:00,9.192,9.266,9.151,9.234,221436.81473032
2024-03-03 13:00:00,9.233,9.307,9.173,9.301,177453.18191341
2024-03-03 14:00:00,9.302,9.302,9.144,9.172,206478.0236169
2024-03-03 15:00:00,9.171,9.346,9.171,9.313,194338.80560862
2024-03-03 16:00:00,9.313,9.756,9.238,9.745,749470.67024563
2024-03-03 17:00:00,9.74,9.92,9.632,9.737,830030.90722477
2024-03-03 18:00:00,9.737,9.8,9.627,9.638,380134.44072267
2024-03-03 19:00:00,9.637,9.693,9.574,9.683,261956.3390089
2024-03-03 20:00:00,9.682,9.759,9.667,9.731,204674.76326652
2024-03-03 21:00:00,9.731,9.88,9.72,9.807,274494.63762812
2024-03-03 22:00:00,9.807,9.929,9.742,9.798,255914.52717023
2024-03-03 23:00:00,9.799,9.873,9.748,9.794,211524.09172143
2024-03-04 00:00:00,9.797,10.003,9.597,9.812,706942.20281058
2024-03-04 01:00:00,9.813,9.872,9.644,9.717,397957.2523864
2024-03-04 02:00:00,9.717,9.826,9.7,9.719,245044.77002846
2024-03-04 03:00:00,9.716,9.759,9.641,9.716,155747.17486622
2024-03-04 04:00:00,9.714,9.795,9.647,9.762,173206.33612663
2024-03-04 05:00:00,9.762,9.867,9.724,9.734,192352.25104429
2024-03-04 06:00:00,9.733,9.895,9.697,9.885,195687.32714946
2024-03-04 07:00:00,9.886,9.931,9.764,9.801,228152.07383677
2024-03-04 08:00:00,9.802,10.195,9.791,10.104,652126.07283643
2024-03-04 09:00:00,10.102,10.15,9.985,10.131,296821.22059514
2024-03-04 10:00:00,10.131,10.153,9.843,9.897,552198.3512202
2024-03-04 11:00:00,9.898,10.044,9.803,9.982,563979.80277564
2024-03-04 12:00:00,9.981,10.28,9.977,10.267,963956.85362116
2024-03-04 13:00:00,10.27,10.346,9.878,9.918,495707.31981342
2024-03-04 14:00:00,9.912,10.201,9.83,10.108,495666.87713353
2024-03-04 15:00:00,10.112,10.217,10.046,10.183,217020.92136858
2024-03-04 16:00:00,10.182,10.199,10.003,10.018,312342.82812375
2024-03-04 17:00:00,10.019,10.06,9.733,9.753,743975.07071066
2024-03-04 18:00:00,9.748,9.944,9.671,9.937,551120.03633967
2024-03-04 19:00:00,9.938,9.99,9.836,9.964,235087.32360696
2024-03-04 20:00:00,9.963,9.981,9.876,9.935,204117.93069939
2024-03-04 21:00:00,9.934,10.11,9.793,10.051,263192.41478197
2024-03-04 22:00:00,10.052,10.085,9.982,10.036,148597.82872781
2024-03-04 23:00:00,10.035,10.081,9.875,9.895,309899.13265174
2024-03-05 00:00:00,9.895,9.96,9.808,9.86,242801.67812059
2024-03-05 01:00:00,9.858,10.023,9.806,9.995,209538.12983483
2024-03-05 02:00:00,9.994,10.002,9.8,9.874,271974.47056788
2024-03-05 03:00:00,9.876,9.884,9.805,9.836,237666.43051257
2024-03-05 04:00:00,9.836,10.094,9.827,9.964,568249.7828195
2024-03-05 05:00:00,9.963,10.432,9.658,10.353,1338907.46885513
2024-03-05 06:00:00,10.356,10.368,10.139,10.347,574430.47132662
2024-03-05 07:00:00,10.346,10.712,10.239,10.549,829083.5882523
2024-03-05 08:00:00,10.553,10.777,10.514,10.655,486675.27701773
2024-03-05 09:00:00,10.654,10.797,10.573,10.619,332517.51153598
2024-03-05 10:00:00,10.618,10.749,10.576,10.609,222383.67323309
2024-03-05 11:00:00,10.607,10.647,10.495,10.495,214459.8523371
2024-03-05 12:00:00,10.494,10.555,10.377,10.481,272505.79158729
2024-03-05 13:00:00,10.477,10.522,10.403,10.456,214310.61591528
2024-03-05 14:00:00,10.457,10.599,10.366,10.506,601955.76910344
2024-03-05 15:00:00,10.504,10.55,10.115,10.308,906357.52652105
2024-03-05 16:00:00,10.31,10.374,9.788,10.023,1078424.67741432
2024-03-05 17:00:00,10.023,10.124,9.65,10.114,556402.13538978
2024-03-05 18:00:00,10.114,10.114,9.825,9.877,387184.03976448
2024-03-05 19:00:00,9.878,9.958,8.026,8.904,2103470.32441419
2024-03-05 20:00:00,8.903,9.151,8.685,8.888,1595119.83234204
2024-03-05 21:00:00,8.883,9.303,8.881,9.231,760970.14074452
2024-03-05 22:00:00,9.232,9.266,9.019,9.239,468903.74793127
2024-03-05 23:00:00,9.24,9.4,9.205,9.344,228469.45953698
2024-03-06 00:00:00,9.34,9.399,9.277,9.294,533624.75382163
2024-03-06 01:00:00,9.293,9.356,9.139,9.16,304151.18157207
2024-03-06 02:00:00,9.162,9.196,8.943,8.945,326499.96914384
2024-03-06 03:00:00,8.943,9.147,8.943,9.115,196221.64244964
2024-03-06 04:00:00,9.117,9.449,9.117,9.446,209049.81989841
2024-03-06 05:00:00,9.442,9.672,9.376,9.656,414548.98988667
2024-03-06 06:00:00,9.659,9.753,9.629,9.75,255437.0441928
2024-03-06 07:00:00,9.751,10.319,9.676,10.267,577155.30152436
2024-03-06 08:00:00,10.268,10.302,10.001,10.057,615925.50891625
2024-03-06 09:00:00,10.057,10.12,9.894,9.9,282705.07001942
2024-03-06 10:00:00,9.901,10.151,9.901,10.068,290784.03119834
2024-03-06 11:00:00,10.069,10.167,10.005,10.15,396664.12985602
2024-03-06 12:00:00,10.15,10.167,9.7,9.904,632432.44443538
2024-03-06 13:00:00,9.905,9.982,9.781,9.982,484665.32883433
2024-03-06 14:00:00,9.982,10.055,9.859,9.938,521112.82052768
2024-03-06 15:00:00,9.94,10.079,9.79,9.997,510457.36764691
2024-03-06 16:00:00,9.997,10.217,9.991,10.136,448453.72833586
2024-03-06 17:00:00,10.136,10.21,10.077,10.201,243348.84386709
2024-03-06 18:00:00,10.202,10.481,10.166,10.386,540112.14196651
2024-03-06 19:00:00,10.383,10.409,10.238,10.256,210823.22976911
2024-03-06 20:00:00,10.252,10.334,10.202,10.302,147472.22016318
2024-03-06 21:00:00,10.298,10.583,10.281,10.455,270465.38878216
2024-03-06 22:00:00,10.455,10.527,10.374,10.462,273214.05585125
2024-03-06 23:00:00,10.465,10.568,10.413,10.554,307440.07174061
2024-03-07 00:00:00,10.558,11.025,10.508,10.914,893778.45604264
2024-03-07 01:00:00,10.913,10.923,10.624,10.782,588641.98134539
2024-03-07 02:00:00,10.784,10.876,10.635,10.755,253471.14487936
2024-03-07 03:00:00,10.756,10.756,10.466,10.512,395663.22217415
2024-03-07 04:00:00,10.511,10.598,10.431,10.489,267741.08592256
2024-03-07 05:00:00,10.487,10.532,10.3,10.342,281421.24937596
2024-03-07 06:00:00,10.337,10.406,10.254,10.356,262682.97728194
2024-03-07 07:00:00,10.354,10.485,10.336,10.425,234439.21070745
2024-03-07 08:00:00,10.426,10.548,10.416,10.464,194546.61277868
2024-03-07 09:00:00,10.464,10.546,10.382,10.43,235971.75716733
2024-03-07 10:00:00,10.435,10.482,10.362,10.411,124409.37519925
2024-03-07 11:00:00,10.413,10.517,10.379,10.473,187320.73287101
2024-03-07 12:00:00,10.474,10.516,10.336,10.373,159415.61160442
2024-03-07 13:00:00,10.372,10.415,10.262,10.385,269972.83914865
2024-03-07 14:00:00,10.387,10.547,10.253,10.344,506816.52421512
2024-03-07 15:00:00,10.344,10.504,10.265,10.443,369711.58225753
2024-03-07 16:00:00,10.444,10.472,10.322,10.396,181369.45952171
2024-03-07 17:00:00,10.397,10.444,10.357,10.405,89902.20075344
2024-03-07 18:00:00,10.414,10.518,10.362,10.483,182343.60231033
2024-03-07 19:00:00,10.484,10.517,10.408,10.455,190907.12919714
2024-03-07 20:00:00,10.456,10.517,10.417,10.443,140183.80688416
2024-03-07 21:00:00,10.443,10.54,10.372,10.471,200332.73470366
2024-03-07 22:00:00,10.471,10.517,10.383,10.399,85290.1800934
2024-03-07 23:00:00,10.396,10.487,10.385,10.433,103897.84918501
2024-03-08 00:00:00,10.436,10.644,10.431,10.625,298787.30482455
2024-03-08 01:00:00,10.626,10.696,10.419,10.426,336018.09619733
2024-03-08 02:00:00,10.428,10.499,10.394,10.422,120887.97780575
2024-03-08 03:00:00,10.422,10.45,10.359,10.433,142445.54581663
2024-03-08 04:00:00,10.434,10.473,10.338,10.391,122049.70942213
2024-03-08 05:00:00,10.391,10.409,10.287,10.32,123281.20336463
2024-03-08 06:00:00,10.321,10.446,10.288,10.446,120359.2550966
2024-03-08 07:00:00,10.445,10.474,10.352,10.357,155670.84934808
2024-03-08 08:00:00,10.358,10.47,10.316,10.4,265863.25487665
2024-03-08 09:00:00,10.399,10.446,10.36,10.37,98171.32725429
2024-03-08 10:00:00,10.37,10.512,10.369,10.464,247112.30208211
2024-03-08 11:00:00,10.465,10.468,10.372,10.459,97991.42506995
2024-03-08 12:00:00,10.461,10.509,10.421,10.487,71514.88933639
2024-03-08 13:00:00,10.489,10.576,10.422,10.449,418476.88622822
2024-03-08 14:00:00,10.449,10.581,10.426,10.528,274244.93220561
2024-03-08 15:00:00,10.525,10.602,10.109,10.249,1369787.96895734
2024-03-08 16:00:00,10.247,10.32,9.98,10.297,1268072.28640637
2024-03-08 17:00:00,10.293,10.71,10.253,10.532,700025.25859269
2024-03-08 18:00:00,10.529,10.648,10.494,10.537,348990.6326799
2024-03-08 19:00:00,10.538,10.599,10.429,10.52,182661.43187784
2024-03-08 20:00:00,10.52,10.617,10.461,10.497,296776.66016701
2024-03-08 21:00:00,10.498,10.559,10.443,10.506,164831.32144611
2024-03-08 22:00:00,10.499,10.711,10.451,10.602,172028.54506369
2024-03-08 23:00:00,10.602,10.732,10.597,10.669,171266.53550349
2024-03-09 00:00:00,10.67,10.726,10.607,10.709,124365.61929021
2024-03-09 01:00:00,10.704,10.825,10.558,10.72,211496.65562768
2024-03-09 02:00:00,10.72,10.74,10.609,10.614,173577.93109324
2024-03-09 03:00:00,10.614,10.679,10.593,10.672,68408.27495141
2024-03-09 04:00:00,10.671,10.748,10.647,10.709,94242.63993159
2024-03-09 05:00:00,10.713,10.716,10.635,10.644,110468.48641323
2024-03-09 06:00:00,10.644,10.793,10.625,10.754,141653.63489348
2024-03-09 07:00:00,10.754,10.81,10.734,10.734,148437.01963883
2024-03-09 08:00:00,10.734,10.785,10.676,10.722,154449.05020983
2024-03-09 09:00:00,10.726,10.916,10.726,10.892,294528.07187756
2024-03-09 10:00:00,10.893,10.909,10.626,10.73,552851.74550474
2024-03-09 11:00:00,10.73,10.993,10.694,10.924,461153.30339998
2024-03-09 12:00:00,10.922,10.966,10.806,10.835,273524.27126165
2024-03-09 13:00:00,10.834,10.835,10.75,10.802,135342.00997622
2024-03-09 14:00:00,10.802,10.843,10.648,10.692,283440.02091612
2024-03-09 15:00:00,10.692,10.832,10.681,10.788,167345.96169732
2024-03-09 16:00:00,10.79,10.809,10.578,10.598,344008.55122264
2024-03-09 17:00:00,10.597,10.63,10.489,10.526,359136.33511539
2024-03-09 18:00:00,10.526,10.585,10.491,10.547,165108.80228701
2024-03-09 19:00:00,10.548,10.559,10.466,10.473,130845.70424093
2024-03-09 20:00:00,10.472,10.544,10.442,10.533,101792.21873826
2024-03-09 21:00:00,10.533,10.54,10.458,10.481,127316.38060823
2024-03-09 22:00:00,10.481,10.548,10.481,10.518,84973.57392127
2024-03-09 23:00:00,10.516,10.557,10.484,10.528,131570.6425929
2024-03-10 00:00:00,10.527,10.61,10.487,10.525,177736.49663046
2024-03-10 01:00:00,10.527,10.595,10.478,10.572,310886.77375457
2024-03-10 02:00:00,10.572,10.58,10.483,10.489,110668.42097763
2024-03-10 03:00:00,10.49,10.533,10.461,10.483,100899.94063598
2024-03-10 04:00:00,10.484,10.544,10.476,10.505,108571.06628487
2024-03-10 05:00:00,10.506,10.506,10.44,10.452,189352.4441494
2024-03-10 06:00:00,10.452,10.489,10.449,10.479,57956.48748377
2024-03-10 07:00:00,10.479,10.6,10.471,10.576,152220.6453161
2024-03-10 08:00:00,10.576,10.599,10.523,10.586,87800.30755879
2024-03-10 09:00:00,10.585,10.585,10.36,10.416,412488.4129106
2024-03-10 10:00:00,10.416,10.588,10.409,10.546,322705.04336309
2024-03-10 11:00:00,10.547,10.555,10.399,10.442,204397.76708553
2024-03-10 12:00:00,10.442,10.472,10.257,10.368,249005.13956742
2024-03-10 13:00:00,10.372,10.379,10.171,10.229,301142.6242142
2024-03-10 14:00:00,10.228,10.269,10.07,10.23,411211.96967065
2024-03-10 15:00:00,10.229,10.255,10.157,10.204,173869.91443438
2024-03-10 16:00:00,10.204,10.35,10.195,10.286,150770.12863753
2024-03-10 17:00:00,10.287,10.326,10.262,10.314,99257.14460101
2024-03-10 18:00:00,10.314,10.334,10.269,10.279,91918.47683094
2024-03-10 19:00:00,10.281,10.312,10.247,10.311,71436.67338159
2024-03-10 20:00:00,10.311,10.326,10.262,10.304,80191.80749823
2024-03-10 21:00:00,10.304,10.308,10.197,10.226,77504.97734694
2024-03-10 22:00:00,10.227,10.232,9.989,10.064,331302.04354478
2024-03-10 23:00:00,10.063,10.311,10.06,10.284,146211.54106854
2024-03-11 00:00:00,10.285,10.403,9.8,10.1,814209.93597576
2024-03-11 01:00:00,10.101,10.228,9.99,10.142,486596.23283626
2024-03-11 02:00:00,10.142,10.257,10.093,10.199,184440.19700471
2024-03-11 03:00:00,10.198,10.375,10.181,10.371,262167.52739217
2024-03-11 04:00:00,10.371,10.468,10.332,10.42,231182.01456513
2024-03-11 05:00:00,10.421,10.497,10.314,10.333,214103.05765278
2024-03-11 06:00:00,10.33,10.463,10.248,10.462,170416.99302546
2024-03-11 07:00:00,10.463,10.571,10.428,10.555,611523.16439926
2024-03-11 08:00:00,10.555,10.741,10.551,10.699,401055.76421069
2024-03-11 09:00:00,10.7,10.904,10.643,10.888,376213.17535701
2024-03-11 10:00:00,10.89,11.03,10.793,10.793,634347.21132318
2024-03-11 11:00:00,10.794,10.869,10.695,10.756,360299.02411566
2024-03-11 12:00:00,10.755,10.837,10.715,10.762,254817.67456311
2024-03-11 13:00:00,10.761,10.859,10.697,10.724,345529.73103127
2024-03-11 14:00:00,10.724,10.924,10.651,10.862,515228.44486106
2024-03-11 15:00:00,10.863,10.994,10.839,10.874,442489.66993967
2024-03-11 16:00:00,10.875,11.024,10.732,10.972,444298.54271486
2024-03-11 17:00:00,10.971,11.0,10.885,10.987,205719.85733293
2024-03-11 18:00:00,10.989,11.269,10.989,11.239,877598.0512064
2024-03-11 19:00:00,11.239,11.268,11.043,11.051,394307.4413748
2024-03-11 20:00:00,11.061,11.213,11.047,11.17,177852.2632249
2024-03-11 21:00:00,11.171,11.24,11.139,11.209,114298.23053861
2024-03-11 22:00:00,11.209,11.225,11.118,11.153,127268.51362669
2024-03-11 23:00:00,11.153,11.159,11.02,11.064,251510.39821027
2024-03-12 00:00:00,11.067,11.101,10.887,10.89,165990.99106445
2024-03-12 01:00:00,10.89,10.978,10.877,10.976,165119.2333801
2024-03-12 02:00:00,10.975,11.169,10.925,11.097,143585.57081398
2024-03-12 03:00:00,11.096,11.128,10.866,10.883,266958.32632134
2024-03-12 04:00:00,10.883,10.978,10.796,10.884,279658.83621885
2024-03-12 05:00:00,10.884,10.985,10.854,10.94,109166.22485441
2024-03-12 06:00:00,10.939,10.94,10.685,10.833,313763.3059669
2024-03-12 07:00:00,10.831,10.848,10.7,10.746,126906.29615231
2024-03-12 08:00:00,10.744,10.762,10.427,10.552,508133.90118742
2024-03-12 09:00:00,10.552,10.724,10.55,10.695,174601.37946662
2024-03-12 10:00:00,10.694,10.734,10.593,10.637,122780.60027772
2024-03-12 11:00:00,10.634,10.763,10.62,10.638,195681.75910611
2024-03-12 12:00:00,10.635,10.705,10.469,10.688,346947.88855651
2024-03-12 13:00:00,10.678,10.829,10.637,10.754,251682.05156632
2024-03-12 14:00:00,10.755,10.864,10.569,10.582,539602.18656436
2024-03-12 15:00:00,10.584,10.735,10.494,10.678,358682.20784275
2024-03-12 16:00:00,10.677,10.716,10.37,10.446,501703.0808372
2024-03-12 17:00:00,10.445,10.598,10.068,10.598,1243920.18171475
2024-03-12 18:00:00,10.6,10.713,10.519,10.712,287265.35549456
2024-03-12 19:00:00,10.714,10.821,10.668,10.795,155488.55132608
2024-03-12 20:00:00,10.798,10.798,10.577,10.616,248619.85096702
2024-03-12 21:00:00,10.618,10.646,10.525,10.617,113786.17095824
2024-03-12 22:00:00,10.618,10.683,10.577,10.675,90167.88747657
2024-03-12 23:00:00,10.678,10.789,10.646,10.753,139384.13097621
2024-03-13 00:00:00,10.753,10.779,10.654,10.726,112923.77293649
2024-03-13 01:00:00,10.725,10.863,10.691,10.835,132499.52359729
2024-03-13 02:00:00,10.836,10.866,10.792,10.863,72763.82146147
2024-03-13 03:00:00,10.862,10.969,10.829,10.939,200426.59640608
2024-03-13 04:00:00,10.937,10.941,10.849,10.903,108827.99244925
2024-03-13 05:00:00,10.904,10.95,10.836,10.898,106730.67375923
2024-03-13 06:00:00,10.897,11.014,10.871,11.013,203484.00789423
2024-03-13 07:00:00,11.013,11.097,10.985,11.022,210069.77096225
2024-03-13 08:00:00,11.02,11.2,11.017,11.198,401530.28504037
2024-03-13 09:00:00,11.199,11.346,11.163,11.215,484979.31579124
2024-03-13 10:00:00,11.215,11.236,11.069,11.139,273721.72892045
2024-03-13 11:00:00,11.14,11.147,11.029,11.035,139611.54173729
2024-03-13 12:00:00,11.035,11.123,10.967,10.982,409900.98365425
2024-03-13 13:00:00,10.98,11.035,10.699,10.814,449763.55443987
2024-03-13 14:00:00,10.814,10.925,10.669,10.714,496888.95680948
2024-03-13 15:00:00,10.715,10.909,10.67,10.841,344801.1612554
2024-03-13 16:00:00,10.841,10.94,10.784,10.85,327372.8357165
2024-03-13 17:00:00,10.85,10.922,10.802,10.887,188924.01247321
2024-03-13 18:00:00,10.89,11.085,10.89,11.028,177491.30592274
2024-03-13 19:00:00,11.028,11.065,10.955,11.056,171009.49158197
2024-03-13 20:00:00,11.056,11.084,10.947,10.972,135063.42674536
2024-03-13 21:00:00,10.973,11.038,10.918,11.035,107419.80973172
2024-03-13 22:00:00,11.036,11.085,10.98,11.036,122120.54327575
2024-03-13 23:00:00,11.034,11.401,11.034,11.387,396351.82784449
2024-03-14 00:00:00,11.39,11.411,11.175,11.282,413444.09146368
2024-03-14 01:00:00,11.281,11.325,11.143,11.211,289955.22284275
2024-03-14 02:00:00,11.211,11.322,11.178,11.183,179339.8148728
2024-03-14 03:00:00,11.183,11.22,11.093,11.194,203146.61672774
2024-03-14 04:00:00,11.192,11.205,10.995,11.055,228098.50687022
2024-03-14 05:00:00,11.054,11.168,11.039,11.137,109629.55536496
2024-03-14 06:00:00,11.136,11.228,11.1,11.183,124803.31480369
2024-03-14 07:00:00,11.182,11.398,11.146,11.349,229979.67922341
2024-03-14 08:00:00,11.349,11.41,11.246,11.266,275765.18462525
2024-03-14 09:00:00,11.265,11.912,11.265,11.908,1319821.16065986
2024-03-14 10:00:00,11.91,11.919,11.675,11.739,442110.93387778
2024-03-14 11:00:00,11.735,11.751,11.493,11.727,671075.75921211
2024-03-14 12:00:00,11.723,11.799,11.498,11.585,609134.89256294
2024-03-14 13:00:00,11.585,11.672,11.088,11.265,1160351.08382664
2024-03-14 14:00:00,11.262,11.554,11.243,11.441,984013.08902295
2024-03-14 15:00:00,11.441,11.501,11.022,11.18,1031404.28533637
2024-03-14 16:00:00,11.181,11.522,11.1,11.492,733744.21376812
2024-03-14 17:00:00,11.492,11.655,11.375,11.528,432115.16069011
2024-03-14 18:00:00,11.527,11.527,11.07,11.169,496353.55128804
2024-03-14 19:00:00,11.168,11.232,10.686,10.987,1181732.6451161
2024-03-14 20:00:00,10.987,11.377,10.977,11.242,472373.73825264
2024-03-14 21:00:00,11.243,11.431,11.15,11.431,248033.21677163
2024-03-14 22:00:00,11.43,11.612,11.429,11.528,249041.19636871
2024-03-14 23:00:00,11.527,11.603,11.443,11.57,210127.15818478
2024-03-15 00:00:00,11.57,11.722,11.562,11.565,284357.02500018
2024-03-15 01:00:00,11.565,11.575,11.442,11.448,225110.2466741
2024-03-15 02:00:00,11.45,11.471,10.798,10.951,1034002.85640881
2024-03-15 03:00:00,10.953,11.026,10.388,10.794,1811303.09032755
2024-03-15 04:00:00,10.794,10.829,10.471,10.545,935683.88220838
2024-03-15 05:00:00,10.545,10.721,10.537,10.602,761032.16167955
2024-03-15 06:00:00,10.604,10.939,10.603,10.923,587538.75515273
2024-03-15 07:00:00,10.923,10.931,10.77,10.799,450944.57330174
2024-03-15 08:00:00,10.8,10.824,10.261,10.271,941389.41240084
2024-03-15 09:00:00,10.274,10.496,9.993,10.463,1554906.78048242
2024-03-15 10:00:00,10.46,10.502,10.324,10.347,498521.08869896
2024-03-15 11:00:00,10.347,10.437,10.143,10.395,587774.21362728
2024-03-15 12:00:00,10.398,10.466,10.317,10.378,393389.89959394
2024-03-15 13:00:00,10.378,10.597,10.305,10.555,486372.18368903
2024-03-15 14:00:00,10.557,10.582,10.364,10.498,353184.62509669
2024-03-15 15:00:00,10.498,10.526,10.378,10.426,319019.94460941
2024-03-15 16:00:00,10.427,10.483,10.282,10.331,471737.63879432
2024-03-15 17:00:00,10.329,10.427,10.247,10.4,212609.2698428
2024-03-15 18:00:00,10.401,10.766,10.399,10.747,282956.92252281
2024-03-15 19:00:00,10.748,11.038,10.602,10.686,1146197.30745925
2024-03-15 20:00:00,10.685,10.694,10.412,10.484,506831.76054837
2024-03-15 21:00:00,10.484,10.667,10.457,10.667,187612.58440488
2024-03-15 22:00:00,10.668,10.786,10.591,10.768,173936.56457187
2024-03-15 23:00:00,10.769,10.882,10.689,10.821,271315.01371118
2024-03-16 00:00:00,10.824,10.912,10.735,10.759,372762.90472607
2024-03-16 01:00:00,10.76,10.832,10.719,10.752,289247.41099671
2024-03-16 02:00:00,10.753,10.759,10.654,10.678,203668.72394308
2024-03-16 03:00:00,10.678,10.795,10.629,10.695,161436.24602304
2024-03-16 04:00:00,10.695,10.734,10.573,10.61,252701.06668062
2024-03-16 05:00:00,10.609,10.62,10.42,10.528,265728.27183891
2024-03-16 06:00:00,10.531,10.723,10.53,10.693,155490.74066031
2024-03-16 07:00:00,10.691,10.742,10.617,10.672,266926.74237344
2024-03-16 08:00:00,10.674,10.676,10.528,10.534,253864.67948554
2024-03-16 09:00:00,10.534,10.551,10.442,10.473,237490.466432
2024-03-16 10:00:00,10.474,10.511,10.417,10.437,230730.17362397
2024-03-16 11:00:00,10.438,10.49,10.277,10.362,303805.96521615
2024-03-16 12:00:00,10.361,10.39,10.214,10.24,414332.37743539
2024-03-16 13:00:00,10.24,10.315,10.113,10.126,464345.03999355
2024-03-16 14:00:00,10.123,10.215,10.083,10.198,286848.01531121
2024-03-16 15:00:00,10.197,10.308,10.092,10.291,251485.00815881
2024-03-16 16:00:00,10.294,10.296,10.188,10.268,177042.35961606
2024-03-16 17:00:00,10.267,10.301,10.007,10.05,401522.35087815
2024-03-16 18:00:00,10.053,10.075,9.729,9.879,1135470.79516906
2024-03-16 19:00:00,9.879,10.06,9.831,9.862,473855.02546565
2024-03-16 20:00:00,9.862,10.008,9.768,9.922,319032.75147503
2024-03-16 21:00:00,9.925,9.97,9.738,9.834,252541.57912717
2024-03-16 22:00:00,9.834,9.834,9.723,9.755,324015.22760417
2024-03-16 23:00:00,9.753,9.753,9.5,9.687,670249.06996968
2024-03-17 00:00:00,9.686,9.835,9.521,9.536,333312.68904966
2024-03-17 01:00:00,9.533,9.713,9.533,9.713,309391.31360159
2024-03-17 02:00:00,9.712,9.826,9.663,9.796,186320.35569069
2024-03-17 03:00:00,9.796,9.867,9.755,9.856,212728.43183214
2024-03-17 04:00:00,9.856,9.86,9.755,9.793,211140.28021184
2024-03-17 05:00:00,9.793,9.819,9.674,9.727,167672.57307339
2024-03-17 06:00:00,9.73,9.75,9.434,9.434,360413.78001472
2024-03-17 07:00:00,9.434,9.5,9.195,9.472,983455.21623762
2024-03-17 08:00:00,9.467,9.783,9.435,9.732,400986.28210889
2024-03-17 09:00:00,9.732,9.826,9.69,9.763,334537.57591393
2024-03-17 10:00:00,9.763,9.938,9.762,9.856,334062.11604217
2024-03-17 11:00:00,9.856,9.931,9.822,9.845,249660.13981647
2024-03-17 12:00:00,9.844,9.939,9.67,9.722,230984.54032152
2024-03-17 13:00:00,9.721,9.895,9.721,9.868,275519.6580356
2024-03-17 14:00:00,9.869,9.958,9.8,9.952,275223.56582032
2024-03-17 15:00:00,9.951,10.081,9.887,10.047,290563.17091762
2024-03-17 16:00:00,10.043,10.082,9.948,9.99,238113.02004459
2024-03-17 17:00:00,9.988,10.17,9.962,10.157,153930.04734323
2024-03-17 18:00:00,10.158,10.191,10.098,10.12,182073.39220165
2024-03-17 19:00:00,10.121,10.244,10.087,10.237,106911.83455542
2024-03-17 20:00:00,10.238,10.244,10.053,10.076,199936.58429781
2024-03-17 21:00:00,10.074,10.134,10.061,10.116,97891.05067101
2024-03-17 22:00:00,10.116,10.259,10.098,10.107,161254.81669543
2024-03-17 23:00:00,10.109,10.14,10.019,10.088,132784.50184972
2024-03-18 00:00:00,10.088,10.088,9.822,9.827,283440.22244593
2024-03-18 01:00:00,9.826,10.007,9.726,9.97,256011.58286894
2024-03-18 02:00:00,9.968,10.085,9.946,10.02,160839.21057956
2024-03-18 03:00:00,10.021,10.058,9.99,10.0,85023.6392476
2024-03-18 04:00:00,10.003,10.136,9.905,10.076,145721.73989609
2024-03-18 05:00:00,10.076,10.238,10.003,10.196,197480.27304879
2024-03-18 06:00:00,10.196,10.205,10.085,10.137,128424.13657124
2024-03-18 07:00:00,10.138,10.395,10.131,10.36,395880.97835299
2024-03-18 08:00:00,10.361,10.456,10.166,10.327,763031.27939877
2024-03-18 09:00:00,10.326,10.336,10.146,10.188,383171.33374898
2024-03-18 10:00:00,10.189,10.391,10.121,10.39,477045.52005644
2024-03-18 11:00:00,10.389,10.416,10.191,10.197,303593.27024391
2024-03-18 12:00:00,10.198,10.206,10.039,10.189,447125.46875924
2024-03-18 13:00:00,10.189,10.207,9.927,9.966,753307.22572449
2024-03-18 14:00:00,9.965,10.049,9.762,9.829,527149.51969801
2024-03-18 15:00:00,9.827,9.936,9.708,9.882,502112.5655503
2024-03-18 16:00:00,9.881,10.02,9.724,9.767,451502.09864184
2024-03-18 17:00:00,9.767,9.829,9.611,9.794,467476.20714656
2024-03-18 18:00:00,9.792,9.874,9.702,9.71,301860.76967444
2024-03-18 19:00:00,9.712,9.92,9.654,9.755,370610.93679703
2024-03-18 20:00:00,9.758,9.873,9.758,9.843,253825.13163889
2024-03-18 21:00:00,9.842,10.008,9.835,9.894,304273.10922895
2024-03-18 22:00:00,9.892,9.907,9.746,9.838,242334.57953627
2024-03-18 23:00:00,9.838,10.043,9.829,9.907,236014.50182285
2024-03-19 00:00:00,9.909,10.003,9.591,9.617,496767.72457537
2024-03-19 01:00:00,9.619,9.637,9.33,9.416,824898.88445571
2024-03-19 02:00:00,9.42,9.587,9.409,9.45,319935.42957421
2024-03-19 03:00:00,9.45,9.503,9.241,9.423,462746.3368307
2024-03-19 04:00:00,9.419,9.457,9.231,9.243,336886.24397146
2024-03-19 05:00:00,9.243,9.344,9.156,9.271,785771.25006484
2024-03-19 06:00:00,9.267,9.342,9.054,9.166,639265.79196005
2024-03-19 07:00:00,9.167,9.199,8.88,9.196,1028221.80592756
2024-03-19 08:00:00,9.199,9.2,8.803,8.855,940462.69327956
2024-03-19 09:00:00,8.853,9.077,8.703,9.068,1128861.42741694
2024-03-19 10:00:00,9.068,9.068,8.865,8.995,583007.41482534
2024-03-19 11:00:00,8.994,9.137,8.87,9.129,472101.46939868
2024-03-19 12:00:00,9.128,9.239,9.075,9.157,591423.67508299
2024-03-19 13:00:00,9.158,9.188,9.045,9.116,417075.11699074
2024-03-19 14:00:00,9.115,9.145,8.951,9.095,537238.92444711
2024-03-19 15:00:00,9.095,9.22,8.97,9.203,586518.02308276
2024-03-19 16:00:00,9.202,9.256,9.1,9.164,421931.02121887
2024-03-19 17:00:00,9.164,9.262,9.134,9.18,367101.79769237
2024-03-19 18:00:00,9.179,9.205,9.079,9.151,193998.58794629
2024-03-19 19:00:00,9.151,9.279,9.121,9.201,169230.54754173
2024-03-19 20:00:00,9.201,9.225,8.997,9.024,280636.39142396
2024-03-19 21:00:00,9.022,9.062,8.921,9.04,170456.1263195
2024-03-19 22:00:00,9.039,9.055,8.711,8.779,376063.60508669
2024-03-19 23:00:00,8.78,8.806,8.601,8.769,539339.32756839
2024-03-20 00:00:00,8.768,8.968,8.741,8.968,303196.65528749
2024-03-20 01:00:00,8.969,8.973,8.703,8.754,277198.52398194
2024-03-20 02:00:00,8.76,8.891,8.726,8.876,179684.43316075
2024-03-20 03:00:00,8.876,8.996,8.701,8.722,301658.53875819
2024-03-20 04:00:00,8.724,8.81,8.572,8.672,526745.87871865
2024-03-20 05:00:00,8.673,8.725,8.495,8.685,750811.59730284
2024-03-20 06:00:00,8.684,8.879,8.682,8.864,370850.82988231
2024-03-20 07:00:00,8.864,9.142,8.85,9.088,408017.47094155
2024-03-20 08:00:00,9.086,9.144,9.041,9.042,338177.84206171
2024-03-20 09:00:00,9.04,9.157,9.036,9.125,205357.73796587
2024-03-20 10:00:00,9.125,9.171,9.069,9.099,230634.94532864
2024-03-20 11:00:00,9.105,9.292,9.077,9.282,398338.16089873
2024-03-20 12:00:00,9.28,9.364,9.235,9.262,458495.84410903
2024-03-20 13:00:00,9.261,9.261,9.086,9.093,255160.20783927
2024-03-20 14:00:00,9.092,9.151,9.049,9.123,222987.63490532
2024-03-20 15:00:00,9.123,9.168,8.888,8.937,383824.03189989
2024-03-20 16:00:00,8.936,8.986,8.567,8.751,1082660.91865078
2024-03-20 17:00:00,8.752,8.962,8.707,8.864,493309.40117766
2024-03-20 18:00:00,8.864,9.226,8.864,9.22,529295.55894076
2024-03-20 19:00:00,9.221,9.324,9.162,9.289,342215.66533231
2024-03-20 20:00:00,9.29,9.576,9.254,9.446,466838.14967591
2024-03-20 21:00:00,9.446,9.536,9.387,9.516,234551.40748693
2024-03-20 22:00:00,9.518,9.569,9.482,9.549,221863.08513534
2024-03-20 23:00:00,9.549,9.549,9.465,9.491,133017.41909218
2024-03-21 00:00:00,9.49,9.534,9.392,9.486,228504.84828721
2024-03-21 01:00:00,9.485,9.524,9.424,9.487,110355.93872847
2024-03-21 02:00:00,9.485,9.56,9.466,9.502,166541.09069224
2024-03-21 03:00:00,9.502,9.595,9.397,9.447,285860.86018389
2024-03-21 04:00:00,9.448,9.509,9.343,9.374,220897.60434724
2024-03-21 05:00:00,9.375,9.375,9.212,9.369,239327.93667874
2024-03-21 06:00:00,9.369,9.43,9.31,9.317,154676.71624456
2024-03-21 07:00:00,9.316,9.391,9.294,9.348,133543.07365034
2024-03-21 08:00:00,9.348,9.475,9.348,9.439,173512.0091101
2024-03-21 09:00:00,9.437,9.479,9.309,9.373,175111.49266717
2024-03-21 10:00:00,9.373,9.462,9.358,9.451,155981.96303195
2024-03-21 11:00:00,9.451,9.471,9.377,9.399,122654.01334555
2024-03-21 12:00:00,9.399,9.471,9.359,9.374,137051.84001182
2024-03-21 13:00:00,9.372,9.428,9.29,9.301,258884.77199483
2024-03-21 14:00:00,9.298,9.411,9.278,9.366,218479.98674662
2024-03-21 15:00:00,9.366,9.385,9.236,9.313,260603.11079172
2024-03-21 16:00:00,9.314,9.482,9.268,9.478,229857.70183844
2024-03-21 17:00:00,9.474,9.54,9.245,9.287,276968.26980725
2024-03-21 18:00:00,9.287,9.308,9.069,9.132,406421.76596905
2024-03-21 19:00:00,9.131,9.258,9.108,9.228,166874.28454799
2024-03-21 20:00:00,9.224,9.351,9.11,9.3,245964.67709129
2024-03-21 21:00:00,9.3,9.302,9.197,9.285,78000.39875926
2024-03-21 22:00:00,9.285,9.328,9.231,9.235,76594.09444171
2024-03-21 23:00:00,9.234,9.249,9.124,9.186,175227.18730443
2024-03-22 00:00:00,9.185,9.239,9.107,9.184,137614.55152217
2024-03-22 01:00:00,9.184,9.211,9.061,9.066,132426.8759552
2024-03-22 02:00:00,9.066,9.102,9.022,9.093,118748.67948406
2024-03-22 03:00:00,9.091,9.264,9.091,9.249,139688.42505289
2024-03-22 04:00:00,9.25,9.297,9.207,9.273,103265.30308003
2024-03-22 05:00:00,9.269,9.372,9.236,9.328,154459.31509984
2024-03-22 06:00:00,9.328,9.35,9.279,9.346,99490.74565291
2024-03-22 07:00:00,9.345,9.351,9.281,9.301,97137.99284863
2024-03-22 08:00:00,9.3,9.364,9.229,9.236,138850.69971721
2024-03-22 09:00:00,9.238,9.288,9.211,9.222,78092.58498974
2024-03-22 10:00:00,9.221,9.244,9.084,9.091,228966.17175023
2024-03-22 11:00:00,9.092,9.176,9.026,9.067,193628.42367078
2024-03-22 12:00:00,9.068,9.127,9.013,9.045,212870.98707399
2024-03-22 13:00:00,9.047,9.072,8.788,8.825,499974.00097837
2024-03-22 14:00:00,8.824,8.864,8.724,8.778,531589.57272606
2024-03-22 15:00:00,8.778,8.995,8.774,8.898,456523.27451366
2024-03-22 16:00:00,8.899,8.932,8.812,8.885,261523.244621
2024-03-22 17:00:00,8.883,8.95,8.858,8.947,133895.08299273
2024-03-22 18:00:00,8.943,8.988,8.882,8.891,187257.31042303
2024-03-22 19:00:00,8.891,8.939,8.837,8.903,127908.55512984
2024-03-22 20:00:00,8.904,8.916,8.822,8.841,113654.03940834
2024-03-22 21:00:00,8.844,8.844,8.702,8.799,155196.48028461
2024-03-22 22:00:00,8.799,8.84,8.721,8.809,115982.50864584
2024-03-22 23:00:00,8.808,8.947,8.799,8.946,86637.31525132
2024-03-23 00:00:00,8.947,8.964,8.908,8.945,87647.14177811
2024-03-23 01:00:00,8.946,9.112,8.941,9.094,148967.74392736
2024-03-23 02:00:00,9.096,9.109,8.967,9.026,132659.1126338
2024-03-23 03:00:00,9.024,9.027,8.862,8.974,116418.43453396
2024-03-23 04:00:00,8.972,9.047,8.966,8.982,147826.73983038
2024-03-23 05:00:00,8.981,9.017,8.956,9.008,83627.73635975
2024-03-23 06:00:00,9.009,9.056,8.979,9.025,69500.65045628
2024-03-23 07:00:00,9.026,9.114,9.025,9.065,145279.76757635
2024-03-23 08:00:00,9.065,9.102,9.026,9.066,84932.910152
2024-03-23 09:00:00,9.069,9.071,9.004,9.057,88949.47261467
2024-03-23 10:00:00,9.061,9.128,9.045,9.072,126524.00787562
2024-03-23 11:00:00,9.072,9.12,9.061,9.106,95376.74010938
2024-03-23 12:00:00,9.107,9.167,9.084,9.137,102889.42313991
2024-03-23 13:00:00,9.137,9.15,9.075,9.138,91387.68451675
2024-03-23 14:00:00,9.135,9.222,9.094,9.208,154050.52144466
2024-03-23 15:00:00,9.208,9.235,9.132,9.173,111723.0012325
2024-03-23 16:00:00,9.173,9.202,9.118,9.16,79732.40609936
2024-03-23 17:00:00,9.16,9.202,9.142,9.183,73014.29484878
2024-03-23 18:00:00,9.182,9.199,9.155,9.171,49510.44363667
2024-03-23 19:00:00,9.168,9.194,9.123,9.139,51182.38495685
2024-03-23 20:00:00,9.14,9.159,9.103,9.103,74410.58692403
2024-03-23 21:00:00,9.104,9.124,9.08,9.113,35949.20373903
2024-03-23 22:00:00,9.11,9.139,9.09,9.098,42405.93792615
2024-03-23 23:00:00,9.096,9.104,8.969,8.977,145591.20014489
2024-03-24 00:00:00,8.976,9.12,8.967,9.111,79252.74736975
2024-03-24 01:00:00,9.11,9.148,9.075,9.101,72060.03736628
2024-03-24 02:00:00,9.1,9.112,9.058,9.097,49545.15620685
2024-03-24 03:00:00,9.098,9.1,9.007,9.007,82399.60213327
2024-03-24 04:00:00,9.01,9.044,8.959,9.041,105597.98619772
2024-03-24 05:00:00,9.042,9.146,9.025,9.083,67983.41301209
2024-03-24 06:00:00,9.084,9.107,9.022,9.059,61901.2035762
2024-03-24 07:00:00,9.059,9.103,9.034,9.103,49633.3300119
2024-03-24 08:00:00,9.105,9.199,9.089,9.187,85082.42586367
2024-03-24 09:00:00,9.185,9.192,9.127,9.159,91673.29049387
2024-03-24 10:00:00,9.158,9.236,9.151,9.176,93414.11018459
2024-03-24 11:00:00,9.176,9.204,9.138,9.203,54238.84329683
2024-03-24 12:00:00,9.204,9.264,9.18,9.252,82849.5323682
2024-03-24 13:00:00,9.249,9.264,9.194,9.204,70134.2553499
2024-03-24 14:00:00,9.205,9.277,9.197,9.229,72227.49201982
2024-03-24 15:00:00,9.229,9.252,9.2,9.222,103102.65122198
2024-03-24 16:00:00,9.222,9.255,9.155,9.169,74850.59178018
2024-03-24 17:00:00,9.171,9.176,9.069,9.149,160767.39653426
2024-03-24 18:00:00,9.149,9.249,9.141,9.211,112152.22441491
2024-03-24 19:00:00,9.213,9.305,9.207,9.268,82324.12694813
2024-03-24 20:00:00,9.265,9.344,9.247,9.313,106051.88054266
2024-03-24 21:00:00,9.317,9.388,9.313,9.356,56418.49454258
2024-03-24 22:00:00,9.355,9.407,9.343,9.406,94858.8436289
2024-03-24 23:00:00,9.406,9.441,9.357,9.382,118165.32708228
2024-03-25 00:00:00,9.384,9.395,9.297,9.321,90111.02680216
2024-03-25 01:00:00,9.317,9.396,9.306,9.384,89018.46312773
2024-03-25 02:00:00,9.384,9.429,9.339,9.427,42550.89360088
2024-03-25 03:00:00,9.427,9.476,9.402,9.473,58987.24191911
2024-03-25 04:00:00,9.472,9.493,9.406,9.485,74687.66464199
2024-03-25 05:00:00,9.486,9.519,9.464,9.49,82252.21529238
2024-03-25 06:00:00,9.486,9.486,9.418,9.434,83348.60117933
2024-03-25 07:00:00,9.435,9.477,9.351,9.362,106153.18015067
2024-03-25 08:00:00,9.362,9.427,9.356,9.427,76222.00418054
2024-03-25 09:00:00,9.428,9.506,9.4,9.502,99984.54924394
2024-03-25 10:00:00,9.504,9.56,9.477,9.511,144373.68786095
2024-03-25 11:00:00,9.51,9.514,9.418,9.447,92780.76270707
2024-03-25 12:00:00,9.446,9.505,9.441,9.484,75618.50974317
2024-03-25 13:00:00,9.484,9.505,9.401,9.492,134819.91577962
2024-03-25 14:00:00,9.489,9.678,9.457,9.664,405173.63024499
2024-03-25 15:00:00,9.657,9.764,9.629,9.737,228006.45713022
2024-03-25 16:00:00,9.739,9.798,9.679,9.784,149072.88106044
2024-03-25 17:00:00,9.787,9.841,9.744,9.795,146066.89110126
2024-03-25 18:00:00,9.797,9.801,9.729,9.783,69338.29477269
2024-03-25 19:00:00,9.782,9.813,9.722,9.802,66532.63587504
2024-03-25 20:00:00,9.804,9.839,9.773,9.824,62137.9125314
2024-03-25 21:00:00,9.824,9.825,9.655,9.738,110324.60581197
2024-03-25 22:00:00,9.742,9.841,9.737,9.807,63307.35734064
2024-03-25 23:00:00,9.81,9.832,9.712,9.748,55216.71848774
2024-03-26 00:00:00,9.748,9.897,9.722,9.84,109641.91102077
2024-03-26 01:00:00,9.84,9.908,9.816,9.889,55685.98227959
2024-03-26 02:00:00,9.889,9.935,9.861,9.935,60888.93646138
2024-03-26 03:00:00,9.935,9.937,9.896,9.926,57298.23146535
2024-03-26 04:00:00,9.925,9.96,9.906,9.96,61784.79983739
2024-03-26 05:00:00,9.961,9.97,9.938,9.95,40343.08814598
2024-03-26 06:00:00,9.95,10.006,9.939,10.001,73003.48552164
2024-03-26 07:00:00,10.0,10.068,9.908,9.913,233663.38620668
2024-03-26 08:00:00,9.914,9.967,9.868,9.962,152117.58727269
2024-03-26 09:00:00,9.962,10.028,9.933,10.014,112348.17050595
2024-03-26 10:00:00,10.015,10.048,9.97,10.042,138693.62329242
2024-03-26 11:00:00,10.042,10.048,9.922,9.932,85031.92102295
2024-03-26 12:00:00,9.931,9.966,9.875,9.941,130698.00371648
2024-03-26 13:00:00,9.943,9.956,9.776,9.83,291989.3118127
2024-03-26 14:00:00,9.833,9.919,9.617,9.914,752350.89235888
2024-03-26 15:00:00,9.916,9.922,9.736,9.813,381611.54008162
2024-03-26 16:00:00,9.813,9.875,9.591,9.634,516731.33713082
2024-03-26 17:00:00,9.633,9.709,9.579,9.617,185484.18750729
2024-03-26 18:00:00,9.616,9.672,9.602,9.611,99575.28650951
2024-03-26 19:00:00,9.612,9.629,9.539,9.563,170258.18527245
2024-03-26 20:00:00,9.564,9.668,9.564,9.658,94996.81185416
2024-03-26 21:00:00,9.657,9.763,9.646,9.723,117806.40003509
2024-03-26 22:00:00,9.72,9.72,9.589,9.707,182986.81462284
2024-03-26 23:00:00,9.706,9.746,9.684,9.695,89923.16608012
2024-03-27 00:00:00,9.695,9.78,9.655,9.774,128760.84933768
2024-03-27 01:00:00,9.774,9.807,9.731,9.752,118240.01973532
2024-03-27 02:00:00,9.753,9.782,9.7,9.778,47463.34063803
2024-03-27 03:00:00,9.779,9.78,9.697,9.711,38775.77670898
2024-03-27 04:00:00,9.712,9.747,9.647,9.68,32777.15087106
2024-03-27 05:00:00,9.679,9.715,9.67,9.709,42346.98950754
2024-03-27 06:00:00,9.71,9.737,9.642,9.675,48830.33066271
2024-03-27 07:00:00,9.676,9.685,9.501,9.536,152361.18641942
2024-03-27 08:00:00,9.537,9.593,9.442,9.459,120700.50075182
2024-03-27 09:00:00,9.46,9.549,9.382,9.542,176722.38554811
2024-03-27 10:00:00,9.541,9.586,9.52,9.567,108293.38501165
2024-03-27 11:00:00,9.566,9.629,9.531,9.615,93077.10257867
2024-03-27 12:00:00,9.617,9.655,9.55,9.619,130189.9304258
2024-03-27 13:00:00,9.621,9.824,9.52,9.561,721702.76788655
2024-03-27 14:00:00,9.564,9.598,9.318,9.596,795110.00120211
2024-03-27 15:00:00,9.597,9.599,9.385,9.387,329452.4948123
2024-03-27 16:00:00,9.386,9.505,9.343,9.496,209883.32276936
2024-03-27 17:00:00,9.496,9.573,9.427,9.457,116807.94912022
2024-03-27 18:00:00,9.456,9.473,9.314,9.324,139401.46564779
2024-03-27 19:00:00,9.323,9.433,9.323,9.413,125373.20068587
2024-03-27 20:00:00,9.409,9.465,9.404,9.448,68348.91627559
2024-03-27 21:00:00,9.446,9.487,9.436,9.437,89453.82187842
2024-03-27 22:00:00,9.437,9.507,9.436,9.499,64766.32749441
2024-03-27 23:00:00,9.501,9.501,9.403,9.447,77919.65563327
2024-03-28 00:00:00,9.452,9.523,9.424,9.493,84917.17743848
2024-03-28 01:00:00,9.493,9.507,9.346,9.395,91435.25370844
2024-03-28 02:00:00,9.396,9.448,9.315,9.366,68176.02771007
2024-03-28 03:00:00,9.367,9.411,9.3,9.371,113070.67289909
2024-03-28 04:00:00,9.369,9.487,9.359,9.482,120321.09685006
2024-03-28 05:00:00,9.483,9.494,9.452,9.471,28507.661555
2024-03-28 06:00:00,9.471,9.55,9.437,9.525,74808.47355037
2024-03-28 07:00:00,9.526,9.62,9.507,9.618,161179.79434009
2024-03-28 08:00:00,9.619,9.666,9.594,9.619,94140.32246532
2024-03-28 09:00:00,9.616,9.658,9.548,9.56,112056.6619832
2024-03-28 10:00:00,9.563,9.578,9.521,9.569,85332.00684656
2024-03-28 11:00:00,9.568,9.598,9.523,9.579,74048.6575493
2024-03-28 12:00:00,9.581,9.619,9.438,9.51,167049.7412734
2024-03-28 13:00:00,9.51,9.574,9.424,9.541,128468.44111636
2024-03-28 14:00:00,9.536,9.613,9.489,9.613,168199.10620783
2024-03-28 15:00:00,9.614,9.618,9.524,9.599,150117.27451199
2024-03-28 16:00:00,9.602,9.626,9.488,9.517,143393.11139264
2024-03-28 17:00:00,9.519,9.526,9.456,9.482,88145.85922607
2024-03-28 18:00:00,9.48,9.497,9.448,9.481,52989.79957545
2024-03-28 19:00:00,9.482,9.516,9.474,9.501,53258.62641756
2024-03-28 20:00:00,9.503,9.552,9.491,9.541,35651.24963159
2024-03-28 21:00:00,9.541,9.592,9.527,9.541,48441.09851231
2024-03-28 22:00:00,9.539,9.545,9.452,9.545,59992.80121091
2024-03-28 23:00:00,9.546,9.573,9.518,9.532,63885.36515043
2024-03-29 00:00:00,9.531,9.531,9.477,9.503,57875.7538438
2024-03-29 01:00:00,9.504,9.557,9.467,9.477,44775.64771946
2024-03-29 02:00:00,9.476,9.48,9.376,9.42,138530.67385774
2024-03-29 03:00:00,9.423,9.456,9.394,9.437,47857.80495542
2024-03-29 04:00:00,9.436,9.481,9.399,9.432,64793.04153923
2024-03-29 05:00:00,9.432,9.617,9.431,9.608,151210.01245094
2024-03-29 06:00:00,9.608,9.619,9.527,9.536,129742.99408537
2024-03-29 07:00:00,9.535,9.539,9.356,9.385,155633.41452861
2024-03-29 08:00:00,9.385,9.487,9.378,9.474,89883.16787833
2024-03-29 09:00:00,9.474,9.496,9.398,9.427,58394.53851359
2024-03-29 10:00:00,9.425,9.512,9.403,9.512,57408.68228446
2024-03-29 11:00:00,9.512,9.574,9.496,9.565,59867.9834748
2024-03-29 12:00:00,9.566,9.636,9.514,9.616,125624.50236115
2024-03-29 13:00:00,9.616,9.686,9.544,9.673,120370.13967298
2024-03-29 14:00:00,9.67,9.805,9.66,9.736,265967.40699619
2024-03-29 15:00:00,9.736,9.825,9.531,9.596,395228.19829992
2024-03-29 16:00:00,9.598,9.704,9.515,9.53,159516.96697548
2024-03-29 17:00:00,9.532,9.608,9.495,9.524,149448.65507466
2024-03-29 18:00:00,9.528,9.563,9.498,9.558,60593.94285717
2024-03-29 19:00:00,9.556,9.559,9.494,9.532,46181.51794924
2024-03-29 20:00:00,9.533,9.543,9.482,9.506,44058.85941131
2024-03-29 21:00:00,9.509,9.514,9.41,9.439,72260.93185988
2024-03-29 22:00:00,9.438,9.587,9.438,9.571,55342.97371252
2024-03-29 23:00:00,9.571,9.633,9.571,9.615,42688.52173352
2024-03-30 00:00:00,9.615,9.661,9.588,9.654,53480.89308068
2024-03-30 01:00:00,9.654,9.709,9.615,9.639,84866.42843185
2024-03-30 02:00:00,9.639,9.652,9.612,9.64,53560.54610026
2024-03-30 03:00:00,9.641,9.651,9.574,9.597,36914.71423857
2024-03-30 04:00:00,9.598,9.648,9.588,9.648,32041.82936473
2024-03-30 05:00:00,9.65,9.711,9.631,9.634,89740.82750397
2024-03-30 06:00:00,9.634,9.636,9.55,9.587,71710.13439215
2024-03-30 07:00:00,9.588,9.613,9.524,9.529,76890.54483074
2024-03-30 08:00:00,9.53,9.572,9.486,9.529,108908.5380996
2024-03-30 09:00:00,9.528,9.573,9.512,9.558,69300.78928054
2024-03-30 10:00:00,9.559,9.571,9.534,9.544,29131.45733204
2024-03-30 11:00:00,9.546,9.625,9.546,9.614,46744.81161743
2024-03-30 12:00:00,9.614,9.627,9.575,9.585,68488.10866571
2024-03-30 13:00:00,9.586,9.586,9.533,9.551,33684.21495984
2024-03-30 14:00:00,9.55,9.568,9.505,9.54,58933.61846266
2024-03-30 15:00:00,9.543,9.576,9.528,9.541,45790.16973252
2024-03-30 16:00:00,9.539,9.577,9.484,9.559,99767.59118776
2024-03-30 17:00:00,9.557,9.557,9.514,9.537,41974.39820094
2024-03-30 18:00:00,9.536,9.548,9.504,9.504,44158.00798375
2024-03-30 19:00:00,9.507,9.516,9.431,9.513,79358.41056657
2024-03-30 20:00:00,9.512,9.539,9.491,9.498,38355.94673452
2024-03-30 21:00:00,9.495,9.508,9.42,9.456,46510.01091819
2024-03-30 22:00:00,9.451,9.467,9.418,9.426,40139.7460247
2024-03-30 23:00:00,9.427,9.455,9.401,9.443,43981.57437966
2024-03-31 00:00:00,9.442,9.496,9.428,9.481,36453.77437778
2024-03-31 01:00:00,9.479,9.527,9.477,9.504,29144.39498922
2024-03-31 02:00:00,9.495,9.52,9.464,9.479,22521.72859327
2024-03-31 03:00:00,9.479,9.491,9.44,9.47,37127.2611253
2024-03-31 04:00:00,9.469,9.534,9.456,9.501,33694.49182538
2024-03-31 05:00:00,9.5,9.58,9.488,9.566,52305.65158204
2024-03-31 06:00:00,9.569,9.588,9.514,9.539,103330.39271299
2024-03-31 07:00:00,9.54,9.59,9.535,9.583,64638.2791119
2024-03-31 08:00:00,9.583,9.589,9.558,9.566,52786.35556867
2024-03-31 09:00:00,9.565,9.606,9.552,9.575,22815.81117182
2024-03-31 10:00:00,9.575,9.617,9.57,9.584,28286.74197024
2024-03-31 11:00:00,9.583,9.605,9.551,9.571,30186.48624758
2024-03-31 12:00:00,9.571,9.588,9.556,9.58,29747.03256357
2024-03-31 13:00:00,9.581,9.597,9.577,9.579,25868.30734043
2024-03-31 14:00:00,9.585,9.602,9.566,9.597,34077.23914135
2024-03-31 15:00:00,9.596,9.613,9.571,9.582,35174.38213362
2024-03-31 16:00:00,9.583,9.619,9.575,9.579,22877.74023171
2024-03-31 17:00:00,9.578,9.578,9.542,9.544,65367.1175762
2024-03-31 18:00:00,9.548,9.606,9.53,9.553,62323.55012787
2024-03-31 19:00:00,9.552,9.6,9.518,9.594,61535.77300682
2024-03-31 20:00:00,9.594,9.611,9.556,9.578,79232.4381746
2024-03-31 21:00:00,9.579,9.604,9.546,9.555,35158.99659199
2024-03-31 22:00:00,9.56,9.604,9.56,9.603,25137.45247161
2024-03-31 23:00:00,9.604,9.656,9.595,9.655,78611.42950597
2024-04-01 00:00:00,9.656,9.667,9.613,9.639,112794.75849873
2024-04-01 01:00:00,9.639,9.683,9.612,9.646,78521.67695757
2024-04-01 02:00:00,9.648,9.669,9.622,9.642,32437.64716029
2024-04-01 03:00:00,9.64,9.71,9.639,9.68,68838.74464829
2024-04-01 04:00:00,9.678,9.754,9.67,9.673,81569.6327152
2024-04-01 05:00:00,9.672,9.705,9.11,9.226,1198401.9138116
2024-04-01 06:00:00,9.223,9.382,9.187,9.322,315109.04043776
2024-04-01 07:00:00,9.321,9.38,9.31,9.354,102144.99534503
2024-04-01 08:00:00,9.351,9.351,9.223,9.25,208757.54731695
2024-04-01 09:00:00,9.255,9.297,9.242,9.25,82565.38369489
2024-04-01 10:00:00,9.25,9.263,9.193,9.256,123171.76490394
2024-04-01 11:00:00,9.253,9.294,9.202,9.202,91651.72586696
2024-04-01 12:00:00,9.201,9.287,9.189,9.286,99301.75373531
2024-04-01 13:00:00,9.286,9.352,9.229,9.322,105103.19854862
2024-04-01 14:00:00,9.321,9.348,9.075,9.103,318836.60768185
2024-04-01 15:00:00,9.104,9.149,8.953,9.014,737107.47231506
2024-04-01 16:00:00,9.013,9.089,8.993,9.034,148295.70043523
2024-04-01 17:00:00,9.032,9.053,8.954,9.044,90790.22835515
2024-04-01 18:00:00,9.044,9.057,8.936,9.047,133086.45452221
2024-04-01 19:00:00,9.048,9.178,9.033,9.17,110899.06207351
2024-04-01 20:00:00,9.17,9.18,9.123,9.17,96690.31094615
2024-04-01 21:00:00,9.17,9.181,9.139,9.156,47403.02462376
2024-04-01 22:00:00,9.157,9.187,9.144,9.181,26208.05368925
2024-04-01 23:00:00,9.177,9.203,9.155,9.157,25978.60348231
2024-04-02 00:00:00,9.157,9.158,9.034,9.073,69437.46633024
2024-04-02 01:00:00,9.074,9.14,9.046,9.112,52365.47340776
2024-04-02 02:00:00,9.114,9.115,8.604,8.813,883316.73870261
2024-04-02 03:00:00,8.812,8.862,8.717,8.758,245500.18894486
2024-04-02 04:00:00,8.759,8.793,8.719,8.755,117931.89982385
2024-04-02 05:00:00,8.753,8.759,8.659,8.759,208899.94707556
2024-04-02 06:00:00,8.758,8.872,8.745,8.827,103239.50867316
2024-04-02 07:00:00,8.827,8.828,8.752,8.757,106572.7806479
2024-04-02 08:00:00,8.757,8.785,8.601,8.626,193230.37680891
2024-04-02 09:00:00,8.622,8.701,8.543,8.627,336526.25625038
2024-04-02 10:00:00,8.621,8.624,8.482,8.539,335816.04482807
2024-04-02 11:00:00,8.538,8.554,8.391,8.524,328573.1838966
2024-04-02 12:00:00,8.518,8.593,8.497,8.52,87336.68160855
2024-04-02 13:00:00,8.52,8.522,8.381,8.481,294499.03524505
2024-04-02 14:00:00,8.481,8.606,8.477,8.546,143908.53325875
2024-04-02 15:00:00,8.547,8.616,8.446,8.465,131875.43739682
2024-04-02 16:00:00,8.464,8.574,8.43,8.554,176016.83203365
2024-04-02 17:00:00,8.555,8.585,8.511,8.581,64577.15109449
2024-04-02 18:00:00,8.579,8.61,8.552,8.588,71157.87993775
2024-04-02 19:00:00,8.588,8.68,8.57,8.61,94832.24819834
2024-04-02 20:00:00,8.605,8.669,8.59,8.615,116169.94225252
2024-04-02 21:00:00,8.617,8.633,8.548,8.604,41930.10874157
2024-04-02 22:00:00,8.605,8.677,8.585,8.658,51576.38834358
2024-04-02 23:00:00,8.657,8.663,8.575,8.59,31769.09493392
2024-04-03 00:00:00,8.591,8.634,8.347,8.566,293838.51987962
2024-04-03 01:00:00,8.566,8.7,8.475,8.678,159703.54427583
2024-04-03 02:00:00,8.677,8.703,8.614,8.65,62656.61100861
2024-04-03 03:00:00,8.649,8.669,8.599,8.649,61373.80964059
2024-04-03 04:00:00,8.65,8.698,8.637,8.678,128126.54381958
2024-04-03 05:00:00,8.679,8.685,8.611,8.643,55740.12363637
2024-04-03 06:00:00,8.643,8.741,8.64,8.709,94942.5452786
2024-04-03 07:00:00,8.708,8.768,8.694,8.71,93745.54106769
2024-04-03 08:00:00,8.709,8.762,8.634,8.749,65275.76022616
2024-04-03 09:00:00,8.749,8.793,8.716,8.755,129423.88436707
2024-04-03 10:00:00,8.752,8.756,8.654,8.753,201882.87899405
2024-04-03 11:00:00,8.752,8.758,8.679,8.695,120440.43137244
2024-04-03 12:00:00,8.695,8.708,8.615,8.638,84564.55113041
2024-04-03 13:00:00,8.637,8.678,8.577,8.604,70185.83279117
2024-04-03 14:00:00,8.606,8.767,8.606,8.752,148860.64581337
2024-04-03 15:00:00,8.756,8.756,8.541,8.547,260206.94949839
2024-04-03 16:00:00,8.548,8.617,8.525,8.555,62543.4703059
2024-04-03 17:00:00,8.552,8.571,8.44,8.485,87947.26225943
2024-04-03 18:00:00,8.482,8.496,8.389,8.482,105007.60820986
2024-04-03 19:00:00,8.483,8.501,8.416,8.418,81353.56766972
2024-04-03 20:00:00,8.417,8.424,8.335,8.384,87346.28878462
2024-04-03 21:00:00,8.382,8.455,8.298,8.433,133818.34449537
2024-04-03 22:00:00,8.434,8.472,8.423,8.453,43111.15777696
2024-04-03 23:00:00,8.453,8.479,8.424,8.426,34035.15209808
2024-04-04 00:00:00,8.425,8.54,8.41,8.529,79089.11645032
2024-04-04 01:00:00,8.529,8.564,8.459,8.498,125666.43363216
2024-04-04 02:00:00,8.5,8.504,8.357,8.423,136478.80128878
2024-04-04 03:00:00,8.422,8.436,8.342,8.351,108003.13721497
2024-04-04 04:00:00,8.352,8.37,8.277,8.361,151862.09400216
2024-04-04 05:00:00,8.362,8.451,8.361,8.432,142035.96116486
2024-04-04 06:00:00,8.429,8.487,8.427,8.46,78026.29005895
2024-04-04 07:00:00,8.46,8.52,8.415,8.461,340623.96716546
2024-04-04 08:00:00,8.464,8.521,8.454,8.513,113015.58703529
2024-04-04 09:00:00,8.512,8.522,8.466,8.507,76752.07916832
2024-04-04 10:00:00,8.506,8.54,8.492,8.496,86110.2074591
2024-04-04 11:00:00,8.497,8.508,8.469,8.479,70264.77984177
2024-04-04 12:00:00,8.478,8.559,8.468,8.538,92688.79746005
2024-04-04 13:00:00,8.54,8.674,8.54,8.623,140479.79864533
2024-04-04 14:00:00,8.623,8.669,8.592,8.642,135379.1568871
2024-04-04 15:00:00,8.639,8.645,8.584,8.622,81508.46370712
2024-04-04 16:00:00,8.623,8.68,8.605,8.636,86017.52829229
2024-04-04 17:00:00,8.637,8.708,8.627,8.696,90426.51405167
2024-04-04 18:00:00,8.697,8.726,8.594,8.601,262998.53603241
2024-04-04 19:00:00,8.604,8.613,8.516,8.525,178380.45839291
2024-04-04 20:00:00,8.525,8.533,8.37,8.468,412103.75517054
2024-04-04 21:00:00,8.468,8.482,8.406,8.452,71959.96289532
2024-04-04 22:00:00,8.452,8.485,8.418,8.459,47989.11026048
2024-04-04 23:00:00,8.459,8.504,8.449,8.499,28153.61603196
2024-04-05 00:00:00,8.499,8.519,8.457,8.518,136415.96485899
2024-04-05 01:00:00,8.519,8.519,8.415,8.446,96040.98068748
2024-04-05 02:00:00,8.448,8.448,8.287,8.327,125833.63956084
2024-04-05 03:00:00,8.328,8.436,8.323,8.431,61396.47381947
2024-04-05 04:00:00,8.433,8.433,8.32,8.357,75551.09552228
2024-04-05 05:00:00,8.358,8.371,8.209,8.307,141685.80600454
2024-04-05 06:00:00,8.306,8.34,8.279,8.291,85519.37122814
2024-04-05 07:00:00,8.291,8.303,8.231,8.287,51813.67337909
2024-04-05 08:00:00,8.288,8.417,8.279,8.304,144390.50041273
2024-04-05 09:00:00,8.304,8.304,8.172,8.221,183784.10168615
2024-04-05 10:00:00,8.22,8.243,8.145,8.241,113558.05126455
2024-04-05 11:00:00,8.241,8.244,8.129,8.137,76049.07476711
2024-04-05 12:00:00,8.138,8.257,8.088,8.252,248046.58624558
2024-04-05 13:00:00,8.251,8.316,8.204,8.299,98673.72998211
2024-04-05 14:00:00,8.296,8.397,8.275,8.373,127766.23571644
2024-04-05 15:00:00,8.373,8.419,8.333,8.417,82906.17467211
2024-04-05 16:00:00,8.416,8.432,8.367,8.397,60946.27609791
2024-04-05 17:00:00,8.396,8.401,8.346,8.357,29754.09707321
2024-04-05 18:00:00,8.359,8.413,8.332,8.409,36369.44228018
2024-04-05 19:00:00,8.41,8.448,8.384,8.387,47271.77136186
2024-04-05 20:00:00,8.385,8.455,8.381,8.425,18170.11902521
2024-04-05 21:00:00,8.419,8.427,8.396,8.401,18205.83829341
2024-04-05 22:00:00,8.399,8.409,8.367,8.37,20176.22247276
2024-04-05 23:00:00,8.372,8.416,8.367,8.39,14408.83447122
2024-04-06 00:00:00,8.39,8.434,8.348,8.395,27669.1276187
2024-04-06 01:00:00,8.398,8.46,8.385,8.391,29867.62297039
2024-04-06 02:00:00,8.391,8.43,8.372,8.42,23605.39050495
2024-04-06 03:00:00,8.421,8.462,8.421,8.459,26267.57581117
2024-04-06 04:00:00,8.46,8.465,8.418,8.457,18168.87747765
2024-04-06 05:00:00,8.457,8.489,8.455,8.47,17225.98052572
2024-04-06 06:00:00,8.47,8.485,8.445,8.485,19625.27026738
2024-04-06 07:00:00,8.484,8.484,8.417,8.439,56202.45179068
2024-04-06 08:00:00,8.436,8.484,8.428,8.483,45076.3632373
2024-04-06 09:00:00,8.482,8.506,8.419,8.432,49624.45841573
2024-04-06 10:00:00,8.434,8.463,8.425,8.453,20894.49903958
2024-04-06 11:00:00,8.453,8.457,8.403,8.406,43208.47161423
2024-04-06 12:00:00,8.406,8.419,8.385,8.408,45495.60981608
2024-04-06 13:00:00,8.409,8.409,8.34,8.355,68441.27792588
2024-04-06 14:00:00,8.352,8.399,8.349,8.393,63425.8905339
2024-04-06 15:00:00,8.391,8.451,8.367,8.439,98794.11770224
2024-04-06 16:00:00,8.435,8.485,8.434,8.471,84470.73452345
2024-04-06 17:00:00,8.471,8.491,8.432,8.441,56479.91921993
2024-04-06 18:00:00,8.443,8.458,8.42,8.429,22775.80152719
2024-04-06 19:00:00,8.43,8.453,8.402,8.423,23629.18103783
2024-04-06 20:00:00,8.422,8.457,8.409,8.456,16150.56795949
2024-04-06 21:00:00,8.456,8.475,8.453,8.459,27203.58707355
2024-04-06 22:00:00,8.459,8.523,8.459,8.522,54582.39413657
2024-04-06 23:00:00,8.522,8.571,8.491,8.501,102439.11534299
2024-04-07 00:00:00,8.503,8.535,8.469,8.525,43145.58539732
2024-04-07 01:00:00,8.526,8.6,8.52,8.592,49856.6140531
2024-04-07 02:00:00,8.592,8.623,8.581,8.595,46386.06081906
2024-04-07 03:00:00,8.597,8.665,8.595,8.649,69484.4820896
2024-04-07 04:00:00,8.648,8.675,8.609,8.624,100122.70672319
2024-04-07 05:00:00,8.627,8.678,8.624,8.653,46790.3723426
2024-04-07 06:00:00,8.653,8.653,8.609,8.617,72945.688452
2024-04-07 07:00:00,8.614,8.638,8.61,8.625,34978.07647508
2024-04-07 08:00:00,8.625,8.666,8.61,8.648,47091.15218265
2024-04-07 09:00:00,8.647,8.649,8.589,8.609,81290.13720889
2024-04-07 10:00:00,8.609,8.664,8.595,8.652,67595.75172795
2024-04-07 11:00:00,8.651,8.679,8.641,8.671,56964.3675327
2024-04-07 12:00:00,8.67,8.694,8.65,8.668,44453.2464385
2024-04-07 13:00:00,8.669,8.719,8.655,8.698,124584.42149701
2024-04-07 14:00:00,8.698,8.746,8.689,8.737,61188.53158434
2024-04-07 15:00:00,8.736,8.748,8.638,8.651,156243.75937529
2024-04-07 16:00:00,8.651,8.742,8.65,8.694,88741.15242889
2024-04-07 17:00:00,8.693,8.696,8.623,8.64,81400.25630607
2024-04-07 18:00:00,8.638,8.643,8.583,8.605,65389.84199107
2024-04-07 19:00:00,8.605,8.611,8.537,8.564,60333.51532148
2024-04-07 20:00:00,8.564,8.627,8.559,8.603,42489.06896158
2024-04-07 21:00:00,8.603,8.659,8.6,8.604,50273.58322203
2024-04-07 22:00:00,8.604,8.663,8.564,8.663,42120.60125992
2024-04-07 23:00:00,8.662,8.718,8.662,8.711,61220.97705518
2024-04-08 00:00:00,8.71,8.712,8.638,8.665,61644.4951744
2024-04-08 01:00:00,8.664,8.719,8.64,8.656,51267.7444223
2024-04-08 02:00:00,8.657,8.673,8.594,8.616,47593.89176978
2024-04-08 03:00:00,8.616,8.645,8.579,8.63,61433.35158564
2024-04-08 04:00:00,8.631,8.631,8.587,8.606,32604.34270891
2024-04-08 05:00:00,8.604,8.66,8.604,8.643,22685.61452732
2024-04-08 06:00:00,8.645,8.665,8.615,8.637,45536.5471884
2024-04-08 07:00:00,8.638,8.843,8.636,8.784,181910.20862795
2024-04-08 08:00:00,8.785,8.931,8.766,8.902,305498.69244241
2024-04-08 09:00:00,8.904,8.975,8.891,8.973,129041.67749813
2024-04-08 10:00:00,8.972,9.005,8.936,9.0,111891.02914587
2024-04-08 11:00:00,9.0,9.012,8.964,8.983,93444.61333697
2024-04-08 12:00:00,8.983,9.014,8.942,8.966,75035.61294504
2024-04-08 13:00:00,8.967,9.047,8.966,9.022,173123.77771118
2024-04-08 14:00:00,9.021,9.033,8.954,9.018,115347.48899308
2024-04-08 15:00:00,9.019,9.097,9.0,9.025,127008.25688934
2024-04-08 16:00:00,9.026,9.1,9.012,9.08,100003.8404313
2024-04-08 17:00:00,9.081,9.081,9.01,9.023,54607.2051306
2024-04-08 18:00:00,9.022,9.042,8.984,9.004,59896.78443286
2024-04-08 19:00:00,9.001,9.009,8.961,9.005,60534.13935417
2024-04-08 20:00:00,9.005,9.033,8.987,9.008,27090.37166967
2024-04-08 21:00:00,9.011,9.057,9.006,9.055,27460.80310373
2024-04-08 22:00:00,9.054,9.094,9.042,9.068,47184.34087501
2024-04-08 23:00:00,9.067,9.074,9.029,9.049,70679.81311073
2024-04-09 00:00:00,9.048,9.122,9.015,9.027,133958.52970725
2024-04-09 01:00:00,9.026,9.065,8.938,9.032,163116.4858755
2024-04-09 02:00:00,9.032,9.101,9.019,9.049,37248.14167947
2024-04-09 03:00:00,9.048,9.052,8.957,8.983,30348.24725915
2024-04-09 04:00:00,8.982,9.028,8.945,9.021,37481.02094538
2024-04-09 05:00:00,9.027,9.073,9.006,9.073,41056.92560428
2024-04-09 06:00:00,9.074,9.081,8.933,8.956,92657.4530902
2024-04-09 07:00:00,8.952,8.973,8.805,8.861,203238.32118413
2024-04-09 08:00:00,8.861,8.918,8.724,8.901,302036.51033241
2024-04-09 09:00:00,8.9,8.936,8.851,8.878,58974.77980208
2024-04-09 10:00:00,8.88,8.96,8.863,8.95,30765.24718072
2024-04-09 11:00:00,8.949,9.016,8.943,9.001,90358.67562619
2024-04-09 12:00:00,9.001,9.107,8.973,9.077,116299.02857066
2024-04-09 13:00:00,9.075,9.084,8.913,8.913,136358.61456111
2024-04-09 14:00:00,8.914,9.038,8.716,8.764,472211.84355819
2024-04-09 15:00:00,8.764,8.875,8.646,8.875,314108.78024682
2024-04-09 16:00:00,8.876,8.94,8.832,8.836,170103.33439417
2024-04-09 17:00:00,8.836,8.939,8.756,8.894,164446.8981585
2024-04-09 18:00:00,8.897,8.925,8.848,8.863,47485.12314685
2024-04-09 19:00:00,8.861,8.869,8.8,8.841,46189.1945122
2024-04-09 20:00:00,8.837,8.859,8.78,8.783,21910.62795937
2024-04-09 21:00:00,8.781,8.783,8.695,8.722,74774.85118492
2024-04-09 22:00:00,8.722,8.782,8.693,8.747,64912.86279755
2024-04-09 23:00:00,8.747,8.747,8.636,8.662,76344.96138908
2024-04-10 00:00:00,8.657,8.703,8.64,8.66,58118.26506196
2024-04-10 01:00:00,8.658,8.658,8.507,8.602,156300.31056719
2024-04-10 02:00:00,8.607,8.648,8.405,8.441,193488.28689436
2024-04-10 03:00:00,8.44,8.574,8.409,8.573,126020.21923644
2024-04-10 04:00:00,8.571,8.571,8.505,8.525,73248.31202719
2024-04-10 05:00:00,8.527,8.606,8.522,8.553,64280.24871143
2024-04-10 06:00:00,8.552,8.623,8.543,8.566,77396.97717006
2024-04-10 07:00:00,8.566,8.585,8.524,8.534,57725.83472329
2024-04-10 08:00:00,8.53,8.54,8.445,8.477,129769.92938763
2024-04-10 09:00:00,8.479,8.507,8.435,8.476,90582.05958708
2024-04-10 10:00:00,8.475,8.481,8.354,8.431,200785.05594698
2024-04-10 11:00:00,8.43,8.453,8.404,8.431,45833.89853509
2024-04-10 12:00:00,8.43,8.444,8.127,8.265,702411.17132104
2024-04-10 13:00:00,8.261,8.28,8.193,8.272,225024.57970374
2024-04-10 14:00:00,8.275,8.359,8.238,8.334,170246.38981505
2024-04-10 15:00:00,8.329,8.339,8.274,8.312,64587.69668747
2024-04-10 16:00:00,8.312,8.41,8.267,8.398,134804.67653022
2024-04-10 17:00:00,8.398,8.439,8.351,8.371,87269.56625122
2024-04-10 18:00:00,8.371,8.373,8.242,8.27,137808.58721136
2024-04-10 19:00:00,8.27,8.373,8.247,8.373,67618.73580036
2024-04-10 20:00:00,8.373,8.425,8.355,8.371,93760.91702771
2024-04-10 21:00:00,8.371,8.413,8.358,8.413,39539.33119703
2024-04-10 22:00:00,8.414,8.485,8.413,8.457,127592.52307868
2024-04-10 23:00:00,8.456,8.47,8.41,8.414,66176.49310881
2024-04-11 00:00:00,8.414,8.415,8.348,8.404,97798.89464068
2024-04-11 01:00:00,8.401,8.412,8.349,8.376,84542.22065295
2024-04-11 02:00:00,8.376,8.443,8.357,8.424,61004.84326168
2024-04-11 03:00:00,8.424,8.432,8.399,8.431,35008.27822923
2024-04-11 04:00:00,8.433,8.444,8.344,8.385,61429.06967348
2024-04-11 05:00:00,8.385,8.414,8.367,8.409,64037.92756939
2024-04-11 06:00:00,8.409,8.449,8.406,8.438,226691.61158557
2024-04-11 07:00:00,8.439,8.527,8.439,8.469,271385.30307088
2024-04-11 08:00:00,8.468,8.528,8.457,8.498,60642.83625616
2024-04-11 09:00:00,8.503,8.503,8.403,8.405,71773.44833517
2024-04-11 10:00:00,8.407,8.427,8.374,8.376,56694.64113758
2024-04-11 11:00:00,8.374,8.376,8.246,8.264,131634.8734306
2024-04-11 12:00:00,8.261,8.362,8.235,8.329,184754.71242308
2024-04-11 13:00:00,8.33,8.367,8.211,8.285,160661.65960951
2024-04-11 14:00:00,8.284,8.296,8.186,8.256,129846.53555448
2024-04-11 15:00:00,8.257,8.307,8.245,8.293,95553.23928424
2024-04-11 16:00:00,8.291,8.32,8.199,8.261,101965.47478553
2024-04-11 17:00:00,8.262,8.325,8.257,8.288,93516.05850897
2024-04-11 18:00:00,8.29,8.316,8.248,8.274,39544.88502558
2024-04-11 19:00:00,8.277,8.317,8.257,8.281,39258.58118796
2024-04-11 20:00:00,8.282,8.352,8.264,8.34,69731.40644943
2024-04-11 21:00:00,8.334,8.342,8.256,8.276,111254.00087593
2024-04-11 22:00:00,8.276,8.389,8.276,8.351,218790.06024658
2024-04-11 23:00:00,8.349,8.389,8.341,8.386,75522.45153657
2024-04-12 00:00:00,8.387,8.452,8.377,8.443,108386.99283042
2024-04-12 01:00:00,8.441,8.465,8.419,8.464,64195.1900773
2024-04-12 02:00:00,8.461,8.496,8.432,8.448,79499.56529897
2024-04-12 03:00:00,8.447,8.467,8.428,8.462,65271.18651644
2024-04-12 04:00:00,8.462,8.495,8.448,8.479,42734.79474433
2024-04-12 05:00:00,8.478,8.498,8.433,8.456,71704.57629203
2024-04-12 06:00:00,8.454,8.464,8.406,8.428,39239.46420647
2024-04-12 07:00:00,8.433,8.438,8.374,8.397,72548.52700337
2024-04-12 08:00:00,8.395,8.415,8.331,8.377,315981.21723809
2024-04-12 09:00:00,8.375,8.408,8.351,8.399,116815.9437453
2024-04-12 10:00:00,8.4,8.441,8.37,8.428,126727.66490642
2024-04-12 11:00:00,8.428,8.465,8.417,8.434,52785.18779263
2024-04-12 12:00:00,8.434,8.464,8.296,8.325,179315.70397769
2024-04-12 13:00:00,8.324,8.324,8.155,8.199,377891.69793834
2024-04-12 14:00:00,8.193,8.242,8.153,8.164,136721.62042206
2024-04-12 15:00:00,8.163,8.178,8.115,8.135,134575.91054816
2024-04-12 16:00:00,8.134,8.16,8.018,8.077,370392.1511648
2024-04-12 17:00:00,8.074,8.075,7.24,7.693,2668333.86727113
2024-04-12 18:00:00,7.684,7.717,6.062,6.082,5362650.67033039
2024-04-12 19:00:00,6.082,7.01,6.078,6.927,2893529.59397658
2024-04-12 20:00:00,6.927,7.148,6.891,7.125,860297.51542591
2024-04-12 21:00:00,7.125,7.211,7.061,7.21,336268.07056155
2024-04-12 22:00:00,7.209,7.25,7.142,7.193,543535.16837456
2024-04-12 23:00:00,7.193,7.278,7.159,7.242,407530.5250505
2024-04-13 00:00:00,7.241,7.305,7.217,7.238,288991.15418166
2024-04-13 01:00:00,7.238,7.238,6.963,6.991,384137.85086091
2024-04-13 02:00:00,6.987,7.108,6.987,7.085,342614.94207134
2024-04-13 03:00:00,7.085,7.159,7.049,7.142,169056.40202606
2024-04-13 04:00:00,7.141,7.277,7.098,7.268,160686.85659648
2024-04-13 05:00:00,7.267,7.33,7.244,7.245,156291.56914452
2024-04-13 06:00:00,7.245,7.321,7.245,7.311,112824.40759884
2024-04-13 07:00:00,7.312,7.324,7.231,7.245,162848.056621
2024-04-13 08:00:00,7.245,7.246,7.145,7.158,125081.66213586
2024-04-13 09:00:00,7.16,7.232,7.141,7.205,115176.40373186
2024-04-13 10:00:00,7.205,7.287,7.176,7.277,82594.68986647
2024-04-13 11:00:00,7.276,7.331,7.208,7.216,128112.29480193
2024-04-13 12:00:00,7.217,7.269,7.16,7.216,193443.11842789
2024-04-13 13:00:00,7.216,7.242,7.154,7.165,94731.53493319
2024-04-13 14:00:00,7.164,7.167,7.075,7.114,101258.81420824
2024-04-13 15:00:00,7.118,7.215,7.063,7.104,175612.08215823
2024-04-13 16:00:00,7.104,7.127,6.899,6.937,660926.8282216
2024-04-13 17:00:00,6.936,6.941,6.585,6.706,2689311.38998934
2024-04-13 18:00:00,6.706,6.923,6.628,6.904,996964.84067252
2024-04-13 19:00:00,6.901,6.921,6.135,6.409,2151150.51906478
2024-04-13 20:00:00,6.411,6.539,5.532,5.907,3690207.08830141
2024-04-13 21:00:00,5.909,6.193,5.803,6.184,621289.03475791
2024-04-13 22:00:00,6.182,6.49,6.09,6.377,463248.48319294
2024-04-13 23:00:00,6.373,6.505,6.367,6.401,267338.94381288
2024-04-14 00:00:00,6.403,6.427,6.198,6.259,420023.03640211
2024-04-14 01:00:00,6.262,6.408,6.198,6.361,238103.68628651
2024-04-14 02:00:00,6.36,6.396,6.28,6.347,146662.72037464
2024-04-14 03:00:00,6.346,6.41,6.196,6.386,238080.27621767
2024-04-14 04:00:00,6.388,6.583,6.348,6.552,234246.40200103
2024-04-14 05:00:00,6.551,6.674,6.53,6.614,225896.46105961
2024-04-14 06:00:00,6.615,6.721,6.573,6.717,195385.61514762
2024-04-14 07:00:00,6.716,6.779,6.669,6.776,205355.27207934
2024-04-14 08:00:00,6.776,6.823,6.737,6.764,229509.1880034
2024-04-14 09:00:00,6.762,6.801,6.697,6.734,552009.74655986
2024-04-14 10:00:00,6.734,6.806,6.734,6.782,329527.91003475
2024-04-14 11:00:00,6.784,6.8,6.574,6.609,210302.47577708
2024-04-14 12:00:00,6.607,6.721,6.584,6.649,158161.02889629
2024-04-14 13:00:00,6.649,6.702,6.539,6.545,351500.10553393
2024-04-14 14:00:00,6.544,6.606,6.443,6.509,626926.64672464
2024-04-14 15:00:00,6.507,6.627,6.504,6.565,239282.59966787
2024-04-14 16:00:00,6.563,6.741,6.541,6.63,149676.93296337
2024-04-14 17:00:00,6.631,6.691,6.362,6.527,603891.87145652
2024-04-14 18:00:00,6.531,6.698,6.505,6.666,214558.69898479
2024-04-14 19:00:00,6.665,6.69,6.585,6.607,178891.81673024
2024-04-14 20:00:00,6.607,6.659,6.506,6.525,106014.70777671
2024-04-14 21:00:00,6.526,6.571,6.489,6.553,54359.53535847
2024-04-14 22:00:00,6.551,6.877,6.549,6.857,196122.55741684
2024-04-14 23:00:00,6.856,6.932,6.841,6.859,139535.88949879
2024-04-15 00:00:00,6.854,6.854,6.713,6.745,108243.8817918
2024-04-15 01:00:00,6.742,6.798,6.691,6.772,78297.86786953
2024-04-15 02:00:00,6.772,6.774,6.667,6.718,72881.34333692
2024-04-15 03:00:00,6.717,6.784,6.699,6.747,69930.98203573
2024-04-15 04:00:00,6.747,6.762,6.672,6.736,67697.4877881
2024-04-15 05:00:00,6.736,6.878,6.736,6.865,78558.58277178
2024-04-15 06:00:00,6.863,7.121,6.842,7.106,229372.33102231
2024-04-15 07:00:00,7.104,7.168,7.059,7.128,162479.25053774
2024-04-15 08:00:00,7.126,7.177,7.094,7.106,130196.23218867
2024-04-15 09:00:00,7.105,7.184,7.06,7.139,75434.79659577
2024-04-15 10:00:00,7.141,7.212,7.12,7.19,106844.0123231
2024-04-15 11:00:00,7.187,7.206,7.068,7.072,138615.02494053
2024-04-15 12:00:00,7.072,7.131,7.058,7.119,67929.6334921
2024-04-15 13:00:00,7.119,7.167,7.027,7.041,91864.02916496
2024-04-15 14:00:00,7.043,7.101,6.823,6.83,285073.30869315
2024-04-15 15:00:00,6.832,6.896,6.745,6.878,319074.08337435
2024-04-15 16:00:00,6.878,6.919,6.735,6.747,175488.91451215
2024-04-15 17:00:00,6.747,6.855,6.628,6.689,422455.72482533
2024-04-15 18:00:00,6.686,6.724,6.514,6.516,323694.4754985
2024-04-15 19:00:00,6.517,6.759,6.438,6.709,420830.96326149
2024-04-15 20:00:00,6.71,6.763,6.608,6.633,169559.26790089
2024-04-15 21:00:00,6.632,6.721,6.577,6.715,132791.70597498
2024-04-15 22:00:00,6.714,6.762,6.645,6.747,75618.74101785
2024-04-15 23:00:00,6.747,6.747,6.662,6.707,75573.63013739
2024-04-16 00:00:00,6.707,6.726,6.565,6.619,80218.76814327
2024-04-16 01:00:00,6.62,6.751,6.596,6.63,77891.56683236
2024-04-16 02:00:00,6.631,6.684,6.577,6.676,91877.41423056
2024-04-16 03:00:00,6.673,6.709,6.55,6.6,122871.67912194
2024-04-16 04:00:00,6.597,6.619,6.428,6.511,197971.56782065
2024-04-16 05:00:00,6.51,6.631,6.478,6.593,134452.86493488
2024-04-16 06:00:00,6.593,6.71,6.584,6.701,147877.94373126
2024-04-16 07:00:00,6.7,6.823,6.691,6.759,138791.86988397
2024-04-16 08:00:00,6.759,6.785,6.69,6.728,87175.68376484
2024-04-16 09:00:00,6.726,6.8,6.703,6.713,92644.92425476
2024-04-16 10:00:00,6.711,6.732,6.474,6.649,416801.83178294
2024-04-16 11:00:00,6.645,6.723,6.588,6.694,191492.73884476
2024-04-16 12:00:00,6.696,6.696,6.575,6.591,122133.15354437
2024-04-16 13:00:00,6.591,6.621,6.457,6.545,179599.67192317
2024-04-16 14:00:00,6.551,6.628,6.466,6.482,149115.96827985
2024-04-16 15:00:00,6.482,6.523,6.372,6.413,262501.90347758
2024-04-16 16:00:00,6.413,6.56,6.368,6.557,192587.29245718
2024-04-16 17:00:00,6.558,6.658,6.528,6.571,180842.7619848
2024-04-16 18:00:00,6.57,6.654,6.539,6.65,105405.01139719
2024-04-16 19:00:00,6.65,6.67,6.551,6.594,78646.5416408
2024-04-16 20:00:00,6.588,6.652,6.584,6.642,45890.93322196
2024-04-16 21:00:00,6.643,6.756,6.638,6.721,92475.75235569
2024-04-16 22:00:00,6.721,6.732,6.693,6.724,40582.49718966
2024-04-16 23:00:00,6.727,6.736,6.687,6.698,29760.71455207
2024-04-17 00:00:00,6.698,6.733,6.655,6.702,33736.57418455
2024-04-17 01:00:00,6.701,6.717,6.62,6.696,34589.14445412
2024-04-17 02:00:00,6.695,6.717,6.624,6.678,33427.80909657
2024-04-17 03:00:00,6.678,6.709,6.661,6.688,22930.21813851
2024-04-17 04:00:00,6.689,6.774,6.651,6.74,46851.42999281
2024-04-17 05:00:00,6.741,6.742,6.637,6.661,135452.10202341
2024-04-17 06:00:00,6.657,6.685,6.629,6.661,36464.78095212
2024-04-17 07:00:00,6.658,6.673,6.595,6.646,61792.08614521
2024-04-17 08:00:00,6.645,6.673,6.6,6.63,41343.39782646
2024-04-17 09:00:00,6.632,6.678,6.625,6.665,35917.34595853
2024-04-17 10:00:00,6.666,6.667,6.583,6.601,51771.87764801
2024-04-17 11:00:00,6.595,6.635,6.532,6.537,51580.35259271
2024-04-17 12:00:00,6.539,6.569,6.466,6.521,75998.53150975
2024-04-17 13:00:00,6.522,6.61,6.509,6.575,86180.03427581
2024-04-17 14:00:00,6.577,6.577,6.384,6.491,261519.87329665
2024-04-17 15:00:00,6.494,6.516,6.349,6.394,290648.38935783
2024-04-17 16:00:00,6.394,6.52,6.322,6.402,257447.14264203
2024-04-17 17:00:00,6.398,6.564,6.394,6.543,87870.83683339
2024-04-17 18:00:00,6.546,6.734,6.535,6.67,139852.36205788
2024-04-17 19:00:00,6.672,6.672,6.56,6.616,77795.62698488
2024-04-17 20:00:00,6.621,6.651,6.534,6.549,58543.3182156
2024-04-17 21:00:00,6.55,6.7,6.55,6.638,65817.45480852
2024-04-17 22:00:00,6.638,6.649,6.595,6.614,65037.17444279
2024-04-17 23:00:00,6.615,6.645,6.562,6.577,46907.5032477
2024-04-18 00:00:00,6.575,6.616,6.443,6.571,142081.91006958
2024-04-18 01:00:00,6.571,6.646,6.567,6.631,103784.52436889
2024-04-18 02:00:00,6.632,6.668,6.589,6.654,49615.47049686
2024-04-18 03:00:00,6.654,6.718,6.653,6.666,50112.53079127
2024-04-18 04:00:00,6.666,6.7,6.636,6.654,34282.34328517
2024-04-18 05:00:00,6.652,6.697,6.616,6.627,87350.11269941
2024-04-18 06:00:00,6.625,6.649,6.485,6.542,117089.39085385
2024-04-18 07:00:00,6.545,6.577,6.477,6.523,76140.5551524
2024-04-18 08:00:00,6.524,6.601,6.469,6.575,97960.74521096
2024-04-18 09:00:00,6.578,6.638,6.562,6.619,71310.30147774
2024-04-18 10:00:00,6.62,6.631,6.58,6.618,44471.43603744
2024-04-18 11:00:00,6.619,6.747,6.619,6.686,120137.32695666
2024-04-18 12:00:00,6.687,6.701,6.575,6.625,89885.37424197
2024-04-18 13:00:00,6.625,6.659,6.565,6.648,71588.36039891
2024-04-18 14:00:00,6.65,6.778,6.603,6.748,186091.93165369
2024-04-18 15:00:00,6.748,6.793,6.712,6.75,112422.94560428
2024-04-18 16:00:00,6.749,6.794,6.713,6.724,112231.047018
2024-04-18 17:00:00,6.725,6.736,6.647,6.657,74872.04241226
2024-04-18 18:00:00,6.654,6.724,6.611,6.712,56594.32928891
2024-04-18 19:00:00,6.712,6.761,6.701,6.757,33490.37109997
2024-04-18 20:00:00,6.757,6.773,6.725,6.77,30257.59440622
2024-04-18 21:00:00,6.772,6.803,6.766,6.772,55090.62433363
2024-04-18 22:00:00,6.771,6.826,6.751,6.798,43069.22597825
2024-04-18 23:00:00,6.796,6.815,6.768,6.784,61428.52167428
2024-04-19 00:00:00,6.783,6.783,6.706,6.706,115346.63432096
2024-04-19 01:00:00,6.708,6.71,6.421,6.457,328763.65012878
2024-04-19 02:00:00,6.456,6.486,6.271,6.456,404348.96756471
2024-04-19 03:00:00,6.455,6.562,6.441,6.499,409426.98378715
2024-04-19 04:00:00,6.499,6.618,6.491,6.569,107001.6053857
2024-04-19 05:00:00,6.563,6.589,6.48,6.519,93988.99218769
2024-04-19 06:00:00,6.518,6.801,6.49,6.792,223128.60358862
2024-04-19 07:00:00,6.795,6.857,6.688,6.715,209471.99285122
2024-04-19 08:00:00,6.715,6.811,6.676,6.787,185334.8458838
2024-04-19 09:00:00,6.786,6.851,6.772,6.822,92700.78638634
2024-04-19 10:00:00,6.825,6.854,6.774,6.824,87002.00180368
2024-04-19 11:00:00,6.83,6.919,6.814,6.828,273919.01546267
2024-04-19 12:00:00,6.831,6.838,6.764,6.781,108120.17912177
2024-04-19 13:00:00,6.779,6.812,6.724,6.777,109860.64651781
2024-04-19 14:00:00,6.783,6.809,6.701,6.769,96937.58905772
2024-04-19 15:00:00,6.766,6.831,6.756,6.805,52158.67418895
2024-04-19 16:00:00,6.804,6.819,6.706,6.776,121508.9895063
2024-04-19 17:00:00,6.777,6.826,6.746,6.798,41845.77552651
2024-04-19 18:00:00,6.795,6.797,6.733,6.756,36447.18669154
2024-04-19 19:00:00,6.751,6.793,6.745,6.789,33655.49843934
2024-04-19 20:00:00,6.788,6.788,6.705,6.73,43679.81619352
2024-04-19 21:00:00,6.731,6.768,6.729,6.768,20790.07177686
2024-04-19 22:00:00,6.768,6.799,6.715,6.715,38231.1233742
2024-04-19 23:00:00,6.715,6.72,6.577,6.679,198926.79706544
2024-04-20 00:00:00,6.679,6.74,6.633,6.643,97707.60862597
2024-04-20 01:00:00,6.64,6.755,6.607,6.734,84093.68691268
2024-04-20 02:00:00,6.734,6.764,6.716,6.721,34367.8508884
2024-04-20 03:00:00,6.721,6.74,6.697,6.733,41304.7760839
2024-04-20 04:00:00,6.733,6.795,6.721,6.761,48879.25943773
2024-04-20 05:00:00,6.76,6.772,6.738,6.769,27350.56486712
2024-04-20 06:00:00,6.767,6.819,6.756,6.804,31798.93130654
2024-04-20 07:00:00,6.804,6.835,6.796,6.813,68501.42740231
2024-04-20 08:00:00,6.814,6.814,6.755,6.783,94423.40605139
2024-04-20 09:00:00,6.787,6.796,6.725,6.753,43979.37374
2024-04-20 10:00:00,6.752,6.778,6.712,6.737,56932.40831855
2024-04-20 11:00:00,6.739,6.768,6.722,6.748,31189.74106746
2024-04-20 12:00:00,6.749,6.795,6.717,6.762,37026.7845781
2024-04-20 13:00:00,6.765,6.801,6.757,6.787,35842.73513639
2024-04-20 14:00:00,6.784,6.81,6.761,6.8,32090.74067486
2024-04-20 15:00:00,6.799,6.967,6.782,6.967,75737.72334301
2024-04-20 16:00:00,6.967,7.062,6.941,7.023,157691.86941464
2024-04-20 17:00:00,7.025,7.198,7.024,7.196,146451.17161831
2024-04-20 18:00:00,7.197,7.233,7.156,7.18,149074.86499458
2024-04-20 19:00:00,7.183,7.25,7.154,7.243,61555.92607205
2024-04-20 20:00:00,7.242,7.267,7.205,7.234,54273.17909823
2024-04-20 21:00:00,7.236,7.281,7.222,7.238,38857.94830492
2024-04-20 22:00:00,7.239,7.248,7.174,7.174,53377.994344
2024-04-20 23:00:00,7.173,7.239,7.173,7.239,41186.90459895
2024-04-21 00:00:00,7.239,7.245,7.137,7.163,64175.07452343
2024-04-21 01:00:00,7.165,7.241,7.164,7.197,28933.80380801
2024-04-21 02:00:00,7.196,7.276,7.19,7.251,59569.65856096
2024-04-21 03:00:00,7.251,7.286,7.197,7.204,63417.57838466
2024-04-21 04:00:00,7.202,7.219,7.162,7.2,44576.98592711
2024-04-21 05:00:00,7.202,7.234,7.175,7.195,22131.909764
2024-04-21 06:00:00,7.192,7.218,7.176,7.19,21348.35344852
2024-04-21 07:00:00,7.189,7.198,7.149,7.182,23065.40092221
2024-04-21 08:00:00,7.182,7.2,7.16,7.163,28294.33120146
2024-04-21 09:00:00,7.162,7.197,7.145,7.171,35475.76352107
2024-04-21 10:00:00,7.172,7.177,7.124,7.167,29407.46593483
2024-04-21 11:00:00,7.168,7.215,7.152,7.181,51861.77301787
2024-04-21 12:00:00,7.18,7.182,7.115,7.13,25700.66988949
2024-04-21 13:00:00,7.131,7.146,7.049,7.076,108271.07534361
2024-04-21 14:00:00,7.077,7.109,7.066,7.075,38947.58991185
2024-04-21 15:00:00,7.074,7.128,7.074,7.113,39381.25671227
2024-04-21 16:00:00,7.114,7.125,6.959,7.037,163229.9623932
2024-04-21 17:00:00,7.041,7.084,7.001,7.075,51433.56355889
2024-04-21 18:00:00,7.074,7.088,7.038,7.088,37607.64836399
2024-04-21 19:00:00,7.087,7.114,7.06,7.088,27321.03694117
2024-04-21 20:00:00,7.083,7.153,7.065,7.153,64186.44339119
2024-04-21 21:00:00,7.155,7.202,7.122,7.135,55351.40663291
2024-04-21 22:00:00,7.134,7.191,7.125,7.138,40008.53952134
2024-04-21 23:00:00,7.134,7.144,7.111,7.135,34026.81954128
2024-04-22 00:00:00,7.135,7.209,7.101,7.133,57501.2532524
2024-04-22 01:00:00,7.131,7.219,7.085,7.131,137812.81779993
2024-04-22 02:00:00,7.135,7.166,7.095,7.142,66632.98100675
2024-04-22 03:00:00,7.144,7.315,7.137,7.268,132485.51097292
2024-04-22 04:00:00,7.272,7.322,7.255,7.299,84853.73303458
2024-04-22 05:00:00,7.3,7.454,7.294,7.452,210761.57622024
2024-04-22 06:00:00,7.45,7.528,7.427,7.485,163309.70546958
2024-04-22 07:00:00,7.486,7.519,7.43,7.433,108233.51618075
2024-04-22 08:00:00,7.438,7.492,7.414,7.427,117793.91848162
2024-04-22 09:00:00,7.428,7.488,7.415,7.488,47310.77055605
2024-04-22 10:00:00,7.487,7.58,7.481,7.513,112903.88951765
2024-04-22 11:00:00,7.512,7.512,7.414,7.437,113512.85536537
2024-04-22 12:00:00,7.439,7.467,7.401,7.434,93611.35916359
2024-04-22 13:00:00,7.435,7.449,7.361,7.417,84569.06176818
2024-04-22 14:00:00,7.417,7.476,7.386,7.405,66548.4469003
2024-04-22 15:00:00,7.404,7.462,7.336,7.446,88483.60548218
2024-04-22 16:00:00,7.445,7.478,7.379,7.405,79901.47990994
2024-04-22 17:00:00,7.405,7.464,7.392,7.44,81034.92742749
2024-04-22 18:00:00,7.441,7.478,7.422,7.453,92881.32456279
2024-04-22 19:00:00,7.452,7.492,7.414,7.484,46485.98676315
2024-04-22 20:00:00,7.483,7.529,7.462,7.498,59325.69411949
2024-04-22 21:00:00,7.499,7.523,7.491,7.505,38465.1388082
2024-04-22 22:00:00,7.507,7.545,7.496,7.541,40174.21069499
2024-04-22 23:00:00,7.542,7.558,7.463,7.463,41471.08000413
2024-04-23 00:00:00,7.464,7.532,7.457,7.499,44621.89906582
2024-04-23 01:00:00,7.499,7.503,7.463,7.463,42236.50333793
2024-04-23 02:00:00,7.463,7.495,7.409,7.424,79976.39782553
2024-04-23 03:00:00,7.427,7.443,7.359,7.38,116285.16027219
2024-04-23 04:00:00,7.38,7.42,7.335,7.376,192875.52205569
2024-04-23 05:00:00,7.375,7.464,7.372,7.455,114854.78234084
2024-04-23 06:00:00,7.458,7.479,7.378,7.402,123784.70525628
2024-04-23 07:00:00,7.403,7.419,7.315,7.358,120123.83325587
2024-04-23 08:00:00,7.365,7.44,7.333,7.418,77249.58784024
2024-04-23 09:00:00,7.421,7.429,7.379,7.408,39458.85195332
2024-04-23 10:00:00,7.408,7.449,7.397,7.404,46500.29483585
2024-04-23 11:00:00,7.407,7.41,7.33,7.368,118722.29844072
2024-04-23 12:00:00,7.367,7.398,7.34,7.384,62213.79478614
2024-04-23 13:00:00,7.384,7.417,7.312,7.399,82861.1933762
2024-04-23 14:00:00,7.4,7.54,7.391,7.524,226522.43482723
2024-04-23 15:00:00,7.525,7.529,7.394,7.412,112367.64062195
2024-04-23 16:00:00,7.413,7.437,7.387,7.395,101935.22885328
2024-04-23 17:00:00,7.393,7.425,7.37,7.391,55692.44366037
2024-04-23 18:00:00,7.39,7.403,7.334,7.371,180361.6966354
2024-04-23 19:00:00,7.372,7.388,7.348,7.385,44168.60414815
2024-04-23 20:00:00,7.384,7.392,7.307,7.342,152335.58151677
2024-04-23 21:00:00,7.34,7.34,7.203,7.249,186141.68387439
2024-04-23 22:00:00,7.249,7.282,7.223,7.239,91247.87193656
2024-04-23 23:00:00,7.239,7.25,7.201,7.239,54000.14240806
2024-04-24 00:00:00,7.239,7.278,7.211,7.27,68660.41092922
2024-04-24 01:00:00,7.272,7.31,7.267,7.29,53483.17913832
2024-04-24 02:00:00,7.291,7.301,7.219,7.262,59441.64075452
2024-04-24 03:00:00,7.261,7.304,7.255,7.286,26612.35071215
2024-04-24 04:00:00,7.288,7.415,7.277,7.409,56985.46626375
2024-04-24 05:00:00,7.411,7.447,7.362,7.389,101396.94709405
2024-04-24 06:00:00,7.392,7.454,7.356,7.425,35312.90065365
2024-04-24 07:00:00,7.422,7.447,7.401,7.418,30461.32573793
2024-04-24 08:00:00,7.417,7.477,7.408,7.472,31957.77993406
2024-04-24 09:00:00,7.473,7.481,7.412,7.457,54316.98769112
2024-04-24 10:00:00,7.453,7.497,7.409,7.446,51803.25535255
2024-04-24 11:00:00,7.441,7.458,7.39,7.423,92182.16752067
2024-04-24 12:00:00,7.425,7.446,7.362,7.367,49064.17728648
2024-04-24 13:00:00,7.362,7.362,7.171,7.188,220159.84353644
2024-04-24 14:00:00,7.187,7.234,7.014,7.118,433449.41015881
2024-04-24 15:00:00,7.119,7.119,7.009,7.026,167034.95699979
2024-04-24 16:00:00,7.024,7.065,6.955,7.03,182587.53221018
2024-04-24 17:00:00,7.029,7.123,7.015,7.099,101016.09029102
2024-04-24 18:00:00,7.098,7.099,6.984,7.016,131565.98743301
2024-04-24 19:00:00,7.016,7.071,6.954,7.041,97837.15593991
2024-04-24 20:00:00,7.034,7.045,6.956,6.984,212152.08909628
2024-04-24 21:00:00,6.985,7.019,6.948,7.014,47345.59485311
2024-04-24 22:00:00,7.016,7.019,6.867,6.908,98360.17065445
2024-04-24 23:00:00,6.909,6.937,6.849,6.924,113232.66101289
2024-04-25 00:00:00,6.926,6.989,6.909,6.963,71095.81006836
2024-04-25 01:00:00,6.964,6.993,6.886,6.886,76641.58167829
2024-04-25 02:00:00,6.885,6.966,6.839,6.96,128429.81524513
2024-04-25 03:00:00,6.959,6.981,6.891,6.922,96208.59165107
2024-04-25 04:00:00,6.919,6.963,6.824,6.95,170266.27174382
2024-04-25 05:00:00,6.951,6.977,6.906,6.943,82460.02576076
2024-04-25 06:00:00,6.943,6.972,6.922,6.928,35224.28573793
2024-04-25 07:00:00,6.927,6.946,6.85,6.879,94100.57714463
2024-04-25 08:00:00,6.881,6.899,6.822,6.846,78970.09997233
2024-04-25 09:00:00,6.847,6.898,6.822,6.846,82955.70703486
2024-04-25 10:00:00,6.843,6.843,6.737,6.742,214900.39633711
2024-04-25 11:00:00,6.741,6.841,6.731,6.819,100021.30455845
2024-04-25 12:00:00,6.819,6.869,6.731,6.748,136398.52930017
2024-04-25 13:00:00,6.748,6.793,6.696,6.779,138583.95269979
2024-04-25 14:00:00,6.779,6.849,6.77,6.805,101797.08514422
2024-04-25 15:00:00,6.805,6.919,6.79,6.909,113824.9536526
2024-04-25 16:00:00,6.909,6.934,6.867,6.916,62495.50480395
2024-04-25 17:00:00,6.918,6.956,6.9,6.946,51251.71537306
2024-04-25 18:00:00,6.949,6.957,6.91,6.955,53969.11187656
2024-04-25 19:00:00,6.954,6.958,6.904,6.926,60650.03033233
2024-04-25 20:00:00,6.929,6.963,6.904,6.945,51271.68771815
2024-04-25 21:00:00,6.942,6.974,6.92,6.927,49824.00641812
2024-04-25 22:00:00,6.928,6.928,6.842,6.848,63399.87276351
2024-04-25 23:00:00,6.849,6.867,6.821,6.857,41274.76483941
2024-04-26 00:00:00,6.856,6.863,6.761,6.803,121582.23238936
2024-04-26 01:00:00,6.805,6.879,6.724,6.853,120586.73211795
2024-04-26 02:00:00,6.854,6.89,6.825,6.839,64898.38739313
2024-04-26 03:00:00,6.841,6.878,6.824,6.838,46359.09645074
2024-04-26 04:00:00,6.838,6.874,6.806,6.844,44476.2717485
2024-04-26 05:00:00,6.844,6.918,6.837,6.915,38170.70996686
2024-04-26 06:00:00,6.915,6.92,6.858,6.872,60144.78921171
2024-04-26 07:00:00,6.872,6.89,6.818,6.851,102384.21164276
2024-04-26 08:00:00,6.85,6.897,6.829,6.846,67233.0550851
2024-04-26 09:00:00,6.848,6.896,6.836,6.872,54776.77050223
2024-04-26 10:00:00,6.871,6.885,6.829,6.85,77563.6028957
2024-04-26 11:00:00,6.849,6.917,6.848,6.879,57617.36469756
2024-04-26 12:00:00,6.88,6.943,6.83,6.856,68066.63240482
2024-04-26 13:00:00,6.857,6.917,6.765,6.909,128253.60770964
2024-04-26 14:00:00,6.908,6.947,6.788,6.806,168361.27977845
2024-04-26 15:00:00,6.806,6.828,6.715,6.804,246059.63558439
2024-04-26 16:00:00,6.805,6.83,6.77,6.806,47915.37092649
2024-04-26 17:00:00,6.806,6.837,6.788,6.83,66222.20543612
2024-04-26 18:00:00,6.83,6.863,6.814,6.861,33923.84825059
2024-04-26 19:00:00,6.862,6.868,6.841,6.843,31658.60005788
2024-04-26 20:00:00,6.843,6.892,6.842,6.852,38874.04302556
2024-04-26 21:00:00,6.852,6.864,6.802,6.835,103673.52432189
2024-04-26 22:00:00,6.834,6.834,6.71,6.728,64088.75791923
2024-04-26 23:00:00,6.727,6.764,6.723,6.761,25018.06464896
2024-04-27 00:00:00,6.762,6.784,6.658,6.715,135581.88424768
2024-04-27 01:00:00,6.719,6.722,6.502,6.6,451690.46342935
2024-04-27 02:00:00,6.598,6.706,6.581,6.681,74427.22375609
2024-04-27 03:00:00,6.682,6.729,6.677,6.712,54491.45646823
2024-04-27 04:00:00,6.71,6.765,6.698,6.752,63904.05770546
2024-04-27 05:00:00,6.754,6.761,6.703,6.711,56272.80498182
2024-04-27 06:00:00,6.713,6.74,6.675,6.69,66143.32992135
2024-04-27 07:00:00,6.689,6.712,6.653,6.656,52479.69365564
2024-04-27 08:00:00,6.656,6.667,6.621,6.645,100029.45009452
2024-04-27 09:00:00,6.647,6.691,6.635,6.667,38596.60923546
2024-04-27 10:00:00,6.668,6.668,6.604,6.615,86495.99277602
2024-04-27 11:00:00,6.614,6.633,6.578,6.605,102179.57055073
2024-04-27 12:00:00,6.603,6.669,6.593,6.642,40901.00402776
2024-04-27 13:00:00,6.642,6.692,6.632,6.688,35215.42421221
2024-04-27 14:00:00,6.689,6.72,6.659,6.664,41460.22002807
2024-04-27 15:00:00,6.664,6.683,6.618,6.638,39952.14123826
2024-04-27 16:00:00,6.638,6.665,6.62,6.644,55163.70813646
2024-04-27 17:00:00,6.644,6.832,6.644,6.824,98977.79216336
2024-04-27 18:00:00,6.824,6.86,6.706,6.776,126028.21305023
2024-04-27 19:00:00,6.777,6.793,6.743,6.791,39210.08747038
2024-04-27 20:00:00,6.792,6.8,6.753,6.786,18409.33470584
2024-04-27 21:00:00,6.786,6.786,6.735,6.747,79612.59867753
2024-04-27 22:00:00,6.747,6.757,6.729,6.737,29657.70316778
2024-04-27 23:00:00,6.736,6.808,6.735,6.798,45332.96787736
2024-04-28 00:00:00,6.8,6.859,6.796,6.846,51414.01789844
2024-04-28 01:00:00,6.842,6.873,6.825,6.869,33455.67412226
2024-04-28 02:00:00,6.87,6.942,6.863,6.929,61662.57940168
2024-04-28 03:00:00,6.929,6.94,6.905,6.909,57128.97413395
2024-04-28 04:00:00,6.909,6.91,6.877,6.884,37769.9206957
2024-04-28 05:00:00,6.884,6.905,6.876,6.896,38412.0746774
2024-04-28 06:00:00,6.896,6.932,6.879,6.918,38925.59893126
2024-04-28 07:00:00,6.919,6.939,6.904,6.921,31951.78484688
2024-04-28 08:00:00,6.922,6.931,6.861,6.894,51923.62917626
2024-04-28 09:00:00,6.894,6.92,6.863,6.883,34589.80570598
2024-04-28 10:00:00,6.883,6.892,6.834,6.858,81580.47787072
2024-04-28 11:00:00,6.858,6.861,6.798,6.808,48672.30456394
2024-04-28 12:00:00,6.807,6.836,6.796,6.831,56904.57564183
2024-04-28 13:00:00,6.83,6.879,6.82,6.856,49729.75591356
2024-04-28 14:00:00,6.856,6.872,6.823,6.851,32910.97664826
2024-04-28 15:00:00,6.851,6.868,6.838,6.844,42236.36315534
2024-04-28 16:00:00,6.845,6.892,6.836,6.871,67561.09273067
2024-04-28 17:00:00,6.871,6.888,6.856,6.878,47604.06370597
2024-04-28 18:00:00,6.877,6.908,6.835,6.902,90353.88970168
2024-04-28 19:00:00,6.903,6.903,6.852,6.859,96433.21874186
2024-04-28 20:00:00,6.857,6.872,6.842,6.871,24449.83672009
2024-04-28 21:00:00,6.871,6.88,6.853,6.857,18006.66376662
2024-04-28 22:00:00,6.856,6.87,6.75,6.768,149596.4377123
2024-04-28 23:00:00,6.768,6.768,6.681,6.722,113452.08580167
2024-04-29 00:00:00,6.721,6.782,6.708,6.779,43076.84123297
2024-04-29 01:00:00,6.78,6.819,6.753,6.805,35117.61438003
2024-04-29 02:00:00,6.806,6.819,6.697,6.725,162491.43459429
2024-04-29 03:00:00,6.722,6.74,6.651,6.657,101519.36620942
2024-04-29 04:00:00,6.653,6.725,6.633,6.713,73008.51328366
2024-04-29 05:00:00,6.713,6.713,6.648,6.689,28295.94207324
2024-04-29 06:00:00,6.69,6.69,6.505,6.549,208499.46405945
2024-04-29 07:00:00,6.55,6.591,6.541,6.575,50025.28328185
2024-04-29 08:00:00,6.572,6.576,6.501,6.525,113506.52511328
2024-04-29 09:00:00,6.525,6.562,6.499,6.532,55179.70294513
2024-04-29 10:00:00,6.531,6.561,6.478,6.504,84214.16007062
2024-04-29 11:00:00,6.505,6.526,6.484,6.504,46802.29152114
2024-04-29 12:00:00,6.501,6.563,6.466,6.556,165469.46605274
2024-04-29 13:00:00,6.559,6.58,6.477,6.5,131158.89116362
2024-04-29 14:00:00,6.501,6.617,6.486,6.604,72063.2210692
2024-04-29 15:00:00,6.604,6.637,6.585,6.627,140274.32100323
2024-04-29 16:00:00,6.627,6.635,6.548,6.558,96069.50810921
2024-04-29 17:00:00,6.555,6.608,6.554,6.59,39637.34953508
2024-04-29 18:00:00,6.589,6.592,6.533,6.556,31481.11674946
2024-04-29 19:00:00,6.554,6.559,6.511,6.557,38927.49496819
2024-04-29 20:00:00,6.558,6.596,6.537,6.55,29871.6167015
2024-04-29 21:00:00,6.547,6.554,6.495,6.52,41558.96652611
2024-04-29 22:00:00,6.519,6.638,6.517,6.622,61831.16232178
2024-04-29 23:00:00,6.62,6.659,6.576,6.581,97911.25736013
2024-04-30 00:00:00,6.583,6.663,6.547,6.647,105131.17379515
2024-04-30 01:00:00,6.649,6.651,6.517,6.522,72141.01056203
2024-04-30 02:00:00,6.519,6.616,6.455,6.582,139474.87421281
2024-04-30 03:00:00,6.58,6.602,6.551,6.565,37354.82842527
2024-04-30 04:00:00,6.564,6.576,6.538,6.548,25370.64919223
2024-04-30 05:00:00,6.553,6.583,6.521,6.569,75038.42868887
2024-04-30 06:00:00,6.566,6.596,6.557,6.583,100430.26090502
2024-04-30 07:00:00,6.584,6.597,6.534,6.536,41728.88410561
2024-04-30 08:00:00,6.537,6.554,6.356,6.39,312106.40630055
2024-04-30 09:00:00,6.389,6.439,6.364,6.366,176068.59147677
2024-04-30 10:00:00,6.364,6.392,6.335,6.37,128843.54423624
2024-04-30 11:00:00,6.367,6.367,6.242,6.271,316669.28281585
2024-04-30 12:00:00,6.267,6.296,6.14,6.222,312016.89163771
2024-04-30 13:00:00,6.219,6.239,6.168,6.186,123688.41520901
2024-04-30 14:00:00,6.186,6.278,6.113,6.115,164741.74987552
2024-04-30 15:00:00,6.115,6.204,6.115,6.146,195706.75000821
2024-04-30 16:00:00,6.147,6.147,6.03,6.136,359008.83073911
2024-04-30 17:00:00,6.136,6.153,6.103,6.123,84445.64289028
2024-04-30 18:00:00,6.122,6.148,6.093,6.148,69199.52950039
2024-04-30 19:00:00,6.148,6.169,6.055,6.099,206258.27461746
2024-04-30 20:00:00,6.099,6.196,6.099,6.173,121125.89254721
2024-04-30 21:00:00,6.174,6.221,6.171,6.208,110090.37656845
2024-04-30 22:00:00,6.209,6.482,6.206,6.382,297426.8196216
2024-04-30 23:00:00,6.382,6.442,6.342,6.417,102978.55079672
2024-05-01 00:00:00,6.413,6.458,6.359,6.404,150685.31743539
2024-05-01 01:00:00,6.401,6.419,6.345,6.412,115511.79744056
2024-05-01 02:00:00,6.41,6.459,6.327,6.44,116656.04525119
2024-05-01 03:00:00,6.44,6.457,6.4,6.443,36860.12271954
2024-05-01 04:00:00,6.442,6.531,6.438,6.511,80900.64545605
2024-05-01 05:00:00,6.512,6.545,6.484,6.535,117832.83493355
2024-05-01 06:00:00,6.535,6.541,6.429,6.439,113792.80699155
2024-05-01 07:00:00,6.439,6.463,6.261,6.288,860789.34861509
2024-05-01 08:00:00,6.284,6.303,6.12,6.278,677344.11405309
2024-05-01 09:00:00,6.279,6.421,6.267,6.393,379251.31948084
2024-05-01 10:00:00,6.393,6.508,6.378,6.458,248993.72652506
2024-05-01 11:00:00,6.456,6.49,6.426,6.489,132790.9170446
2024-05-01 12:00:00,6.486,6.612,6.476,6.593,275012.84985059
2024-05-01 13:00:00,6.594,6.636,6.537,6.573,161747.1547737
2024-05-01 14:00:00,6.578,6.603,6.503,6.571,205956.9158421
2024-05-01 15:00:00,6.573,6.576,6.463,6.485,156655.26089247
2024-05-01 16:00:00,6.484,6.539,6.427,6.454,180024.87589433
2024-05-01 17:00:00,6.453,6.595,6.434,6.563,213932.68313416
2024-05-01 18:00:00,6.563,6.887,6.563,6.857,515462.09837848
2024-05-01 19:00:00,6.859,6.92,6.654,6.714,674096.34883997
2024-05-01 20:00:00,6.717,6.842,6.685,6.777,275398.70888659
2024-05-01 21:00:00,6.779,6.872,6.74,6.843,156331.6796232
2024-05-01 22:00:00,6.843,6.922,6.843,6.86,114782.22971244
2024-05-01 23:00:00,6.856,6.897,6.812,6.885,91620.43830375
2024-05-02 00:00:00,6.886,6.939,6.778,6.799,117491.6184214
2024-05-02 01:00:00,6.798,6.824,6.684,6.781,140220.10261417
2024-05-02 02:00:00,6.782,6.858,6.779,6.814,98733.73552381
2024-05-02 03:00:00,6.817,6.861,6.812,6.858,31651.90988629
2024-05-02 04:00:00,6.859,6.901,6.851,6.862,48602.98426383
2024-05-02 05:00:00,6.866,6.9,6.82,6.9,57927.93627565
2024-05-02 06:00:00,6.899,6.932,6.837,6.855,76215.91583989
2024-05-02 07:00:00,6.856,6.897,6.833,6.869,70159.77763137
2024-05-02 08:00:00,6.868,6.924,6.852,6.882,47700.67648249
2024-05-02 09:00:00,6.887,7.006,6.879,7.006,69383.08891779
2024-05-02 10:00:00,7.007,7.013,6.944,6.984,132616.47780201
2024-05-02 11:00:00,6.983,7.096,6.98,7.041,115835.99579371
2024-05-02 12:00:00,7.043,7.053,6.967,6.987,168198.30167123
2024-05-02 13:00:00,6.986,7.019,6.9,6.919,109945.69299266
2024-05-02 14:00:00,6.918,7.018,6.886,7.009,114318.4759186
2024-05-02 15:00:00,7.011,7.055,6.988,6.997,78719.82907329
2024-05-02 16:00:00,7.001,7.048,6.972,7.017,123851.47459633
2024-05-02 17:00:00,7.022,7.135,7.022,7.131,72788.00691649
2024-05-02 18:00:00,7.129,7.373,7.1,7.226,387141.794831
2024-05-02 19:00:00,7.225,7.264,7.18,7.253,121353.27003339
2024-05-02 20:00:00,7.253,7.319,7.246,7.277,159253.33173923
2024-05-02 21:00:00,7.277,7.348,7.251,7.34,85958.43549456
2024-05-02 22:00:00,7.338,7.407,7.329,7.333,63425.76943002
2024-05-02 23:00:00,7.331,7.34,7.268,7.273,63611.93632628
2024-05-03 00:00:00,7.269,7.307,7.23,7.246,58004.04175941
2024-05-03 01:00:00,7.247,7.294,7.221,7.261,78911.93415771
2024-05-03 02:00:00,7.261,7.319,7.235,7.251,64940.34436053
2024-05-03 03:00:00,7.251,7.261,7.194,7.207,62572.40419168
2024-05-03 04:00:00,7.205,7.218,7.171,7.216,55459.47244141
2024-05-03 05:00:00,7.219,7.253,7.173,7.218,81808.15249345
2024-05-03 06:00:00,7.219,7.221,7.16,7.173,47140.62283087
2024-05-03 07:00:00,7.173,7.189,7.035,7.049,180530.74442482
2024-05-03 08:00:00,7.048,7.069,7.019,7.025,96529.84142545
2024-05-03 09:00:00,7.026,7.088,7.009,7.068,67237.81093236
2024-05-03 10:00:00,7.068,7.081,6.996,7.04,68502.47043583
2024-05-03 11:00:00,7.043,7.078,7.02,7.06,60952.44023223
2024-05-03 12:00:00,7.059,7.23,7.022,7.162,164816.18802477
2024-05-03 13:00:00,7.161,7.244,7.144,7.239,99846.8971174
2024-05-03 14:00:00,7.241,7.266,7.145,7.2,156857.37191707
2024-05-03 15:00:00,7.201,7.274,7.179,7.249,61389.78284299
2024-05-03 16:00:00,7.25,7.297,7.244,7.244,108839.51031494
2024-05-03 17:00:00,7.245,7.315,7.245,7.289,35076.45227645
2024-05-03 18:00:00,7.286,7.297,7.235,7.268,33461.45862581
2024-05-03 19:00:00,7.266,7.278,7.215,7.275,58304.96845528
2024-05-03 20:00:00,7.274,7.383,7.264,7.316,108797.03296762
2024-05-03 21:00:00,7.319,7.34,7.265,7.29,38615.53587456
2024-05-03 22:00:00,7.291,7.294,7.263,7.272,32442.92283377
2024-05-03 23:00:00,7.272,7.294,7.239,7.241,30238.87510847
2024-05-04 00:00:00,7.243,7.25,7.188,7.205,53394.34219496
2024-05-04 01:00:00,7.201,7.237,7.175,7.182,34660.84168213
2024-05-04 02:00:00,7.181,7.214,7.139,7.177,58609.80513065
2024-05-04 03:00:00,7.178,7.178,7.151,7.16,26350.60704756
2024-05-04 04:00:00,7.158,7.196,7.141,7.189,36115.49517592
2024-05-04 05:00:00,7.189,7.198,7.158,7.194,28232.27955346
2024-05-04 06:00:00,7.189,7.189,7.15,7.161,40623.07860662
2024-05-04 07:00:00,7.162,7.165,7.133,7.135,24306.11213145
2024-05-04 08:00:00,7.137,7.175,7.137,7.162,31998.76392957
2024-05-04 09:00:00,7.162,7.176,7.135,7.138,50660.3463833
2024-05-04 10:00:00,7.138,7.234,7.136,7.231,75093.81297462
2024-05-04 11:00:00,7.231,7.231,7.103,7.132,113404.88788747
2024-05-04 12:00:00,7.133,7.229,7.116,7.206,155839.53896598
2024-05-04 13:00:00,7.206,7.207,7.134,7.162,108013.23177605
2024-05-04 14:00:00,7.163,7.195,7.151,7.194,33520.26900157
2024-05-04 15:00:00,7.191,7.207,7.169,7.188,52974.42586327
2024-05-04 16:00:00,7.188,7.197,7.153,7.186,22859.1399274
2024-05-04 17:00:00,7.185,7.186,7.143,7.155,21443.09139878
2024-05-04 18:00:00,7.154,7.191,7.149,7.172,12010.90302187
2024-05-04 19:00:00,7.171,7.196,7.157,7.19,18497.64710401
2024-05-04 20:00:00,7.189,7.201,7.167,7.167,38952.71270533
2024-05-04 21:00:00,7.166,7.178,7.111,7.154,53723.30436898
2024-05-04 22:00:00,7.153,7.162,7.112,7.128,23554.64238741
2024-05-04 23:00:00,7.131,7.147,7.119,7.121,22385.16308925
2024-05-05 00:00:00,7.12,7.146,7.063,7.122,89270.98551044
2024-05-05 01:00:00,7.126,7.137,7.035,7.11,102226.40842782
2024-05-05 02:00:00,7.11,7.123,7.083,7.093,43681.02404664
2024-05-05 03:00:00,7.092,7.108,7.062,7.091,22675.89106739
2024-05-05 04:00:00,7.087,7.094,7.069,7.076,25052.44991544
2024-05-05 05:00:00,7.077,7.097,7.026,7.029,64149.14548063
2024-05-05 06:00:00,7.028,7.061,7.024,7.056,47807.00585189
2024-05-05 07:00:00,7.056,7.1,7.047,7.072,31469.63687619
2024-05-05 08:00:00,7.072,7.136,7.069,7.118,37732.9383756
2024-05-05 09:00:00,7.119,7.121,7.074,7.091,34736.35091556
2024-05-05 10:00:00,7.09,7.094,7.043,7.062,29924.83739687
2024-05-05 11:00:00,7.062,7.084,7.043,7.069,36665.1770743
2024-05-05 12:00:00,7.07,7.08,7.029,7.046,28191.75424028
2024-05-05 13:00:00,7.048,7.08,7.006,7.071,80791.73900584
2024-05-05 14:00:00,7.073,7.161,7.04,7.16,66955.07961932
2024-05-05 15:00:00,7.159,7.249,7.151,7.24,140128.96672609
2024-05-05 16:00:00,7.239,7.324,7.223,7.241,184325.75469352
2024-05-05 17:00:00,7.242,7.266,7.222,7.26,54072.72750844
2024-05-05 18:00:00,7.264,7.285,7.195,7.284,114612.53804852
2024-05-05 19:00:00,7.285,7.306,7.252,7.278,44687.79513485
2024-05-05 20:00:00,7.279,7.345,7.272,7.34,57519.45787351
2024-05-05 21:00:00,7.341,7.397,7.29,7.358,172625.30860635
2024-05-05 22:00:00,7.358,7.37,7.291,7.32,87705.16735803
2024-05-05 23:00:00,7.319,7.322,7.295,7.299,31761.43039423
2024-05-06 00:00:00,7.301,7.307,7.25,7.302,99741.34425382
2024-05-06 01:00:00,7.304,7.33,7.257,7.262,61194.49134188
2024-05-06 02:00:00,7.263,7.294,7.241,7.244,33425.0004674
2024-05-06 03:00:00,7.24,7.269,7.217,7.246,69951.30385268
2024-05-06 04:00:00,7.247,7.279,7.236,7.274,41877.43669881
2024-05-06 05:00:00,7.275,7.34,7.263,7.321,42907.14204156
2024-05-06 06:00:00,7.326,7.395,7.311,7.367,85277.99346968
2024-05-06 07:00:00,7.367,7.396,7.359,7.389,102870.60155877
2024-05-06 08:00:00,7.387,7.463,7.36,7.373,149456.5920976
2024-05-06 09:00:00,7.376,7.436,7.376,7.435,51333.55695379
2024-05-06 10:00:00,7.436,7.471,7.23,7.272,197267.36887526
2024-05-06 11:00:00,7.272,7.34,7.26,7.289,145742.43193142
2024-05-06 12:00:00,7.29,7.306,7.102,7.173,258393.76809387
2024-05-06 13:00:00,7.173,7.241,7.159,7.211,111770.99346084
2024-05-06 14:00:00,7.212,7.226,7.099,7.106,130254.69468224
2024-05-06 15:00:00,7.104,7.182,7.057,7.174,173687.07443831
2024-05-06 16:00:00,7.175,7.197,7.114,7.126,88457.70767829
2024-05-06 17:00:00,7.128,7.214,7.124,7.192,97224.31599177
2024-05-06 18:00:00,7.195,7.24,7.17,7.231,39305.27113617
2024-05-06 19:00:00,7.231,7.232,7.128,7.189,60916.38626666
2024-05-06 20:00:00,7.186,7.221,7.186,7.215,34205.71366795
2024-05-06 21:00:00,7.215,7.22,7.178,7.211,50745.14386198
2024-05-06 22:00:00,7.211,7.213,7.151,7.167,29356.94467573
2024-05-06 23:00:00,7.169,7.172,7.11,7.116,81742.80980406
2024-05-07 00:00:00,7.118,7.152,7.08,7.113,46077.63446346
2024-05-07 01:00:00,7.114,7.194,7.102,7.187,49665.68876979
2024-05-07 02:00:00,7.188,7.19,7.154,7.173,24982.425904
2024-05-07 03:00:00,7.172,7.181,7.021,7.086,124586.44221659
2024-05-07 04:00:00,7.085,7.126,7.069,7.121,44540.05204592
2024-05-07 05:00:00,7.121,7.14,7.069,7.118,42607.21609305
2024-05-07 06:00:00,7.118,7.132,7.079,7.108,50512.76517975
2024-05-07 07:00:00,7.107,7.181,7.095,7.165,70611.8266533
2024-05-07 08:00:00,7.165,7.264,7.153,7.256,88388.09045709
2024-05-07 09:00:00,7.258,7.29,7.228,7.228,53205.11798637
2024-05-07 10:00:00,7.229,7.235,7.191,7.199,129885.89946739
2024-05-07 11:00:00,7.199,7.221,7.127,7.133,146281.27583777
2024-05-07 12:00:00,7.133,7.193,7.123,7.181,52983.71690296
2024-05-07 13:00:00,7.178,7.218,7.127,7.165,75222.35251108
2024-05-07 14:00:00,7.166,7.243,7.148,7.239,95464.09305718
2024-05-07 15:00:00,7.24,7.269,7.177,7.19,81438.01186235
2024-05-07 16:00:00,7.191,7.22,7.179,7.188,32826.89022449
2024-05-07 17:00:00,7.189,7.19,7.157,7.178,26099.69364572
2024-05-07 18:00:00,7.18,7.187,7.091,7.159,86361.37531377
2024-05-07 19:00:00,7.159,7.173,7.109,7.118,28792.31073427
2024-05-07 20:00:00,7.12,7.145,7.094,7.125,28869.3801305
2024-05-07 21:00:00,7.125,7.158,7.07,7.108,68788.41052323
2024-05-07 22:00:00,7.106,7.112,7.04,7.06,53639.16519449
2024-05-07 23:00:00,7.061,7.066,6.978,6.988,132636.93721973
2024-05-08 00:00:00,6.989,7.021,6.91,7.0,79270.18735782
2024-05-08 01:00:00,7.001,7.032,6.983,7.0,30638.11141653
2024-05-08 02:00:00,7.001,7.085,6.997,7.068,40768.2935114
2024-05-08 03:00:00,7.068,7.107,7.055,7.083,39505.18412045
2024-05-08 04:00:00,7.084,7.09,6.991,7.023,88124.32330693
2024-05-08 05:00:00,7.022,7.075,6.999,7.051,47243.12764008
2024-05-08 06:00:00,7.051,7.078,6.99,7.067,89921.93275406
2024-05-08 07:00:00,7.067,7.087,6.982,7.008,57993.08184261
2024-05-08 08:00:00,7.008,7.125,6.984,7.081,130315.22100216
2024-05-08 09:00:00,7.081,7.093,6.983,7.025,76417.7678072
2024-05-08 10:00:00,7.026,7.048,7.01,7.015,38345.93576612
2024-05-08 11:00:00,7.013,7.013,6.926,6.946,92027.78762028
2024-05-08 12:00:00,6.946,6.991,6.883,6.935,108243.95172504
2024-05-08 13:00:00,6.936,7.066,6.913,7.062,136438.80974877
2024-05-08 14:00:00,7.062,7.152,7.047,7.151,196695.18103239
2024-05-08 15:00:00,7.153,7.183,7.041,7.149,176621.20664678
2024-05-08 16:00:00,7.149,7.16,7.064,7.136,69712.88649009
2024-05-08 17:00:00,7.135,7.162,7.069,7.083,70215.27214084
2024-05-08 18:00:00,7.084,7.134,7.078,7.086,38336.05470486
2024-05-08 19:00:00,7.086,7.098,7.0,7.051,185887.11042563
2024-05-08 20:00:00,7.052,7.09,6.924,6.956,171751.82114809
2024-05-08 21:00:00,6.953,7.015,6.933,6.985,55255.05089857
2024-05-08 22:00:00,6.985,7.011,6.942,6.997,45394.37873614
2024-05-08 23:00:00,6.998,7.033,6.974,6.979,43519.37700397
2024-05-09 00:00:00,6.978,7.059,6.966,7.032,89518.255071
2024-05-09 01:00:00,7.031,7.045,6.999,7.023,53287.62261948
2024-05-09 02:00:00,7.022,7.023,6.987,7.006,31942.35857234
2024-05-09 03:00:00,7.006,7.039,6.971,7.039,74023.04572518
2024-05-09 04:00:00,7.039,7.062,7.017,7.019,45043.05157772
2024-05-09 05:00:00,7.02,7.048,7.01,7.018,37332.7808479
2024-05-09 06:00:00,7.017,7.05,6.976,6.985,51840.18005242
2024-05-09 07:00:00,6.984,6.988,6.89,6.918,111299.7245927
2024-05-09 08:00:00,6.915,6.937,6.843,6.921,267150.49608264
2024-05-09 09:00:00,6.921,6.932,6.827,6.862,181953.64034083
2024-05-09 10:00:00,6.863,6.866,6.782,6.783,135192.66131525
2024-05-09 11:00:00,6.786,6.849,6.775,6.834,85716.83428787
2024-05-09 12:00:00,6.835,6.907,6.827,6.878,55953.76844916
2024-05-09 13:00:00,6.882,6.907,6.823,6.869,74750.50104643
2024-05-09 14:00:00,6.868,6.923,6.856,6.902,70767.16962585
2024-05-09 15:00:00,6.903,6.978,6.881,6.953,118422.3440668
2024-05-09 16:00:00,6.953,7.015,6.944,6.955,134762.42423793
2024-05-09 17:00:00,6.953,6.998,6.941,6.956,56461.66419389
2024-05-09 18:00:00,6.956,6.981,6.951,6.978,31473.24090487
2024-05-09 19:00:00,6.979,7.038,6.97,7.034,50948.27537296
2024-05-09 20:00:00,7.035,7.057,6.996,7.021,69527.63610122
2024-05-09 21:00:00,7.02,7.035,6.995,7.006,50938.8385358
2024-05-09 22:00:00,7.006,7.086,6.995,7.07,114307.03915759
2024-05-09 23:00:00,7.071,7.073,7.021,7.044,52689.2004494
2024-05-10 00:00:00,7.043,7.044,7.005,7.017,68589.32865768
2024-05-10 01:00:00,7.017,7.095,6.994,7.072,65299.5055442
2024-05-10 02:00:00,7.071,7.087,7.047,7.082,33998.76662025
2024-05-10 03:00:00,7.083,7.112,7.066,7.101,27272.1345202
2024-05-10 04:00:00,7.103,7.145,7.088,7.115,36347.3751338
2024-05-10 05:00:00,7.114,7.114,7.05,7.056,50177.74651722
2024-05-10 06:00:00,7.057,7.105,7.055,7.092,32718.23370651
2024-05-10 07:00:00,7.093,7.127,7.072,7.12,54825.45961098
2024-05-10 08:00:00,7.121,7.125,7.066,7.094,60192.19026816
2024-05-10 09:00:00,7.093,7.099,7.063,7.078,27752.38455274
2024-05-10 10:00:00,7.085,7.099,7.065,7.079,23559.50578841
2024-05-10 11:00:00,7.079,7.131,7.067,7.127,17728.60594467
2024-05-10 12:00:00,7.127,7.129,7.058,7.078,20685.26676239
2024-05-10 13:00:00,7.078,7.086,7.044,7.078,41876.38502504
2024-05-10 14:00:00,7.078,7.084,6.798,6.859,459559.40757532
2024-05-10 15:00:00,6.858,6.927,6.808,6.859,277168.58647428
2024-05-10 16:00:00,6.856,6.874,6.745,6.853,351587.86533977
2024-05-10 17:00:00,6.851,6.86,6.75,6.79,122896.16212942
2024-05-10 18:00:00,6.788,6.841,6.758,6.822,127518.20593924
2024-05-10 19:00:00,6.821,6.836,6.775,6.808,76682.25109785
2024-05-10 20:00:00,6.805,6.831,6.742,6.784,72520.21580344
2024-05-10 21:00:00,6.784,6.817,6.763,6.784,23681.05634448
2024-05-10 22:00:00,6.785,6.802,6.69,6.734,100483.96842993
2024-05-10 23:00:00,6.732,6.771,6.728,6.74,34604.92968245
2024-05-11 00:00:00,6.739,6.779,6.722,6.742,39469.0786117
2024-05-11 01:00:00,6.743,6.803,6.736,6.756,44900.07188089
2024-05-11 02:00:00,6.755,6.766,6.721,6.734,34256.53599967
2024-05-11 03:00:00,6.736,6.749,6.711,6.726,42260.23899207
2024-05-11 04:00:00,6.724,6.741,6.706,6.721,40386.84388392
2024-05-11 05:00:00,6.721,6.767,6.719,6.764,34614.06343767
2024-05-11 06:00:00,6.765,6.789,6.753,6.765,24594.06950362
2024-05-11 07:00:00,6.764,6.787,6.748,6.759,26836.27396396
2024-05-11 08:00:00,6.76,6.768,6.702,6.706,35316.89331951
2024-05-11 09:00:00,6.705,6.717,6.683,6.696,82078.13965813
2024-05-11 10:00:00,6.698,6.698,6.639,6.662,102792.89885722
2024-05-11 11:00:00,6.665,6.687,6.629,6.673,30349.08453355
2024-05-11 12:00:00,6.673,6.713,6.673,6.702,33850.53618362
2024-05-11 13:00:00,6.702,6.734,6.688,6.73,38484.71079364
2024-05-11 14:00:00,6.73,6.74,6.701,6.704,24330.24116102
2024-05-11 15:00:00,6.705,6.782,6.695,6.723,84340.86165471
2024-05-11 16:00:00,6.725,6.738,6.697,6.703,50808.00735465
2024-05-11 17:00:00,6.704,6.729,6.689,6.714,32699.74397197
2024-05-11 18:00:00,6.715,6.733,6.694,6.715,58007.35974164
2024-05-11 19:00:00,6.715,6.727,6.707,6.722,24386.95489634
2024-05-11 20:00:00,6.72,6.722,6.671,6.715,33525.06947221
2024-05-11 21:00:00,6.714,6.714,6.679,6.684,31215.28058436
2024-05-11 22:00:00,6.684,6.703,6.671,6.682,26072.40543322
2024-05-11 23:00:00,6.683,6.693,6.649,6.658,19783.71582692
2024-05-12 00:00:00,6.657,6.71,6.646,6.694,18862.42826475
2024-05-12 01:00:00,6.696,6.708,6.684,6.685,7960.62039074
2024-05-12 02:00:00,6.685,6.697,6.671,6.687,7491.94917846
2024-05-12 03:00:00,6.687,6.7,6.673,6.694,8114.96251166
2024-05-12 04:00:00,6.694,6.718,6.688,6.713,17039.71819658
2024-05-12 05:00:00,6.713,6.713,6.695,6.705,12017.97552108
2024-05-12 06:00:00,6.705,6.707,6.684,6.694,11915.79739835
2024-05-12 07:00:00,6.693,6.702,6.634,6.646,49168.05948536
2024-05-12 08:00:00,6.648,6.694,6.64,6.678,19921.22958341
2024-05-12 09:00:00,6.681,6.687,6.661,6.687,22980.47856338
2024-05-12 10:00:00,6.687,6.744,6.677,6.716,40117.8776609
2024-05-12 11:00:00,6.717,6.735,6.71,6.729,18341.34718697
2024-05-12 12:00:00,6.73,6.742,6.726,6.733,28331.22958355
2024-05-12 13:00:00,6.735,6.745,6.719,6.739,18616.25641576
2024-05-12 14:00:00,6.739,6.751,6.72,6.725,37753.83601246
2024-05-12 15:00:00,6.727,6.757,6.718,6.746,17933.38894159
2024-05-12 16:00:00,6.747,6.787,6.714,6.714,42943.88829599
2024-05-12 17:00:00,6.715,6.743,6.698,6.713,49336.38125609
2024-05-12 18:00:00,6.714,6.714,6.677,6.681,26223.46349114
2024-05-12 19:00:00,6.681,6.682,6.662,6.678,22824.41606958
2024-05-12 20:00:00,6.679,6.683,6.661,6.672,11639.59842788
2024-05-12 21:00:00,6.672,6.672,6.58,6.637,80967.97333018
2024-05-12 22:00:00,6.636,6.637,6.613,6.617,32412.66543785
2024-05-12 23:00:00,6.617,6.633,6.61,6.612,19603.93617766
2024-05-13 00:00:00,6.612,6.682,6.612,6.648,57238.24196318
2024-05-13 01:00:00,6.648,6.653,6.54,6.581,59362.23685775
2024-05-13 02:00:00,6.579,6.593,6.46,6.506,169163.04110016
2024-05-13 03:00:00,6.505,6.508,6.426,6.508,225291.89091248
2024-05-13 04:00:00,6.507,6.507,6.442,6.464,78318.31541277
2024-05-13 05:00:00,6.465,6.496,6.454,6.465,43299.17120275
2024-05-13 06:00:00,6.466,6.599,6.466,6.598,52995.03823511
2024-05-13 07:00:00,6.599,6.699,6.588,6.693,140744.69215526
2024-05-13 08:00:00,6.693,6.768,6.693,6.737,223638.12028887
2024-05-13 09:00:00,6.738,6.782,6.734,6.767,100529.02510095
2024-05-13 10:00:00,6.767,6.771,6.681,6.738,83758.1435945
2024-05-13 11:00:00,6.737,6.748,6.688,6.723,57692.82368646
2024-05-13 12:00:00,6.725,6.731,6.67,6.711,64122.89365316
2024-05-13 13:00:00,6.711,6.734,6.688,6.699,39831.00321224
2024-05-13 14:00:00,6.699,6.775,6.693,6.712,48397.59859492
2024-05-13 15:00:00,6.707,6.773,6.707,6.755,38581.72284489
2024-05-13 16:00:00,6.756,6.82,6.74,6.794,96561.59095217
2024-05-13 17:00:00,6.795,6.801,6.671,6.684,77359.39213776
2024-05-13 18:00:00,6.682,6.684,6.637,6.683,49469.69772505
2024-05-13 19:00:00,6.684,6.717,6.683,6.702,48137.17963713
2024-05-13 20:00:00,6.702,6.707,6.683,6.692,27439.55800356
2024-05-13 21:00:00,6.691,6.699,6.649,6.664,24362.92165441
2024-05-13 22:00:00,6.664,6.672,6.648,6.66,27752.12164409
2024-05-13 23:00:00,6.659,6.691,6.653,6.665,19064.29180378
2024-05-14 00:00:00,6.666,6.692,6.635,6.655,33557.97488431
2024-05-14 01:00:00,6.655,6.691,6.62,6.644,36012.64096179
2024-05-14 02:00:00,6.64,6.647,6.599,6.641,37394.07434803
2024-05-14 03:00:00,6.639,6.659,6.626,6.639,21647.91028424
2024-05-14 04:00:00,6.638,6.662,6.612,6.627,49125.70435749
2024-05-14 05:00:00,6.626,6.66,6.618,6.637,19643.00885662
2024-05-14 06:00:00,6.637,6.637,6.485,6.579,144969.61108632
2024-05-14 07:00:00,6.577,6.609,6.571,6.606,34677.52495482
2024-05-14 08:00:00,6.606,6.616,6.582,6.606,31561.32734592
2024-05-14 09:00:00,6.606,6.621,6.577,6.585,52353.13387772
2024-05-14 10:00:00,6.584,6.609,6.579,6.601,33240.88141685
2024-05-14 11:00:00,6.601,6.656,6.6,6.646,34035.41230982
2024-05-14 12:00:00,6.645,6.679,6.605,6.634,90496.29631805
2024-05-14 13:00:00,6.634,6.68,6.608,6.61,44306.90960282
2024-05-14 14:00:00,6.61,6.669,6.53,6.609,125579.80195512
2024-05-14 15:00:00,6.609,6.684,6.585,6.641,62363.98960576
2024-05-14 16:00:00,6.641,6.645,6.603,6.613,30966.7615957
2024-05-14 17:00:00,6.614,6.615,6.494,6.566,102524.01628853
2024-05-14 18:00:00,6.563,6.585,6.546,6.556,34692.19783788
2024-05-14 19:00:00,6.556,6.568,6.539,6.548,19871.29875925
2024-05-14 20:00:00,6.548,6.575,6.528,6.532,23117.45079906
2024-05-14 21:00:00,6.533,6.545,6.504,6.534,34893.15240496
2024-05-14 22:00:00,6.533,6.533,6.47,6.492,33236.47043735
2024-05-14 23:00:00,6.493,6.493,6.465,6.481,23215.92053473
2024-05-15 00:00:00,6.482,6.532,6.456,6.483,53378.36398987
2024-05-15 01:00:00,6.482,6.529,6.48,6.511,23768.90072707
2024-05-15 02:00:00,6.517,6.531,6.506,6.521,25646.61273328
2024-05-15 03:00:00,6.52,6.533,6.513,6.514,29213.09923167
2024-05-15 04:00:00,6.517,6.523,6.487,6.496,27060.08018124
2024-05-15 05:00:00,6.498,6.507,6.47,6.491,28079.23669691
2024-05-15 06:00:00,6.49,6.506,6.462,6.487,30814.56827311
2024-05-15 07:00:00,6.486,6.529,6.486,6.519,57620.08896336
2024-05-15 08:00:00,6.52,6.647,6.52,6.577,282488.86881358
2024-05-15 09:00:00,6.576,6.673,6.522,6.634,130158.75209214
2024-05-15 10:00:00,6.635,6.664,6.609,6.635,94751.33867986
2024-05-15 11:00:00,6.634,6.638,6.485,6.548,344672.81072858
2024-05-15 12:00:00,6.549,6.826,6.515,6.776,608750.2011906
2024-05-15 13:00:00,6.776,6.92,6.767,6.849,317334.87697884
2024-05-15 14:00:00,6.849,6.909,6.822,6.908,185130.48136076
2024-05-15 15:00:00,6.91,6.937,6.857,6.861,215142.95916656
2024-05-15 16:00:00,6.864,6.907,6.834,6.884,90993.66592531
2024-05-15 17:00:00,6.888,6.945,6.883,6.929,74318.89174854
2024-05-15 18:00:00,6.929,6.957,6.891,6.933,88691.70972753
2024-05-15 19:00:00,6.933,7.008,6.902,7.008,127151.98371446
2024-05-15 20:00:00,7.005,7.027,6.958,6.987,94585.15509792
2024-05-15 21:00:00,6.988,6.995,6.925,6.939,41594.73300751
2024-05-15 22:00:00,6.938,6.964,6.938,6.946,30476.64760817
2024-05-15 23:00:00,6.946,6.98,6.94,6.957,41479.13579994
2024-05-16 00:00:00,6.957,6.993,6.931,6.963,79245.60947537
2024-05-16 01:00:00,6.961,7.016,6.956,7.012,44462.65751738
2024-05-16 02:00:00,7.014,7.014,6.923,6.947,118026.53427403
2024-05-16 03:00:00,6.946,6.989,6.929,6.976,30545.44493973
2024-05-16 04:00:00,6.976,6.985,6.956,6.978,19697.88947302
2024-05-16 05:00:00,6.978,6.984,6.952,6.965,27169.58068351
2024-05-16 06:00:00,6.964,6.981,6.935,6.943,30791.61976177
2024-05-16 07:00:00,6.947,6.967,6.945,6.954,37002.87092164
2024-05-16 08:00:00,6.952,6.967,6.916,6.923,40483.72187725
2024-05-16 09:00:00,6.924,6.947,6.893,6.945,82242.32378973
2024-05-16 10:00:00,6.945,6.945,6.894,6.909,56522.41621556
2024-05-16 11:00:00,6.908,6.912,6.882,6.906,51669.45109002
2024-05-16 12:00:00,6.903,6.907,6.812,6.855,139919.27123048
2024-05-16 13:00:00,6.855,6.93,6.816,6.928,90562.53113519
2024-05-16 14:00:00,6.927,6.94,6.819,6.834,148509.39329301
2024-05-16 15:00:00,6.836,6.958,6.823,6.925,130637.69195438
2024-05-16 16:00:00,6.923,6.979,6.899,6.962,159895.71406924
2024-05-16 17:00:00,6.963,6.982,6.885,6.926,158869.23719669
2024-05-16 18:00:00,6.928,6.941,6.906,6.916,44476.97963521
2024-05-16 19:00:00,6.916,6.995,6.909,6.953,38927.47261754
2024-05-16 20:00:00,6.955,6.961,6.9,6.916,72216.61426532
2024-05-16 21:00:00,6.917,6.979,6.889,6.979,33681.41989933
2024-05-16 22:00:00,6.98,7.01,6.934,7.009,48592.82603915
2024-05-16 23:00:00,7.007,7.062,6.997,7.022,91405.28089617
2024-05-17 00:00:00,7.021,7.068,7.015,7.061,50991.87215899
2024-05-17 01:00:00,7.06,7.084,7.017,7.073,55300.41527278
2024-05-17 02:00:00,7.073,7.079,7.003,7.015,50951.65846753
2024-05-17 03:00:00,7.016,7.036,6.995,7.0,64991.76075979
2024-05-17 04:00:00,7.001,7.115,7.001,7.048,192398.59948516
2024-05-17 05:00:00,7.047,7.064,7.019,7.064,87289.66512573
2024-05-17 06:00:00,7.065,7.152,7.048,7.123,90557.84012205
2024-05-17 07:00:00,7.123,7.294,7.123,7.272,252656.4082726
2024-05-17 08:00:00,7.272,7.283,7.198,7.259,158641.42990969
2024-05-17 09:00:00,7.253,7.269,7.214,7.227,80298.27704843
2024-05-17 10:00:00,7.225,7.257,7.215,7.24,52578.63485503
2024-05-17 11:00:00,7.239,7.246,7.196,7.197,41616.03214645
2024-05-17 12:00:00,7.198,7.258,7.165,7.238,93374.866446
2024-05-17 13:00:00,7.239,7.247,7.137,7.166,200253.84167329
2024-05-17 14:00:00,7.166,7.189,7.153,7.184,124170.65910421
2024-05-17 15:00:00,7.184,7.242,7.143,7.233,213489.14816286
2024-05-17 16:00:00,7.235,7.271,7.224,7.229,91729.36314124
2024-05-17 17:00:00,7.233,7.256,7.205,7.223,91172.85905515
2024-05-17 18:00:00,7.221,7.232,7.177,7.225,76955.50982228
2024-05-17 19:00:00,7.222,7.224,7.184,7.196,57909.15441975
2024-05-17 20:00:00,7.196,7.213,7.172,7.178,74377.53151215
2024-05-17 21:00:00,7.178,7.221,7.178,7.195,91937.04034832
2024-05-17 22:00:00,7.194,7.204,7.182,7.202,17816.38663715
2024-05-17 23:00:00,7.201,7.203,7.177,7.197,16692.2001855
2024-05-18 00:00:00,7.197,7.197,7.172,7.178,39334.24386814
2024-05-18 01:00:00,7.176,7.21,7.146,7.208,66251.70353018
2024-05-18 02:00:00,7.208,7.215,7.17,7.188,32945.65374334
2024-05-18 03:00:00,7.186,7.229,7.186,7.206,25368.3820194
2024-05-18 04:00:00,7.206,7.207,7.177,7.181,24260.13008367
2024-05-18 05:00:00,7.18,7.191,7.153,7.171,26701.15921896
2024-05-18 06:00:00,7.171,7.213,7.163,7.193,40407.47229943
2024-05-18 07:00:00,7.192,7.218,7.188,7.196,31153.41660872
2024-05-18 08:00:00,7.196,7.229,7.194,7.207,19424.09926985
2024-05-18 09:00:00,7.204,7.206,7.184,7.2,14969.07289979
2024-05-18 10:00:00,7.2,7.207,7.167,7.183,29596.21326995
2024-05-18 11:00:00,7.183,7.2,7.172,7.184,28285.55094114
2024-05-18 12:00:00,7.184,7.184,7.11,7.118,117840.69847632
2024-05-18 13:00:00,7.124,7.131,7.08,7.082,57055.55441275
2024-05-18 14:00:00,7.083,7.116,7.066,7.104,82429.77875607
2024-05-18 15:00:00,7.105,7.146,7.105,7.133,27888.34115397
2024-05-18 16:00:00,7.132,7.154,7.12,7.124,23967.68923865
2024-05-18 17:00:00,7.124,7.17,7.121,7.157,41904.99163135
2024-05-18 18:00:00,7.157,7.182,7.156,7.175,18455.16432369
2024-05-18 19:00:00,7.174,7.186,7.17,7.174,17420.77482695
2024-05-18 20:00:00,7.173,7.18,7.16,7.16,16702.92690864
2024-05-18 21:00:00,7.159,7.166,7.126,7.126,39543.80847509
2024-05-18 22:00:00,7.128,7.152,7.116,7.144,13800.45551909
2024-05-18 23:00:00,7.144,7.16,7.139,7.157,8706.76595459
2024-05-19 00:00:00,7.157,7.16,7.12,7.123,16443.27791833
2024-05-19 01:00:00,7.124,7.148,7.123,7.132,8696.50563189
2024-05-19 02:00:00,7.132,7.16,7.132,7.159,18761.21652515
2024-05-19 03:00:00,7.159,7.178,7.139,7.148,31830.67047284
2024-05-19 04:00:00,7.151,7.151,7.109,7.13,47794.21367843
2024-05-19 05:00:00,7.13,7.134,7.112,7.113,14024.77257433
2024-05-19 06:00:00,7.113,7.117,7.073,7.082,21398.53101273
2024-05-19 07:00:00,7.084,7.11,7.074,7.105,36557.93983816
2024-05-19 08:00:00,7.105,7.116,7.069,7.079,24917.51140752
2024-05-19 09:00:00,7.077,7.084,7.055,7.084,36661.46300776
2024-05-19 10:00:00,7.082,7.122,7.07,7.111,45483.56915008
2024-05-19 11:00:00,7.112,7.114,7.042,7.104,63278.65154459
2024-05-19 12:00:00,7.104,7.104,7.006,7.017,80090.68179148
2024-05-19 13:00:00,7.017,7.031,6.961,7.013,68905.56569706
2024-05-19 14:00:00,7.01,7.032,6.997,7.017,26205.86378262
2024-05-19 15:00:00,7.016,7.037,6.982,7.03,30011.95113642
2024-05-19 16:00:00,7.029,7.037,6.953,6.967,48024.93984856
2024-05-19 17:00:00,6.968,7.008,6.957,6.987,21570.31730351
2024-05-19 18:00:00,6.987,6.992,6.925,6.927,71701.63212085
2024-05-19 19:00:00,6.927,6.979,6.912,6.93,43242.18006837
2024-05-19 20:00:00,6.928,6.961,6.921,6.956,41845.75066503
2024-05-19 21:00:00,6.955,6.968,6.886,6.941,40872.43753883
2024-05-19 22:00:00,6.942,6.964,6.934,6.956,25879.12317283
2024-05-19 23:00:00,6.957,6.959,6.922,6.929,23146.51933052
2024-05-20 00:00:00,6.929,6.961,6.907,6.932,29333.23668399
2024-05-20 01:00:00,6.935,6.947,6.85,6.923,72263.34233021
2024-05-20 02:00:00,6.923,6.962,6.916,6.96,29659.01188163
2024-05-20 03:00:00,6.958,6.968,6.942,6.944,21468.5070773
2024-05-20 04:00:00,6.944,7.038,6.942,7.018,43131.49930365
2024-05-20 05:00:00,7.016,7.067,7.016,7.054,65247.56054825
2024-05-20 06:00:00,7.053,7.053,6.873,6.901,47769.35152037
2024-05-20 07:00:00,6.899,7.012,6.886,6.997,34848.59121918
2024-05-20 08:00:00,6.996,7.046,6.996,7.043,21915.63291084
2024-05-20 09:00:00,7.043,7.058,7.004,7.006,23375.17330007
2024-05-20 10:00:00,7.003,7.051,6.995,7.043,20520.05648704
2024-05-20 11:00:00,7.042,7.062,7.0,7.009,97894.61867318
2024-05-20 12:00:00,7.009,7.016,6.966,6.975,47177.25592453
2024-05-20 13:00:00,6.975,7.027,6.969,7.015,14009.28483935
2024-05-20 14:00:00,7.014,7.021,6.952,6.994,25173.62180104
2024-05-20 15:00:00,6.995,7.049,6.983,7.047,31592.90025551
2024-05-20 16:00:00,7.047,7.147,7.033,7.118,74773.2223495
2024-05-20 17:00:00,7.116,7.152,7.089,7.14,48610.63902794
2024-05-20 18:00:00,7.141,7.19,7.125,7.165,41939.4616271
2024-05-20 19:00:00,7.164,7.452,7.145,7.41,354521.3506749
2024-05-20 20:00:00,7.412,7.456,7.326,7.415,186213.83065545
2024-05-20 21:00:00,7.416,7.538,7.362,7.532,97734.06902642
2024-05-20 22:00:00,7.531,7.579,7.508,7.522,135463.15448362
2024-05-20 23:00:00,7.522,7.588,7.506,7.574,87423.89591545
2024-05-21 00:00:00,7.573,7.663,7.566,7.575,134406.27012241
2024-05-21 01:00:00,7.574,7.587,7.466,7.539,118083.54533898
2024-05-21 02:00:00,7.536,7.545,7.481,7.483,49840.54796335
2024-05-21 03:00:00,7.484,7.507,7.474,7.49,37330.99700874
2024-05-21 04:00:00,7.489,7.519,7.455,7.468,51940.48936571
2024-05-21 05:00:00,7.467,7.518,7.431,7.5,50071.5468719
2024-05-21 06:00:00,7.498,7.547,7.486,7.535,55039.46603722
2024-05-21 07:00:00,7.533,7.552,7.501,7.546,23034.99716959
2024-05-21 08:00:00,7.545,7.575,7.519,7.574,33591.40311556
2024-05-21 09:00:00,7.575,7.6,7.528,7.561,128396.45025783
2024-05-21 10:00:00,7.561,7.575,7.522,7.541,41610.67176181
2024-05-21 11:00:00,7.541,7.598,7.529,7.577,88991.80304818
2024-05-21 12:00:00,7.578,7.59,7.521,7.538,71794.2945428
2024-05-21 13:00:00,7.538,7.67,7.496,7.574,137787.13159699
2024-05-21 14:00:00,7.576,7.647,7.572,7.591,123832.15354295
2024-05-21 15:00:00,7.593,7.653,7.508,7.529,93140.53128235
2024-05-21 16:00:00,7.531,7.622,7.497,7.585,78472.56655228
2024-05-21 17:00:00,7.592,7.64,7.566,7.622,80107.24947316
2024-05-21 18:00:00,7.622,7.657,7.574,7.599,29119.1747834
2024-05-21 19:00:00,7.597,7.606,7.49,7.535,70301.74847576
2024-05-21 20:00:00,7.534,7.616,7.534,7.587,34225.12973988
2024-05-21 21:00:00,7.586,7.592,7.533,7.567,30560.07801231
2024-05-21 22:00:00,7.568,7.634,7.568,7.629,36401.71318997
2024-05-21 23:00:00,7.627,7.629,7.599,7.615,17411.31405464
2024-05-22 00:00:00,7.612,7.697,7.608,7.632,86152.72687311
2024-05-22 01:00:00,7.632,7.7,7.625,7.647,56301.70961738
2024-05-22 02:00:00,7.647,7.656,7.597,7.612,56584.52910067
2024-05-22 03:00:00,7.613,7.615,7.565,7.609,74746.12537783
2024-05-22 04:00:00,7.606,7.61,7.459,7.53,90824.19283036
2024-05-22 05:00:00,7.53,7.572,7.5,7.572,48294.61646691
2024-05-22 06:00:00,7.571,7.628,7.569,7.623,42003.54859134
2024-05-22 07:00:00,7.622,7.66,7.608,7.643,64487.73559871
2024-05-22 08:00:00,7.64,7.68,7.596,7.609,98777.4315078
2024-05-22 09:00:00,7.611,7.614,7.544,7.555,52769.45282952
2024-05-22 10:00:00,7.556,7.621,7.537,7.621,37085.27635223
2024-05-22 11:00:00,7.618,7.637,7.567,7.568,41800.81188831
2024-05-22 12:00:00,7.566,7.626,7.425,7.432,130765.69906414
2024-05-22 13:00:00,7.432,7.537,7.432,7.537,58575.5407141
2024-05-22 14:00:00,7.539,7.607,7.505,7.587,120965.5881775
2024-05-22 15:00:00,7.583,7.655,7.525,7.608,69315.28821269
2024-05-22 16:00:00,7.608,7.614,7.531,7.567,118961.81604592
2024-05-22 17:00:00,7.568,7.627,7.528,7.544,61728.36827643
2024-05-22 18:00:00,7.543,7.555,7.437,7.493,86039.29659277
2024-05-22 19:00:00,7.493,7.494,7.439,7.448,69090.56949345
2024-05-22 20:00:00,7.447,7.51,7.393,7.433,79605.86415648
2024-05-22 21:00:00,7.435,7.48,7.382,7.48,72581.98972713
2024-05-22 22:00:00,7.477,7.497,7.437,7.456,28527.50378465
2024-05-22 23:00:00,7.454,7.468,7.44,7.466,23351.82777245
2024-05-23 00:00:00,7.468,7.557,7.466,7.532,51349.10043862
2024-05-23 01:00:00,7.531,7.556,7.474,7.523,30737.39254784
2024-05-23 02:00:00,7.523,7.554,7.509,7.538,47136.28042031
2024-05-23 03:00:00,7.539,7.589,7.527,7.583,21441.53023562
2024-05-23 04:00:00,7.584,7.603,7.557,7.591,52981.79762063
2024-05-23 05:00:00,7.585,7.586,7.52,7.534,25873.23510637
2024-05-23 06:00:00,7.533,7.584,7.515,7.561,18234.62585002
2024-05-23 07:00:00,7.559,7.599,7.533,7.585,42126.59660334
2024-05-23 08:00:00,7.584,7.588,7.548,7.548,16760.94469368
2024-05-23 09:00:00,7.549,7.582,7.505,7.505,66510.28794358
2024-05-23 10:00:00,7.503,7.508,7.413,7.421,149180.11967151
2024-05-23 11:00:00,7.422,7.516,7.422,7.512,87259.79489689
2024-05-23 12:00:00,7.51,7.544,7.323,7.384,238999.25341838
2024-05-23 13:00:00,7.383,7.451,7.151,7.255,697989.28414429
2024-05-23 14:00:00,7.25,7.309,7.177,7.192,162605.40108159
2024-05-23 15:00:00,7.191,7.277,7.183,7.207,103514.0882838
2024-05-23 16:00:00,7.205,7.211,7.114,7.142,146144.7543757
2024-05-23 17:00:00,7.142,7.168,7.114,7.119,51704.85745025
2024-05-23 18:00:00,7.121,7.128,7.001,7.115,341725.02788735
2024-05-23 19:00:00,7.114,7.15,7.06,7.127,100038.6760862
2024-05-23 20:00:00,7.126,7.151,6.8,7.143,636426.47702553
2024-05-23 21:00:00,7.141,7.245,7.082,7.236,483580.73232171
2024-05-23 22:00:00,7.233,7.254,7.179,7.203,65374.29194176
2024-05-23 23:00:00,7.209,7.214,7.169,7.199,42817.97510245
2024-05-24 00:00:00,7.199,7.312,7.179,7.288,104367.81970847
2024-05-24 01:00:00,7.29,7.29,7.23,7.263,39623.88775448
2024-05-24 02:00:00,7.261,7.275,7.202,7.261,32091.40614202
2024-05-24 03:00:00,7.26,7.287,7.245,7.258,39215.05925675
2024-05-24 04:00:00,7.257,7.275,7.231,7.241,47799.78486075
2024-05-24 05:00:00,7.24,7.244,7.1,7.118,175863.94680958
2024-05-24 06:00:00,7.115,7.163,7.051,7.053,87236.85899434
2024-05-24 07:00:00,7.051,7.117,7.014,7.111,74364.88331594
2024-05-24 08:00:00,7.11,7.141,7.028,7.135,80471.97369021
2024-05-24 09:00:00,7.136,7.168,7.114,7.151,17412.79759285
2024-05-24 10:00:00,7.15,7.187,7.145,7.156,30179.10011265
2024-05-24 11:00:00,7.158,7.218,7.153,7.212,21555.90062207
2024-05-24 12:00:00,7.212,7.273,7.198,7.261,58776.79301932
2024-05-24 13:00:00,7.261,7.287,7.219,7.234,33227.87813326
2024-05-24 14:00:00,7.231,7.331,7.22,7.324,101041.87203719
2024-05-24 15:00:00,7.322,7.383,7.247,7.26,147555.27912991
2024-05-24 16:00:00,7.26,7.26,7.18,7.189,57642.9614834
2024-05-24 17:00:00,7.184,7.262,7.184,7.261,27269.72478081
2024-05-24 18:00:00,7.259,7.317,7.232,7.249,67645.39505985
2024-05-24 19:00:00,7.248,7.283,7.236,7.265,23250.4988288
2024-05-24 20:00:00,7.266,7.293,7.224,7.225,84772.97692499
2024-05-24 21:00:00,7.225,7.27,7.215,7.261,43476.94353876
2024-05-24 22:00:00,7.262,7.264,7.232,7.237,14725.01168683
2024-05-24 23:00:00,7.237,7.253,7.228,7.245,15909.14312688
2024-05-25 00:00:00,7.244,7.261,7.22,7.234,19176.47591623
2024-05-25 01:00:00,7.232,7.29,7.232,7.276,30347.97401337
2024-05-25 02:00:00,7.277,7.294,7.26,7.275,22183.63089117
2024-05-25 03:00:00,7.276,7.31,7.27,7.305,48438.46338925
2024-05-25 04:00:00,7.304,7.325,7.293,7.318,19799.33571762
2024-05-25 05:00:00,7.317,7.331,7.295,7.301,41681.1099208
2024-05-25 06:00:00,7.3,7.306,7.263,7.288,27388.56377456
2024-05-25 07:00:00,7.285,7.3,7.272,7.292,17587.92883596
2024-05-25 08:00:00,7.295,7.303,7.27,7.275,13844.27917099
2024-05-25 09:00:00,7.271,7.308,7.271,7.307,19499.98451313
2024-05-25 10:00:00,7.306,7.329,7.295,7.325,19943.40823267
2024-05-25 11:00:00,7.325,7.339,7.295,7.303,23043.5089001
2024-05-25 12:00:00,7.302,7.314,7.276,7.295,18792.56215305
2024-05-25 13:00:00,7.293,7.318,7.262,7.271,20832.35865362
2024-05-25 14:00:00,7.27,7.309,7.263,7.309,25878.01905939
2024-05-25 15:00:00,7.308,7.347,7.307,7.33,41359.58395856
2024-05-25 16:00:00,7.331,7.366,7.331,7.35,39882.89755086
2024-05-25 17:00:00,7.349,7.356,7.332,7.349,16097.57006383
2024-05-25 18:00:00,7.347,7.401,7.346,7.378,57067.81209686
2024-05-25 19:00:00,7.377,7.382,7.361,7.364,11115.04649411
2024-05-25 20:00:00,7.362,7.376,7.34,7.342,16321.45674961
2024-05-25 21:00:00,7.342,7.365,7.337,7.353,19401.25689314
2024-05-25 22:00:00,7.353,7.385,7.339,7.383,14150.31308993
2024-05-25 23:00:00,7.384,7.435,7.384,7.422,34812.98391961
2024-05-26 00:00:00,7.422,7.49,7.413,7.473,54343.80248569
2024-05-26 01:00:00,7.474,7.518,7.474,7.487,32080.22595709
2024-05-26 02:00:00,7.486,7.492,7.417,7.436,42683.94133438
2024-05-26 03:00:00,7.432,7.477,7.411,7.475,26895.41196195
2024-05-26 04:00:00,7.473,7.473,7.395,7.411,26841.8128629
2024-05-26 05:00:00,7.409,7.432,7.408,7.414,16746.52317806
2024-05-26 06:00:00,7.413,7.416,7.382,7.398,13030.08385323
2024-05-26 07:00:00,7.4,7.46,7.39,7.436,29582.74429028
2024-05-26 08:00:00,7.436,7.489,7.418,7.432,31017.99125677
2024-05-26 09:00:00,7.432,7.449,7.366,7.39,36363.49494392
2024-05-26 10:00:00,7.388,7.46,7.387,7.458,30054.97720814
2024-05-26 11:00:00,7.46,7.463,7.429,7.442,38206.71305464
2024-05-26 12:00:00,7.443,7.478,7.416,7.462,30158.19439627
2024-05-26 13:00:00,7.465,7.5,7.441,7.497,38057.98322818
2024-05-26 14:00:00,7.499,7.593,7.487,7.581,128475.26563213
2024-05-26 15:00:00,7.584,7.639,7.551,7.581,131480.90361539
2024-05-26 16:00:00,7.582,7.625,7.534,7.539,60298.16999204
2024-05-26 17:00:00,7.538,7.546,7.513,7.514,26798.5786664
2024-05-26 18:00:00,7.516,7.535,7.49,7.507,40292.55104452
2024-05-26 19:00:00,7.509,7.567,7.509,7.543,35341.65179243
2024-05-26 20:00:00,7.544,7.571,7.532,7.551,16979.6872158
2024-05-26 21:00:00,7.546,7.557,7.476,7.557,50386.71211073
2024-05-26 22:00:00,7.557,7.586,7.542,7.573,43004.48223229
2024-05-26 23:00:00,7.573,7.589,7.532,7.555,51417.3584936
2024-05-27 00:00:00,7.553,7.563,7.5,7.538,24881.23456693
2024-05-27 01:00:00,7.538,7.576,7.496,7.531,66855.72849992
2024-05-27 02:00:00,7.532,7.539,7.485,7.488,32213.70126389
2024-05-27 03:00:00,7.49,7.503,7.479,7.491,19909.1560268
2024-05-27 04:00:00,7.489,7.504,7.467,7.47,14229.23842019
2024-05-27 05:00:00,7.469,7.472,7.405,7.426,71383.03401767
2024-05-27 06:00:00,7.425,7.425,7.388,7.393,31276.05438317
2024-05-27 07:00:00,7.392,7.421,7.38,7.409,25515.72812657
2024-05-27 08:00:00,7.412,7.459,7.41,7.442,44670.31733831
2024-05-27 09:00:00,7.443,7.469,7.42,7.457,18548.75062483
2024-05-27 10:00:00,7.455,7.488,7.439,7.478,30922.40986499
2024-05-27 11:00:00,7.479,7.487,7.44,7.48,28122.8816676
2024-05-27 12:00:00,7.481,7.493,7.456,7.463,24142.21120488
2024-05-27 13:00:00,7.466,7.518,7.465,7.508,48415.2600214
2024-05-27 14:00:00,7.507,7.524,7.474,7.524,50138.54912776
2024-05-27 15:00:00,7.524,7.741,7.522,7.732,179702.60838166
2024-05-27 16:00:00,7.727,7.779,7.675,7.716,253540.70061606
2024-05-27 17:00:00,7.714,7.74,7.661,7.677,69679.51115555
2024-05-27 18:00:00,7.678,7.692,7.627,7.629,46866.11413518
2024-05-27 19:00:00,7.631,7.67,7.51,7.55,118257.74681252
2024-05-27 20:00:00,7.549,7.675,7.541,7.669,102331.36500293
2024-05-27 21:00:00,7.668,7.679,7.622,7.641,38426.84681388
2024-05-27 22:00:00,7.639,7.639,7.6,7.6,24575.52796019
2024-05-27 23:00:00,7.6,7.639,7.591,7.638,52569.17146924
2024-05-28 00:00:00,7.636,7.655,7.577,7.601,82762.93799469
2024-05-28 01:00:00,7.6,7.664,7.521,7.546,158521.8886402
2024-05-28 02:00:00,7.54,7.588,7.483,7.579,228505.28094655
2024-05-28 03:00:00,7.579,7.598,7.508,7.537,122482.89777377
2024-05-28 04:00:00,7.535,7.541,7.378,7.399,187427.21894241
2024-05-28 05:00:00,7.397,7.442,7.371,7.42,65320.2714502
2024-05-28 06:00:00,7.421,7.426,7.357,7.396,124740.38574809
2024-05-28 07:00:00,7.394,7.401,7.317,7.331,68511.15799333
2024-05-28 08:00:00,7.331,7.416,7.321,7.409,68577.55472625
2024-05-28 09:00:00,7.41,7.44,7.377,7.425,120810.18989476
2024-05-28 10:00:00,7.421,7.482,7.414,7.431,119470.91663098
2024-05-28 11:00:00,7.431,7.462,7.386,7.392,244171.21826434
2024-05-28 12:00:00,7.395,7.405,7.355,7.363,42123.35285163
2024-05-28 13:00:00,7.364,7.414,7.289,7.318,132449.95863534
2024-05-28 14:00:00,7.32,7.361,7.274,7.315,120022.98487249
2024-05-28 15:00:00,7.315,7.388,7.278,7.386,86266.69598805
2024-05-28 16:00:00,7.386,7.401,7.324,7.346,58544.39912173
2024-05-28 17:00:00,7.345,7.401,7.338,7.375,80546.79226497
2024-05-28 18:00:00,7.372,7.415,7.302,7.352,77576.09045277
2024-05-28 19:00:00,7.351,7.436,7.348,7.428,43308.64210711
2024-05-28 20:00:00,7.427,7.489,7.394,7.397,67538.497118
2024-05-28 21:00:00,7.397,7.409,7.372,7.397,60217.44839614
2024-05-28 22:00:00,7.397,7.413,7.365,7.366,21064.85617718
2024-05-28 23:00:00,7.366,7.379,7.342,7.365,19186.9369223
2024-05-29 00:00:00,7.366,7.383,7.326,7.338,17314.20460003
2024-05-29 01:00:00,7.338,7.37,7.302,7.335,34356.12068499
2024-05-29 02:00:00,7.334,7.377,7.305,7.351,45868.08849527
2024-05-29 03:00:00,7.349,7.407,7.349,7.384,39847.32133025
2024-05-29 04:00:00,7.384,7.432,7.377,7.41,39196.88653587
2024-05-29 05:00:00,7.41,7.436,7.392,7.426,32739.04584439
2024-05-29 06:00:00,7.425,7.563,7.425,7.47,239479.24323953
2024-05-29 07:00:00,7.468,7.498,7.403,7.407,68615.9023901
2024-05-29 08:00:00,7.407,7.44,7.317,7.428,206383.60307885
2024-05-29 09:00:00,7.427,7.483,7.403,7.411,86435.75218789
2024-05-29 10:00:00,7.41,7.479,7.399,7.47,62910.1858832
2024-05-29 11:00:00,7.468,7.482,7.364,7.37,184222.42501207
2024-05-29 12:00:00,7.374,7.409,7.319,7.349,86208.36332531
2024-05-29 13:00:00,7.35,7.396,7.277,7.309,126941.2268985
2024-05-29 14:00:00,7.31,7.32,7.229,7.253,150666.5635332
2024-05-29 15:00:00,7.255,7.292,7.208,7.223,125608.79604192
2024-05-29 16:00:00,7.221,7.251,7.177,7.247,212249.42564804
2024-05-29 17:00:00,7.25,7.27,7.199,7.244,96666.90041075
2024-05-29 18:00:00,7.244,7.247,7.185,7.213,30460.30732317
2024-05-29 19:00:00,7.211,7.233,7.177,7.182,43755.01599493
2024-05-29 20:00:00,7.183,7.192,7.156,7.176,42237.58436052
2024-05-29 21:00:00,7.175,7.21,7.135,7.189,70817.75856171
2024-05-29 22:00:00,7.189,7.203,7.166,7.173,43185.1602327
2024-05-29 23:00:00,7.174,7.199,7.166,7.174,26462.0060133
2024-05-30 00:00:00,7.175,7.21,7.147,7.155,26042.19332235
2024-05-30 01:00:00,7.155,7.205,7.143,7.191,24781.23799231
2024-05-30 02:00:00,7.192,7.232,7.186,7.198,41252.63145532
2024-05-30 03:00:00,7.199,7.239,7.196,7.223,32940.78078586
2024-05-30 04:00:00,7.224,7.231,7.167,7.174,32688.81369069
2024-05-30 05:00:00,7.175,7.176,7.136,7.141,98796.9464795
2024-05-30 06:00:00,7.138,7.143,7.029,7.042,142830.16253075
2024-05-30 07:00:00,7.041,7.06,6.945,6.975,171124.65573472
2024-05-30 08:00:00,6.973,7.053,6.925,7.047,149853.35469868
2024-05-30 09:00:00,7.044,7.048,7.0,7.032,37082.13387952
2024-05-30 10:00:00,7.032,7.066,7.001,7.057,47130.69363747
2024-05-30 11:00:00,7.056,7.078,7.04,7.045,22805.46411072
2024-05-30 12:00:00,7.045,7.09,7.023,7.077,57327.61506608
2024-05-30 13:00:00,7.076,7.106,7.06,7.094,42113.75415993
2024-05-30 14:00:00,7.095,7.114,7.051,7.057,35926.86707088
2024-05-30 15:00:00,7.058,7.078,7.03,7.07,87020.49188348
2024-05-30 16:00:00,7.071,7.089,7.041,7.06,61714.66689701
2024-05-30 17:00:00,7.06,7.141,7.054,7.118,77590.91976839
2024-05-30 18:00:00,7.125,7.129,7.07,7.098,68325.14699469
2024-05-30 19:00:00,7.1,7.109,7.031,7.06,90832.00032616
2024-05-30 20:00:00,7.055,7.055,6.97,7.012,78383.31168709
2024-05-30 21:00:00,7.013,7.026,6.982,7.026,57983.89581176
2024-05-30 22:00:00,7.024,7.024,7.002,7.008,22147.50237221
2024-05-30 23:00:00,7.007,7.023,6.997,6.999,23038.70251447
2024-05-31 00:00:00,6.997,7.001,6.956,6.987,56599.63111435
2024-05-31 01:00:00,6.988,7.015,6.957,6.974,26657.80723573
2024-05-31 02:00:00,6.975,7.018,6.968,6.989,36858.48326519
2024-05-31 03:00:00,6.989,7.018,6.985,7.006,31309.56686706
2024-05-31 04:00:00,7.006,7.016,6.991,6.997,27813.17632865
2024-05-31 05:00:00,6.997,6.997,6.921,6.981,62971.29306946
2024-05-31 06:00:00,6.982,7.007,6.963,6.979,56746.70602237
2024-05-31 07:00:00,6.982,7.02,6.98,6.995,36453.59920215
2024-05-31 08:00:00,6.995,7.016,6.991,7.006,34553.41615986
2024-05-31 09:00:00,7.003,7.005,6.969,6.985,38899.03105842
2024-05-31 10:00:00,6.987,7.022,6.971,6.981,57168.84420553
2024-05-31 11:00:00,6.982,7.002,6.97,6.995,57426.13700119
2024-05-31 12:00:00,6.995,7.054,6.986,7.028,159038.36549035
2024-05-31 13:00:00,7.028,7.045,6.965,6.974,104128.74959839
2024-05-31 14:00:00,6.973,6.973,6.914,6.949,158259.38482769
2024-05-31 15:00:00,6.949,6.959,6.856,6.859,192570.29101361
2024-05-31 16:00:00,6.857,6.919,6.8,6.91,285642.14703326
2024-05-31 17:00:00,6.908,6.954,6.9,6.954,49670.96333098
2024-05-31 18:00:00,6.953,6.969,6.935,6.958,66935.35315534
2024-05-31 19:00:00,6.958,6.999,6.95,6.987,48654.9488499
2024-05-31 20:00:00,6.986,6.994,6.961,6.989,33986.3480603
2024-05-31 21:00:00,6.988,7.013,6.983,6.993,50086.29418541
2024-05-31 22:00:00,6.994,7.003,6.978,6.992,38149.78045813
2024-05-31 23:00:00,6.989,7.011,6.949,6.98,50995.9125307
2024-06-01 00:00:00,6.982,6.999,6.969,6.983,22128.20816722
2024-06-01 01:00:00,6.984,6.993,6.956,6.967,29099.3931697
2024-06-01 02:00:00,6.967,6.983,6.96,6.976,17763.54727322
2024-06-01 03:00:00,6.977,7.001,6.971,6.995,20422.59994127
2024-06-01 04:00:00,6.993,7.026,6.989,7.022,18634.20751294
2024-06-01 05:00:00,7.022,7.04,7.006,7.025,26580.43687982
2024-06-01 06:00:00,7.026,7.046,7.021,7.043,38517.47485476
2024-06-01 07:00:00,7.042,7.042,7.004,7.01,56846.63601941
2024-06-01 08:00:00,7.011,7.026,7.003,7.026,15230.91360211
2024-06-01 09:00:00,7.028,7.085,7.014,7.063,99222.39891363
2024-06-01 10:00:00,7.063,7.063,7.036,7.053,36852.62031335
2024-06-01 11:00:00,7.054,7.07,7.052,7.063,26814.67987169
2024-06-01 12:00:00,7.063,7.091,7.061,7.082,43225.62212033
2024-06-01 13:00:00,7.081,7.123,7.081,7.104,42484.28842558
2024-06-01 14:00:00,7.103,7.131,7.102,7.117,26886.78761867
2024-06-01 15:00:00,7.118,7.12,7.087,7.088,21113.40351727
2024-06-01 16:00:00,7.089,7.101,7.077,7.085,28791.53034437
2024-06-01 17:00:00,7.085,7.096,7.041,7.096,108606.76605688
2024-06-01 18:00:00,7.095,7.098,7.06,7.062,20874.4342852
2024-06-01 19:00:00,7.063,7.083,7.057,7.074,22012.15249804
2024-06-01 20:00:00,7.072,7.087,7.071,7.087,14860.98642327
2024-06-01 21:00:00,7.088,7.107,7.08,7.098,25800.12367659
2024-06-01 22:00:00,7.099,7.103,7.081,7.085,13521.5916963
2024-06-01 23:00:00,7.085,7.088,7.048,7.062,30764.15581389
2024-06-02 00:00:00,7.062,7.085,7.052,7.082,23789.01368793
2024-06-02 01:00:00,7.081,7.093,7.057,7.072,24347.32238501
2024-06-02 02:00:00,7.072,7.085,7.052,7.068,21570.58040084
2024-06-02 03:00:00,7.068,7.088,7.063,7.08,13758.20133414
2024-06-02 04:00:00,7.08,7.114,7.066,7.113,16356.84337907
2024-06-02 05:00:00,7.112,7.118,7.065,7.07,35111.53356114
2024-06-02 06:00:00,7.069,7.105,7.066,7.097,23107.03958401
2024-06-02 07:00:00,7.097,7.099,7.037,7.04,80963.29690826
2024-06-02 08:00:00,7.041,7.071,7.038,7.056,24227.77861773
2024-06-02 09:00:00,7.055,7.057,6.991,7.003,70149.94519416
2024-06-02 10:00:00,7.004,7.033,6.993,7.032,24949.70092399
2024-06-02 11:00:00,7.034,7.093,7.015,7.089,36405.27424687
2024-06-02 12:00:00,7.088,7.098,7.059,7.07,29950.5876749
2024-06-02 13:00:00,7.071,7.089,7.048,7.082,27088.63470818
2024-06-02 14:00:00,7.077,7.119,7.068,7.119,34646.39328852
2024-06-02 15:00:00,7.119,7.123,7.077,7.084,33254.8054369
2024-06-02 16:00:00,7.083,7.098,7.042,7.053,31053.05469836
2024-06-02 17:00:00,7.052,7.052,6.974,6.977,70061.18183959
2024-06-02 18:00:00,6.976,7.0,6.918,6.998,114872.74784121
2024-06-02 19:00:00,7.0,7.019,6.94,7.006,75175.04698684
2024-06-02 20:00:00,7.004,7.009,6.958,7.004,38028.93470894
2024-06-02 21:00:00,7.003,7.019,6.992,7.007,50512.8629625
2024-06-02 22:00:00,7.007,7.028,6.976,6.982,53417.00352346
2024-06-02 23:00:00,6.983,7.006,6.983,6.991,18751.39693548
2024-06-03 00:00:00,6.99,7.011,6.933,6.974,41240.90918929
2024-06-03 01:00:00,6.975,7.077,6.968,7.062,80428.02609896
2024-06-03 02:00:00,7.062,7.105,7.062,7.092,52373.89848813
2024-06-03 03:00:00,7.094,7.096,7.052,7.077,30017.73127724
2024-06-03 04:00:00,7.076,7.101,7.029,7.088,66370.67702545
2024-06-03 05:00:00,7.088,7.154,7.088,7.104,89609.92267896
2024-06-03 06:00:00,7.105,7.17,7.091,7.154,77129.45921032
2024-06-03 07:00:00,7.158,7.176,7.127,7.134,55260.67041732
2024-06-03 08:00:00,7.134,7.176,7.132,7.14,88511.18859897
2024-06-03 09:00:00,7.14,7.149,7.111,7.114,64537.46324881
2024-06-03 10:00:00,7.113,7.137,7.113,7.117,37257.1449741
2024-06-03 11:00:00,7.118,7.146,7.1,7.121,56488.1784499
2024-06-03 12:00:00,7.122,7.174,7.118,7.17,62502.74146489
2024-06-03 13:00:00,7.172,7.191,7.144,7.162,114182.90235231
2024-06-03 14:00:00,7.163,7.182,7.021,7.054,270746.26796299
2024-06-03 15:00:00,7.053,7.144,7.046,7.137,185484.63490674
2024-06-03 16:00:00,7.138,7.147,7.063,7.082,91356.59539125
2024-06-03 17:00:00,7.082,7.117,7.064,7.108,34315.54612039
2024-06-03 18:00:00,7.109,7.137,7.105,7.123,41612.99125281
2024-06-03 19:00:00,7.124,7.129,7.088,7.107,20561.76615614
2024-06-03 20:00:00,7.105,7.12,7.075,7.076,41391.81649871
2024-06-03 21:00:00,7.076,7.078,7.029,7.054,66123.67315985
2024-06-03 22:00:00,7.055,7.055,7.025,7.039,23638.7153901
2024-06-03 23:00:00,7.041,7.048,7.005,7.012,16193.89977769
2024-06-04 00:00:00,7.013,7.025,6.976,6.989,61633.92993338
2024-06-04 01:00:00,6.988,7.02,6.966,7.018,33404.26249339
2024-06-04 02:00:00,7.018,7.03,6.999,7.011,25411.62209799
2024-06-04 03:00:00,7.012,7.038,7.011,7.036,62212.75727615
2024-06-04 04:00:00,7.036,7.038,6.997,7.004,100005.56968733
2024-06-04 05:00:00,7.004,7.033,6.986,7.015,35129.00692903
2024-06-04 06:00:00,7.016,7.033,6.982,7.01,52272.745859
2024-06-04 07:00:00,7.008,7.023,6.989,7.007,31992.94274662
2024-06-04 08:00:00,7.007,7.03,6.974,6.985,56504.51074625
2024-06-04 09:00:00,6.983,6.992,6.944,6.952,79198.20905667
2024-06-04 10:00:00,6.952,7.007,6.947,7.002,110273.12835222
2024-06-04 11:00:00,7.002,7.012,6.985,7.01,60970.15377369
2024-06-04 12:00:00,7.011,7.016,6.985,6.993,45022.91131782
2024-06-04 13:00:00,6.992,7.044,6.991,7.03,79746.08020924
2024-06-04 14:00:00,7.031,7.15,7.029,7.097,240709.25449193
2024-06-04 15:00:00,7.099,7.212,7.099,7.172,92803.44459639
2024-06-04 16:00:00,7.172,7.202,7.087,7.189,216890.70839405
2024-06-04 17:00:00,7.188,7.192,7.152,7.174,51945.46195035
2024-06-04 18:00:00,7.173,7.227,7.172,7.203,63231.8644101
2024-06-04 19:00:00,7.203,7.22,7.143,7.197,65004.74372092
2024-06-04 20:00:00,7.197,7.223,7.18,7.222,29417.86198876
2024-06-04 21:00:00,7.223,7.237,7.187,7.197,31285.60920505
2024-06-04 22:00:00,7.197,7.214,7.194,7.201,21653.68768209
2024-06-04 23:00:00,7.201,7.203,7.176,7.185,28089.31371795
2024-06-05 00:00:00,7.186,7.232,7.186,7.204,45855.60917714
2024-06-05 01:00:00,7.203,7.244,7.18,7.229,61720.732971
2024-06-05 02:00:00,7.23,7.239,7.188,7.201,49045.97786358
2024-06-05 03:00:00,7.2,7.232,7.2,7.218,37340.76598099
2024-06-05 04:00:00,7.217,7.237,7.204,7.229,26968.72525906
2024-06-05 05:00:00,7.229,7.233,7.186,7.228,73274.15199861
2024-06-05 06:00:00,7.227,7.277,7.222,7.266,75180.30014631
2024-06-05 07:00:00,7.267,7.301,7.257,7.264,52926.48216939
2024-06-05 08:00:00,7.264,7.265,7.214,7.22,55513.54154563
2024-06-05 09:00:00,7.222,7.243,7.202,7.216,31519.7259066
2024-06-05 10:00:00,7.215,7.218,7.176,7.2,63946.51113619
2024-06-05 11:00:00,7.199,7.228,7.193,7.21,49750.69474946
2024-06-05 12:00:00,7.21,7.217,7.18,7.205,39760.06896747
2024-06-05 13:00:00,7.205,7.214,7.168,7.185,42409.59404895
2024-06-05 14:00:00,7.184,7.219,7.155,7.199,50233.78969467
2024-06-05 15:00:00,7.199,7.24,7.185,7.232,42843.95711389
2024-06-05 16:00:00,7.232,7.261,7.224,7.239,47504.84373929
2024-06-05 17:00:00,7.24,7.292,7.233,7.283,26346.84189809
2024-06-05 18:00:00,7.284,7.294,7.234,7.248,57436.51601601
2024-06-05 19:00:00,7.247,7.277,7.208,7.275,33836.6567099
2024-06-05 20:00:00,7.276,7.295,7.268,7.287,18150.09474713
2024-06-05 21:00:00,7.286,7.288,7.257,7.257,15107.99043036
2024-06-05 22:00:00,7.257,7.262,7.225,7.229,14917.14379311
2024-06-05 23:00:00,7.229,7.266,7.22,7.256,19312.43146877
2024-06-06 00:00:00,7.257,7.282,7.243,7.245,27237.44090289
2024-06-06 01:00:00,7.247,7.262,7.224,7.241,22331.31388786
2024-06-06 02:00:00,7.242,7.268,7.24,7.255,16481.5850317
2024-06-06 03:00:00,7.256,7.261,7.213,7.213,17991.21124245
2024-06-06 04:00:00,7.213,7.224,7.194,7.216,22082.50845471
2024-06-06 05:00:00,7.216,7.221,7.175,7.178,25030.91266943
2024-06-06 06:00:00,7.179,7.191,7.158,7.17,18392.78745635
2024-06-06 07:00:00,7.171,7.185,7.155,7.183,22515.54143088
2024-06-06 08:00:00,7.182,7.186,7.171,7.183,21415.01022262
2024-06-06 09:00:00,7.181,7.213,7.181,7.209,23316.76877197
2024-06-06 10:00:00,7.209,7.213,7.187,7.207,20537.68790435
2024-06-06 11:00:00,7.208,7.226,7.2,7.226,21998.33271369
2024-06-06 12:00:00,7.225,7.251,7.191,7.211,47750.19784029
2024-06-06 13:00:00,7.212,7.254,7.182,7.227,60188.99248898
2024-06-06 14:00:00,7.226,7.288,7.21,7.282,63066.60443017
2024-06-06 15:00:00,7.281,7.29,7.252,7.252,35788.49159577
2024-06-06 16:00:00,7.255,7.268,7.198,7.226,65480.12884421
2024-06-06 17:00:00,7.226,7.253,7.199,7.232,81767.72113132
2024-06-06 18:00:00,7.23,7.235,7.185,7.219,35178.92679088
2024-06-06 19:00:00,7.218,7.221,7.122,7.127,78038.81829633
2024-06-06 20:00:00,7.127,7.15,7.057,7.148,155391.09593498
2024-06-06 21:00:00,7.148,7.148,7.125,7.125,33215.8232934
2024-06-06 22:00:00,7.124,7.143,7.114,7.138,27395.12490262
2024-06-06 23:00:00,7.14,7.156,7.126,7.146,85773.02897745
2024-06-07 00:00:00,7.146,7.151,7.134,7.136,22687.67552852
2024-06-07 01:00:00,7.134,7.135,7.087,7.106,36152.55426711
2024-06-07 02:00:00,7.105,7.114,7.077,7.099,42582.34276534
2024-06-07 03:00:00,7.099,7.109,7.085,7.104,52081.23113374
2024-06-07 04:00:00,7.103,7.166,7.099,7.166,51298.30136641
2024-06-07 05:00:00,7.164,7.197,7.163,7.173,36968.81881867
2024-06-07 06:00:00,7.173,7.188,7.166,7.183,24581.82823325
2024-06-07 07:00:00,7.183,7.187,7.139,7.155,32468.78247594
2024-06-07 08:00:00,7.155,7.157,7.141,7.141,20375.20923514
2024-06-07 09:00:00,7.14,7.152,7.128,7.145,33383.23846576
2024-06-07 10:00:00,7.144,7.213,7.141,7.207,57022.30227889
2024-06-07 11:00:00,7.206,7.277,7.206,7.267,93151.88887891
2024-06-07 12:00:00,7.269,7.294,7.08,7.162,411988.77975605
2024-06-07 13:00:00,7.161,7.238,7.137,7.227,106413.38192628
2024-06-07 14:00:00,7.227,7.271,7.206,7.257,79252.6788777
2024-06-07 15:00:00,7.255,7.255,7.194,7.22,69429.36983757
2024-06-07 16:00:00,7.218,7.221,7.117,7.135,100039.92757055
2024-06-07 17:00:00,7.135,7.136,6.974,6.976,204598.18901571
2024-06-07 18:00:00,6.976,6.984,5.948,6.537,2622567.81969489
2024-06-07 19:00:00,6.535,6.627,6.463,6.588,237529.23779408
2024-06-07 20:00:00,6.587,6.66,6.567,6.642,83031.93568486
2024-06-07 21:00:00,6.64,6.64,6.602,6.619,89882.29876431
2024-06-07 22:00:00,6.62,6.664,6.61,6.658,59707.08412813
2024-06-07 23:00:00,6.657,6.659,6.641,6.653,23454.75228431
2024-06-08 00:00:00,6.652,6.652,6.61,6.641,51091.79304601
2024-06-08 01:00:00,6.641,6.678,6.632,6.662,38164.5981282
2024-06-08 02:00:00,6.661,6.661,6.608,6.623,33164.0894411
2024-06-08 03:00:00,6.623,6.643,6.613,6.622,19370.42287003
2024-06-08 04:00:00,6.622,6.625,6.604,6.611,22005.63300656
2024-06-08 05:00:00,6.608,6.63,6.595,6.626,45860.54215884
2024-06-08 06:00:00,6.622,6.633,6.596,6.611,34414.85046411
2024-06-08 07:00:00,6.611,6.626,6.608,6.622,52128.82010191
2024-06-08 08:00:00,6.621,6.621,6.578,6.587,78890.03519763
2024-06-08 09:00:00,6.587,6.588,6.543,6.557,94547.03615852
2024-06-08 10:00:00,6.558,6.558,6.514,6.543,73605.35430451
2024-06-08 11:00:00,6.543,6.547,6.42,6.438,151819.90206834
2024-06-08 12:00:00,6.438,6.476,6.387,6.411,173437.07248833
2024-06-08 13:00:00,6.412,6.449,6.353,6.449,228059.89531506
2024-06-08 14:00:00,6.45,6.475,6.406,6.47,109882.91851194
2024-06-08 15:00:00,6.469,6.475,6.434,6.461,92670.32578186
2024-06-08 16:00:00,6.461,6.479,6.424,6.449,72473.10932078
2024-06-08 17:00:00,6.446,6.466,6.39,6.455,104923.37372331
2024-06-08 18:00:00,6.453,6.484,6.401,6.414,48028.3819056
2024-06-08 19:00:00,6.413,6.428,6.378,6.391,49654.38253209
2024-06-08 20:00:00,6.392,6.394,6.348,6.381,63998.58055754
2024-06-08 21:00:00,6.38,6.408,6.362,6.385,29460.21352856
2024-06-08 22:00:00,6.386,6.405,6.335,6.38,70017.62324408
2024-06-08 23:00:00,6.379,6.387,6.367,6.382,29293.92693195
2024-06-09 00:00:00,6.381,6.406,6.372,6.391,37764.42807649
2024-06-09 01:00:00,6.392,6.439,6.39,6.437,50129.87872601
2024-06-09 02:00:00,6.437,6.439,6.379,6.386,55610.40964453
2024-06-09 03:00:00,6.385,6.435,6.384,6.423,39153.24640151
2024-06-09 04:00:00,6.424,6.443,6.404,6.41,58390.72378762
2024-06-09 05:00:00,6.412,6.429,6.375,6.415,57422.88969443
2024-06-09 06:00:00,6.418,6.434,6.411,6.42,58706.34694015
2024-06-09 07:00:00,6.42,6.432,6.415,6.42,26894.48630799
2024-06-09 08:00:00,6.42,6.47,6.41,6.469,39562.32951662
2024-06-09 09:00:00,6.469,6.5,6.465,6.492,36427.43594246
2024-06-09 10:00:00,6.491,6.493,6.475,6.483,57982.78033556
2024-06-09 11:00:00,6.482,6.488,6.462,6.463,24711.22721427
2024-06-09 12:00:00,6.463,6.493,6.448,6.481,92743.3830512
2024-06-09 13:00:00,6.481,6.482,6.423,6.457,50265.04653028
2024-06-09 14:00:00,6.456,6.491,6.447,6.491,34362.80083635
2024-06-09 15:00:00,6.492,6.495,6.465,6.47,41203.51998261
2024-06-09 16:00:00,6.471,6.489,6.461,6.475,38325.40759131
2024-06-09 17:00:00,6.476,6.482,6.462,6.478,29362.90379314
2024-06-09 18:00:00,6.479,6.517,6.472,6.507,61847.84621041
2024-06-09 19:00:00,6.509,6.526,6.503,6.526,33491.66610126
2024-06-09 20:00:00,6.527,6.533,6.499,6.505,23688.61725239
2024-06-09 21:00:00,6.505,6.529,6.494,6.529,24387.91884874
2024-06-09 22:00:00,6.529,6.537,6.51,6.517,24225.79508658
2024-06-09 23:00:00,6.516,6.528,6.497,6.523,50300.60868064
2024-06-10 00:00:00,6.523,6.528,6.497,6.527,36291.14290839
2024-06-10 01:00:00,6.527,6.538,6.502,6.505,16352.45963245
2024-06-10 02:00:00,6.506,6.53,6.499,6.505,17354.78656344
2024-06-10 03:00:00,6.504,6.505,6.439,6.46,65958.2016538
2024-06-10 04:00:00,6.461,6.473,6.436,6.463,56187.72675063
2024-06-10 05:00:00,6.463,6.47,6.427,6.445,41510.2223594
2024-06-10 06:00:00,6.447,6.455,6.389,6.419,84474.01619972
2024-06-10 07:00:00,6.42,6.433,6.357,6.365,93164.82319112
2024-06-10 08:00:00,6.366,6.456,6.366,6.451,64078.1435788
2024-06-10 09:00:00,6.451,6.504,6.438,6.501,59013.63648837
2024-06-10 10:00:00,6.502,6.528,6.485,6.489,48834.72116361
2024-06-10 11:00:00,6.489,6.509,6.475,6.486,24821.23050756
2024-06-10 12:00:00,6.487,6.487,6.435,6.457,41503.39678502
2024-06-10 13:00:00,6.456,6.5,6.418,6.449,153748.3408178
2024-06-10 14:00:00,6.445,6.503,6.431,6.503,46255.91656973
2024-06-10 15:00:00,6.503,6.577,6.498,6.548,104068.6560811
2024-06-10 16:00:00,6.548,6.557,6.493,6.539,41939.0383172
2024-06-10 17:00:00,6.537,6.54,6.51,6.534,26902.36736499
2024-06-10 18:00:00,6.533,6.565,6.51,6.545,40651.06566308
2024-06-10 19:00:00,6.545,6.551,6.5,6.509,45236.01216136
2024-06-10 20:00:00,6.511,6.538,6.469,6.515,53071.23762751
2024-06-10 21:00:00,6.515,6.537,6.478,6.517,25191.41730881
2024-06-10 22:00:00,6.516,6.516,6.474,6.504,20018.35150808
2024-06-10 23:00:00,6.507,6.518,6.481,6.503,20583.11882427
2024-06-11 00:00:00,6.504,6.51,6.467,6.47,14806.33414551
2024-06-11 01:00:00,6.472,6.523,6.328,6.399,373675.23323538
2024-06-11 02:00:00,6.397,6.455,6.34,6.426,315491.69252054
2024-06-11 03:00:00,6.424,6.485,6.423,6.437,95178.48197584
2024-06-11 04:00:00,6.437,6.458,6.379,6.444,111934.62884279
2024-06-11 05:00:00,6.446,6.446,6.395,6.437,44849.12379487
2024-06-11 06:00:00,6.436,6.441,6.275,6.35,179308.71187929
2024-06-11 07:00:00,6.349,6.402,6.33,6.363,75004.68533713
2024-06-11 08:00:00,6.362,6.384,6.334,6.378,90827.72718607
2024-06-11 09:00:00,6.378,6.394,6.354,6.379,102286.71438401
2024-06-11 10:00:00,6.378,6.416,6.363,6.379,88492.3156481
2024-06-11 11:00:00,6.381,6.394,6.346,6.352,43565.65806936
2024-06-11 12:00:00,6.348,6.373,6.296,6.298,92359.5818443
2024-06-11 13:00:00,6.295,6.34,6.216,6.236,215593.67611692
2024-06-11 14:00:00,6.235,6.292,6.219,6.276,73385.51044721
2024-06-11 15:00:00,6.275,6.335,6.211,6.298,419953.94171464
2024-06-11 16:00:00,6.296,6.37,6.287,6.317,117731.65157714
2024-06-11 17:00:00,6.317,6.43,6.237,6.399,143430.4552688
2024-06-11 18:00:00,6.4,6.442,6.376,6.434,71804.63803736
2024-06-11 19:00:00,6.434,6.455,6.396,6.421,60018.47099785
2024-06-11 20:00:00,6.422,6.425,6.373,6.386,37303.83751961
2024-06-11 21:00:00,6.386,6.393,6.365,6.372,30528.9148079
2024-06-11 22:00:00,6.372,6.389,6.334,6.383,101613.74121965
2024-06-11 23:00:00,6.383,6.411,6.365,6.373,51614.28158104
2024-06-12 00:00:00,6.373,6.392,6.339,6.35,38113.32184355
2024-06-12 01:00:00,6.35,6.365,6.272,6.335,65874.16624931
2024-06-12 02:00:00,6.334,6.406,6.331,6.386,53827.86304249
2024-06-12 03:00:00,6.386,6.424,6.385,6.403,64397.26129669
2024-06-12 04:00:00,6.404,6.433,6.386,6.415,32010.42113229
2024-06-12 05:00:00,6.415,6.416,6.393,6.398,25589.256025
2024-06-12 06:00:00,6.399,6.408,6.387,6.39,14385.61179643
2024-06-12 07:00:00,6.389,6.403,6.372,6.402,45634.38743193
2024-06-12 08:00:00,6.402,6.43,6.379,6.379,27777.4426325
2024-06-12 09:00:00,6.379,6.415,6.36,6.405,80798.93726378
2024-06-12 10:00:00,6.404,6.443,6.403,6.425,77819.97111312
2024-06-12 11:00:00,6.426,6.431,6.374,6.376,24535.20020697
2024-06-12 12:00:00,6.376,6.6,6.375,6.597,416761.41778558
2024-06-12 13:00:00,6.6,6.639,6.574,6.618,170033.54158534
2024-06-12 14:00:00,6.618,6.692,6.614,6.687,119303.84843241
2024-06-12 15:00:00,6.689,6.706,6.661,6.701,119667.95546363
2024-06-12 16:00:00,6.702,6.822,6.682,6.736,255876.84464549
2024-06-12 17:00:00,6.736,6.796,6.721,6.785,136229.60142755
2024-06-12 18:00:00,6.786,6.828,6.59,6.783,828426.31411882
2024-06-12 19:00:00,6.779,6.922,6.649,6.701,555980.20164013
2024-06-12 20:00:00,6.7,6.811,6.67,6.794,102290.98229931
2024-06-12 21:00:00,6.794,6.795,6.743,6.747,53852.77948067
2024-06-12 22:00:00,6.747,6.751,6.724,6.726,41714.07907056
2024-06-12 23:00:00,6.726,6.754,6.723,6.734,57910.41730722
2024-06-13 00:00:00,6.733,6.737,6.679,6.699,67125.51641838
2024-06-13 01:00:00,6.694,6.698,6.615,6.622,72793.8113243
2024-06-13 02:00:00,6.623,6.647,6.559,6.567,93642.570302
2024-06-13 03:00:00,6.564,6.568,6.472,6.543,146780.70651805
2024-06-13 04:00:00,6.54,6.596,6.538,6.566,68023.76479128
2024-06-13 05:00:00,6.565,6.594,6.56,6.56,32883.89951495
2024-06-13 06:00:00,6.562,6.569,6.505,6.515,33465.98923461
2024-06-13 07:00:00,6.515,6.534,6.495,6.524,36702.587167
2024-06-13 08:00:00,6.523,6.534,6.486,6.488,34889.47747549
2024-06-13 09:00:00,6.487,6.487,6.446,6.484,57439.91070444
2024-06-13 10:00:00,6.486,6.525,6.463,6.512,69899.78701328
2024-06-13 11:00:00,6.511,6.511,6.461,6.468,41203.84395084
2024-06-13 12:00:00,6.467,6.563,6.446,6.484,160761.54168357
2024-06-13 13:00:00,6.484,6.542,6.464,6.496,67331.98066011
2024-06-13 14:00:00,6.497,6.524,6.447,6.476,84928.18332384
2024-06-13 15:00:00,6.478,6.501,6.357,6.379,169330.30924733
2024-06-13 16:00:00,6.378,6.425,6.34,6.425,113528.35613209
2024-06-13 17:00:00,6.425,6.477,6.414,6.47,111560.87177753
2024-06-13 18:00:00,6.468,6.491,6.455,6.485,61200.63525618
2024-06-13 19:00:00,6.483,6.492,6.457,6.457,27283.4713195
2024-06-13 20:00:00,6.454,6.464,6.387,6.411,60031.41287006
2024-06-13 21:00:00,6.408,6.423,6.351,6.422,42962.04795968
2024-06-13 22:00:00,6.423,6.423,6.382,6.391,46511.79293748
2024-06-13 23:00:00,6.387,6.387,6.333,6.356,59827.89765425
2024-06-14 00:00:00,6.358,6.371,6.301,6.338,110062.47837847
2024-06-14 01:00:00,6.337,6.386,6.294,6.376,62516.38749282
2024-06-14 02:00:00,6.374,6.412,6.372,6.388,24136.52368403
2024-06-14 03:00:00,6.386,6.399,6.336,6.349,38140.88247312
2024-06-14 04:00:00,6.351,6.383,6.351,6.37,24061.30873661
2024-06-14 05:00:00,6.371,6.426,6.37,6.414,66770.2594183
2024-06-14 06:00:00,6.413,6.413,6.378,6.386,35564.73264244
2024-06-14 07:00:00,6.383,6.488,6.367,6.433,129614.10501268
2024-06-14 08:00:00,6.433,6.449,6.412,6.428,66926.99930707
2024-06-14 09:00:00,6.427,6.445,6.411,6.442,30543.85642504
2024-06-14 10:00:00,6.442,6.466,6.431,6.464,39616.60357852
2024-06-14 11:00:00,6.466,6.482,6.394,6.401,181674.75298393
2024-06-14 12:00:00,6.402,6.41,6.363,6.378,45511.56201458
2024-06-14 13:00:00,6.376,6.391,6.347,6.349,50590.19893389
2024-06-14 14:00:00,6.348,6.349,6.227,6.287,134838.33419422
2024-06-14 15:00:00,6.288,6.298,6.188,6.216,105509.77370719
2024-06-14 16:00:00,6.216,6.221,5.956,6.115,583954.06184267
2024-06-14 17:00:00,6.118,6.121,6.068,6.106,65267.99666374
2024-06-14 18:00:00,6.106,6.116,6.026,6.084,88323.64965382
2024-06-14 19:00:00,6.085,6.118,6.059,6.108,50650.33713763
2024-06-14 20:00:00,6.108,6.144,6.076,6.076,71139.82123448
2024-06-14 21:00:00,6.078,6.199,6.074,6.191,85348.27129501
2024-06-14 22:00:00,6.193,6.195,6.133,6.162,41015.59401205
2024-06-14 23:00:00,6.163,6.177,6.141,6.159,22671.4002535
2024-06-15 00:00:00,6.157,6.171,6.112,6.144,42378.53899279
2024-06-15 01:00:00,6.144,6.161,6.111,6.114,13827.16390607
2024-06-15 02:00:00,6.111,6.144,6.105,6.137,10801.32119503
2024-06-15 03:00:00,6.138,6.164,6.135,6.161,11871.33100451
2024-06-15 04:00:00,6.164,6.184,6.151,6.166,18482.96130962
2024-06-15 05:00:00,6.166,6.212,6.165,6.201,23122.23823916
2024-06-15 06:00:00,6.206,6.252,6.206,6.226,33169.94012868
2024-06-15 07:00:00,6.226,6.242,6.204,6.217,21314.37450708
2024-06-15 08:00:00,6.218,6.234,6.214,6.229,10774.61432929
2024-06-15 09:00:00,6.23,6.232,6.189,6.189,14494.31415894
2024-06-15 10:00:00,6.19,6.21,6.186,6.207,13782.13302961
2024-06-15 11:00:00,6.206,6.213,6.198,6.199,15332.79372646
2024-06-15 12:00:00,6.198,6.228,6.194,6.218,27476.33962386
2024-06-15 13:00:00,6.22,6.226,6.195,6.226,16544.75987272
2024-06-15 14:00:00,6.225,6.225,6.173,6.21,60625.01150357
2024-06-15 15:00:00,6.206,6.244,6.205,6.219,23410.88980845
2024-06-15 16:00:00,6.219,6.237,6.21,6.213,19578.10973863
2024-06-15 17:00:00,6.211,6.223,6.202,6.218,10941.96170277
2024-06-15 18:00:00,6.218,6.221,6.19,6.197,13571.84895559
2024-06-15 19:00:00,6.197,6.205,6.165,6.189,24338.24212034
2024-06-15 20:00:00,6.19,6.196,6.151,6.177,28070.55001171
2024-06-15 21:00:00,6.176,6.199,6.169,6.199,10216.23042095
2024-06-15 22:00:00,6.199,6.219,6.194,6.217,28266.56610411
2024-06-15 23:00:00,6.218,6.231,6.215,6.218,14555.53291724
2024-06-16 00:00:00,6.218,6.222,6.203,6.208,19234.0189981
2024-06-16 01:00:00,6.207,6.232,6.188,6.211,32610.94246059
2024-06-16 02:00:00,6.209,6.224,6.191,6.199,17948.01585253
2024-06-16 03:00:00,6.2,6.209,6.167,6.18,24791.42930837
2024-06-16 04:00:00,6.179,6.183,6.145,6.168,25618.36497408
2024-06-16 05:00:00,6.167,6.224,6.164,6.22,16813.22351206
2024-06-16 06:00:00,6.219,6.242,6.21,6.229,19722.02660729
2024-06-16 07:00:00,6.229,6.235,6.197,6.205,27166.3953354
2024-06-16 08:00:00,6.206,6.206,6.175,6.18,17324.06065647
2024-06-16 09:00:00,6.181,6.188,6.166,6.18,27567.01953771
2024-06-16 10:00:00,6.179,6.204,6.159,6.195,55810.95627964
2024-06-16 11:00:00,6.198,6.221,6.194,6.209,60856.96334084
2024-06-16 12:00:00,6.208,6.222,6.197,6.22,41886.34181463
2024-06-16 13:00:00,6.221,6.235,6.205,6.234,31109.51038707
2024-06-16 14:00:00,6.234,6.278,6.211,6.269,99179.6372135
2024-06-16 15:00:00,6.268,6.347,6.247,6.34,112611.05201574
2024-06-16 16:00:00,6.339,6.357,6.304,6.343,79725.8523004
2024-06-16 17:00:00,6.341,6.361,6.323,6.341,50659.86400459
2024-06-16 18:00:00,6.34,6.34,6.314,6.322,31921.74829304
2024-06-16 19:00:00,6.322,6.372,6.322,6.357,52794.18300875
2024-06-16 20:00:00,6.357,6.395,6.356,6.384,103899.69158374
2024-06-16 21:00:00,6.386,6.392,6.341,6.37,53790.10754631
2024-06-16 22:00:00,6.371,6.416,6.362,6.374,100680.45050143
2024-06-16 23:00:00,6.374,6.389,6.362,6.385,39435.62928668
2024-06-17 00:00:00,6.385,6.41,6.36,6.366,31503.40416418
2024-06-17 01:00:00,6.366,6.38,6.325,6.344,47271.05764981
2024-06-17 02:00:00,6.344,6.344,6.292,6.317,60384.21316513
2024-06-17 03:00:00,6.318,6.33,6.291,6.302,25698.51688499
2024-06-17 04:00:00,6.305,6.332,6.289,6.324,26966.26128108
2024-06-17 05:00:00,6.323,6.339,6.276,6.296,68700.27166967
2024-06-17 06:00:00,6.299,6.299,6.236,6.242,41721.16654343
2024-06-17 07:00:00,6.243,6.29,6.197,6.267,68579.96930414
2024-06-17 08:00:00,6.267,6.28,6.162,6.214,130805.75156525
2024-06-17 09:00:00,6.214,6.248,6.165,6.189,167826.83107982
2024-06-17 10:00:00,6.186,6.201,6.105,6.182,216005.72820205
2024-06-17 11:00:00,6.177,6.205,6.166,6.2,82587.08414433
2024-06-17 12:00:00,6.2,6.212,6.178,6.19,31763.54868015
2024-06-17 13:00:00,6.191,6.224,6.125,6.138,64896.92162579
2024-06-17 14:00:00,6.138,6.215,6.136,6.181,61531.32836426
2024-06-17 15:00:00,6.182,6.207,6.086,6.1,85774.35200286
2024-06-17 16:00:00,6.099,6.184,5.979,6.159,355885.98107455
2024-06-17 17:00:00,6.158,6.198,6.134,6.183,66734.37026719
2024-06-17 18:00:00,6.184,6.263,6.183,6.26,83044.96804912
2024-06-17 19:00:00,6.259,6.304,6.232,6.236,62616.96108472
2024-06-17 20:00:00,6.243,6.244,6.116,6.152,78881.25634777
2024-06-17 21:00:00,6.151,6.17,6.093,6.13,46725.04146545
2024-06-17 22:00:00,6.128,6.142,6.107,6.124,25429.68310141
2024-06-17 23:00:00,6.122,6.13,6.057,6.07,40459.71461258
2024-06-18 00:00:00,6.066,6.084,5.948,6.031,161915.68890186
2024-06-18 01:00:00,6.032,6.06,5.367,5.638,1596148.09370123
2024-06-18 02:00:00,5.638,5.738,5.573,5.721,402333.08812806
2024-06-18 03:00:00,5.721,5.762,5.688,5.759,213031.39852477
2024-06-18 04:00:00,5.758,5.787,5.732,5.768,98606.7879632
2024-06-18 05:00:00,5.768,5.814,5.763,5.769,95007.4564503
2024-06-18 06:00:00,5.769,5.834,5.768,5.824,125577.06744221
2024-06-18 07:00:00,5.824,5.858,5.81,5.856,53935.98326918
2024-06-18 08:00:00,5.857,5.931,5.843,5.924,80047.28494333
2024-06-18 09:00:00,5.922,5.945,5.858,5.859,86263.97987728
2024-06-18 10:00:00,5.861,5.889,5.847,5.883,46443.97301023
2024-06-18 11:00:00,5.882,5.906,5.811,5.86,117316.98190166
2024-06-18 12:00:00,5.859,5.876,5.784,5.843,168203.98710576
2024-06-18 13:00:00,5.845,5.854,5.71,5.726,154303.85386611
2024-06-18 14:00:00,5.724,5.851,5.678,5.775,275302.25992784
2024-06-18 15:00:00,5.778,5.819,5.725,5.796,114676.06952211
2024-06-18 16:00:00,5.795,5.795,5.671,5.733,81374.89931747
2024-06-18 17:00:00,5.731,5.75,5.666,5.672,58866.44624611
2024-06-18 18:00:00,5.674,5.7,5.616,5.622,134046.1798451
2024-06-18 19:00:00,5.621,5.679,5.586,5.676,144034.85880018
2024-06-18 20:00:00,5.676,5.76,5.642,5.731,88375.87696406
2024-06-18 21:00:00,5.729,5.792,5.684,5.77,91968.21286853
2024-06-18 22:00:00,5.772,5.785,5.715,5.779,48693.89670382
2024-06-18 23:00:00,5.775,5.784,5.748,5.769,20523.95396783
2024-06-19 00:00:00,5.768,5.806,5.729,5.799,46191.28993429
2024-06-19 01:00:00,5.798,5.875,5.782,5.808,78713.43348353
2024-06-19 02:00:00,5.811,5.89,5.81,5.844,49378.39396884
2024-06-19 03:00:00,5.845,5.891,5.837,5.854,70290.68704859
2024-06-19 04:00:00,5.858,5.887,5.843,5.88,25708.09548963
2024-06-19 05:00:00,5.882,5.919,5.857,5.89,40876.61335631
2024-06-19 06:00:00,5.894,5.947,5.886,5.947,60842.56296458
2024-06-19 07:00:00,5.944,5.979,5.923,5.96,111922.64751279
2024-06-19 08:00:00,5.958,5.964,5.904,5.938,66226.7632893
2024-06-19 09:00:00,5.938,5.986,5.935,5.958,43449.08679555
2024-06-19 10:00:00,5.955,5.985,5.934,5.982,30264.76831603
2024-06-19 11:00:00,5.984,5.988,5.874,5.897,61392.86324271
2024-06-19 12:00:00,5.897,5.93,5.873,5.897,31838.65466375
2024-06-19 13:00:00,5.895,5.902,5.86,5.862,43971.6530242
2024-06-19 14:00:00,5.861,5.861,5.783,5.806,77187.18215282
2024-06-19 15:00:00,5.805,5.836,5.786,5.805,42206.00303302
2024-06-19 16:00:00,5.804,5.838,5.772,5.811,61106.09589282
2024-06-19 17:00:00,5.812,5.909,5.811,5.842,179528.75926199
2024-06-19 18:00:00,5.846,5.891,5.845,5.851,59437.59356636
2024-06-19 19:00:00,5.851,5.851,5.81,5.827,32744.27856877
2024-06-19 20:00:00,5.828,5.854,5.797,5.83,38130.55838478
2024-06-19 21:00:00,5.826,5.868,5.823,5.855,18259.23661305
2024-06-19 22:00:00,5.857,5.864,5.798,5.801,23571.55024131
2024-06-19 23:00:00,5.802,5.819,5.772,5.793,20999.26748315
2024-06-20 00:00:00,5.793,5.833,5.765,5.804,57218.34707874
2024-06-20 01:00:00,5.803,5.91,5.789,5.838,52700.56296189
2024-06-20 02:00:00,5.838,5.853,5.803,5.823,34573.25173285
2024-06-20 03:00:00,5.824,5.832,5.801,5.814,18030.56828662
2024-06-20 04:00:00,5.813,5.866,5.781,5.857,43468.81548778
2024-06-20 05:00:00,5.858,5.894,5.843,5.891,29849.37509055
2024-06-20 06:00:00,5.895,5.94,5.874,5.897,25826.54287705
2024-06-20 07:00:00,5.896,5.968,5.896,5.934,62718.17759432
2024-06-20 08:00:00,5.935,5.937,5.873,5.892,30087.85323448
2024-06-20 09:00:00,5.893,5.904,5.876,5.881,22780.62903741
2024-06-20 10:00:00,5.882,5.918,5.855,5.912,40311.07135035
2024-06-20 11:00:00,5.91,5.967,5.887,5.889,90686.31046641
2024-06-20 12:00:00,5.89,5.896,5.818,5.823,98309.79515364
2024-06-20 13:00:00,5.824,5.828,5.718,5.738,193364.73674544
2024-06-20 14:00:00,5.734,5.74,5.653,5.702,117031.4271422
2024-06-20 15:00:00,5.701,5.709,5.639,5.649,92921.99908466
2024-06-20 16:00:00,5.648,5.677,5.594,5.669,120683.58333796
2024-06-20 17:00:00,5.67,5.687,5.646,5.685,25622.79899229
2024-06-20 18:00:00,5.687,5.73,5.687,5.72,38474.60922924
2024-06-20 19:00:00,5.719,5.734,5.693,5.719,31519.44715428
2024-06-20 20:00:00,5.721,5.734,5.672,5.684,123547.52614179
2024-06-20 21:00:00,5.686,5.692,5.659,5.664,18385.06360248
2024-06-20 22:00:00,5.664,5.679,5.653,5.661,18841.44359474
2024-06-20 23:00:00,5.662,5.669,5.632,5.637,31589.02749953
2024-06-21 00:00:00,5.636,5.643,5.573,5.602,82776.28415166
2024-06-21 01:00:00,5.604,5.689,5.596,5.683,60392.85264858
2024-06-21 02:00:00,5.681,5.702,5.641,5.666,42072.3674054
2024-06-21 03:00:00,5.666,5.699,5.642,5.69,36500.84002441
2024-06-21 04:00:00,5.69,5.728,5.663,5.726,35253.35158575
2024-06-21 05:00:00,5.726,5.731,5.677,5.711,45448.29311919
2024-06-21 06:00:00,5.71,5.714,5.676,5.683,27356.74227375
2024-06-21 07:00:00,5.683,5.696,5.614,5.654,42613.68633684
2024-06-21 08:00:00,5.655,5.669,5.556,5.579,114504.68126215
2024-06-21 09:00:00,5.578,5.684,5.569,5.671,75505.92573987
2024-06-21 10:00:00,5.672,5.687,5.624,5.646,37308.04759501
2024-06-21 11:00:00,5.647,5.703,5.647,5.693,45444.96502498
2024-06-21 12:00:00,5.692,5.709,5.638,5.661,51621.4282293
2024-06-21 13:00:00,5.66,5.666,5.582,5.61,154585.35357657
2024-06-21 14:00:00,5.608,5.71,5.585,5.685,75705.20321861
2024-06-21 15:00:00,5.686,5.718,5.622,5.648,72414.14472075
2024-06-21 16:00:00,5.644,5.675,5.618,5.627,23568.40265424
2024-06-21 17:00:00,5.628,5.636,5.545,5.579,74962.79683072
2024-06-21 18:00:00,5.574,5.647,5.565,5.643,50065.82942432
2024-06-21 19:00:00,5.644,5.651,5.611,5.617,32194.22779887
2024-06-21 20:00:00,5.614,5.663,5.607,5.624,32902.59395117
2024-06-21 21:00:00,5.623,5.635,5.578,5.61,55644.39311162
2024-06-21 22:00:00,5.608,5.617,5.603,5.614,17488.63211233
2024-06-21 23:00:00,5.615,5.621,5.602,5.607,14912.9693769
2024-06-22 00:00:00,5.607,5.607,5.537,5.552,35977.60929342
2024-06-22 01:00:00,5.551,5.579,5.542,5.573,46252.23972324
2024-06-22 02:00:00,5.574,5.603,5.572,5.579,14074.44650767
2024-06-22 03:00:00,5.579,5.591,5.56,5.569,13269.46488601
2024-06-22 04:00:00,5.569,5.588,5.556,5.587,11315.75322361
2024-06-22 05:00:00,5.588,5.595,5.559,5.589,47910.99555449
2024-06-22 06:00:00,5.589,5.649,5.579,5.648,107139.91384866
2024-06-22 07:00:00,5.649,5.658,5.63,5.65,67088.91383365
2024-06-22 08:00:00,5.651,5.67,5.627,5.643,55173.77790177
2024-06-22 09:00:00,5.641,5.701,5.641,5.699,75272.45995076
2024-06-22 10:00:00,5.701,5.736,5.696,5.728,59153.1629596
2024-06-22 11:00:00,5.729,5.748,5.717,5.719,46716.33877471
2024-06-22 12:00:00,5.719,5.749,5.71,5.748,61887.3243425
2024-06-22 13:00:00,5.747,5.797,5.744,5.768,63782.53755796
2024-06-22 14:00:00,5.767,5.795,5.752,5.754,44240.81387883
2024-06-22 15:00:00,5.754,5.754,5.727,5.742,28411.85014871
2024-06-22 16:00:00,5.743,5.761,5.736,5.739,27797.41697238
2024-06-22 17:00:00,5.738,5.751,5.734,5.741,47526.68881752
2024-06-22 18:00:00,5.741,5.75,5.735,5.739,24043.42933235
2024-06-22 19:00:00,5.739,5.757,5.732,5.753,26743.56540887
2024-06-22 20:00:00,5.754,5.755,5.733,5.74,20121.51991938
2024-06-22 21:00:00,5.741,5.752,5.735,5.75,28674.86919378
2024-06-22 22:00:00,5.75,5.754,5.737,5.753,28693.35993033
2024-06-22 23:00:00,5.754,5.76,5.732,5.747,29252.54650043
2024-06-23 00:00:00,5.748,5.784,5.746,5.766,41509.38426429
2024-06-23 01:00:00,5.767,5.773,5.721,5.764,125523.00928314
2024-06-23 02:00:00,5.764,5.769,5.744,5.757,26304.55169211
2024-06-23 03:00:00,5.758,5.775,5.751,5.763,30993.15512503
2024-06-23 04:00:00,5.765,5.776,5.758,5.762,24818.52511967
2024-06-23 05:00:00,5.763,5.766,5.75,5.751,16217.29702006
2024-06-23 06:00:00,5.753,5.763,5.751,5.755,16812.7729524
2024-06-23 07:00:00,5.754,5.757,5.741,5.748,41695.44466446
2024-06-23 08:00:00,5.749,5.764,5.745,5.755,31707.76631202
2024-06-23 09:00:00,5.757,5.812,5.756,5.796,106528.37382642
2024-06-23 10:00:00,5.795,5.798,5.759,5.767,57532.03882886
2024-06-23 11:00:00,5.766,5.781,5.74,5.776,29561.97880404
2024-06-23 12:00:00,5.778,5.778,5.758,5.772,18333.27654486
2024-06-23 13:00:00,5.773,5.778,5.742,5.752,36840.76929087
2024-06-23 14:00:00,5.751,5.756,5.712,5.734,57252.22860443
2024-06-23 15:00:00,5.736,5.744,5.69,5.701,83189.33009987
2024-06-23 16:00:00,5.701,5.704,5.632,5.648,86245.0204246
2024-06-23 17:00:00,5.649,5.698,5.643,5.668,61512.62451871
2024-06-23 18:00:00,5.666,5.689,5.665,5.674,46487.6107363
2024-06-23 19:00:00,5.673,5.701,5.67,5.687,31460.53137427
2024-06-23 20:00:00,5.688,5.689,5.571,5.654,171490.0342371
2024-06-23 21:00:00,5.655,5.686,5.643,5.68,35120.13308087
2024-06-23 22:00:00,5.68,5.68,5.62,5.638,21836.06392331
2024-06-23 23:00:00,5.638,5.653,5.613,5.646,97808.85440447
2024-06-24 00:00:00,5.645,5.695,5.638,5.667,60533.05955594
2024-06-24 01:00:00,5.666,5.672,5.616,5.668,38790.58259664
2024-06-24 02:00:00,5.665,5.706,5.613,5.667,89463.8330414
2024-06-24 03:00:00,5.665,5.724,5.664,5.683,51233.06558314
2024-06-24 04:00:00,5.682,5.693,5.654,5.672,32746.60645607
2024-06-24 05:00:00,5.67,5.674,5.54,5.563,125551.57261946
2024-06-24 06:00:00,5.563,5.649,5.563,5.638,55162.83378983
2024-06-24 07:00:00,5.637,5.641,5.583,5.601,56259.32064621
2024-06-24 08:00:00,5.6,5.633,5.565,5.597,118137.73566852
2024-06-24 09:00:00,5.598,5.611,5.366,5.559,614815.43611077
2024-06-24 10:00:00,5.562,5.606,5.547,5.598,107964.83165731
2024-06-24 11:00:00,5.6,5.622,5.542,5.581,86125.3648788
2024-06-24 12:00:00,5.58,5.64,5.566,5.625,60432.53601964
2024-06-24 13:00:00,5.625,5.7,5.604,5.682,70379.43627121
2024-06-24 14:00:00,5.682,5.717,5.634,5.662,53545.54196041
2024-06-24 15:00:00,5.665,5.671,5.52,5.539,74698.68988543
2024-06-24 16:00:00,5.538,5.644,5.531,5.61,312075.62788479
2024-06-24 17:00:00,5.609,5.68,5.557,5.62,107652.85445491
2024-06-24 18:00:00,5.619,5.69,5.576,5.686,92157.42969335
2024-06-24 19:00:00,5.686,5.694,5.554,5.585,70079.22084317
2024-06-24 20:00:00,5.585,5.666,5.514,5.611,191973.76169858
2024-06-24 21:00:00,5.611,5.691,5.601,5.667,99255.49655708
2024-06-24 22:00:00,5.671,5.705,5.671,5.679,42315.34375165
2024-06-24 23:00:00,5.679,5.734,5.672,5.723,33241.61474231
2024-06-25 00:00:00,5.724,5.758,5.72,5.735,48828.29482776
2024-06-25 01:00:00,5.736,5.747,5.699,5.741,30476.75305857
2024-06-25 02:00:00,5.741,5.785,5.741,5.761,57476.27694746
2024-06-25 03:00:00,5.758,5.831,5.756,5.797,253058.52228221
2024-06-25 04:00:00,5.797,5.814,5.773,5.805,26656.19244348
2024-06-25 05:00:00,5.804,5.808,5.776,5.78,32667.95448262
2024-06-25 06:00:00,5.779,5.812,5.765,5.781,55535.23633029
2024-06-25 07:00:00,5.781,5.813,5.781,5.8,58669.40344686
2024-06-25 08:00:00,5.804,5.812,5.719,5.731,137996.01601338
2024-06-25 09:00:00,5.737,5.823,5.732,5.821,59746.02484666
2024-06-25 10:00:00,5.82,5.823,5.788,5.797,47918.92975749
2024-06-25 11:00:00,5.794,5.863,5.794,5.858,132076.34479453
2024-06-25 12:00:00,5.859,5.869,5.841,5.868,74065.29231082
2024-06-25 13:00:00,5.869,5.902,5.856,5.882,79616.12052241
2024-06-25 14:00:00,5.886,5.92,5.86,5.897,70923.0965971
2024-06-25 15:00:00,5.896,5.966,5.871,5.933,70255.68056678
2024-06-25 16:00:00,5.933,5.948,5.88,5.889,42533.55996454
2024-06-25 17:00:00,5.889,5.909,5.88,5.88,33377.2233546
2024-06-25 18:00:00,5.88,5.94,5.863,5.924,79656.28259083
2024-06-25 19:00:00,5.923,5.946,5.896,5.902,22039.95538991
2024-06-25 20:00:00,5.902,5.909,5.88,5.884,14457.82823428
2024-06-25 21:00:00,5.883,5.896,5.88,5.88,13615.68293068
2024-06-25 22:00:00,5.882,5.889,5.866,5.87,71398.60535156
2024-06-25 23:00:00,5.869,5.869,5.833,5.841,26383.28111839
2024-06-26 00:00:00,5.841,5.842,5.82,5.822,53523.08103278
2024-06-26 01:00:00,5.822,5.856,5.82,5.848,53848.28805983
2024-06-26 02:00:00,5.846,5.873,5.827,5.831,32836.17945192
2024-06-26 03:00:00,5.832,5.839,5.799,5.821,68318.49139216
2024-06-26 04:00:00,5.821,5.828,5.796,5.807,51029.56630987
2024-06-26 05:00:00,5.809,5.823,5.781,5.799,52238.14783569
2024-06-26 06:00:00,5.795,5.857,5.795,5.839,74083.87322547
2024-06-26 07:00:00,5.838,5.889,5.828,5.878,34863.34345703
2024-06-26 08:00:00,5.878,5.896,5.847,5.85,54295.67656465
2024-06-26 09:00:00,5.851,5.866,5.844,5.863,17208.48615662
2024-06-26 10:00:00,5.863,5.871,5.841,5.845,23370.90658882
2024-06-26 11:00:00,5.847,5.884,5.839,5.876,55763.76581477
2024-06-26 12:00:00,5.875,5.89,5.86,5.878,31074.17542721
2024-06-26 13:00:00,5.877,5.935,5.866,5.931,69062.02471978
2024-06-26 14:00:00,5.934,5.945,5.887,5.904,55083.38183404
2024-06-26 15:00:00,5.904,5.904,5.825,5.852,91189.46305806
2024-06-26 16:00:00,5.852,5.863,5.814,5.828,89664.05927114
2024-06-26 17:00:00,5.828,5.83,5.75,5.824,122849.6516845
2024-06-26 18:00:00,5.82,5.82,5.784,5.808,44999.32242236
2024-06-26 19:00:00,5.807,5.87,5.795,5.87,97463.8287477
2024-06-26 20:00:00,5.869,5.882,5.818,5.844,47116.36062243
2024-06-26 21:00:00,5.844,5.852,5.809,5.819,25120.79223273
2024-06-26 22:00:00,5.819,5.821,5.791,5.808,16482.85551484
2024-06-26 23:00:00,5.809,5.811,5.782,5.796,47972.69916261
2024-06-27 00:00:00,5.795,5.795,5.748,5.763,105775.25037501
2024-06-27 01:00:00,5.763,5.767,5.741,5.755,136189.40813044
2024-06-27 02:00:00,5.755,5.762,5.727,5.737,138370.08714978
2024-06-27 03:00:00,5.738,5.762,5.727,5.75,96436.00877199
2024-06-27 04:00:00,5.75,5.756,5.738,5.752,74152.96365467
2024-06-27 05:00:00,5.751,5.761,5.701,5.703,173532.59338576
2024-06-27 06:00:00,5.704,5.816,5.703,5.792,362507.21986348
2024-06-27 07:00:00,5.793,5.811,5.762,5.793,83522.86832582
2024-06-27 08:00:00,5.794,5.827,5.787,5.796,76074.9149959
2024-06-27 09:00:00,5.797,5.891,5.787,5.883,249308.32137718
2024-06-27 10:00:00,5.883,5.947,5.883,5.921,131065.90659642
2024-06-27 11:00:00,5.921,5.952,5.921,5.929,58944.41507887
2024-06-27 12:00:00,5.93,5.98,5.921,5.944,85257.36199598
2024-06-27 13:00:00,5.943,6.188,5.942,6.172,379306.35749268
2024-06-27 14:00:00,6.169,6.319,6.168,6.256,317283.85280753
2024-06-27 15:00:00,6.257,6.361,6.251,6.281,270943.6350033
2024-06-27 16:00:00,6.28,6.288,6.229,6.236,140517.93391991
2024-06-27 17:00:00,6.235,6.373,6.231,6.327,277482.33304392
2024-06-27 18:00:00,6.33,6.371,6.311,6.325,102138.86084221
2024-06-27 19:00:00,6.324,6.348,6.301,6.336,41202.8062538
2024-06-27 20:00:00,6.335,6.348,6.301,6.329,83156.81326808
2024-06-27 21:00:00,6.33,6.344,6.303,6.315,50696.18477208
2024-06-27 22:00:00,6.315,6.319,6.274,6.285,45847.40312541
2024-06-27 23:00:00,6.284,6.296,6.264,6.278,22368.73862028
2024-06-28 00:00:00,6.278,6.279,6.25,6.253,29905.76789749
2024-06-28 01:00:00,6.253,6.301,6.251,6.287,57909.4353421
2024-06-28 02:00:00,6.288,6.306,6.233,6.246,47914.7715154
2024-06-28 03:00:00,6.247,6.259,6.237,6.246,67868.05281546
2024-06-28 04:00:00,6.246,6.247,6.209,6.241,34966.0385148
2024-06-28 05:00:00,6.241,6.258,6.231,6.248,53021.8454818
2024-06-28 06:00:00,6.247,6.269,6.232,6.266,51942.42260603
2024-06-28 07:00:00,6.266,6.284,6.243,6.282,116332.29793048
2024-06-28 08:00:00,6.282,6.299,6.255,6.29,51486.77992102
2024-06-28 09:00:00,6.292,6.326,6.265,6.322,51605.28084094
2024-06-28 10:00:00,6.321,6.353,6.301,6.349,152205.07605469
2024-06-28 11:00:00,6.347,6.401,6.339,6.363,204977.31546508
2024-06-28 12:00:00,6.363,6.401,6.344,6.363,141030.00573376
2024-06-28 13:00:00,6.364,6.435,6.326,6.37,178886.41520435
2024-06-28 14:00:00,6.371,6.429,6.297,6.297,241632.38920188
2024-06-28 15:00:00,6.297,6.338,6.283,6.302,106902.57512566
2024-06-28 16:00:00,6.303,6.382,6.254,6.332,278407.7415592
2024-06-28 17:00:00,6.332,6.332,6.236,6.269,124716.34834377
2024-06-28 18:00:00,6.269,6.302,6.258,6.267,49546.59072462
2024-06-28 19:00:00,6.266,6.274,6.232,6.252,81589.73946265
2024-06-28 20:00:00,6.258,6.296,6.236,6.238,47808.79175342
2024-06-28 21:00:00,6.238,6.238,6.168,6.184,78036.24472459
2024-06-28 22:00:00,6.182,6.189,6.152,6.174,69771.95878811
2024-06-28 23:00:00,6.175,6.189,6.165,6.186,34893.26486618
2024-06-29 00:00:00,6.184,6.223,6.182,6.219,56271.45400451
2024-06-29 01:00:00,6.214,6.25,6.203,6.244,41756.26923804
2024-06-29 02:00:00,6.244,6.298,6.237,6.246,55318.89357381
2024-06-29 03:00:00,6.247,6.269,6.241,6.25,33965.23934243
2024-06-29 04:00:00,6.25,6.25,6.217,6.227,28434.18199455
2024-06-29 05:00:00,6.228,6.231,6.205,6.21,20188.06156357
2024-06-29 06:00:00,6.209,6.215,6.194,6.201,22283.42514366
2024-06-29 07:00:00,6.201,6.23,6.201,6.213,18872.85618309
2024-06-29 08:00:00,6.214,6.221,6.172,6.18,22271.71853844
2024-06-29 09:00:00,6.182,6.185,6.146,6.172,25856.2762722
2024-06-29 10:00:00,6.171,6.175,6.133,6.135,35779.03675814
2024-06-29 11:00:00,6.134,6.152,6.124,6.13,25430.12904593
2024-06-29 12:00:00,6.13,6.136,6.121,6.127,21654.8119141
2024-06-29 13:00:00,6.127,6.132,6.12,6.121,40377.74096704
2024-06-29 14:00:00,6.121,6.128,6.085,6.093,131589.10728339
2024-06-29 15:00:00,6.093,6.116,6.073,6.106,57912.24554058
2024-06-29 16:00:00,6.106,6.112,6.074,6.079,34942.86038597
2024-06-29 17:00:00,6.079,6.097,6.06,6.082,55802.9975772
2024-06-29 18:00:00,6.082,6.097,6.076,6.097,21935.41608235
2024-06-29 19:00:00,6.097,6.124,6.083,6.117,42645.39685695
2024-06-29 20:00:00,6.118,6.122,6.088,6.101,23636.92288054
2024-06-29 21:00:00,6.103,6.118,6.092,6.092,22158.0985835
2024-06-29 22:00:00,6.092,6.094,6.064,6.073,47379.59017007
2024-06-29 23:00:00,6.074,6.091,6.07,6.076,43256.08840454
2024-06-30 00:00:00,6.076,6.116,6.068,6.1,24577.1321332
2024-06-30 01:00:00,6.1,6.102,6.053,6.069,28714.00153253
2024-06-30 02:00:00,6.07,6.077,6.02,6.04,118733.56659327
2024-06-30 03:00:00,6.042,6.083,6.039,6.083,23882.15221224
2024-06-30 04:00:00,6.083,6.083,6.055,6.06,61122.93103426
2024-06-30 05:00:00,6.059,6.103,6.058,6.083,37524.44626459
2024-06-30 06:00:00,6.083,6.11,6.076,6.103,35981.2261761
2024-06-30 07:00:00,6.104,6.193,6.099,6.146,108474.60039258
2024-06-30 08:00:00,6.146,6.159,6.123,6.135,54333.25616699
2024-06-30 09:00:00,6.134,6.167,6.122,6.122,17073.68923309
2024-06-30 10:00:00,6.122,6.131,6.083,6.092,17898.58064027
2024-06-30 11:00:00,6.093,6.127,6.087,6.104,18228.99057679
2024-06-30 12:00:00,6.105,6.125,6.079,6.103,20063.78773499
2024-06-30 13:00:00,6.104,6.149,6.1,6.122,14134.99008925
2024-06-30 14:00:00,6.122,6.138,6.088,6.099,17049.07367076
2024-06-30 15:00:00,6.099,6.151,6.098,6.133,35710.64936415
2024-06-30 16:00:00,6.132,6.146,6.107,6.115,20991.26329516
2024-06-30 17:00:00,6.116,6.159,6.114,6.135,25879.05547756
2024-06-30 18:00:00,6.135,6.208,6.113,6.199,47811.63730175
2024-06-30 19:00:00,6.197,6.205,6.161,6.19,22802.99148386
2024-06-30 20:00:00,6.192,6.216,6.178,6.18,30230.99466002
2024-06-30 21:00:00,6.184,6.185,6.147,6.163,30443.641015
2024-06-30 22:00:00,6.161,6.253,6.161,6.221,45175.67869006
2024-06-30 23:00:00,6.221,6.245,6.204,6.208,14484.68776175
2024-07-01 00:00:00,6.209,6.242,6.19,6.225,24355.52563954
2024-07-01 01:00:00,6.22,6.337,6.215,6.287,69417.61226285
2024-07-01 02:00:00,6.287,6.305,6.264,6.281,47652.34864521
2024-07-01 03:00:00,6.282,6.298,6.257,6.266,34795.46089696
2024-07-01 04:00:00,6.266,6.288,6.264,6.284,12675.79170906
2024-07-01 05:00:00,6.284,6.305,6.269,6.304,27537.93481032
2024-07-01 06:00:00,6.302,6.334,6.276,6.284,66054.95859213
2024-07-01 07:00:00,6.282,6.333,6.276,6.298,70424.55941623
2024-07-01 08:00:00,6.298,6.358,6.284,6.324,113783.57799405
2024-07-01 09:00:00,6.325,6.388,6.314,6.374,116243.71501013
2024-07-01 10:00:00,6.374,6.378,6.323,6.353,99293.64876269
2024-07-01 11:00:00,6.352,6.373,6.334,6.355,38363.93531642
2024-07-01 12:00:00,6.356,6.385,6.355,6.359,36714.73935213
2024-07-01 13:00:00,6.355,6.371,6.295,6.314,105152.74026438
2024-07-01 14:00:00,6.315,6.33,6.266,6.296,73595.64643874
2024-07-01 15:00:00,6.3,6.383,6.294,6.354,166754.39229782
2024-07-01 16:00:00,6.357,6.366,6.32,6.326,69218.81272925
2024-07-01 17:00:00,6.325,6.383,6.309,6.381,37971.49246708
2024-07-01 18:00:00,6.38,6.413,6.341,6.376,60071.90803612
2024-07-01 19:00:00,6.377,6.397,6.358,6.373,41617.35315754
2024-07-01 20:00:00,6.376,6.438,6.376,6.425,52553.97924513
2024-07-01 21:00:00,6.426,6.444,6.382,6.405,110938.68970175
2024-07-01 22:00:00,6.406,6.419,6.352,6.373,71629.32475623
2024-07-01 23:00:00,6.373,6.38,6.323,6.326,28551.63230033
2024-07-02 00:00:00,6.326,6.356,6.317,6.331,22880.44565418
2024-07-02 01:00:00,6.329,6.377,6.328,6.377,17352.77168382
2024-07-02 02:00:00,6.376,6.407,6.369,6.39,54048.65436545
2024-07-02 03:00:00,6.388,6.449,6.383,6.447,134147.59703759
2024-07-02 04:00:00,6.446,6.49,6.437,6.446,213231.44190593
2024-07-02 05:00:00,6.444,6.523,6.434,6.485,134016.77979296
2024-07-02 06:00:00,6.487,6.501,6.421,6.431,40521.22649414
2024-07-02 07:00:00,6.433,6.435,6.36,6.37,34876.1665111
2024-07-02 08:00:00,6.368,6.379,6.34,6.358,50813.86645601
2024-07-02 09:00:00,6.356,6.365,6.319,6.341,21978.32142441
2024-07-02 10:00:00,6.341,6.417,6.325,6.416,116370.44418929
2024-07-02 11:00:00,6.418,6.419,6.37,6.393,51087.32010786
2024-07-02 12:00:00,6.393,6.448,6.365,6.422,33496.29219187
2024-07-02 13:00:00,6.421,6.477,6.39,6.402,41261.21198318
2024-07-02 14:00:00,6.402,6.409,6.305,6.393,111581.58734551
2024-07-02 15:00:00,6.391,6.417,6.366,6.369,32001.67068425
2024-07-02 16:00:00,6.37,6.37,6.335,6.341,32562.06231793
2024-07-02 17:00:00,6.339,6.371,6.307,6.361,133800.23753451
2024-07-02 18:00:00,6.364,6.558,6.358,6.522,172443.07384939
2024-07-02 19:00:00,6.524,6.558,6.443,6.498,143851.50241257
2024-07-02 20:00:00,6.501,6.54,6.478,6.522,141883.96962646
2024-07-02 21:00:00,6.522,6.577,6.507,6.554,187928.37103958
2024-07-02 22:00:00,6.553,6.598,6.543,6.556,129356.78923414
2024-07-02 23:00:00,6.557,6.566,6.503,6.519,76744.74387194
2024-07-03 00:00:00,6.518,6.537,6.477,6.491,70941.83996582
2024-07-03 01:00:00,6.49,6.49,6.39,6.403,136264.51909401
2024-07-03 02:00:00,6.401,6.406,6.353,6.373,51787.83184155
2024-07-03 03:00:00,6.369,6.369,6.274,6.325,107277.6716478
2024-07-03 04:00:00,6.323,6.386,6.305,6.339,75187.58056718
2024-07-03 05:00:00,6.339,6.346,6.319,6.334,21024.69450435
2024-07-03 06:00:00,6.334,6.37,6.317,6.356,60824.40353854
2024-07-03 07:00:00,6.356,6.356,6.285,6.294,76014.45709789
2024-07-03 08:00:00,6.295,6.312,6.244,6.262,94165.03054045
2024-07-03 09:00:00,6.267,6.287,6.233,6.239,37018.49125389
2024-07-03 10:00:00,6.238,6.238,6.13,6.162,213987.12762319
2024-07-03 11:00:00,6.162,6.164,6.093,6.125,92291.31598045
2024-07-03 12:00:00,6.123,6.143,6.07,6.083,95600.91347178
2024-07-03 13:00:00,6.081,6.191,6.053,6.19,153332.78610405
2024-07-03 14:00:00,6.191,6.213,6.147,6.147,61348.93291319
2024-07-03 15:00:00,6.148,6.212,6.122,6.208,49135.22148622
2024-07-03 16:00:00,6.208,6.222,6.152,6.174,34493.76791318
2024-07-03 17:00:00,6.174,6.179,6.052,6.102,65155.23364315
2024-07-03 18:00:00,6.103,6.13,6.081,6.105,45366.39552039
2024-07-03 19:00:00,6.105,6.105,6.029,6.061,78384.3619768
2024-07-03 20:00:00,6.059,6.086,6.02,6.031,69255.87669541
2024-07-03 21:00:00,6.033,6.096,5.99,6.088,141776.91952745
2024-07-03 22:00:00,6.088,6.09,6.01,6.048,108463.25452025
2024-07-03 23:00:00,6.048,6.093,6.018,6.076,87719.28719625
2024-07-04 00:00:00,6.074,6.131,6.051,6.077,95030.73343058
2024-07-04 01:00:00,6.074,6.087,5.8,5.844,263208.98132054
2024-07-04 02:00:00,5.844,5.933,5.756,5.895,166506.60947455
2024-07-04 03:00:00,5.896,5.925,5.875,5.907,154446.53874385
2024-07-04 04:00:00,5.903,5.931,5.889,5.899,45132.61352182
2024-07-04 05:00:00,5.897,5.933,5.879,5.929,55942.84002266
2024-07-04 06:00:00,5.928,5.946,5.875,5.904,133616.87181011
2024-07-04 07:00:00,5.902,5.932,5.831,5.84,87570.31894663
2024-07-04 08:00:00,5.839,5.878,5.76,5.866,137139.41386013
2024-07-04 09:00:00,5.867,5.873,5.802,5.86,106420.17465116
2024-07-04 10:00:00,5.86,5.862,5.771,5.83,94201.50246599
2024-07-04 11:00:00,5.83,5.848,5.802,5.812,134099.02719756
2024-07-04 12:00:00,5.81,5.819,5.712,5.714,139034.22435195
2024-07-04 13:00:00,5.717,5.746,5.602,5.73,256919.65601386
2024-07-04 14:00:00,5.731,5.761,5.697,5.755,94876.43284291
2024-07-04 15:00:00,5.75,5.852,5.72,5.837,69337.52459111
2024-07-04 16:00:00,5.836,5.854,5.803,5.834,64497.56566444
2024-07-04 17:00:00,5.834,5.852,5.783,5.805,43468.54694874
2024-07-04 18:00:00,5.808,5.808,5.75,5.764,22728.03614132
2024-07-04 19:00:00,5.765,5.794,5.734,5.736,26011.11693992
2024-07-04 20:00:00,5.736,5.757,5.703,5.756,28948.9794948
2024-07-04 21:00:00,5.756,5.807,5.734,5.755,59031.00652027
2024-07-04 22:00:00,5.755,5.787,5.694,5.703,187743.82994337
2024-07-04 23:00:00,5.703,5.707,5.544,5.554,178757.24456863
2024-07-05 00:00:00,5.555,5.561,5.272,5.456,542988.21818538
2024-07-05 01:00:00,5.459,5.473,5.264,5.423,199767.213979
2024-07-05 02:00:00,5.422,5.422,4.894,5.011,991018.97238496
2024-07-05 03:00:00,5.009,5.129,4.909,5.045,912690.05824954
2024-07-05 04:00:00,5.043,5.18,4.892,5.151,627055.3813615
2024-07-05 05:00:00,5.151,5.299,5.133,5.299,346014.99915328
2024-07-05 06:00:00,5.295,5.331,5.213,5.264,406221.81369995
2024-07-05 07:00:00,5.261,5.398,5.258,5.382,536195.77930445
2024-07-05 08:00:00,5.381,5.383,5.22,5.235,283113.63584143
2024-07-05 09:00:00,5.236,5.362,5.224,5.34,234549.09670519
2024-07-05 10:00:00,5.342,5.501,5.333,5.469,338545.84641806
2024-07-05 11:00:00,5.468,5.613,5.464,5.6,270723.93881301
2024-07-05 12:00:00,5.599,5.622,5.52,5.534,357118.30676661
2024-07-05 13:00:00,5.534,5.714,5.49,5.66,235556.03662514
2024-07-05 14:00:00,5.659,5.706,5.55,5.69,241781.22153589
2024-07-05 15:00:00,5.684,5.879,5.656,5.857,477417.05454328
2024-07-05 16:00:00,5.858,5.91,5.772,5.773,436388.755289
2024-07-05 17:00:00,5.772,5.844,5.762,5.821,84744.3412225
2024-07-05 18:00:00,5.821,5.875,5.752,5.867,84339.23455073
2024-07-05 19:00:00,5.866,5.867,5.78,5.79,39206.43015034
2024-07-05 20:00:00,5.792,5.822,5.75,5.818,65511.1443424
2024-07-05 21:00:00,5.816,5.835,5.701,5.711,170576.51497269
2024-07-05 22:00:00,5.715,5.745,5.677,5.695,64063.75588943
2024-07-05 23:00:00,5.702,5.734,5.653,5.684,284349.14570049
2024-07-06 00:00:00,5.681,5.794,5.645,5.688,307797.86710194
2024-07-06 01:00:00,5.687,5.692,5.623,5.668,198620.94414682
2024-07-06 02:00:00,5.666,5.694,5.64,5.683,92962.53292127
2024-07-06 03:00:00,5.681,5.686,5.631,5.679,150027.03494726
2024-07-06 04:00:00,5.679,5.7,5.627,5.647,103575.39181115
2024-07-06 05:00:00,5.648,5.751,5.64,5.734,138470.27136287
2024-07-06 06:00:00,5.734,5.834,5.724,5.814,82189.44375906
2024-07-06 07:00:00,5.813,5.878,5.796,5.825,221320.58402546
2024-07-06 08:00:00,5.827,5.863,5.767,5.788,144122.18971856
2024-07-06 09:00:00,5.791,5.895,5.768,5.871,188344.42807314
2024-07-06 10:00:00,5.868,5.96,5.855,5.933,243662.67166206
2024-07-06 11:00:00,5.932,5.995,5.927,5.989,146640.22800747
2024-07-06 12:00:00,5.99,6.016,5.919,5.965,166414.10992861
2024-07-06 13:00:00,5.965,5.985,5.913,5.949,151630.09053513
2024-07-06 14:00:00,5.95,5.97,5.869,5.926,163179.63246677
2024-07-06 15:00:00,5.925,6.042,5.924,6.004,71031.23035659
2024-07-06 16:00:00,6.004,6.195,5.99,6.187,297709.86225518
2024-07-06 17:00:00,6.186,6.25,6.16,6.234,171782.5867794
2024-07-06 18:00:00,6.235,6.284,6.216,6.27,125056.96431425
2024-07-06 19:00:00,6.271,6.305,6.249,6.262,153066.4731416
2024-07-06 20:00:00,6.259,6.263,6.216,6.216,35695.99372074
2024-07-06 21:00:00,6.214,6.247,6.195,6.199,34462.1357365
2024-07-06 22:00:00,6.2,6.24,6.198,6.217,26423.33333831
2024-07-06 23:00:00,6.219,6.246,6.206,6.237,26592.97135638
2024-07-07 00:00:00,6.238,6.244,6.187,6.189,35014.57100105
2024-07-07 01:00:00,6.192,6.264,6.183,6.235,64655.99937691
2024-07-07 02:00:00,6.234,6.27,6.209,6.225,22304.72666049
2024-07-07 03:00:00,6.225,6.255,6.174,6.242,48686.85127944
2024-07-07 04:00:00,6.244,6.268,6.168,6.176,163374.97396178
2024-07-07 05:00:00,6.175,6.295,6.162,6.278,71882.52686789
2024-07-07 06:00:00,6.275,6.296,6.223,6.265,175390.34349118
2024-07-07 07:00:00,6.265,6.31,6.173,6.207,130620.91836956
2024-07-07 08:00:00,6.206,6.238,6.172,6.231,47602.73696109
2024-07-07 09:00:00,6.232,6.255,6.181,6.235,59794.92752793
2024-07-07 10:00:00,6.235,6.293,6.224,6.27,163354.45502454
2024-07-07 11:00:00,6.268,6.271,6.184,6.215,141110.76087543
2024-07-07 12:00:00,6.212,6.225,6.136,6.165,100583.75531121
2024-07-07 13:00:00,6.17,6.174,6.054,6.064,152004.50985931
2024-07-07 14:00:00,6.065,6.07,5.984,6.032,209607.92200412
2024-07-07 15:00:00,6.031,6.077,6.008,6.023,56543.01101489
2024-07-07 16:00:00,6.022,6.072,5.996,6.066,33214.02223363
2024-07-07 17:00:00,6.067,6.13,6.04,6.115,48552.64906609
2024-07-07 18:00:00,6.118,6.142,6.065,6.074,61954.84008363
2024-07-07 19:00:00,6.071,6.103,6.048,6.099,16409.30841578
2024-07-07 20:00:00,6.098,6.104,6.052,6.069,16462.08797361
2024-07-07 21:00:00,6.07,6.07,5.935,5.995,66936.89111047
2024-07-07 22:00:00,5.995,6.018,5.912,5.921,36317.70995562
2024-07-07 23:00:00,5.921,5.967,5.879,5.907,54690.94295963
2024-07-08 00:00:00,5.905,5.921,5.762,5.78,135415.84285599
2024-07-08 01:00:00,5.78,5.805,5.693,5.805,157271.93397373
2024-07-08 02:00:00,5.804,5.945,5.776,5.92,117090.83911347
2024-07-08 03:00:00,5.919,5.954,5.859,5.916,168643.82525183
2024-07-08 04:00:00,5.915,6.009,5.884,6.007,315012.94461597
2024-07-08 05:00:00,6.006,6.045,5.945,5.956,79609.7863439
2024-07-08 06:00:00,5.958,5.986,5.914,5.952,68549.59169966
2024-07-08 07:00:00,5.954,5.966,5.904,5.933,95800.30545091
2024-07-08 08:00:00,5.933,6.249,5.919,6.238,151497.3076875
2024-07-08 09:00:00,6.24,6.292,6.139,6.158,106358.00577368
2024-07-08 10:00:00,6.161,6.217,6.097,6.115,94296.20778049
2024-07-08 11:00:00,6.116,6.189,6.113,6.157,69997.294772
2024-07-08 12:00:00,6.156,6.187,6.11,6.149,50346.66026127
2024-07-08 13:00:00,6.15,6.184,6.065,6.085,146873.65997792
2024-07-08 14:00:00,6.083,6.112,5.807,6.019,393910.68493766
2024-07-08 15:00:00,6.017,6.085,5.969,5.978,70805.68809594
2024-07-08 16:00:00,5.976,6.025,5.918,5.964,44323.08562426
2024-07-08 17:00:00,5.962,6.021,5.927,5.975,47219.42183836
2024-07-08 18:00:00,5.975,5.994,5.957,5.966,15499.10283839
2024-07-08 19:00:00,5.966,5.996,5.944,5.957,15000.05497145
2024-07-08 20:00:00,5.958,5.982,5.906,5.917,32037.67059539
2024-07-08 21:00:00,5.915,5.951,5.882,5.923,85924.79587032
2024-07-08 22:00:00,5.924,5.955,5.905,5.916,39282.85855812
2024-07-08 23:00:00,5.917,5.956,5.912,5.941,36353.75609817
2024-07-09 00:00:00,5.94,5.94,5.877,5.892,65084.50372258
2024-07-09 01:00:00,5.891,5.996,5.857,5.876,93624.71100034
2024-07-09 02:00:00,5.875,5.942,5.84,5.942,56469.75881701
2024-07-09 03:00:00,5.942,5.949,5.884,5.93,23891.78543799
2024-07-09 04:00:00,5.929,5.95,5.886,5.911,41787.15455479
2024-07-09 05:00:00,5.906,6.07,5.885,6.031,170783.11564324
2024-07-09 06:00:00,6.031,6.101,5.977,6.058,173961.77680089
2024-07-09 07:00:00,6.057,6.118,6.037,6.077,142314.03999924
2024-07-09 08:00:00,6.081,6.181,6.054,6.116,92401.24541963
2024-07-09 09:00:00,6.118,6.155,6.103,6.114,45121.07942301
2024-07-09 10:00:00,6.112,6.142,6.093,6.104,65387.49567044
2024-07-09 11:00:00,6.103,6.142,6.061,6.107,39947.4578672
2024-07-09 12:00:00,6.105,6.118,6.05,6.071,57155.29581609
2024-07-09 13:00:00,6.073,6.094,6.032,6.067,43076.38543946
2024-07-09 14:00:00,6.067,6.15,6.013,6.049,146760.67644827
2024-07-09 15:00:00,6.049,6.155,6.033,6.147,112037.70529353
2024-07-09 16:00:00,6.145,6.158,6.075,6.095,89000.32500323
2024-07-09 17:00:00,6.094,6.107,6.04,6.045,33439.19021907
2024-07-09 18:00:00,6.046,6.105,6.035,6.061,51995.79076281
2024-07-09 19:00:00,6.059,6.101,6.057,6.07,22013.72519899
2024-07-09 20:00:00,6.072,6.118,6.053,6.084,34165.52837384
2024-07-09 21:00:00,6.087,6.11,6.064,6.097,50324.5928803
2024-07-09 22:00:00,6.094,6.123,6.077,6.083,23131.74927668
2024-07-09 23:00:00,6.082,6.12,6.076,6.112,32241.23492228
2024-07-10 00:00:00,6.112,6.119,6.058,6.07,33992.50540393
2024-07-10 01:00:00,6.074,6.147,6.049,6.128,40007.73609484
2024-07-10 02:00:00,6.129,6.172,6.108,6.145,33287.86415593
2024-07-10 03:00:00,6.144,6.171,6.141,6.168,65425.84905723
2024-07-10 04:00:00,6.168,6.256,6.165,6.243,147885.78154245
2024-07-10 05:00:00,6.243,6.25,6.2,6.216,35126.3344634
2024-07-10 06:00:00,6.214,6.225,6.181,6.206,27349.87968627
2024-07-10 07:00:00,6.213,6.215,6.136,6.154,30566.63947329
2024-07-10 08:00:00,6.153,6.167,6.103,6.158,61051.36992712
2024-07-10 09:00:00,6.157,6.167,6.115,6.166,69606.68461054
2024-07-10 10:00:00,6.164,6.165,6.125,6.13,85221.51857923
2024-07-10 11:00:00,6.132,6.154,6.082,6.105,113631.19192683
2024-07-10 12:00:00,6.106,6.128,6.065,6.128,156137.78397081
2024-07-10 13:00:00,6.127,6.135,6.049,6.084,157432.43166569
2024-07-10 14:00:00,6.082,6.131,6.067,6.091,67165.7956503
2024-07-10 15:00:00,6.092,6.158,6.072,6.123,35805.08864043
2024-07-10 16:00:00,6.123,6.169,6.104,6.117,24598.6894385
2024-07-10 17:00:00,6.118,6.132,6.074,6.124,41234.69655725
2024-07-10 18:00:00,6.124,6.145,6.109,6.117,19081.60237751
2024-07-10 19:00:00,6.115,6.117,6.084,6.098,24140.35192816
2024-07-10 20:00:00,6.102,6.114,6.072,6.103,17749.54892836
2024-07-10 21:00:00,6.105,6.106,6.059,6.061,23166.3418412
2024-07-10 22:00:00,6.061,6.113,6.051,6.076,23116.04363336
2024-07-10 23:00:00,6.079,6.113,6.064,6.094,18731.9776276
2024-07-11 00:00:00,6.093,6.095,6.055,6.092,23347.81799417
2024-07-11 01:00:00,6.093,6.143,6.043,6.132,47101.36413198
2024-07-11 02:00:00,6.132,6.143,6.076,6.101,31909.03715446
2024-07-11 03:00:00,6.102,6.108,6.01,6.06,52633.40151354
2024-07-11 04:00:00,6.061,6.083,6.05,6.065,20683.45886772
2024-07-11 05:00:00,6.066,6.102,6.064,6.098,14271.54343336
2024-07-11 06:00:00,6.1,6.113,6.086,6.11,15235.45071436
2024-07-11 07:00:00,6.112,6.138,6.106,6.129,30968.49472541
2024-07-11 08:00:00,6.132,6.132,6.106,6.121,20120.92797691
2024-07-11 09:00:00,6.121,6.126,6.106,6.121,14082.17017071
2024-07-11 10:00:00,6.119,6.136,6.101,6.112,19228.37449117
2024-07-11 11:00:00,6.113,6.161,6.11,6.153,31553.55791897
2024-07-11 12:00:00,6.153,6.24,6.125,6.18,126511.37352801
2024-07-11 13:00:00,6.183,6.213,6.143,6.191,43738.24024219
2024-07-11 14:00:00,6.191,6.205,6.105,6.12,87729.8475554
2024-07-11 15:00:00,6.121,6.152,5.985,6.001,94873.65027683
2024-07-11 16:00:00,6.001,6.028,5.94,6.005,72678.00026064
2024-07-11 17:00:00,6.003,6.038,5.99,6.003,30129.60239458
2024-07-11 18:00:00,6.001,6.02,5.987,6.002,15823.86216878
2024-07-11 19:00:00,6.0,6.0,5.932,5.943,15358.78093863
2024-07-11 20:00:00,5.94,5.951,5.906,5.938,28412.63911929
2024-07-11 21:00:00,5.937,5.947,5.893,5.92,29170.41639753
2024-07-11 22:00:00,5.921,5.942,5.892,5.921,25272.56970537
2024-07-11 23:00:00,5.92,5.926,5.889,5.899,24200.12456839
2024-07-12 00:00:00,5.9,5.937,5.881,5.888,24238.87635487
2024-07-12 01:00:00,5.89,5.924,5.828,5.907,68937.21996374
2024-07-12 02:00:00,5.906,5.932,5.897,5.927,26170.36135843
2024-07-12 03:00:00,5.925,5.93,5.883,5.89,26439.13028422
2024-07-12 04:00:00,5.892,5.892,5.837,5.876,17392.92713732
2024-07-12 05:00:00,5.876,5.889,5.863,5.871,13447.37493299
2024-07-12 06:00:00,5.869,5.916,5.865,5.885,11672.22045403
2024-07-12 07:00:00,5.884,5.891,5.838,5.861,14613.38424066
2024-07-12 08:00:00,5.861,5.873,5.84,5.865,11194.73527189
2024-07-12 09:00:00,5.865,5.873,5.818,5.834,31299.88773386
2024-07-12 10:00:00,5.833,5.856,5.799,5.839,39946.22968864
2024-07-12 11:00:00,5.837,5.854,5.816,5.826,23152.48370826
2024-07-12 12:00:00,5.821,5.883,5.818,5.883,48471.86594912
2024-07-12 13:00:00,5.88,5.959,5.876,5.957,36480.62644414
2024-07-12 14:00:00,5.96,5.995,5.932,5.993,81351.3686443
2024-07-12 15:00:00,5.995,6.01,5.96,5.999,28772.31852918
2024-07-12 16:00:00,5.999,6.036,5.972,6.032,44084.12136261
2024-07-12 17:00:00,6.032,6.061,6.009,6.042,34750.98818441
2024-07-12 18:00:00,6.043,6.099,6.032,6.084,38865.66088316
2024-07-12 19:00:00,6.082,6.09,5.995,5.998,36500.04256614
2024-07-12 20:00:00,6.0,6.037,5.955,6.021,38306.99910287
2024-07-12 21:00:00,6.019,6.033,6.019,6.033,8266.17176635
2024-07-12 22:00:00,6.033,6.084,6.031,6.073,30247.89211943
2024-07-12 23:00:00,6.073,6.1,6.073,6.099,14410.55173769
2024-07-13 00:00:00,6.1,6.105,6.072,6.087,19254.53647336
2024-07-13 01:00:00,6.088,6.106,6.084,6.09,9264.44523274
2024-07-13 02:00:00,6.091,6.098,6.072,6.096,10326.64105019
2024-07-13 03:00:00,6.097,6.131,6.093,6.124,12940.89874039
2024-07-13 04:00:00,6.125,6.146,6.118,6.139,33588.70609972
2024-07-13 05:00:00,6.139,6.24,6.138,6.228,65771.7208807
2024-07-13 06:00:00,6.229,6.257,6.203,6.245,128226.77444202
2024-07-13 07:00:00,6.244,6.276,6.228,6.258,72169.18729012
2024-07-13 08:00:00,6.259,6.289,6.207,6.207,58815.31518034
2024-07-13 09:00:00,6.208,6.258,6.206,6.24,55159.15130237
2024-07-13 10:00:00,6.242,6.271,6.195,6.222,60764.12841147
2024-07-13 11:00:00,6.222,6.232,6.192,6.221,40620.80171337
2024-07-13 12:00:00,6.22,6.232,6.209,6.223,12893.66318026
2024-07-13 13:00:00,6.221,6.223,6.183,6.189,21973.30980473
2024-07-13 14:00:00,6.188,6.22,6.175,6.216,29843.30131227
2024-07-13 15:00:00,6.218,6.272,6.2,6.268,25307.03954295
2024-07-13 16:00:00,6.267,6.28,6.244,6.251,22756.65428516
2024-07-13 17:00:00,6.249,6.273,6.233,6.26,18553.31850429
2024-07-13 18:00:00,6.259,6.268,6.233,6.261,18967.35561763
2024-07-13 19:00:00,6.258,6.301,6.246,6.296,19072.10187553
2024-07-13 20:00:00,6.296,6.299,6.244,6.245,26840.36473207
2024-07-13 21:00:00,6.245,6.248,6.218,6.225,13346.67017458
2024-07-13 22:00:00,6.226,6.266,6.185,6.264,40034.25844105
2024-07-13 23:00:00,6.264,6.287,6.227,6.231,51510.28032115
2024-07-14 00:00:00,6.232,6.259,6.199,6.233,25202.99215084
2024-07-14 01:00:00,6.232,6.265,6.219,6.242,26909.66381137
2024-07-14 02:00:00,6.241,6.241,6.155,6.175,35026.40744903
2024-07-14 03:00:00,6.177,6.207,6.176,6.188,23202.77632146
2024-07-14 04:00:00,6.187,6.23,6.184,6.2,29021.40401586
2024-07-14 05:00:00,6.198,6.226,6.172,6.217,26626.73766732
2024-07-14 06:00:00,6.215,6.233,6.185,6.228,52117.93797472
2024-07-14 07:00:00,6.229,6.252,6.215,6.225,43065.06932077
2024-07-14 08:00:00,6.225,6.262,6.223,6.254,26594.19502681
2024-07-14 09:00:00,6.249,6.319,6.245,6.288,83032.70594427
2024-07-14 10:00:00,6.288,6.299,6.228,6.23,32129.82837782
2024-07-14 11:00:00,6.23,6.268,6.23,6.238,16085.03664177
2024-07-14 12:00:00,6.238,6.239,6.18,6.206,34534.55949357
2024-07-14 13:00:00,6.208,6.232,6.199,6.205,31291.07102133
2024-07-14 14:00:00,6.205,6.244,6.183,6.24,52886.05438584
2024-07-14 15:00:00,6.241,6.287,6.223,6.287,32902.9637423
2024-07-14 16:00:00,6.286,6.286,6.254,6.269,19610.12649754
2024-07-14 17:00:00,6.269,6.269,6.236,6.254,35953.56242363
2024-07-14 18:00:00,6.254,6.254,6.221,6.231,16760.39564646
2024-07-14 19:00:00,6.231,6.236,6.213,6.231,54705.51298422
2024-07-14 20:00:00,6.229,6.312,6.225,6.279,84190.47543186
2024-07-14 21:00:00,6.278,6.342,6.271,6.341,36279.36088382
2024-07-14 22:00:00,6.342,6.35,6.294,6.32,60632.17215853
2024-07-14 23:00:00,6.319,6.355,6.301,6.318,70124.30610657
2024-07-15 00:00:00,6.315,6.385,6.306,6.368,42653.16224398
2024-07-15 01:00:00,6.366,6.395,6.349,6.353,32621.34498807
2024-07-15 02:00:00,6.353,6.511,6.353,6.485,171429.1875433
2024-07-15 03:00:00,6.483,6.515,6.455,6.512,78935.40854455
2024-07-15 04:00:00,6.512,6.53,6.486,6.509,68314.34747
2024-07-15 05:00:00,6.509,6.536,6.461,6.466,60932.82469637
2024-07-15 06:00:00,6.468,6.509,6.455,6.492,116034.52538839
2024-07-15 07:00:00,6.493,6.534,6.473,6.501,104086.96445306
2024-07-15 08:00:00,6.502,6.516,6.411,6.431,134121.44515955
2024-07-15 09:00:00,6.431,6.431,6.34,6.362,240986.72280239
2024-07-15 10:00:00,6.36,6.367,6.312,6.321,95460.68256893
2024-07-15 11:00:00,6.322,6.352,6.306,6.317,129076.45540951
2024-07-15 12:00:00,6.317,6.357,6.317,6.327,65279.79508209
2024-07-15 13:00:00,6.326,6.368,6.308,6.332,64084.68269022
2024-07-15 14:00:00,6.333,6.36,6.291,6.36,54871.70826193
2024-07-15 15:00:00,6.359,6.384,6.294,6.321,59686.18094109
2024-07-15 16:00:00,6.32,6.4,6.301,6.359,56448.71395539
2024-07-15 17:00:00,6.357,6.397,6.335,6.35,36437.43594837
2024-07-15 18:00:00,6.349,6.41,6.339,6.374,27539.56527753
2024-07-15 19:00:00,6.374,6.425,6.353,6.394,91665.74638673
2024-07-15 20:00:00,6.392,6.447,6.387,6.422,72978.2730862
2024-07-15 21:00:00,6.424,6.447,6.417,6.418,52499.31522054
2024-07-15 22:00:00,6.419,6.491,6.407,6.452,99656.09936171
2024-07-15 23:00:00,6.455,6.506,6.43,6.485,35596.74025408
2024-07-16 00:00:00,6.484,6.511,6.44,6.47,55636.69281444
2024-07-16 01:00:00,6.471,6.493,6.437,6.493,48894.33398004
2024-07-16 02:00:00,6.49,6.491,6.437,6.456,18734.89691382
2024-07-16 03:00:00,6.453,6.512,6.427,6.479,170213.98292569
2024-07-16 04:00:00,6.479,6.486,6.417,6.43,58454.23853352
2024-07-16 05:00:00,6.429,6.458,6.287,6.321,251647.66187238
2024-07-16 06:00:00,6.32,6.349,6.194,6.212,136046.88301767
2024-07-16 07:00:00,6.215,6.269,6.19,6.215,127002.09618516
2024-07-16 08:00:00,6.212,6.248,6.126,6.224,152102.6512334
2024-07-16 09:00:00,6.224,6.252,6.198,6.237,66524.94552787
2024-07-16 10:00:00,6.239,6.283,6.215,6.248,42487.06592036
2024-07-16 11:00:00,6.248,6.29,6.218,6.274,35233.80037453
2024-07-16 12:00:00,6.275,6.304,6.241,6.255,70150.7922436
2024-07-16 13:00:00,6.255,6.298,6.227,6.265,56993.9778461
2024-07-16 14:00:00,6.267,6.404,6.252,6.404,122898.39558479
2024-07-16 15:00:00,6.405,6.479,6.405,6.457,110428.06178673
2024-07-16 16:00:00,6.46,6.478,6.379,6.462,69250.64655219
2024-07-16 17:00:00,6.46,6.465,6.401,6.421,41550.28789921
2024-07-16 18:00:00,6.421,6.422,6.356,6.375,55802.99910357
2024-07-16 19:00:00,6.378,6.406,6.353,6.378,23015.6920332
2024-07-16 20:00:00,6.378,6.393,6.338,6.338,40988.3447464
2024-07-16 21:00:00,6.342,6.383,6.325,6.34,37087.59265609
2024-07-16 22:00:00,6.342,6.349,6.295,6.322,48957.91849137
2024-07-16 23:00:00,6.322,6.371,6.311,6.336,32627.31160372
2024-07-17 00:00:00,6.335,6.413,6.332,6.406,47600.25086017
2024-07-17 01:00:00,6.408,6.478,6.408,6.437,97395.25016862
2024-07-17 02:00:00,6.437,6.473,6.421,6.434,39992.16439665
2024-07-17 03:00:00,6.435,6.438,6.381,6.418,42410.01937226
2024-07-17 04:00:00,6.418,6.499,6.413,6.495,72616.35956997
2024-07-17 05:00:00,6.492,6.493,6.449,6.449,46626.89490477
2024-07-17 06:00:00,6.45,6.496,6.425,6.467,32659.6514293
2024-07-17 07:00:00,6.466,6.487,6.452,6.466,30157.06106689
2024-07-17 08:00:00,6.467,6.486,6.386,6.439,121901.42573292
2024-07-17 09:00:00,6.436,6.485,6.434,6.476,30182.80433243
2024-07-17 10:00:00,6.475,6.504,6.458,6.468,51263.29202147
2024-07-17 11:00:00,6.468,6.47,6.401,6.432,64395.04917331
2024-07-17 12:00:00,6.433,6.483,6.421,6.448,44887.11593587
2024-07-17 13:00:00,6.448,6.532,6.417,6.517,70855.13799019
2024-07-17 14:00:00,6.518,6.532,6.455,6.467,41721.01213496
2024-07-17 15:00:00,6.463,6.478,6.374,6.381,64565.56159362
2024-07-17 16:00:00,6.376,6.39,6.28,6.341,177172.87249392
2024-07-17 17:00:00,6.338,6.358,6.31,6.324,32720.03621858
2024-07-17 18:00:00,6.325,6.356,6.319,6.344,31523.64243307
2024-07-17 19:00:00,6.344,6.395,6.344,6.367,78719.26858356
2024-07-17 20:00:00,6.369,6.381,6.323,6.326,17681.40086064
2024-07-17 21:00:00,6.327,6.329,6.272,6.294,65712.96294853
2024-07-17 22:00:00,6.296,6.308,6.259,6.276,31825.15439506
2024-07-17 23:00:00,6.275,6.297,6.238,6.251,39309.0916797
2024-07-18 00:00:00,6.25,6.363,6.25,6.356,49494.80038724
2024-07-18 01:00:00,6.357,6.389,6.348,6.385,24299.94472131
2024-07-18 02:00:00,6.385,6.402,6.302,6.342,60975.36429926
2024-07-18 03:00:00,6.34,6.379,6.336,6.362,16645.64535413
2024-07-18 04:00:00,6.366,6.37,6.326,6.332,11885.81301975
2024-07-18 05:00:00,6.333,6.346,6.301,6.34,23265.40945375
2024-07-18 06:00:00,6.334,6.394,6.329,6.373,21552.35248656
2024-07-18 07:00:00,6.373,6.376,6.266,6.272,123356.02454707
2024-07-18 08:00:00,6.273,6.286,6.182,6.238,176693.97597382
2024-07-18 09:00:00,6.237,6.237,6.186,6.193,69890.86541614
2024-07-18 10:00:00,6.194,6.194,6.123,6.166,88237.44081244
2024-07-18 11:00:00,6.166,6.197,6.131,6.192,57826.3010163
2024-07-18 12:00:00,6.188,6.239,6.179,6.227,62898.28400486
2024-07-18 13:00:00,6.228,6.258,6.179,6.216,92459.83586397
2024-07-18 14:00:00,6.217,6.274,6.131,6.179,131323.46506273
2024-07-18 15:00:00,6.178,6.184,6.073,6.083,123370.93814641
2024-07-18 16:00:00,6.081,6.143,6.016,6.135,119421.69019404
2024-07-18 17:00:00,6.134,6.139,6.074,6.079,27540.24408022
2024-07-18 18:00:00,6.081,6.094,6.061,6.081,32013.85729297
2024-07-18 19:00:00,6.077,6.097,6.036,6.084,22262.48696812
2024-07-18 20:00:00,6.084,6.097,6.055,6.097,19153.52464054
2024-07-18 21:00:00,6.096,6.096,6.047,6.088,51863.05375547
2024-07-18 22:00:00,6.087,6.125,6.075,6.105,11791.22927434
2024-07-18 23:00:00,6.101,6.108,6.084,6.088,8862.46026311
2024-07-19 00:00:00,6.088,6.104,6.055,6.062,25304.98461461
2024-07-19 01:00:00,6.064,6.065,5.978,6.061,82362.58288795
2024-07-19 02:00:00,6.06,6.074,6.03,6.046,16954.19077618
2024-07-19 03:00:00,6.046,6.133,6.042,6.13,18602.12811311
2024-07-19 04:00:00,6.128,6.134,6.078,6.078,15242.39100056
2024-07-19 05:00:00,6.078,6.094,6.059,6.086,11343.22757439
2024-07-19 06:00:00,6.087,6.239,6.087,6.155,200055.56731081
2024-07-19 07:00:00,6.156,6.158,6.064,6.088,69081.04431382
2024-07-19 08:00:00,6.087,6.118,6.048,6.103,44683.89489622
2024-07-19 09:00:00,6.104,6.137,6.059,6.064,37944.02213952
2024-07-19 10:00:00,6.065,6.117,6.057,6.086,26783.6065513
2024-07-19 11:00:00,6.087,6.117,6.085,6.114,20040.58081329
2024-07-19 12:00:00,6.117,6.166,6.102,6.153,46370.07030657
2024-07-19 13:00:00,6.15,6.215,6.118,6.193,81044.61366669
2024-07-19 14:00:00,6.195,6.243,6.182,6.238,117944.03969612
2024-07-19 15:00:00,6.241,6.252,6.192,6.24,42005.12102877
2024-07-19 16:00:00,6.24,6.297,6.239,6.285,111859.85883594
2024-07-19 17:00:00,6.284,6.295,6.256,6.283,62151.32183675
2024-07-19 18:00:00,6.283,6.295,6.266,6.282,26458.92403546
2024-07-19 19:00:00,6.283,6.321,6.28,6.321,67915.86142386
2024-07-19 20:00:00,6.322,6.348,6.305,6.322,40023.11782335
2024-07-19 21:00:00,6.321,6.342,6.307,6.309,17164.34896166
2024-07-19 22:00:00,6.31,6.333,6.31,6.327,16965.27480997
2024-07-19 23:00:00,6.327,6.343,6.322,6.336,23460.25587955
2024-07-20 00:00:00,6.337,6.36,6.274,6.337,166916.21106435
2024-07-20 01:00:00,6.337,6.362,6.314,6.326,32954.67848223
2024-07-20 02:00:00,6.325,6.34,6.321,6.331,22946.27629389
2024-07-20 03:00:00,6.329,6.344,6.324,6.325,39846.35980755
2024-07-20 04:00:00,6.325,6.362,6.322,6.361,39775.04716947
2024-07-20 05:00:00,6.361,6.362,6.312,6.319,17648.98194542
2024-07-20 06:00:00,6.318,6.337,6.315,6.337,10355.46342816
2024-07-20 07:00:00,6.334,6.35,6.319,6.319,25435.62583059
2024-07-20 08:00:00,6.318,6.341,6.308,6.319,28082.59427898
2024-07-20 09:00:00,6.319,6.329,6.297,6.305,25628.39974906
2024-07-20 10:00:00,6.305,6.319,6.288,6.301,24512.46100712
2024-07-20 11:00:00,6.302,6.302,6.259,6.261,67784.54252542
2024-07-20 12:00:00,6.262,6.289,6.252,6.268,65173.94239831
2024-07-20 13:00:00,6.27,6.279,6.223,6.263,107278.4748631
2024-07-20 14:00:00,6.265,6.327,6.259,6.31,71521.93404261
2024-07-20 15:00:00,6.311,6.342,6.31,6.328,46344.69239748
2024-07-20 16:00:00,6.327,6.361,6.308,6.315,45948.32785009
2024-07-20 17:00:00,6.319,6.397,6.308,6.379,115256.1581402
2024-07-20 18:00:00,6.381,6.385,6.345,6.366,32755.54449578
2024-07-20 19:00:00,6.366,6.375,6.327,6.327,32888.97499274
2024-07-20 20:00:00,6.327,6.35,6.327,6.338,14531.11367062
2024-07-20 21:00:00,6.339,6.339,6.305,6.327,24898.71151631
2024-07-20 22:00:00,6.327,6.345,6.304,6.316,17049.65759822
2024-07-20 23:00:00,6.316,6.339,6.313,6.33,16483.35809623
2024-07-21 00:00:00,6.335,6.367,6.324,6.325,31401.50167231
2024-07-21 01:00:00,6.326,6.373,6.323,6.362,18844.78204639
2024-07-21 02:00:00,6.362,6.368,6.345,6.345,28226.07294863
2024-07-21 03:00:00,6.345,6.362,6.339,6.339,21362.93846177
2024-07-21 04:00:00,6.339,6.346,6.315,6.32,14034.32040492
2024-07-21 05:00:00,6.319,6.324,6.295,6.312,42205.70980877
2024-07-21 06:00:00,6.313,6.315,6.255,6.258,47201.3911783
2024-07-21 07:00:00,6.257,6.276,6.23,6.255,64045.67481561
2024-07-21 08:00:00,6.256,6.279,6.252,6.267,8352.99839845
2024-07-21 09:00:00,6.266,6.296,6.264,6.289,31323.71041711
2024-07-21 10:00:00,6.289,6.304,6.277,6.278,21884.34819225
2024-07-21 11:00:00,6.278,6.289,6.253,6.27,43406.31311981
2024-07-21 12:00:00,6.267,6.287,6.252,6.259,12044.29693392
2024-07-21 13:00:00,6.262,6.276,6.228,6.242,21784.68282659
2024-07-21 14:00:00,6.241,6.308,6.207,6.303,106530.45008342
2024-07-21 15:00:00,6.3,6.331,6.272,6.288,55573.92033391
2024-07-21 16:00:00,6.288,6.328,6.261,6.319,42405.31256702
2024-07-21 17:00:00,6.321,6.338,6.206,6.244,83034.2761226
2024-07-21 18:00:00,6.242,6.264,6.099,6.199,247769.0944687
2024-07-21 19:00:00,6.197,6.269,6.168,6.268,77522.0396589
2024-07-21 20:00:00,6.268,6.4,6.259,6.365,143223.58520022
2024-07-21 21:00:00,6.37,6.421,6.353,6.421,62783.65141804
2024-07-21 22:00:00,6.421,6.443,6.395,6.395,43298.6429188
2024-07-21 23:00:00,6.395,6.428,6.395,6.428,66932.05050896
2024-07-22 00:00:00,6.429,6.47,6.424,6.448,66965.51186277
2024-07-22 01:00:00,6.449,6.454,6.396,6.4,49255.86162966
2024-07-22 02:00:00,6.4,6.416,6.372,6.406,64308.93660285
2024-07-22 03:00:00,6.405,6.407,6.361,6.368,45098.94967706
2024-07-22 04:00:00,6.366,6.369,6.342,6.342,32148.56896446
2024-07-22 05:00:00,6.342,6.344,6.255,6.291,73356.47660614
2024-07-22 06:00:00,6.291,6.303,6.212,6.249,57490.5827791
2024-07-22 07:00:00,6.25,6.264,6.215,6.248,69019.08343855
2024-07-22 08:00:00,6.248,6.269,6.214,6.22,30161.38753798
2024-07-22 09:00:00,6.219,6.261,6.204,6.257,31143.6645297
2024-07-22 10:00:00,6.258,6.295,6.248,6.29,55341.02405437
2024-07-22 11:00:00,6.292,6.315,6.28,6.309,21780.00455035
2024-07-22 12:00:00,6.311,6.332,6.278,6.326,45635.66165285
2024-07-22 13:00:00,6.329,6.352,6.235,6.242,112487.97403502
2024-07-22 14:00:00,6.242,6.268,6.197,6.218,93339.71018294
2024-07-22 15:00:00,6.219,6.242,6.2,6.218,36012.06198707
2024-07-22 16:00:00,6.217,6.222,6.169,6.18,52902.18115374
2024-07-22 17:00:00,6.181,6.201,6.168,6.19,26916.51028299
2024-07-22 18:00:00,6.191,6.208,6.162,6.183,27373.88456888
2024-07-22 19:00:00,6.182,6.233,6.171,6.228,75540.06082899
2024-07-22 20:00:00,6.231,6.234,6.202,6.225,57837.24110821
2024-07-22 21:00:00,6.228,6.228,6.145,6.171,73787.50306392
2024-07-22 22:00:00,6.171,6.171,6.096,6.125,71260.36473031
2024-07-22 23:00:00,6.124,6.124,6.077,6.094,50141.96300975
2024-07-23 00:00:00,6.094,6.133,6.08,6.114,23105.77275217
2024-07-23 01:00:00,6.115,6.161,6.103,6.137,27840.88346868
2024-07-23 02:00:00,6.136,6.16,6.107,6.146,18932.83833207
2024-07-23 03:00:00,6.149,6.15,6.115,6.117,14652.1989703
2024-07-23 04:00:00,6.114,6.13,6.04,6.052,40620.27509531
2024-07-23 05:00:00,6.049,6.063,5.98,6.007,117699.92848863
2024-07-23 06:00:00,6.006,6.034,5.975,6.012,70231.39715523
2024-07-23 07:00:00,6.014,6.019,5.974,5.997,68716.52135173
2024-07-23 08:00:00,5.997,6.126,5.988,6.116,161890.06612888
2024-07-23 09:00:00,6.117,6.136,6.085,6.098,56732.17500404
2024-07-23 10:00:00,6.099,6.109,6.067,6.074,47637.41297607
2024-07-23 11:00:00,6.074,6.074,6.02,6.048,49941.00548087
2024-07-23 12:00:00,6.048,6.049,5.95,6.012,138009.61586011
2024-07-23 13:00:00,6.009,6.031,5.936,5.96,144585.30023334
2024-07-23 14:00:00,5.961,6.058,5.942,6.015,105528.00394035
2024-07-23 15:00:00,6.017,6.019,5.934,5.943,94822.97472762
2024-07-23 16:00:00,5.942,5.944,5.807,5.813,185826.41130265
2024-07-23 17:00:00,5.815,5.89,5.8,5.889,113938.53643781
2024-07-23 18:00:00,5.889,5.892,5.849,5.878,46061.74177155
2024-07-23 19:00:00,5.881,5.938,5.875,5.93,47942.23101193
2024-07-23 20:00:00,5.932,5.952,5.918,5.942,33905.41880284
2024-07-23 21:00:00,5.938,5.955,5.91,5.91,28551.55003628
2024-07-23 22:00:00,5.907,5.929,5.896,5.917,43980.96845909
2024-07-23 23:00:00,5.918,5.93,5.895,5.915,17699.05799176
2024-07-24 00:00:00,5.914,5.942,5.883,5.887,38349.01973025
2024-07-24 01:00:00,5.889,5.936,5.875,5.892,33763.54130015
2024-07-24 02:00:00,5.895,5.929,5.884,5.927,31142.3553952
2024-07-24 03:00:00,5.927,5.947,5.92,5.942,18162.89348677
2024-07-24 04:00:00,5.941,5.944,5.918,5.919,17760.29964952
2024-07-24 05:00:00,5.918,5.921,5.892,5.919,17363.64038903
2024-07-24 06:00:00,5.918,5.943,5.912,5.934,16512.16452225
2024-07-24 07:00:00,5.933,5.967,5.925,5.959,23557.14126713
2024-07-24 08:00:00,5.958,5.977,5.944,5.973,34141.18715331
2024-07-24 09:00:00,5.973,5.977,5.957,5.971,15299.014562
2024-07-24 10:00:00,5.974,5.993,5.967,5.985,23877.36174233
2024-07-24 11:00:00,5.986,5.993,5.97,5.985,24054.18696091
2024-07-24 12:00:00,5.985,5.989,5.957,5.96,13764.7945183
2024-07-24 13:00:00,5.959,5.99,5.947,5.95,20390.73132321
2024-07-24 14:00:00,5.95,5.979,5.935,5.954,41443.00451868
2024-07-24 15:00:00,5.954,5.964,5.885,5.893,88002.46388818
2024-07-24 16:00:00,5.893,5.913,5.86,5.908,38977.15738193
2024-07-24 17:00:00,5.907,5.928,5.9,5.912,20506.33485105
2024-07-24 18:00:00,5.913,5.914,5.831,5.844,50975.16187329
2024-07-24 19:00:00,5.843,5.88,5.819,5.829,67548.30305263
2024-07-24 20:00:00,5.83,5.849,5.803,5.807,56354.84582255
2024-07-24 21:00:00,5.809,5.809,5.646,5.742,301395.72599775
2024-07-24 22:00:00,5.741,5.741,5.704,5.716,56484.83474465
2024-07-24 23:00:00,5.716,5.747,5.684,5.743,55141.30378604
2024-07-25 00:00:00,5.741,5.773,5.733,5.753,58391.67640228
2024-07-25 01:00:00,5.752,5.752,5.548,5.654,542957.37394726
2024-07-25 02:00:00,5.654,5.656,5.579,5.648,151869.25105013
2024-07-25 03:00:00,5.648,5.652,5.609,5.631,65444.02273317
2024-07-25 04:00:00,5.631,5.683,5.607,5.68,100065.9659506
2024-07-25 05:00:00,5.681,5.704,5.656,5.66,46876.28651265
2024-07-25 06:00:00,5.661,5.701,5.648,5.687,42655.57826035
2024-07-25 07:00:00,5.686,5.708,5.677,5.694,50722.31766591
2024-07-25 08:00:00,5.694,5.747,5.676,5.744,50503.55964738
2024-07-25 09:00:00,5.744,5.762,5.73,5.747,53692.99955987
2024-07-25 10:00:00,5.748,5.748,5.691,5.707,52836.08011635
2024-07-25 11:00:00,5.708,5.741,5.707,5.711,42735.67456435
2024-07-25 12:00:00,5.71,5.739,5.67,5.693,108550.39262454
2024-07-25 13:00:00,5.692,5.729,5.657,5.698,59590.82495805
2024-07-25 14:00:00,5.696,5.744,5.632,5.725,173635.11106243
2024-07-25 15:00:00,5.724,5.74,5.657,5.67,125190.15225554
2024-07-25 16:00:00,5.671,5.736,5.638,5.718,107296.85163697
2024-07-25 17:00:00,5.721,5.768,5.715,5.749,73751.27350494
2024-07-25 18:00:00,5.748,5.748,5.611,5.642,66231.30605814
2024-07-25 19:00:00,5.641,5.677,5.591,5.636,77896.69111404
2024-07-25 20:00:00,5.641,5.677,5.535,5.677,153651.70453289
2024-07-25 21:00:00,5.676,5.731,5.675,5.712,76448.49588446
2024-07-25 22:00:00,5.715,5.746,5.706,5.733,38685.84937723
2024-07-25 23:00:00,5.734,5.754,5.73,5.75,23012.66959414
2024-07-26 00:00:00,5.75,5.768,5.727,5.753,66143.26117834
2024-07-26 01:00:00,5.754,5.774,5.722,5.736,49649.65055855
2024-07-26 02:00:00,5.736,5.797,5.723,5.795,66266.96389898
2024-07-26 03:00:00,5.796,5.831,5.782,5.794,62467.39863518
2024-07-26 04:00:00,5.793,5.813,5.784,5.791,47256.29579445
2024-07-26 05:00:00,5.792,5.82,5.783,5.82,23530.48214294
2024-07-26 06:00:00,5.819,5.863,5.814,5.854,53039.24333003
2024-07-26 07:00:00,5.853,5.865,5.82,5.856,104370.15815507
2024-07-26 08:00:00,5.857,5.862,5.838,5.859,38479.13807263
2024-07-26 09:00:00,5.858,5.885,5.852,5.88,38247.70637712
2024-07-26 10:00:00,5.878,5.88,5.842,5.853,95680.22152979
2024-07-26 11:00:00,5.852,5.861,5.798,5.821,153780.17176954
2024-07-26 12:00:00,5.82,5.832,5.796,5.804,94735.70527901
2024-07-26 13:00:00,5.805,5.848,5.775,5.845,225290.93114943
2024-07-26 14:00:00,5.844,5.864,5.765,5.795,173963.52596462
2024-07-26 15:00:00,5.796,5.829,5.793,5.817,56658.60113511
2024-07-26 16:00:00,5.814,5.858,5.804,5.832,63812.71240061
2024-07-26 17:00:00,5.834,5.85,5.831,5.84,29051.53224401
2024-07-26 18:00:00,5.84,5.858,5.837,5.849,35967.80198323
2024-07-26 19:00:00,5.851,5.867,5.844,5.851,62733.77679567
2024-07-26 20:00:00,5.851,5.852,5.821,5.83,30320.1436479
2024-07-26 21:00:00,5.827,5.859,5.823,5.841,33738.87697093
2024-07-26 22:00:00,5.84,5.856,5.833,5.855,34267.3798278
2024-07-26 23:00:00,5.856,5.867,5.853,5.864,16270.40845232
2024-07-27 00:00:00,5.864,5.864,5.842,5.843,26897.25012035
2024-07-27 01:00:00,5.843,5.848,5.811,5.812,38599.45654297
2024-07-27 02:00:00,5.813,5.847,5.811,5.847,17290.30659795
2024-07-27 03:00:00,5.851,5.854,5.821,5.827,28318.92678918
2024-07-27 04:00:00,5.823,5.839,5.822,5.839,14326.94780557
2024-07-27 05:00:00,5.84,5.866,5.838,5.846,32174.77796542
2024-07-27 06:00:00,5.845,5.861,5.845,5.861,14054.34618815
2024-07-27 07:00:00,5.863,5.898,5.858,5.872,97881.70695011
2024-07-27 08:00:00,5.871,5.882,5.846,5.854,44926.46559571
2024-07-27 09:00:00,5.855,5.871,5.843,5.86,25551.55101394
2024-07-27 10:00:00,5.86,5.868,5.848,5.854,14102.16658711
2024-07-27 11:00:00,5.854,5.883,5.848,5.874,23166.21028357
2024-07-27 12:00:00,5.875,5.892,5.851,5.87,61700.46721731
2024-07-27 13:00:00,5.871,5.937,5.871,5.923,97192.41526358
2024-07-27 14:00:00,5.923,5.94,5.854,5.875,63946.19962598
2024-07-27 15:00:00,5.875,5.882,5.79,5.832,72139.02232399
2024-07-27 16:00:00,5.829,5.862,5.811,5.82,52111.44346592
2024-07-27 17:00:00,5.821,5.844,5.801,5.81,37037.78482072
2024-07-27 18:00:00,5.809,5.848,5.793,5.802,38903.45053304
2024-07-27 19:00:00,5.801,5.839,5.768,5.834,107642.79305633
2024-07-27 20:00:00,5.834,5.834,5.712,5.802,231515.85129918
2024-07-27 21:00:00,5.798,5.879,5.78,5.876,122218.58934007
2024-07-27 22:00:00,5.877,5.887,5.86,5.87,37236.77229923
2024-07-27 23:00:00,5.868,5.871,5.816,5.82,35038.086711
2024-07-28 00:00:00,5.82,5.827,5.764,5.81,57409.71275606
2024-07-28 01:00:00,5.813,5.838,5.807,5.816,27259.91503574
2024-07-28 02:00:00,5.816,5.823,5.802,5.812,21545.65131753
2024-07-28 03:00:00,5.813,5.816,5.784,5.784,20119.49542219
2024-07-28 04:00:00,5.783,5.785,5.711,5.711,56038.92698518
2024-07-28 05:00:00,5.712,5.74,5.685,5.729,88681.32482281
2024-07-28 06:00:00,5.729,5.746,5.727,5.741,18776.64595657
2024-07-28 07:00:00,5.741,5.753,5.73,5.748,21823.65440456
2024-07-28 08:00:00,5.749,5.765,5.725,5.74,39407.5148859
2024-07-28 09:00:00,5.74,5.758,5.738,5.745,28207.65413127
2024-07-28 10:00:00,5.745,5.772,5.743,5.755,31520.60381581
2024-07-28 11:00:00,5.755,5.769,5.737,5.737,32648.20707374
2024-07-28 12:00:00,5.737,5.76,5.733,5.752,42232.51385826
2024-07-28 13:00:00,5.753,5.759,5.737,5.74,21989.56601558
2024-07-28 14:00:00,5.741,5.741,5.695,5.705,47473.55950343
2024-07-28 15:00:00,5.703,5.721,5.698,5.707,24115.83172479
2024-07-28 16:00:00,5.706,5.715,5.681,5.683,35566.39531328
2024-07-28 17:00:00,5.683,5.705,5.668,5.701,40546.69116558
2024-07-28 18:00:00,5.704,5.731,5.688,5.723,38624.63933854
2024-07-28 19:00:00,5.724,5.752,5.712,5.742,50085.56072333
2024-07-28 20:00:00,5.745,5.748,5.698,5.7,34247.38139324
2024-07-28 21:00:00,5.7,5.71,5.679,5.7,22739.64925517
2024-07-28 22:00:00,5.701,5.716,5.677,5.701,22521.91751242
2024-07-28 23:00:00,5.704,5.726,5.697,5.717,13499.87832198
2024-07-29 00:00:00,5.716,5.786,5.716,5.769,56726.60136883
2024-07-29 01:00:00,5.771,5.784,5.738,5.741,31333.60016747
2024-07-29 02:00:00,5.74,5.845,5.735,5.844,82116.42712804
2024-07-29 03:00:00,5.844,5.865,5.806,5.821,60964.61436797
2024-07-29 04:00:00,5.822,5.84,5.804,5.815,25110.87676416
2024-07-29 05:00:00,5.816,5.846,5.804,5.839,28321.58994406
2024-07-29 06:00:00,5.839,5.861,5.824,5.842,43935.86945107
2024-07-29 07:00:00,5.844,5.855,5.829,5.853,47997.38658485
2024-07-29 08:00:00,5.855,5.858,5.83,5.839,36390.8783926
2024-07-29 09:00:00,5.84,5.873,5.837,5.855,28819.01136075
2024-07-29 10:00:00,5.86,5.86,5.821,5.822,40521.59916799
2024-07-29 11:00:00,5.823,5.83,5.811,5.817,57138.88366845
2024-07-29 12:00:00,5.815,5.845,5.803,5.837,44033.23651603
2024-07-29 13:00:00,5.836,5.846,5.805,5.812,95562.21606827
2024-07-29 14:00:00,5.814,5.82,5.75,5.758,143854.31253565
2024-07-29 15:00:00,5.756,5.769,5.68,5.716,137195.07454064
2024-07-29 16:00:00,5.716,5.729,5.65,5.665,131099.74587944
2024-07-29 17:00:00,5.664,5.72,5.657,5.705,82582.84571926
2024-07-29 18:00:00,5.704,5.729,5.697,5.713,43156.39548657
2024-07-29 19:00:00,5.713,5.713,5.67,5.698,34965.07422999
2024-07-29 20:00:00,5.698,5.707,5.667,5.681,31528.5377053
2024-07-29 21:00:00,5.681,5.682,5.643,5.676,50632.02402331
2024-07-29 22:00:00,5.677,5.686,5.631,5.638,54938.14111989
2024-07-29 23:00:00,5.638,5.664,5.62,5.649,55640.05912829
2024-07-30 00:00:00,5.647,5.675,5.603,5.675,92002.0840078
2024-07-30 01:00:00,5.674,5.71,5.642,5.654,59206.1629279
2024-07-30 02:00:00,5.655,5.68,5.625,5.664,31785.09658237
2024-07-30 03:00:00,5.665,5.691,5.661,5.686,21917.13311752
2024-07-30 04:00:00,5.686,5.694,5.672,5.688,11962.99021396
2024-07-30 05:00:00,5.691,5.691,5.655,5.677,27889.75563037
2024-07-30 06:00:00,5.677,5.699,5.675,5.699,34135.92845996
2024-07-30 07:00:00,5.698,5.722,5.693,5.697,21055.20987279
2024-07-30 08:00:00,5.697,5.703,5.68,5.68,29449.59218343
2024-07-30 09:00:00,5.681,5.691,5.669,5.683,27126.72602857
2024-07-30 10:00:00,5.679,5.694,5.657,5.685,40614.88818957
2024-07-30 11:00:00,5.685,5.697,5.667,5.686,22506.22319961
2024-07-30 12:00:00,5.687,5.698,5.662,5.68,19637.04537262
2024-07-30 13:00:00,5.682,5.709,5.644,5.654,39891.63501031
2024-07-30 14:00:00,5.654,5.674,5.632,5.64,54147.1411573
2024-07-30 15:00:00,5.639,5.661,5.62,5.646,36927.4513959
2024-07-30 16:00:00,5.644,5.668,5.625,5.625,24661.601153
2024-07-30 17:00:00,5.625,5.625,5.571,5.58,90178.85910749
2024-07-30 18:00:00,5.579,5.591,5.553,5.577,46452.76249661
2024-07-30 19:00:00,5.576,5.576,5.504,5.555,98149.03874872
2024-07-30 20:00:00,5.557,5.566,5.474,5.558,134045.90073187
2024-07-30 21:00:00,5.554,5.557,5.488,5.52,55833.85201611
2024-07-30 22:00:00,5.52,5.522,5.493,5.521,31604.69197289
2024-07-30 23:00:00,5.522,5.524,5.493,5.516,46484.34015482
2024-07-31 00:00:00,5.515,5.528,5.494,5.518,36384.01926283
2024-07-31 01:00:00,5.518,5.531,5.49,5.517,81952.37251231
2024-07-31 02:00:00,5.517,5.529,5.47,5.484,51609.41395621
2024-07-31 03:00:00,5.484,5.517,5.474,5.513,27595.00311591
2024-07-31 04:00:00,5.513,5.523,5.452,5.478,80411.19017579
2024-07-31 05:00:00,5.48,5.526,5.453,5.505,71980.85032684
2024-07-31 06:00:00,5.505,5.551,5.505,5.548,63249.33217101
2024-07-31 07:00:00,5.547,5.549,5.516,5.522,24149.3519368
2024-07-31 08:00:00,5.523,5.538,5.508,5.533,29642.96213372
2024-07-31 09:00:00,5.531,5.544,5.515,5.535,13725.7862824
2024-07-31 10:00:00,5.531,5.545,5.526,5.529,30185.41267483
2024-07-31 11:00:00,5.53,5.547,5.524,5.539,19674.27935685
2024-07-31 12:00:00,5.538,5.55,5.523,5.526,29533.8809794
2024-07-31 13:00:00,5.527,5.555,5.527,5.537,80289.68922193
2024-07-31 14:00:00,5.538,5.55,5.467,5.482,94219.50575322
2024-07-31 15:00:00,5.484,5.492,5.454,5.456,79083.98989483
2024-07-31 16:00:00,5.454,5.495,5.41,5.433,117839.83753136
2024-07-31 17:00:00,5.432,5.515,5.425,5.489,45690.73031061
2024-07-31 18:00:00,5.49,5.514,5.451,5.504,70271.23071615
2024-07-31 19:00:00,5.505,5.516,5.384,5.437,150145.96870661
2024-07-31 20:00:00,5.436,5.436,5.328,5.348,161296.55653431
2024-07-31 21:00:00,5.349,5.405,5.341,5.402,67174.14924049
2024-07-31 22:00:00,5.402,5.412,5.359,5.401,32683.64821565
2024-07-31 23:00:00,5.397,5.4,5.367,5.384,26214.26746633
2024-08-01 00:00:00,5.385,5.416,5.373,5.411,50791.0027217
2024-08-01 01:00:00,5.408,5.419,5.355,5.398,44577.36728626
2024-08-01 02:00:00,5.397,5.409,5.353,5.375,57402.4213484
2024-08-01 03:00:00,5.374,5.39,5.345,5.36,45530.69275051
2024-08-01 04:00:00,5.359,5.373,5.263,5.28,185095.42180851
2024-08-01 05:00:00,5.279,5.353,5.251,5.349,112032.6545853
2024-08-01 06:00:00,5.35,5.36,5.328,5.336,35828.88134078
2024-08-01 07:00:00,5.331,5.376,5.331,5.355,36573.4792012
2024-08-01 08:00:00,5.355,5.376,5.35,5.373,64014.26267474
2024-08-01 09:00:00,5.372,5.375,5.339,5.342,43664.83828532
2024-08-01 10:00:00,5.34,5.371,5.333,5.368,28208.83622746
2024-08-01 11:00:00,5.368,5.374,5.356,5.366,39953.96402556
2024-08-01 12:00:00,5.362,5.382,5.346,5.356,68769.7890278
2024-08-01 13:00:00,5.356,5.362,5.32,5.338,49812.39431707
2024-08-01 14:00:00,5.338,5.342,5.208,5.209,215622.22845305
2024-08-01 15:00:00,5.209,5.211,5.127,5.158,395810.1581052
2024-08-01 16:00:00,5.158,5.173,5.077,5.12,340644.29788818
2024-08-01 17:00:00,5.119,5.14,5.063,5.138,131348.23549266
2024-08-01 18:00:00,5.138,5.15,5.019,5.132,269569.08613988
2024-08-01 19:00:00,5.134,5.206,5.129,5.195,74857.752078
2024-08-01 20:00:00,5.192,5.266,5.164,5.266,81527.35493436
2024-08-01 21:00:00,5.267,5.299,5.257,5.27,78215.4198037
2024-08-01 22:00:00,5.272,5.351,5.267,5.346,81082.98382175
2024-08-01 23:00:00,5.347,5.361,5.321,5.335,40511.29257664
2024-08-02 00:00:00,5.332,5.361,5.32,5.32,58432.48774022
2024-08-02 01:00:00,5.32,5.329,5.284,5.284,95932.39436037
2024-08-02 02:00:00,5.285,5.306,5.223,5.255,147984.2514397
2024-08-02 03:00:00,5.255,5.293,5.243,5.276,45429.60560584
2024-08-02 04:00:00,5.273,5.282,5.227,5.249,49843.96381067
2024-08-02 05:00:00,5.249,5.249,5.196,5.205,39642.55026143
2024-08-02 06:00:00,5.204,5.238,5.145,5.218,105482.93424899
2024-08-02 07:00:00,5.219,5.254,5.187,5.236,57741.78186023
2024-08-02 08:00:00,5.238,5.273,5.181,5.273,103464.65634318
2024-08-02 09:00:00,5.272,5.273,5.242,5.258,71419.15848086
2024-08-02 10:00:00,5.257,5.275,5.231,5.26,49890.78524452
2024-08-02 11:00:00,5.26,5.268,5.215,5.231,80582.0238162
2024-08-02 12:00:00,5.229,5.252,5.189,5.249,144829.6851894
2024-08-02 13:00:00,5.246,5.284,5.215,5.25,113273.84607159
2024-08-02 14:00:00,5.25,5.261,5.081,5.088,228531.84611555
2024-08-02 15:00:00,5.086,5.133,4.991,5.12,363229.79301666
2024-08-02 16:00:00,5.117,5.119,5.065,5.099,164105.7539236
2024-08-02 17:00:00,5.098,5.127,5.08,5.097,83896.07481999
2024-08-02 18:00:00,5.097,5.128,5.077,5.096,84600.22415301
2024-08-02 19:00:00,5.097,5.114,5.059,5.102,62912.7254259
2024-08-02 20:00:00,5.103,5.147,5.066,5.122,125632.96708445
2024-08-02 21:00:00,5.12,5.121,5.044,5.114,121995.81520202
2024-08-02 22:00:00,5.111,5.118,5.08,5.099,58050.0598557
2024-08-02 23:00:00,5.101,5.126,5.073,5.115,77473.19098578
2024-08-03 00:00:00,5.116,5.145,5.065,5.086,110507.01418825
2024-08-03 01:00:00,5.086,5.104,4.991,5.093,224513.79374858
2024-08-03 02:00:00,5.093,5.123,5.073,5.101,49496.2579136
2024-08-03 03:00:00,5.102,5.129,5.086,5.129,38210.66822455
2024-08-03 04:00:00,5.13,5.16,5.115,5.139,52163.5761857
2024-08-03 05:00:00,5.141,5.17,5.138,5.17,38838.13688941
2024-08-03 06:00:00,5.171,5.183,5.157,5.173,51679.01770454
2024-08-03 07:00:00,5.171,5.2,5.165,5.176,47359.92919834
2024-08-03 08:00:00,5.174,5.178,5.137,5.157,59229.14205436
2024-08-03 09:00:00,5.153,5.167,5.137,5.157,58140.41468392
2024-08-03 10:00:00,5.156,5.168,5.139,5.163,35759.84971251
2024-08-03 11:00:00,5.162,5.17,5.153,5.156,36054.29001474
2024-08-03 12:00:00,5.157,5.191,5.151,5.165,60302.70776342
2024-08-03 13:00:00,5.168,5.175,5.154,5.173,28891.45199058
2024-08-03 14:00:00,5.173,5.198,5.159,5.163,31053.39475619
2024-08-03 15:00:00,5.164,5.167,5.044,5.053,95778.10522
2024-08-03 16:00:00,5.052,5.069,4.972,5.012,252031.78723188
2024-08-03 17:00:00,5.009,5.01,4.867,4.885,285045.40436024
2024-08-03 18:00:00,4.887,4.933,4.848,4.898,209638.33774726
2024-08-03 19:00:00,4.898,4.947,4.881,4.881,93924.33998664
2024-08-03 20:00:00,4.881,4.952,4.862,4.904,79796.35040367
2024-08-03 21:00:00,4.904,5.032,4.879,5.032,271217.55477655
2024-08-03 22:00:00,5.031,5.056,5.014,5.033,96104.71925693
2024-08-03 23:00:00,5.032,5.061,5.022,5.038,52033.63517328
2024-08-04 00:00:00,5.037,5.075,5.016,5.072,61267.88098404
2024-08-04 01:00:00,5.072,5.078,5.017,5.047,50509.97797833
2024-08-04 02:00:00,5.051,5.093,5.032,5.06,46031.15819825
2024-08-04 03:00:00,5.061,5.071,5.048,5.066,36392.83199849
2024-08-04 04:00:00,5.066,5.077,5.026,5.027,32085.97645136
2024-08-04 05:00:00,5.027,5.052,5.027,5.042,26662.17865232
2024-08-04 06:00:00,5.04,5.05,5.014,5.023,42207.40421918
2024-08-04 07:00:00,5.024,5.027,4.945,4.948,117598.13636328
2024-08-04 08:00:00,4.95,4.994,4.932,4.967,88883.18981606
2024-08-04 09:00:00,4.969,4.985,4.961,4.968,28628.47977478
2024-08-04 10:00:00,4.968,4.975,4.943,4.971,86327.38094847
2024-08-04 11:00:00,4.97,4.975,4.897,4.901,241331.53254691
2024-08-04 12:00:00,4.901,4.904,4.862,4.9,200687.96029523
2024-08-04 13:00:00,4.901,4.906,4.883,4.884,87518.81193165
2024-08-04 14:00:00,4.883,4.892,4.75,4.777,451791.07949233
2024-08-04 15:00:00,4.778,4.778,4.709,4.714,255125.40143808
2024-08-04 16:00:00,4.715,4.747,4.632,4.648,418448.31847907
2024-08-04 17:00:00,4.647,4.655,4.519,4.606,582461.1195167
2024-08-04 18:00:00,4.604,4.686,4.559,4.686,258663.46397264
2024-08-04 19:00:00,4.683,4.782,4.655,4.762,149568.74721786
2024-08-04 20:00:00,4.759,4.822,4.744,4.779,108192.07089661
2024-08-04 21:00:00,4.779,4.788,4.737,4.75,65148.37280136
2024-08-04 22:00:00,4.749,4.802,4.737,4.759,103889.69033801
2024-08-04 23:00:00,4.758,4.758,4.672,4.684,86571.73555939
2024-08-05 00:00:00,4.683,4.721,4.404,4.47,801589.07953892
2024-08-05 01:00:00,4.469,4.485,3.8,4.117,5726916.28335431
2024-08-05 02:00:00,4.116,4.139,4.0,4.133,1404236.88570271
2024-08-05 03:00:00,4.133,4.135,4.004,4.009,667798.92835098
2024-08-05 04:00:00,4.009,4.047,3.885,3.978,831757.09539687
2024-08-05 05:00:00,3.979,4.019,3.798,3.917,1587372.46233561
2024-08-05 06:00:00,3.918,3.951,3.512,3.813,2701690.49759837
2024-08-05 07:00:00,3.813,4.05,3.789,4.016,730015.5077042
2024-08-05 08:00:00,4.014,4.017,3.894,3.913,531801.6186501
2024-08-05 09:00:00,3.91,3.977,3.891,3.965,427542.8449165
2024-08-05 10:00:00,3.962,3.964,3.808,3.848,497084.61123249
2024-08-05 11:00:00,3.849,3.892,3.719,3.889,716479.66314277
2024-08-05 12:00:00,3.886,3.923,3.778,3.821,713376.68315984
2024-08-05 13:00:00,3.818,4.081,3.791,4.058,1157846.84224205
2024-08-05 14:00:00,4.057,4.227,4.057,4.186,614287.46284401
2024-08-05 15:00:00,4.183,4.249,4.148,4.235,309938.16949179
2024-08-05 16:00:00,4.232,4.288,4.186,4.188,429426.30959927
2024-08-05 17:00:00,4.187,4.268,4.169,4.229,432539.32479788
2024-08-05 18:00:00,4.229,4.23,4.091,4.092,226780.81377735
2024-08-05 19:00:00,4.092,4.149,4.071,4.121,224678.69261492
2024-08-05 20:00:00,4.121,4.192,4.116,4.177,141727.36871101
2024-08-05 21:00:00,4.177,4.235,4.15,4.189,117335.84374642
2024-08-05 22:00:00,4.186,4.255,4.174,4.241,99001.45488986
2024-08-05 23:00:00,4.243,4.28,4.194,4.195,104749.07933941
2024-08-06 00:00:00,4.197,4.381,4.191,4.38,236404.65573251
2024-08-06 01:00:00,4.378,4.417,4.332,4.359,148634.68933073
2024-08-06 02:00:00,4.359,4.366,4.307,4.337,93265.05672489
2024-08-06 03:00:00,4.337,4.355,4.311,4.338,60179.14213557
2024-08-06 04:00:00,4.339,4.384,4.325,4.371,175338.22914191
2024-08-06 05:00:00,4.371,4.426,4.349,4.422,124634.96001622
2024-08-06 06:00:00,4.421,4.454,4.39,4.413,121312.60186216
2024-08-06 07:00:00,4.414,4.439,4.381,4.432,73049.48409129
2024-08-06 08:00:00,4.431,4.437,4.31,4.343,225958.7906119
2024-08-06 09:00:00,4.344,4.36,4.313,4.358,205138.45686444
2024-08-06 10:00:00,4.356,4.366,4.321,4.345,92348.77242723
2024-08-06 11:00:00,4.344,4.367,4.32,4.349,71670.35236484
2024-08-06 12:00:00,4.341,4.366,4.296,4.319,102443.74730054
2024-08-06 13:00:00,4.318,4.355,4.266,4.32,182328.70732342
2024-08-06 14:00:00,4.32,4.481,4.313,4.418,354293.90370026
2024-08-06 15:00:00,4.419,4.487,4.397,4.483,201357.78143298
2024-08-06 16:00:00,4.485,4.545,4.468,4.522,177811.37057362
2024-08-06 17:00:00,4.522,4.562,4.511,4.531,126842.25098875
2024-08-06 18:00:00,4.529,4.599,4.528,4.563,106471.43351637
2024-08-06 19:00:00,4.563,4.585,4.536,4.549,75240.42976837
2024-08-06 20:00:00,4.546,4.556,4.486,4.513,155695.51832257
2024-08-06 21:00:00,4.513,4.543,4.493,4.543,45252.84989388
2024-08-06 22:00:00,4.542,4.581,4.487,4.513,170358.32619853
2024-08-06 23:00:00,4.517,4.53,4.48,4.508,69083.66379831
2024-08-07 00:00:00,4.507,4.549,4.473,4.528,109013.82140745
2024-08-07 01:00:00,4.528,4.59,4.476,4.579,190181.58441072
2024-08-07 02:00:00,4.578,4.629,4.514,4.531,178675.01009568
2024-08-07 03:00:00,4.531,4.566,4.513,4.544,103111.60374962
2024-08-07 04:00:00,4.543,4.596,4.537,4.559,66076.62222118
2024-08-07 05:00:00,4.559,4.589,4.545,4.565,72712.40223136
2024-08-07 06:00:00,4.566,4.587,4.544,4.562,141880.71934904
2024-08-07 07:00:00,4.561,4.587,4.531,4.569,87580.01648186
2024-08-07 08:00:00,4.57,4.594,4.535,4.561,76250.67174979
2024-08-07 09:00:00,4.56,4.611,4.538,4.596,143325.36853622
2024-08-07 10:00:00,4.596,4.623,4.572,4.574,80987.16822447
2024-08-07 11:00:00,4.572,4.58,4.54,4.541,91629.31248522
2024-08-07 12:00:00,4.541,4.637,4.526,4.623,133954.62072422
2024-08-07 13:00:00,4.622,4.638,4.543,4.563,148449.2135467
2024-08-07 14:00:00,4.563,4.571,4.4,4.499,423960.80850503
2024-08-07 15:00:00,4.498,4.541,4.462,4.509,156718.11069132
2024-08-07 16:00:00,4.507,4.556,4.468,4.543,103553.91451605
2024-08-07 17:00:00,4.545,4.608,4.505,4.557,231706.33608025
2024-08-07 18:00:00,4.555,4.572,4.475,4.488,155214.57790323
2024-08-07 19:00:00,4.491,4.579,4.484,4.573,123822.00811288
2024-08-07 20:00:00,4.574,4.609,4.502,4.577,341385.56724136
2024-08-07 21:00:00,4.579,4.598,4.532,4.564,201558.47492493
2024-08-07 22:00:00,4.564,4.571,4.489,4.558,192531.98533198
2024-08-07 23:00:00,4.559,4.6,4.552,4.576,87894.35139625
2024-08-08 00:00:00,4.576,4.594,4.473,4.536,141340.57963028
2024-08-08 01:00:00,4.538,4.704,4.532,4.69,225460.34084962
2024-08-08 02:00:00,4.687,4.808,4.687,4.787,136055.32132779
2024-08-08 03:00:00,4.789,4.821,4.733,4.733,81887.32402409
2024-08-08 04:00:00,4.732,4.771,4.702,4.717,93310.63787965
2024-08-08 05:00:00,4.717,4.762,4.712,4.741,41160.30192674
2024-08-08 06:00:00,4.739,4.775,4.719,4.726,54157.21116283
2024-08-08 07:00:00,4.729,4.751,4.714,4.715,46884.77905844
2024-08-08 08:00:00,4.716,4.741,4.711,4.725,34901.51770174
2024-08-08 09:00:00,4.727,4.727,4.681,4.681,56689.36622128
2024-08-08 10:00:00,4.681,4.685,4.649,4.665,58639.71775785
2024-08-08 11:00:00,4.666,4.673,4.608,4.611,167548.51330904
2024-08-08 12:00:00,4.611,4.704,4.575,4.662,446917.42513828
2024-08-08 13:00:00,4.663,4.704,4.616,4.671,186942.43155658
2024-08-08 14:00:00,4.671,4.768,4.665,4.738,198176.74569904
2024-08-08 15:00:00,4.737,4.757,4.72,4.747,106114.34034082
2024-08-08 16:00:00,4.747,4.788,4.729,4.742,217193.25831553
2024-08-08 17:00:00,4.743,4.768,4.719,4.721,93273.89010394
2024-08-08 18:00:00,4.724,4.758,4.721,4.756,38081.30023801
2024-08-08 19:00:00,4.754,4.774,4.746,4.758,49102.79881669
2024-08-08 20:00:00,4.758,4.768,4.748,4.748,42187.69585234
2024-08-08 21:00:00,4.748,4.847,4.741,4.841,98558.62586534
2024-08-08 22:00:00,4.842,4.898,4.808,4.885,327810.08119663
2024-08-08 23:00:00,4.885,4.901,4.843,4.877,149654.97607122
2024-08-09 00:00:00,4.876,4.921,4.829,4.872,159109.88422664
2024-08-09 01:00:00,4.873,4.875,4.841,4.858,69070.50189315
2024-08-09 02:00:00,4.858,4.873,4.834,4.85,56002.64114554
2024-08-09 03:00:00,4.849,4.865,4.821,4.827,39486.48146274
2024-08-09 04:00:00,4.826,4.826,4.776,4.776,59375.2448178
2024-08-09 05:00:00,4.777,4.813,4.751,4.807,69536.76613532
2024-08-09 06:00:00,4.809,4.818,4.789,4.806,36903.01836969
2024-08-09 07:00:00,4.805,4.816,4.798,4.81,27406.08310715
2024-08-09 08:00:00,4.813,4.832,4.798,4.825,33373.6226458
2024-08-09 09:00:00,4.825,4.826,4.78,4.788,43002.03098426
2024-08-09 10:00:00,4.788,4.8,4.742,4.762,81828.60725224
2024-08-09 11:00:00,4.765,4.787,4.755,4.784,43691.36824132
2024-08-09 12:00:00,4.783,4.786,4.75,4.782,35195.85854486
2024-08-09 13:00:00,4.78,4.799,4.728,4.785,75473.43202983
2024-08-09 14:00:00,4.783,4.839,4.729,4.791,168843.00918005
2024-08-09 15:00:00,4.79,4.809,4.756,4.756,50533.82525226
2024-08-09 16:00:00,4.756,4.806,4.747,4.797,79336.64912592
2024-08-09 17:00:00,4.798,4.834,4.79,4.819,51684.72083581
2024-08-09 18:00:00,4.817,4.836,4.81,4.816,24224.69494529
2024-08-09 19:00:00,4.814,4.814,4.788,4.798,39609.20304356
2024-08-09 20:00:00,4.796,4.811,4.775,4.788,22705.44323419
2024-08-09 21:00:00,4.788,4.796,4.757,4.788,42156.1317443
2024-08-09 22:00:00,4.785,4.801,4.76,4.768,28984.07597488
2024-08-09 23:00:00,4.769,4.789,4.743,4.783,34755.64040996
2024-08-10 00:00:00,4.782,4.829,4.757,4.761,93587.28708252
2024-08-10 01:00:00,4.763,4.791,4.753,4.756,40579.51409546
2024-08-10 02:00:00,4.757,4.768,4.747,4.756,19940.98337441
2024-08-10 03:00:00,4.756,4.756,4.731,4.743,25887.36090115
2024-08-10 04:00:00,4.743,4.747,4.73,4.747,16371.25677782
2024-08-10 05:00:00,4.744,4.745,4.727,4.735,27442.16883747
2024-08-10 06:00:00,4.735,4.765,4.731,4.765,17632.49665275
2024-08-10 07:00:00,4.765,4.772,4.756,4.77,21151.34310449
2024-08-10 08:00:00,4.769,4.778,4.749,4.752,20709.69195544
2024-08-10 09:00:00,4.752,4.765,4.734,4.734,33575.64256283
2024-08-10 10:00:00,4.734,4.754,4.727,4.749,27696.42906483
2024-08-10 11:00:00,4.749,4.767,4.744,4.762,21033.85117109
2024-08-10 12:00:00,4.764,4.764,4.747,4.753,16975.8064844
2024-08-10 13:00:00,4.751,4.76,4.732,4.735,38733.66251987
2024-08-10 14:00:00,4.735,4.75,4.732,4.748,27237.68305283
2024-08-10 15:00:00,4.748,4.772,4.742,4.744,32590.35654598
2024-08-10 16:00:00,4.744,4.759,4.736,4.746,21656.38533965
2024-08-10 17:00:00,4.745,4.754,4.734,4.742,15166.82046314
2024-08-10 18:00:00,4.743,4.754,4.714,4.743,56982.29422411
2024-08-10 19:00:00,4.743,4.751,4.722,4.745,27449.84908274
2024-08-10 20:00:00,4.747,4.756,4.74,4.756,19167.19749485
2024-08-10 21:00:00,4.758,4.772,4.757,4.768,21430.31336923
2024-08-10 22:00:00,4.769,4.775,4.753,4.755,22935.25587159
2024-08-10 23:00:00,4.754,4.76,4.747,4.75,32286.86014815
2024-08-11 00:00:00,4.751,4.771,4.744,4.768,34931.93639396
2024-08-11 01:00:00,4.767,4.783,4.76,4.782,17053.3810359
2024-08-11 02:00:00,4.783,4.786,4.769,4.777,15839.83457063
2024-08-11 03:00:00,4.777,4.811,4.775,4.78,43141.18538836
2024-08-11 04:00:00,4.779,4.782,4.751,4.758,15350.91459176
2024-08-11 05:00:00,4.757,4.765,4.749,4.76,45198.15227577
2024-08-11 06:00:00,4.762,4.77,4.755,4.765,17154.09672951
2024-08-11 07:00:00,4.765,4.784,4.761,4.783,21815.57647065
2024-08-11 08:00:00,4.783,4.802,4.773,4.79,25877.65117195
2024-08-11 09:00:00,4.792,4.824,4.769,4.782,45661.05271534
2024-08-11 10:00:00,4.783,4.795,4.764,4.77,19421.89145017
2024-08-11 11:00:00,4.77,4.772,4.701,4.714,114802.50854255
2024-08-11 12:00:00,4.712,4.72,4.658,4.683,79379.09251058
2024-08-11 13:00:00,4.684,4.684,4.642,4.664,82018.34451261
2024-08-11 14:00:00,4.664,4.667,4.608,4.625,79789.21266633
2024-08-11 15:00:00,4.624,4.642,4.591,4.619,106231.49215393
2024-08-11 16:00:00,4.619,4.645,4.597,4.634,159085.265472
2024-08-11 17:00:00,4.633,4.642,4.61,4.625,58513.45515214
2024-08-11 18:00:00,4.624,4.637,4.615,4.634,27132.3421158
2024-08-11 19:00:00,4.633,4.635,4.559,4.561,110040.87876278
2024-08-11 20:00:00,4.561,4.563,4.508,4.516,161153.40223201
2024-08-11 21:00:00,4.515,4.527,4.482,4.524,87835.15577379
2024-08-11 22:00:00,4.519,4.539,4.463,4.51,96408.61395111
2024-08-11 23:00:00,4.508,4.508,4.479,4.493,40345.28939296
2024-08-12 00:00:00,4.493,4.558,4.492,4.534,82650.62593493
2024-08-12 01:00:00,4.534,4.555,4.518,4.535,38864.31646002
2024-08-12 02:00:00,4.534,4.54,4.514,4.535,40733.79004542
2024-08-12 03:00:00,4.537,4.547,4.511,4.524,33378.2829677
2024-08-12 04:00:00,4.524,4.536,4.513,4.522,24473.15391647
2024-08-12 05:00:00,4.522,4.532,4.509,4.526,22766.71743804
2024-08-12 06:00:00,4.526,4.531,4.491,4.506,25492.07388489
2024-08-12 07:00:00,4.504,4.553,4.447,4.536,227994.41639821
2024-08-12 08:00:00,4.536,4.579,4.498,4.503,51580.48982352
2024-08-12 09:00:00,4.504,4.547,4.503,4.543,37179.45187545
2024-08-12 10:00:00,4.545,4.593,4.526,4.586,50163.51045543
2024-08-12 11:00:00,4.586,4.656,4.582,4.643,85835.69529875
2024-08-12 12:00:00,4.644,4.661,4.616,4.639,147157.45790993
2024-08-12 13:00:00,4.639,4.657,4.485,4.503,140622.7745595
2024-08-12 14:00:00,4.504,4.676,4.461,4.652,441784.26096418
2024-08-12 15:00:00,4.652,4.677,4.566,4.639,145703.85091039
2024-08-12 16:00:00,4.64,4.656,4.603,4.611,60705.65726592
2024-08-12 17:00:00,4.611,4.628,4.585,4.585,25138.65896273
2024-08-12 18:00:00,4.585,4.59,4.497,4.505,92517.851362
2024-08-12 19:00:00,4.505,4.558,4.505,4.533,54548.09315491
2024-08-12 20:00:00,4.533,4.563,4.523,4.531,70561.78985815
2024-08-12 21:00:00,4.529,4.539,4.49,4.535,38368.83794192
2024-08-12 22:00:00,4.535,4.55,4.518,4.539,17032.26730861
2024-08-12 23:00:00,4.539,4.603,4.539,4.584,60792.53037601
2024-08-13 00:00:00,4.584,4.614,4.571,4.592,39170.21352242
2024-08-13 01:00:00,4.593,4.602,4.567,4.584,30949.1161907
2024-08-13 02:00:00,4.581,4.585,4.538,4.565,42095.85074768
2024-08-13 03:00:00,4.567,4.567,4.51,4.518,65288.28648816
2024-08-13 04:00:00,4.517,4.535,4.493,4.533,45520.18679728
2024-08-13 05:00:00,4.534,4.539,4.513,4.513,44451.19695029
2024-08-13 06:00:00,4.513,4.53,4.493,4.522,65603.45506435
2024-08-13 07:00:00,4.52,4.527,4.497,4.498,34708.13680818
2024-08-13 08:00:00,4.498,4.513,4.472,4.478,55142.14035274
2024-08-13 09:00:00,4.477,4.477,4.421,4.422,52609.02481032
2024-08-13 10:00:00,4.422,4.443,4.391,4.432,68143.14887119
2024-08-13 11:00:00,4.432,4.447,4.421,4.446,46101.15197141
2024-08-13 12:00:00,4.448,4.476,4.439,4.471,68671.65882748
2024-08-13 13:00:00,4.472,4.507,4.455,4.504,62719.00878166
2024-08-13 14:00:00,4.505,4.522,4.456,4.51,92509.57876155
2024-08-13 15:00:00,4.51,4.518,4.49,4.506,27496.58556007
2024-08-13 16:00:00,4.505,4.596,4.501,4.594,210517.4501897
2024-08-13 17:00:00,4.595,4.606,4.574,4.597,119791.04606838
2024-08-13 18:00:00,4.596,4.612,4.56,4.566,162363.83761995
2024-08-13 19:00:00,4.566,4.571,4.528,4.554,40767.82382635
2024-08-13 20:00:00,4.552,4.561,4.538,4.541,22903.17379464
2024-08-13 21:00:00,4.541,4.565,4.537,4.563,36751.87925831
2024-08-13 22:00:00,4.563,4.564,4.542,4.547,29138.93475546
2024-08-13 23:00:00,4.547,4.55,4.53,4.546,24282.4029138
2024-08-14 00:00:00,4.546,4.55,4.53,4.544,38425.34554741
2024-08-14 01:00:00,4.544,4.548,4.5,4.501,37457.34366431
2024-08-14 02:00:00,4.501,4.528,4.495,4.516,34248.99974882
2024-08-14 03:00:00,4.515,4.545,4.509,4.523,109999.42918557
2024-08-14 04:00:00,4.523,4.532,4.517,4.519,44140.29962193
2024-08-14 05:00:00,4.519,4.526,4.496,4.496,57518.02931235
2024-08-14 06:00:00,4.495,4.524,4.483,4.515,70674.2879757
2024-08-14 07:00:00,4.513,4.515,4.501,4.509,62547.94229289
2024-08-14 08:00:00,4.508,4.516,4.492,4.5,30374.53246523
2024-08-14 09:00:00,4.501,4.547,4.498,4.518,98224.56761784
2024-08-14 10:00:00,4.518,4.547,4.516,4.52,92620.57967234
2024-08-14 11:00:00,4.52,4.525,4.501,4.505,53671.97119909
2024-08-14 12:00:00,4.504,4.553,4.493,4.52,194090.20088718
2024-08-14 13:00:00,4.519,4.538,4.423,4.435,190637.76008973
2024-08-14 14:00:00,4.433,4.438,4.368,4.429,227412.72719789
2024-08-14 15:00:00,4.429,4.466,4.418,4.443,135744.84714354
2024-08-14 16:00:00,4.439,4.439,4.367,4.39,81176.3340615
2024-08-14 17:00:00,4.388,4.402,4.38,4.388,55670.12987109
2024-08-14 18:00:00,4.387,4.391,4.351,4.363,39539.69069494
2024-08-14 19:00:00,4.363,4.381,4.345,4.378,47299.55576068
2024-08-14 20:00:00,4.377,4.401,4.372,4.399,21323.90482698
2024-08-14 21:00:00,4.401,4.403,4.381,4.382,16835.2917539
2024-08-14 22:00:00,4.383,4.397,4.354,4.392,45366.2924355
2024-08-14 23:00:00,4.394,4.395,4.379,4.381,21535.47436737
2024-08-15 00:00:00,4.381,4.407,4.373,4.395,42929.93354778
2024-08-15 01:00:00,4.395,4.398,4.362,4.371,77594.15538436
2024-08-15 02:00:00,4.372,4.398,4.358,4.372,153034.59919603
2024-08-15 03:00:00,4.373,4.395,4.37,4.392,40003.05998197
2024-08-15 04:00:00,4.393,4.411,4.387,4.411,49241.27338719
2024-08-15 05:00:00,4.411,4.417,4.375,4.381,87442.18396366
2024-08-15 06:00:00,4.38,4.4,4.363,4.377,87209.33628715
2024-08-15 07:00:00,4.377,4.402,4.368,4.397,126222.21196432
2024-08-15 08:00:00,4.398,4.407,4.389,4.4,138820.23207939
2024-08-15 09:00:00,4.4,4.41,4.383,4.386,62149.87843869
2024-08-15 10:00:00,4.387,4.395,4.373,4.382,40804.38516666
2024-08-15 11:00:00,4.384,4.424,4.383,4.419,69879.24089478
2024-08-15 12:00:00,4.42,4.485,4.416,4.435,251611.67618887
2024-08-15 13:00:00,4.436,4.469,4.422,4.459,105294.79495884
2024-08-15 14:00:00,4.46,4.476,4.438,4.458,87419.91481269
2024-08-15 15:00:00,4.459,4.476,4.439,4.448,59246.41609264
2024-08-15 16:00:00,4.45,4.467,4.423,4.437,30999.05517064
2024-08-15 17:00:00,4.436,4.438,4.352,4.356,72330.29118249
2024-08-15 18:00:00,4.356,4.356,4.247,4.286,287723.18899027
2024-08-15 19:00:00,4.285,4.291,4.25,4.272,108883.35567472
2024-08-15 20:00:00,4.273,4.279,4.236,4.263,98098.66425491
2024-08-15 21:00:00,4.262,4.27,4.224,4.262,152409.27941907
2024-08-15 22:00:00,4.262,4.303,4.238,4.281,83628.47860219
2024-08-15 23:00:00,4.281,4.298,4.269,4.277,74717.52177274
2024-08-16 00:00:00,4.277,4.283,4.26,4.269,55750.79273122
2024-08-16 01:00:00,4.267,4.282,4.241,4.26,54953.81166416
2024-08-16 02:00:00,4.26,4.313,4.238,4.287,57332.49297534
2024-08-16 03:00:00,4.288,4.292,4.273,4.275,22910.33174927
2024-08-16 04:00:00,4.275,4.304,4.272,4.304,12948.20622219
2024-08-16 05:00:00,4.303,4.315,4.298,4.306,23199.04592079
2024-08-16 06:00:00,4.308,4.358,4.303,4.358,55718.38888024
2024-08-16 07:00:00,4.359,4.382,4.341,4.365,40153.11546615
2024-08-16 08:00:00,4.367,4.372,4.349,4.363,96971.94756938
2024-08-16 09:00:00,4.363,4.371,4.353,4.369,38369.57344132
2024-08-16 10:00:00,4.37,4.37,4.336,4.337,28349.01394278
2024-08-16 11:00:00,4.338,4.341,4.303,4.308,26215.37171281
2024-08-16 12:00:00,4.308,4.32,4.21,4.241,131475.63859673
2024-08-16 13:00:00,4.242,4.329,4.228,4.297,180777.51125637
2024-08-16 14:00:00,4.295,4.303,4.249,4.26,119805.75193972
2024-08-16 15:00:00,4.26,4.29,4.224,4.252,95213.39719174
2024-08-16 16:00:00,4.25,4.312,4.247,4.286,62230.49486253
2024-08-16 17:00:00,4.286,4.324,4.234,4.313,82508.13674893
2024-08-16 18:00:00,4.313,4.338,4.288,4.322,68538.90109678
2024-08-16 19:00:00,4.322,4.34,4.316,4.329,40542.31509916
2024-08-16 20:00:00,4.33,4.355,4.324,4.328,58969.9005322
2024-08-16 21:00:00,4.326,4.341,4.316,4.319,48994.65308304
2024-08-16 22:00:00,4.319,4.321,4.295,4.296,22727.72847072
2024-08-16 23:00:00,4.298,4.301,4.281,4.29,21059.126434
2024-08-17 00:00:00,4.289,4.311,4.274,4.308,22746.3660898
2024-08-17 01:00:00,4.304,4.318,4.301,4.308,40187.55999975
2024-08-17 02:00:00,4.309,4.318,4.291,4.292,30323.23294539
2024-08-17 03:00:00,4.294,4.296,4.271,4.287,25964.78965577
2024-08-17 04:00:00,4.287,4.296,4.276,4.294,22541.31424385
2024-08-17 05:00:00,4.295,4.308,4.289,4.308,21429.03518211
2024-08-17 06:00:00,4.307,4.316,4.301,4.301,10930.25323954
2024-08-17 07:00:00,4.302,4.309,4.294,4.308,13869.90947966
2024-08-17 08:00:00,4.309,4.313,4.297,4.312,18606.88759209
2024-08-17 09:00:00,4.31,4.325,4.3,4.318,31933.18928536
2024-08-17 10:00:00,4.318,4.32,4.299,4.303,17458.55720018
2024-08-17 11:00:00,4.302,4.311,4.292,4.304,15178.21926297
2024-08-17 12:00:00,4.303,4.336,4.298,4.334,37357.27006009
2024-08-17 13:00:00,4.333,4.356,4.324,4.332,47093.532748
2024-08-17 14:00:00,4.332,4.338,4.31,4.333,26182.61549776
2024-08-17 15:00:00,4.334,4.35,4.321,4.323,21854.56904872
2024-08-17 16:00:00,4.321,4.346,4.319,4.344,28008.55794544
2024-08-17 17:00:00,4.345,4.366,4.343,4.345,42048.72490239
2024-08-17 18:00:00,4.344,4.353,4.336,4.343,12774.36425806
2024-08-17 19:00:00,4.343,4.356,4.338,4.355,10354.38572869
2024-08-17 20:00:00,4.357,4.363,4.349,4.358,12631.41389211
2024-08-17 21:00:00,4.356,4.367,4.35,4.367,20248.25007207
2024-08-17 22:00:00,4.369,4.382,4.35,4.35,16888.25007494
2024-08-17 23:00:00,4.35,4.366,4.343,4.366,24126.8312124
2024-08-18 00:00:00,4.365,4.391,4.353,4.372,85902.53850659
2024-08-18 01:00:00,4.371,4.389,4.355,4.357,42634.78493315
2024-08-18 02:00:00,4.36,4.391,4.347,4.388,30520.70461807
2024-08-18 03:00:00,4.389,4.397,4.355,4.355,47430.18376368
2024-08-18 04:00:00,4.355,4.36,4.342,4.353,16572.24628565
2024-08-18 05:00:00,4.353,4.373,4.352,4.358,18128.8649095
2024-08-18 06:00:00,4.357,4.378,4.354,4.375,18214.22009986
2024-08-18 07:00:00,4.376,4.382,4.366,4.369,19943.60868563
2024-08-18 08:00:00,4.37,4.37,4.354,4.367,9028.87787012
2024-08-18 09:00:00,4.366,4.386,4.351,4.37,34718.02575937
2024-08-18 10:00:00,4.37,4.425,4.37,4.417,202600.25289625
2024-08-18 11:00:00,4.416,4.427,4.411,4.426,46059.44740247
2024-08-18 12:00:00,4.426,4.464,4.418,4.437,57781.76436647
2024-08-18 13:00:00,4.439,4.453,4.415,4.417,32117.39824101
2024-08-18 14:00:00,4.417,4.424,4.395,4.406,42754.05239238
2024-08-18 15:00:00,4.406,4.436,4.396,4.427,39764.51395327
2024-08-18 16:00:00,4.427,4.433,4.412,4.418,29485.97154885
2024-08-18 17:00:00,4.419,4.419,4.375,4.379,44683.67677225
2024-08-18 18:00:00,4.378,4.399,4.374,4.398,18800.06176479
2024-08-18 19:00:00,4.399,4.527,4.395,4.499,223549.68485283
2024-08-18 20:00:00,4.5,4.5,4.459,4.476,139506.88560296
2024-08-18 21:00:00,4.475,4.501,4.472,4.475,77288.77096043
2024-08-18 22:00:00,4.482,4.51,4.475,4.5,43372.44410587
2024-08-18 23:00:00,4.5,4.509,4.38,4.386,296441.92278868
2024-08-19 00:00:00,4.387,4.388,4.336,4.344,163868.06994941
2024-08-19 01:00:00,4.344,4.398,4.341,4.369,121656.65415703
2024-08-19 02:00:00,4.371,4.402,4.356,4.394,50561.0163071
2024-08-19 03:00:00,4.393,4.422,4.381,4.403,85861.77177098
2024-08-19 04:00:00,4.403,4.404,4.377,4.39,58911.23860021
2024-08-19 05:00:00,4.391,4.399,4.371,4.39,40920.85054375
2024-08-19 06:00:00,4.393,4.419,4.376,4.407,26393.47910995
2024-08-19 07:00:00,4.407,4.425,4.389,4.406,64299.58536057
2024-08-19 08:00:00,4.407,4.417,4.397,4.416,25742.71982229
2024-08-19 09:00:00,4.416,4.42,4.378,4.383,58262.73960742
2024-08-19 10:00:00,4.38,4.401,4.355,4.372,76484.20996271
2024-08-19 11:00:00,4.373,4.427,4.366,4.421,30410.74822008
2024-08-19 12:00:00,4.421,4.46,4.417,4.454,83827.66027503
2024-08-19 13:00:00,4.455,4.501,4.448,4.456,141264.18507774
2024-08-19 14:00:00,4.456,4.48,4.427,4.477,112145.47728579
2024-08-19 15:00:00,4.479,4.493,4.446,4.448,124288.98197218
2024-08-19 16:00:00,4.447,4.467,4.388,4.429,112800.11919185
2024-08-19 17:00:00,4.428,4.49,4.41,4.442,77929.93727775
2024-08-19 18:00:00,4.443,4.462,4.422,4.457,23462.22007662
2024-08-19 19:00:00,4.458,4.483,4.452,4.478,21635.09422738
2024-08-19 20:00:00,4.479,4.49,4.464,4.471,22239.37125321
2024-08-19 21:00:00,4.471,4.473,4.454,4.457,29540.98100398
2024-08-19 22:00:00,4.457,4.471,4.454,4.464,15395.09254705
2024-08-19 23:00:00,4.463,4.481,4.45,4.479,18274.64553879
2024-08-20 00:00:00,4.477,4.55,4.467,4.534,127869.05486474
2024-08-20 01:00:00,4.535,4.577,4.533,4.568,96437.79050502
2024-08-20 02:00:00,4.57,4.6,4.563,4.596,99555.80002041
2024-08-20 03:00:00,4.597,4.599,4.564,4.568,25913.49263
2024-08-20 04:00:00,4.572,4.574,4.551,4.574,21433.72585982
2024-08-20 05:00:00,4.573,4.588,4.555,4.57,41531.95732695
2024-08-20 06:00:00,4.569,4.582,4.56,4.58,40476.43152655
2024-08-20 07:00:00,4.578,4.583,4.562,4.575,23934.68557411
2024-08-20 08:00:00,4.578,4.579,4.539,4.544,24874.75546908
2024-08-20 09:00:00,4.543,4.558,4.541,4.553,14680.38809623
2024-08-20 10:00:00,4.553,4.564,4.544,4.547,19568.05869175
2024-08-20 11:00:00,4.55,4.554,4.517,4.527,16808.68907088
2024-08-20 12:00:00,4.526,4.544,4.522,4.542,28744.99772234
2024-08-20 13:00:00,4.542,4.57,4.516,4.563,30229.4953016
2024-08-20 14:00:00,4.564,4.565,4.49,4.506,136180.12787278
2024-08-20 15:00:00,4.506,4.506,4.451,4.496,92659.70191852
2024-08-20 16:00:00,4.496,4.513,4.471,4.495,42149.42958789
2024-08-20 17:00:00,4.493,4.498,4.477,4.491,17721.01213279
2024-08-20 18:00:00,4.49,4.53,4.485,4.522,21131.01501193
2024-08-20 19:00:00,4.522,4.558,4.52,4.551,22933.64303685
2024-08-20 20:00:00,4.552,4.572,4.536,4.538,26845.82488228
2024-08-20 21:00:00,4.536,4.538,4.514,4.523,25083.13788849
2024-08-20 22:00:00,4.522,4.541,4.522,4.53,31772.06496657
2024-08-20 23:00:00,4.529,4.537,4.516,4.52,14524.84338984
2024-08-21 00:00:00,4.521,4.546,4.507,4.511,22954.17534463
2024-08-21 01:00:00,4.511,4.529,4.492,4.527,16888.59222624
2024-08-21 02:00:00,4.527,4.566,4.527,4.549,17226.98523255
2024-08-21 03:00:00,4.55,4.569,4.546,4.557,14358.488945
2024-08-21 04:00:00,4.557,4.59,4.557,4.588,74793.70403728
2024-08-21 05:00:00,4.59,4.595,4.569,4.586,34379.25394946
2024-08-21 06:00:00,4.588,4.613,4.587,4.591,23147.78535584
2024-08-21 07:00:00,4.592,4.598,4.574,4.585,19138.92124563
2024-08-21 08:00:00,4.586,4.592,4.551,4.554,23978.04151528
2024-08-21 09:00:00,4.554,4.556,4.529,4.552,36733.49932614
2024-08-21 10:00:00,4.552,4.559,4.534,4.547,14655.78840844
2024-08-21 11:00:00,4.547,4.555,4.528,4.534,14248.20827402
2024-08-21 12:00:00,4.533,4.538,4.521,4.527,13846.15269882
2024-08-21 13:00:00,4.526,4.566,4.492,4.559,94189.05579114
2024-08-21 14:00:00,4.56,4.595,4.52,4.532,141263.50646785
2024-08-21 15:00:00,4.531,4.569,4.522,4.548,29236.71878421
2024-08-21 16:00:00,4.547,4.573,4.531,4.568,47816.40536272
2024-08-21 17:00:00,4.569,4.656,4.56,4.64,103897.08733416
2024-08-21 18:00:00,4.641,4.669,4.628,4.646,60453.57328631
2024-08-21 19:00:00,4.647,4.723,4.647,4.723,78286.43706023
2024-08-21 20:00:00,4.724,4.743,4.68,4.689,58525.4090737
2024-08-21 21:00:00,4.691,4.692,4.664,4.682,71453.6486713
2024-08-21 22:00:00,4.683,4.701,4.653,4.661,32136.42189198
2024-08-21 23:00:00,4.662,4.68,4.643,4.66,70389.58551195
2024-08-22 00:00:00,4.661,4.671,4.65,4.656,15855.74164932
2024-08-22 01:00:00,4.656,4.67,4.65,4.66,25339.87885119
2024-08-22 02:00:00,4.659,4.659,4.592,4.622,44628.47079255
2024-08-22 03:00:00,4.623,4.658,4.614,4.652,24224.03110159
2024-08-22 04:00:00,4.651,4.668,4.645,4.667,44813.65447447
2024-08-22 05:00:00,4.669,4.67,4.655,4.66,28611.80956715
2024-08-22 06:00:00,4.66,4.675,4.655,4.661,18828.80152132
2024-08-22 07:00:00,4.661,4.675,4.652,4.664,72068.4765963
2024-08-22 08:00:00,4.666,4.67,4.647,4.652,30471.0770797
2024-08-22 09:00:00,4.651,4.664,4.643,4.656,34412.80670725
2024-08-22 10:00:00,4.655,4.693,4.652,4.688,38567.0091817
2024-08-22 11:00:00,4.69,4.69,4.673,4.689,15424.41671199
2024-08-22 12:00:00,4.687,4.703,4.67,4.671,61792.32531537
2024-08-22 13:00:00,4.674,4.711,4.669,4.689,51996.27087779
2024-08-22 14:00:00,4.691,4.691,4.642,4.661,28962.88999198
2024-08-22 15:00:00,4.662,4.68,4.617,4.631,166204.36605897
2024-08-22 16:00:00,4.63,4.652,4.617,4.626,81882.9197806
2024-08-22 17:00:00,4.624,4.639,4.61,4.612,51864.33655851
2024-08-22 18:00:00,4.613,4.645,4.61,4.625,12354.73692942
2024-08-22 19:00:00,4.625,4.634,4.606,4.609,17181.56512901
2024-08-22 20:00:00,4.611,4.644,4.61,4.643,64073.61555131
2024-08-22 21:00:00,4.645,4.646,4.618,4.629,19976.61864848
2024-08-22 22:00:00,4.63,4.65,4.628,4.646,15787.30669892
2024-08-22 23:00:00,4.644,4.708,4.631,4.688,170199.16773394
2024-08-23 00:00:00,4.689,4.765,4.682,4.735,60244.43048555
2024-08-23 01:00:00,4.736,4.741,4.703,4.717,40892.8556598
2024-08-23 02:00:00,4.719,4.736,4.707,4.717,34817.02371595
2024-08-23 03:00:00,4.716,4.736,4.711,4.717,34040.40560431
2024-08-23 04:00:00,4.718,4.727,4.703,4.709,29088.68633041
2024-08-23 05:00:00,4.709,4.751,4.707,4.747,45527.28048134
2024-08-23 06:00:00,4.746,4.762,4.722,4.76,35938.83688579
2024-08-23 07:00:00,4.76,4.762,4.74,4.755,37773.79573726
2024-08-23 08:00:00,4.753,4.782,4.753,4.774,85170.62151374
2024-08-23 09:00:00,4.775,4.779,4.719,4.728,193156.06001769
2024-08-23 10:00:00,4.727,4.752,4.727,4.751,52097.84655141
2024-08-23 11:00:00,4.75,4.751,4.705,4.72,131725.73937344
2024-08-23 12:00:00,4.72,4.756,4.72,4.751,100210.81519727
2024-08-23 13:00:00,4.752,4.753,4.724,4.739,41808.90809492
2024-08-23 14:00:00,4.74,4.825,4.686,4.729,271883.54398466
2024-08-23 15:00:00,4.727,4.796,4.722,4.789,55889.77205939
2024-08-23 16:00:00,4.79,4.81,4.77,4.807,82826.09843138
2024-08-23 17:00:00,4.809,4.868,4.804,4.858,247900.36982164
2024-08-23 18:00:00,4.857,4.887,4.84,4.877,66276.43566103
2024-08-23 19:00:00,4.875,4.895,4.861,4.864,42219.13140961
2024-08-23 20:00:00,4.863,4.894,4.863,4.875,33882.55686648
2024-08-23 21:00:00,4.874,4.912,4.874,4.909,69974.57104238
2024-08-23 22:00:00,4.909,4.954,4.892,4.902,108472.68221931
2024-08-23 23:00:00,4.906,4.929,4.889,4.895,66866.23344502
2024-08-24 00:00:00,4.895,4.918,4.881,4.9,52026.91710622
2024-08-24 01:00:00,4.902,4.904,4.854,4.877,73521.44928908
2024-08-24 02:00:00,4.877,4.896,4.874,4.888,21152.94170328
2024-08-24 03:00:00,4.886,4.89,4.864,4.864,9196.70238452
2024-08-24 04:00:00,4.866,4.876,4.851,4.851,14529.16132014
2024-08-24 05:00:00,4.85,4.871,4.845,4.871,22893.155953
2024-08-24 06:00:00,4.864,4.879,4.859,4.861,22610.23055879
2024-08-24 07:00:00,4.861,4.875,4.86,4.874,14788.56391026
2024-08-24 08:00:00,4.874,4.906,4.869,4.905,19277.33547079
2024-08-24 09:00:00,4.905,4.943,4.887,4.94,48323.73533749
2024-08-24 10:00:00,4.938,4.982,4.927,4.951,95772.58121807
2024-08-24 11:00:00,4.951,4.976,4.923,4.926,47661.31570297
2024-08-24 12:00:00,4.926,4.959,4.911,4.936,38695.74781777
2024-08-24 13:00:00,4.937,4.969,4.928,4.966,29527.42568008
2024-08-24 14:00:00,4.967,4.973,4.942,4.972,27828.31738837
2024-08-24 15:00:00,4.971,4.98,4.938,4.959,95303.16191389
2024-08-24 16:00:00,4.959,5.044,4.954,5.029,134035.47416989
2024-08-24 17:00:00,5.028,5.052,4.99,5.002,102767.86919127
2024-08-24 18:00:00,5.001,5.06,4.983,5.053,111752.19027379
2024-08-24 19:00:00,5.053,5.101,5.048,5.064,84871.16182518
2024-08-24 20:00:00,5.066,5.071,5.028,5.029,35129.81597151
2024-08-24 21:00:00,5.029,5.029,4.913,4.928,179267.25161584
2024-08-24 22:00:00,4.926,4.963,4.924,4.945,70092.5447547
2024-08-24 23:00:00,4.943,4.987,4.942,4.984,15040.64769954
2024-08-25 00:00:00,4.983,4.995,4.905,4.911,51150.26647947
2024-08-25 01:00:00,4.913,4.94,4.843,4.877,110315.88305655
2024-08-25 02:00:00,4.876,4.919,4.876,4.903,40677.69787205
2024-08-25 03:00:00,4.904,4.908,4.858,4.898,161918.51796985
2024-08-25 04:00:00,4.898,4.898,4.851,4.89,83667.86135113
2024-08-25 05:00:00,4.889,4.901,4.87,4.876,37290.37233139
2024-08-25 06:00:00,4.876,4.883,4.836,4.841,60915.72741637
2024-08-25 07:00:00,4.842,4.842,4.749,4.773,143740.52138462
2024-08-25 08:00:00,4.771,4.804,4.744,4.785,56922.18772568
2024-08-25 09:00:00,4.786,4.811,4.784,4.802,34464.3895675
2024-08-25 10:00:00,4.801,4.808,4.773,4.785,23539.91345943
2024-08-25 11:00:00,4.783,4.832,4.783,4.799,40844.57234958
2024-08-25 12:00:00,4.8,4.815,4.791,4.809,19961.89952062
2024-08-25 13:00:00,4.811,4.926,4.807,4.847,380632.26734605
2024-08-25 14:00:00,4.846,4.883,4.842,4.879,96704.32124176
2024-08-25 15:00:00,4.876,4.895,4.854,4.864,56514.98254622
2024-08-25 16:00:00,4.864,4.896,4.836,4.841,58393.87340431
2024-08-25 17:00:00,4.841,4.866,4.83,4.847,30439.42587431
2024-08-25 18:00:00,4.848,4.867,4.813,4.821,263219.26385893
2024-08-25 19:00:00,4.822,4.824,4.807,4.824,75306.68253424
2024-08-25 20:00:00,4.823,4.842,4.819,4.829,16105.4767485
2024-08-25 21:00:00,4.829,4.888,4.829,4.869,51238.04009613
2024-08-25 22:00:00,4.875,4.892,4.846,4.861,57218.64566621
2024-08-25 23:00:00,4.861,4.882,4.81,4.819,63268.95427365
2024-08-26 00:00:00,4.821,4.864,4.812,4.83,81861.92776881
2024-08-26 01:00:00,4.829,4.848,4.794,4.803,85480.63240115
2024-08-26 02:00:00,4.803,4.807,4.755,4.804,91400.57620044
2024-08-26 03:00:00,4.804,4.819,4.792,4.818,26609.03150795
2024-08-26 04:00:00,4.816,4.826,4.797,4.818,26717.38808726
2024-08-26 05:00:00,4.817,4.82,4.786,4.793,18721.54717902
2024-08-26 06:00:00,4.795,4.802,4.755,4.761,56904.47357775
2024-08-26 07:00:00,4.762,4.765,4.717,4.718,90305.32717939
2024-08-26 08:00:00,4.718,4.748,4.715,4.744,60731.32175618
2024-08-26 09:00:00,4.742,4.761,4.69,4.761,66294.12343345
2024-08-26 10:00:00,4.762,4.764,4.725,4.727,28688.77732248
2024-08-26 11:00:00,4.724,4.751,4.713,4.719,24378.29074155
2024-08-26 12:00:00,4.72,4.726,4.653,4.671,72795.85445665
2024-08-26 13:00:00,4.67,4.699,4.656,4.69,35403.04814123
2024-08-26 14:00:00,4.69,4.702,4.648,4.682,106161.04036209
2024-08-26 15:00:00,4.682,4.682,4.624,4.657,82847.77588977
2024-08-26 16:00:00,4.654,4.671,4.633,4.651,35753.00163846
2024-08-26 17:00:00,4.651,4.662,4.564,4.578,196321.26987351
2024-08-26 18:00:00,4.579,4.604,4.537,4.588,118025.36256411
2024-08-26 19:00:00,4.585,4.596,4.548,4.553,37717.75993468
2024-08-26 20:00:00,4.555,4.587,4.531,4.574,21572.73610505
2024-08-26 21:00:00,4.571,4.574,4.527,4.565,37596.14031251
2024-08-26 22:00:00,4.563,4.578,4.553,4.575,25357.53233111
2024-08-26 23:00:00,4.573,4.591,4.548,4.554,104982.3819118
2024-08-27 00:00:00,4.553,4.598,4.553,4.579,27989.06111199
2024-08-27 01:00:00,4.579,4.618,4.575,4.601,37488.0536168
2024-08-27 02:00:00,4.601,4.62,4.587,4.595,45446.11900589
2024-08-27 03:00:00,4.593,4.609,4.58,4.608,21244.23276415
2024-08-27 04:00:00,4.607,4.637,4.596,4.625,27156.02549302
2024-08-27 05:00:00,4.626,4.651,4.621,4.651,50994.51790851
2024-08-27 06:00:00,4.649,4.654,4.612,4.617,75420.20399297
2024-08-27 07:00:00,4.617,4.627,4.607,4.616,38149.52240062
2024-08-27 08:00:00,4.616,4.638,4.572,4.585,74057.17205124
2024-08-27 09:00:00,4.584,4.601,4.545,4.554,41437.1796071
2024-08-27 10:00:00,4.554,4.558,4.508,4.51,124889.1594411
2024-08-27 11:00:00,4.51,4.543,4.495,4.521,54096.09018596
2024-08-27 12:00:00,4.523,4.545,4.498,4.544,36832.75543743
2024-08-27 13:00:00,4.545,4.552,4.523,4.526,36177.48572193
2024-08-27 14:00:00,4.526,4.567,4.494,4.534,65477.26025524
2024-08-27 15:00:00,4.535,4.538,4.507,4.522,41796.74147921
2024-08-27 16:00:00,4.52,4.557,4.497,4.517,74210.61192131
2024-08-27 17:00:00,4.517,4.55,4.506,4.549,26148.88775299
2024-08-27 18:00:00,4.549,4.579,4.538,4.57,51805.51913185
2024-08-27 19:00:00,4.57,4.572,4.537,4.548,23858.92970494
2024-08-27 20:00:00,4.546,4.546,4.512,4.513,52511.73449913
2024-08-27 21:00:00,4.514,4.524,4.322,4.386,401435.18985219
2024-08-27 22:00:00,4.386,4.393,4.237,4.356,557631.85417874
2024-08-27 23:00:00,4.355,4.386,4.334,4.375,103359.27471971
2024-08-28 00:00:00,4.375,4.375,4.321,4.348,102378.12752022
2024-08-28 01:00:00,4.349,4.364,4.323,4.358,84400.97364258
2024-08-28 02:00:00,4.357,4.359,4.314,4.322,62102.15635094
2024-08-28 03:00:00,4.321,4.359,4.316,4.35,31778.51075502
2024-08-28 04:00:00,4.347,4.359,4.338,4.341,15577.90095055
2024-08-28 05:00:00,4.341,4.378,4.336,4.364,25815.35570955
2024-08-28 06:00:00,4.364,4.371,4.344,4.357,21053.49878181
2024-08-28 07:00:00,4.351,4.362,4.297,4.298,77600.67055099
2024-08-28 08:00:00,4.298,4.362,4.274,4.344,61155.45652533
2024-08-28 09:00:00,4.344,4.45,4.332,4.445,80116.04856336
2024-08-28 10:00:00,4.446,4.446,4.356,4.367,248772.86000297
2024-08-28 11:00:00,4.368,4.394,4.359,4.377,26952.43640687
2024-08-28 12:00:00,4.378,4.41,4.376,4.392,42693.39312379
2024-08-28 13:00:00,4.39,4.396,4.33,4.335,31621.71493371
2024-08-28 14:00:00,4.335,4.399,4.314,4.344,78197.24720874
2024-08-28 15:00:00,4.341,4.341,4.274,4.302,86213.0058976
2024-08-28 16:00:00,4.302,4.302,4.16,4.282,342552.70863349
2024-08-28 17:00:00,4.28,4.289,4.227,4.227,65302.72512236
2024-08-28 18:00:00,4.229,4.312,4.215,4.308,56024.07047129
2024-08-28 19:00:00,4.311,4.334,4.259,4.266,54213.00109646
2024-08-28 20:00:00,4.267,4.338,4.248,4.283,118302.48259648
2024-08-28 21:00:00,4.285,4.3,4.265,4.265,29273.43146698
2024-08-28 22:00:00,4.265,4.27,4.211,4.256,43734.26110807
2024-08-28 23:00:00,4.256,4.276,4.24,4.252,26385.68926015
2024-08-29 00:00:00,4.252,4.29,4.247,4.28,54078.13702083
2024-08-29 01:00:00,4.28,4.293,4.243,4.256,28643.72805543
2024-08-29 02:00:00,4.256,4.283,4.25,4.281,12870.96544284
2024-08-29 03:00:00,4.282,4.292,4.272,4.278,16598.97611355
2024-08-29 04:00:00,4.279,4.289,4.258,4.262,26046.52023596
2024-08-29 05:00:00,4.262,4.303,4.261,4.301,18963.70865531
2024-08-29 06:00:00,4.301,4.319,4.292,4.303,64265.26192259
2024-08-29 07:00:00,4.305,4.321,4.298,4.302,24913.06589988
2024-08-29 08:00:00,4.301,4.308,4.275,4.285,31775.64703759
2024-08-29 09:00:00,4.286,4.301,4.279,4.281,14995.6363897
2024-08-29 10:00:00,4.281,4.299,4.276,4.282,16036.5124773
2024-08-29 11:00:00,4.284,4.342,4.28,4.308,55969.93304814
2024-08-29 12:00:00,4.305,4.339,4.299,4.327,43634.47628694
2024-08-29 13:00:00,4.328,4.357,4.322,4.357,32522.28976323
2024-08-29 14:00:00,4.358,4.375,4.35,4.359,43239.62470124
2024-08-29 15:00:00,4.361,4.402,4.359,4.385,37435.30076787
2024-08-29 16:00:00,4.385,4.386,4.324,4.335,35356.67687805
2024-08-29 17:00:00,4.332,4.348,4.318,4.336,23019.82588388
2024-08-29 18:00:00,4.338,4.338,4.201,4.212,149842.52452831
2024-08-29 19:00:00,4.211,4.254,4.188,4.219,75704.7297322
2024-08-29 20:00:00,4.219,4.245,4.202,4.222,41081.21433118
2024-08-29 21:00:00,4.227,4.228,4.2,4.217,19467.17091585
2024-08-29 22:00:00,4.215,4.233,4.174,4.218,81351.62804741
2024-08-29 23:00:00,4.219,4.25,4.207,4.25,25543.24767524
2024-08-30 00:00:00,4.249,4.271,4.22,4.251,38926.44624461
2024-08-30 01:00:00,4.251,4.264,4.237,4.263,31984.06092164
2024-08-30 02:00:00,4.26,4.27,4.24,4.26,21745.59639932
2024-08-30 03:00:00,4.259,4.259,4.234,4.243,21307.61276343
2024-08-30 04:00:00,4.243,4.269,4.243,4.261,13799.65670948
2024-08-30 05:00:00,4.263,4.286,4.241,4.271,39202.11053635
2024-08-30 06:00:00,4.272,4.314,4.256,4.311,29642.53828701
2024-08-30 07:00:00,4.31,4.331,4.292,4.295,30716.39755231
2024-08-30 08:00:00,4.296,4.329,4.295,4.313,19369.56694244
2024-08-30 09:00:00,4.315,4.323,4.306,4.313,9647.46483161
2024-08-30 10:00:00,4.313,4.315,4.29,4.296,25657.95306851
2024-08-30 11:00:00,4.295,4.304,4.271,4.271,21303.42391627
2024-08-30 12:00:00,4.27,4.311,4.27,4.285,33366.29540336
2024-08-30 13:00:00,4.285,4.293,4.232,4.283,51819.42353271
2024-08-30 14:00:00,4.285,4.299,4.176,4.178,95146.7719104
2024-08-30 15:00:00,4.177,4.195,4.096,4.115,382219.56748601
2024-08-30 16:00:00,4.118,4.19,4.101,4.19,152937.54914513
2024-08-30 17:00:00,4.186,4.218,4.175,4.205,43739.22162426
2024-08-30 18:00:00,4.206,4.273,4.191,4.261,97832.09933598
2024-08-30 19:00:00,4.26,4.26,4.211,4.221,34986.71694085
2024-08-30 20:00:00,4.225,4.242,4.222,4.24,20485.32660869
2024-08-30 21:00:00,4.241,4.252,4.239,4.245,16343.6466625
2024-08-30 22:00:00,4.246,4.277,4.246,4.272,59363.51261637
2024-08-30 23:00:00,4.269,4.289,4.264,4.275,29526.78580217
2024-08-31 00:00:00,4.275,4.309,4.275,4.291,32291.64413893
2024-08-31 01:00:00,4.291,4.302,4.281,4.293,24413.10970338
2024-08-31 02:00:00,4.291,4.297,4.276,4.289,34388.70201488
2024-08-31 03:00:00,4.291,4.304,4.284,4.292,36088.23782696
2024-08-31 04:00:00,4.291,4.313,4.29,4.31,43956.35255475
2024-08-31 05:00:00,4.311,4.316,4.291,4.291,35777.40373172
2024-08-31 06:00:00,4.292,4.297,4.287,4.294,30758.71093337
2024-08-31 07:00:00,4.295,4.297,4.286,4.287,8356.28645754
2024-08-31 08:00:00,4.286,4.293,4.268,4.269,14031.30533532
2024-08-31 09:00:00,4.267,4.28,4.256,4.264,32121.34893936
2024-08-31 10:00:00,4.264,4.289,4.263,4.286,17535.39491647
2024-08-31 11:00:00,4.286,4.296,4.281,4.283,16703.9712441
2024-08-31 12:00:00,4.284,4.284,4.271,4.278,5124.448647
2024-08-31 13:00:00,4.279,4.284,4.252,4.254,22450.92464716
2024-08-31 14:00:00,4.253,4.273,4.247,4.26,37120.63815054
2024-08-31 15:00:00,4.26,4.272,4.253,4.267,12895.93401642
2024-08-31 16:00:00,4.268,4.272,4.231,4.239,18363.02153589
2024-08-31 17:00:00,4.238,4.248,4.214,4.237,32369.2827639
2024-08-31 18:00:00,4.237,4.267,4.234,4.243,19067.63468669
2024-08-31 19:00:00,4.244,4.244,4.231,4.238,11012.06633682
2024-08-31 20:00:00,4.238,4.242,4.226,4.233,20501.97874683
2024-08-31 21:00:00,4.232,4.268,4.227,4.258,20056.08498295
2024-08-31 22:00:00,4.256,4.257,4.242,4.247,8655.66816724
2024-08-31 23:00:00,4.248,4.256,4.243,4.254,6815.24781275
2024-09-01 00:00:00,4.253,4.255,4.236,4.241,9690.47446908
2024-09-01 01:00:00,4.24,4.246,4.204,4.207,19163.38974335
2024-09-01 02:00:00,4.207,4.21,4.184,4.205,43029.94550817
2024-09-01 03:00:00,4.205,4.222,4.201,4.216,9535.23911764
2024-09-01 04:00:00,4.217,4.222,4.199,4.21,9835.51615744
2024-09-01 05:00:00,4.21,4.212,4.141,4.154,122097.14447351
2024-09-01 06:00:00,4.154,4.19,4.151,4.174,15292.66903753
2024-09-01 07:00:00,4.175,4.2,4.169,4.2,19587.31720241
2024-09-01 08:00:00,4.199,4.201,4.181,4.181,19958.27451362
2024-09-01 09:00:00,4.18,4.197,4.169,4.182,14291.25287483
2024-09-01 10:00:00,4.18,4.18,4.154,4.155,28477.10520262
2024-09-01 11:00:00,4.156,4.19,4.153,4.19,22776.36074657
2024-09-01 12:00:00,4.193,4.196,4.159,4.163,19780.11699991
2024-09-01 13:00:00,4.162,4.18,4.127,4.164,49186.72174162
2024-09-01 14:00:00,4.164,4.164,4.106,4.14,74516.06862153
2024-09-01 15:00:00,4.14,4.191,4.13,4.186,43731.86011443
2024-09-01 16:00:00,4.183,4.197,4.14,4.153,33653.11034521
2024-09-01 17:00:00,4.15,4.162,4.097,4.124,55559.51847495
2024-09-01 18:00:00,4.122,4.204,4.122,4.187,64832.66579575
2024-09-01 19:00:00,4.187,4.217,4.178,4.192,35491.72283169
2024-09-01 20:00:00,4.194,4.214,4.177,4.187,28670.90078311
2024-09-01 21:00:00,4.188,4.19,4.148,4.169,40994.88202742
2024-09-01 22:00:00,4.168,4.17,4.029,4.046,115572.64253155
2024-09-01 23:00:00,4.042,4.082,4.037,4.066,64981.04006225
2024-09-02 00:00:00,4.066,4.101,4.064,4.096,39962.74874842
2024-09-02 01:00:00,4.097,4.122,4.088,4.094,28293.57500654
2024-09-02 02:00:00,4.093,4.122,4.082,4.099,28290.01677953
2024-09-02 03:00:00,4.096,4.114,4.096,4.111,17063.27945442
2024-09-02 04:00:00,4.111,4.114,4.063,4.063,27772.99610708
2024-09-02 05:00:00,4.064,4.129,4.063,4.116,49076.2978334
2024-09-02 06:00:00,4.116,4.125,4.097,4.104,16689.19008677
2024-09-02 07:00:00,4.104,4.109,4.049,4.068,36772.64831486
2024-09-02 08:00:00,4.07,4.143,4.07,4.121,60745.67234797
2024-09-02 09:00:00,4.121,4.159,4.107,4.155,49555.03408737
2024-09-02 10:00:00,4.156,4.195,4.155,4.193,41368.49702035
2024-09-02 11:00:00,4.195,4.205,4.181,4.186,21580.86045923
2024-09-02 12:00:00,4.187,4.199,4.173,4.174,25961.90115706
2024-09-02 13:00:00,4.177,4.181,4.141,4.146,38942.17195278
2024-09-02 14:00:00,4.146,4.181,4.117,4.171,56631.56433783
2024-09-02 15:00:00,4.17,4.18,4.151,4.152,29350.56568594
2024-09-02 16:00:00,4.153,4.17,4.132,4.136,16826.78940796
2024-09-02 17:00:00,4.135,4.167,4.133,4.167,22097.89050592
2024-09-02 18:00:00,4.167,4.17,4.135,4.148,17734.87332817
2024-09-02 19:00:00,4.147,4.167,4.139,4.161,12756.63867433
2024-09-02 20:00:00,4.163,4.223,4.161,4.212,34567.01070156
2024-09-02 21:00:00,4.213,4.232,4.198,4.21,40238.03523232
2024-09-02 22:00:00,4.21,4.218,4.197,4.206,19099.12073138
2024-09-02 23:00:00,4.207,4.218,4.199,4.206,16459.85918645
2024-09-03 00:00:00,4.206,4.219,4.197,4.219,22071.37524096
2024-09-03 01:00:00,4.219,4.235,4.207,4.229,17593.39151729
2024-09-03 02:00:00,4.229,4.274,4.223,4.249,59645.82762249
2024-09-03 03:00:00,4.247,4.265,4.238,4.255,37714.90812398
2024-09-03 04:00:00,4.255,4.257,4.23,4.243,26788.83899753
2024-09-03 05:00:00,4.243,4.261,4.235,4.261,17354.65899146
2024-09-03 06:00:00,4.26,4.26,4.239,4.24,21788.3161259
2024-09-03 07:00:00,4.241,4.264,4.241,4.261,15523.6118088
2024-09-03 08:00:00,4.265,4.272,4.223,4.232,29802.06859608
2024-09-03 09:00:00,4.23,4.246,4.225,4.24,22790.3600014
2024-09-03 10:00:00,4.241,4.271,4.241,4.25,19272.94989138
2024-09-03 11:00:00,4.251,4.263,4.239,4.262,15087.22263448
2024-09-03 12:00:00,4.26,4.282,4.254,4.254,27649.59687549
2024-09-03 13:00:00,4.254,4.264,4.164,4.19,117629.43751516
2024-09-03 14:00:00,4.19,4.19,4.131,4.138,124676.90229181
2024-09-03 15:00:00,4.139,4.154,4.094,4.105,77372.16996002
2024-09-03 16:00:00,4.104,4.124,4.093,4.108,28737.90753579
2024-09-03 17:00:00,4.107,4.15,4.106,4.122,31917.39096953
2024-09-03 18:00:00,4.122,4.131,4.102,4.108,24267.98190605
2024-09-03 19:00:00,4.109,4.132,4.1,4.103,26177.8641209
2024-09-03 20:00:00,4.104,4.133,4.103,4.13,17980.05544061
2024-09-03 21:00:00,4.131,4.134,4.107,4.126,16377.12871626
2024-09-03 22:00:00,4.127,4.13,4.106,4.106,9053.18962011
2024-09-03 23:00:00,4.105,4.106,4.053,4.06,43730.30476199
2024-09-04 00:00:00,4.06,4.094,4.005,4.016,111804.22051307
2024-09-04 01:00:00,4.018,4.019,3.86,3.973,514094.79090621
2024-09-04 02:00:00,3.974,3.997,3.962,3.987,28816.7871542
2024-09-04 03:00:00,3.987,4.036,3.987,4.035,19595.84477718
2024-09-04 04:00:00,4.033,4.057,4.028,4.055,37285.19027243
2024-09-04 05:00:00,4.056,4.061,4.032,4.033,36445.11850522
2024-09-04 06:00:00,4.033,4.065,4.033,4.045,22385.571856
2024-09-04 07:00:00,4.045,4.087,4.043,4.08,30672.23049062
2024-09-04 08:00:00,4.081,4.086,4.056,4.067,32617.13499748
2024-09-04 09:00:00,4.067,4.074,4.044,4.045,16897.4645715
2024-09-04 10:00:00,4.046,4.051,4.012,4.012,34560.664752
2024-09-04 11:00:00,4.011,4.029,4.01,4.012,20999.75216962
2024-09-04 12:00:00,4.01,4.043,4.002,4.024,19079.54435883
2024-09-04 13:00:00,4.024,4.032,4.006,4.022,31519.83177153
2024-09-04 14:00:00,4.02,4.145,4.003,4.124,270799.67368013
2024-09-04 15:00:00,4.126,4.159,4.095,4.153,156315.40323388
2024-09-04 16:00:00,4.154,4.194,4.138,4.175,57711.60569031
2024-09-04 17:00:00,4.173,4.176,4.13,4.131,66315.8730378
2024-09-04 18:00:00,4.131,4.142,4.093,4.104,59378.16579465
2024-09-04 19:00:00,4.103,4.123,4.099,4.12,25131.22630121
2024-09-04 20:00:00,4.12,4.142,4.114,4.141,27903.42210865
2024-09-04 21:00:00,4.14,4.17,4.139,4.165,41211.68470851
2024-09-04 22:00:00,4.165,4.178,4.106,4.124,182452.71120087
2024-09-04 23:00:00,4.125,4.13,4.097,4.109,38965.53883174
2024-09-05 00:00:00,4.109,4.124,4.086,4.086,33911.37103115
2024-09-05 01:00:00,4.086,4.109,4.08,4.096,31818.65422086
2024-09-05 02:00:00,4.097,4.102,4.055,4.058,42579.17812077
2024-09-05 03:00:00,4.058,4.058,4.007,4.014,69600.40015667
2024-09-05 04:00:00,4.011,4.039,4.006,4.033,24608.94009617
2024-09-05 05:00:00,4.033,4.04,4.022,4.031,28467.99974847
2024-09-05 06:00:00,4.032,4.038,4.001,4.032,29043.09663809
2024-09-05 07:00:00,4.031,4.074,4.027,4.067,38143.60954735
2024-09-05 08:00:00,4.068,4.084,4.055,4.062,21224.15119423
2024-09-05 09:00:00,4.062,4.067,4.044,4.05,18651.64438291
2024-09-05 10:00:00,4.05,4.057,4.038,4.051,11950.93481012
2024-09-05 11:00:00,4.05,4.059,4.04,4.04,9833.81637124
2024-09-05 12:00:00,4.041,4.049,4.016,4.036,47774.95338979
2024-09-05 13:00:00,4.037,4.073,4.035,4.066,59132.18476807
2024-09-05 14:00:00,4.067,4.083,4.003,4.012,58270.54492458
2024-09-05 15:00:00,4.013,4.032,3.968,3.997,143028.07535268
2024-09-05 16:00:00,3.996,4.011,3.976,3.999,43485.59939655
2024-09-05 17:00:00,3.998,4.03,3.995,4.03,21535.33986622
2024-09-05 18:00:00,4.031,4.042,4.019,4.034,12581.71751701
2024-09-05 19:00:00,4.034,4.043,3.989,4.012,38094.76221589
2024-09-05 20:00:00,4.012,4.043,4.008,4.03,24834.5560324
2024-09-05 21:00:00,4.03,4.039,4.002,4.022,34963.79046821
2024-09-05 22:00:00,4.024,4.026,3.991,4.005,16428.83809422
2024-09-05 23:00:00,4.005,4.018,4.0,4.017,8100.49472983
2024-09-06 00:00:00,4.017,4.031,4.006,4.022,13393.09234863
2024-09-06 01:00:00,4.02,4.051,4.007,4.044,21385.87780725
2024-09-06 02:00:00,4.043,4.067,4.039,4.049,42829.25971652
2024-09-06 03:00:00,4.051,4.077,4.048,4.06,32121.02880124
2024-09-06 04:00:00,4.061,4.07,4.05,4.052,9951.99345593
2024-09-06 05:00:00,4.049,4.055,4.028,4.041,26532.28900515
2024-09-06 06:00:00,4.041,4.046,4.022,4.034,11619.00420045
2024-09-06 07:00:00,4.033,4.034,3.946,3.996,125199.37193388
2024-09-06 08:00:00,3.994,4.006,3.969,3.977,41345.82826127
2024-09-06 09:00:00,3.979,4.004,3.972,4.002,36727.94241906
2024-09-06 10:00:00,4.003,4.033,3.999,4.023,25864.05540154
2024-09-06 11:00:00,4.024,4.028,4.007,4.013,28588.54018624
2024-09-06 12:00:00,4.013,4.09,4.0,4.087,143966.2227629
2024-09-06 13:00:00,4.086,4.092,4.009,4.012,134937.30653172
2024-09-06 14:00:00,4.011,4.011,3.938,3.986,220913.33345144
2024-09-06 15:00:00,3.984,4.026,3.937,4.004,175243.22053634
2024-09-06 16:00:00,4.003,4.005,3.937,3.962,135383.89658749
2024-09-06 17:00:00,3.958,3.995,3.936,3.97,121966.7653849
2024-09-06 18:00:00,3.97,3.971,3.918,3.918,81404.24442408
2024-09-06 19:00:00,3.918,3.952,3.906,3.921,178337.27448636
2024-09-06 20:00:00,3.92,3.953,3.831,3.843,291401.74146826
2024-09-06 21:00:00,3.84,3.929,3.813,3.929,132736.64013816
2024-09-06 22:00:00,3.929,3.942,3.92,3.93,20377.70286459
2024-09-06 23:00:00,3.93,3.961,3.928,3.954,45327.82068899
2024-09-07 00:00:00,3.955,3.986,3.955,3.968,29666.2977217
2024-09-07 01:00:00,3.967,3.968,3.932,3.938,53501.83325232
2024-09-07 02:00:00,3.941,3.977,3.932,3.975,28986.47256664
2024-09-07 03:00:00,3.977,3.987,3.971,3.973,15902.79784894
2024-09-07 04:00:00,3.972,4.012,3.972,4.012,27226.6733378
2024-09-07 05:00:00,4.013,4.05,4.013,4.033,59483.78119125
2024-09-07 06:00:00,4.034,4.044,4.028,4.036,15650.33930535
2024-09-07 07:00:00,4.038,4.047,4.025,4.036,40669.79913993
2024-09-07 08:00:00,4.037,4.058,4.035,4.054,35007.00317971
2024-09-07 09:00:00,4.054,4.058,4.032,4.041,20942.77018554
2024-09-07 10:00:00,4.04,4.058,4.04,4.048,26834.50067932
2024-09-07 11:00:00,4.051,4.059,4.046,4.057,20116.36977945
2024-09-07 12:00:00,4.059,4.068,4.056,4.062,25955.88264831
2024-09-07 13:00:00,4.058,4.067,4.048,4.056,14306.60011296
2024-09-07 14:00:00,4.057,4.071,4.053,4.068,29889.99677695
2024-09-07 15:00:00,4.071,4.13,4.071,4.117,92141.52902549
2024-09-07 16:00:00,4.119,4.129,4.104,4.121,71326.56558769
2024-09-07 17:00:00,4.121,4.127,4.076,4.094,58495.08373072
2024-09-07 18:00:00,4.092,4.106,4.076,4.082,24417.81760678
2024-09-07 19:00:00,4.082,4.119,4.078,4.111,15814.79075504
2024-09-07 20:00:00,4.112,4.114,4.085,4.088,9518.5906497
2024-09-07 21:00:00,4.087,4.096,4.066,4.066,30545.54457835
2024-09-07 22:00:00,4.069,4.079,4.05,4.061,14009.76297191
2024-09-07 23:00:00,4.062,4.077,4.044,4.077,18761.82206834
2024-09-08 00:00:00,4.076,4.082,4.056,4.072,8458.35753907
2024-09-08 01:00:00,4.072,4.109,4.072,4.104,22105.02800358
2024-09-08 02:00:00,4.105,4.109,4.091,4.101,15915.64032963
2024-09-08 03:00:00,4.102,4.113,4.098,4.109,9157.46062226
2024-09-08 04:00:00,4.109,4.138,4.109,4.135,27921.68856028
2024-09-08 05:00:00,4.135,4.139,4.116,4.117,15291.12444235
2024-09-08 06:00:00,4.117,4.127,4.104,4.104,18806.3708416
2024-09-08 07:00:00,4.105,4.135,4.102,4.129,22632.8941191
2024-09-08 08:00:00,4.13,4.144,4.115,4.143,18929.15804435
2024-09-08 09:00:00,4.144,4.173,4.142,4.163,38050.42715087
2024-09-08 10:00:00,4.162,4.181,4.162,4.175,16046.77711341
2024-09-08 11:00:00,4.176,4.197,4.168,4.187,37734.45114564
2024-09-08 12:00:00,4.188,4.192,4.127,4.142,40989.37182411
2024-09-08 13:00:00,4.142,4.15,4.122,4.138,23517.7556904
2024-09-08 14:00:00,4.137,4.141,4.117,4.125,19544.51021711
2024-09-08 15:00:00,4.127,4.142,4.11,4.114,39077.30304785
2024-09-08 16:00:00,4.115,4.126,4.09,4.117,41881.74728721
2024-09-08 17:00:00,4.114,4.158,4.114,4.156,24463.29955174
2024-09-08 18:00:00,4.155,4.161,4.133,4.136,14249.98450176
2024-09-08 19:00:00,4.136,4.139,4.123,4.124,11416.64031077
2024-09-08 20:00:00,4.123,4.137,4.116,4.137,8336.8749833
2024-09-08 21:00:00,4.136,4.165,4.136,4.145,19262.2361635
2024-09-08 22:00:00,4.143,4.203,4.143,4.15,96578.13225456
2024-09-08 23:00:00,4.15,4.175,4.143,4.158,14440.85256467
2024-09-09 00:00:00,4.16,4.183,4.137,4.16,20156.38514408
2024-09-09 01:00:00,4.16,4.18,4.145,4.16,13819.23497808
2024-09-09 02:00:00,4.16,4.16,4.13,4.141,9071.87813684
2024-09-09 03:00:00,4.14,4.149,4.119,4.135,34456.94540515
2024-09-09 04:00:00,4.135,4.145,4.119,4.119,18218.55463998
2024-09-09 05:00:00,4.121,4.131,4.109,4.121,37626.02790566
2024-09-09 06:00:00,4.121,4.157,4.119,4.151,38008.07043607
2024-09-09 07:00:00,4.154,4.191,4.141,4.188,63807.53878193
2024-09-09 08:00:00,4.186,4.205,4.184,4.194,31430.34118974
2024-09-09 09:00:00,4.195,4.206,4.179,4.183,27822.29990296
2024-09-09 10:00:00,4.185,4.204,4.183,4.188,40110.58459061
2024-09-09 11:00:00,4.188,4.193,4.169,4.17,16874.99733495
2024-09-09 12:00:00,4.17,4.179,4.158,4.173,20679.8138537
2024-09-09 13:00:00,4.173,4.19,4.164,4.185,29955.65335698
2024-09-09 14:00:00,4.186,4.197,4.162,4.164,110324.38330482
2024-09-09 15:00:00,4.163,4.204,4.163,4.191,26891.88937043
2024-09-09 16:00:00,4.193,4.256,4.193,4.249,166525.40108127
2024-09-09 17:00:00,4.25,4.274,4.247,4.271,87919.82654648
2024-09-09 18:00:00,4.271,4.303,4.267,4.291,74605.84740156
2024-09-09 19:00:00,4.291,4.318,4.287,4.317,37761.05908214
2024-09-09 20:00:00,4.317,4.319,4.287,4.289,31408.52106932
2024-09-09 21:00:00,4.289,4.338,4.286,4.311,66678.49507775
2024-09-09 22:00:00,4.309,4.325,4.299,4.318,18322.03940277
2024-09-09 23:00:00,4.318,4.32,4.277,4.284,18555.69904805
2024-09-10 00:00:00,4.284,4.285,4.255,4.269,19067.79437468
2024-09-10 01:00:00,4.269,4.27,4.237,4.252,14171.11029756
2024-09-10 02:00:00,4.253,4.255,4.238,4.252,18982.99281699
2024-09-10 03:00:00,4.253,4.255,4.231,4.235,10171.3004921
2024-09-10 04:00:00,4.233,4.25,4.225,4.244,23839.48494097
2024-09-10 05:00:00,4.244,4.267,4.243,4.264,20905.99192479
2024-09-10 06:00:00,4.264,4.264,4.23,4.233,13271.62007634
2024-09-10 07:00:00,4.232,4.266,4.226,4.259,55180.52753813
2024-09-10 08:00:00,4.258,4.264,4.222,4.224,30981.16894614
2024-09-10 09:00:00,4.224,4.234,4.202,4.226,50656.78776473
2024-09-10 10:00:00,4.227,4.231,4.21,4.228,9975.44710439
2024-09-10 11:00:00,4.229,4.242,4.223,4.24,19866.90125455
2024-09-10 12:00:00,4.239,4.248,4.22,4.22,25903.25177916
2024-09-10 13:00:00,4.221,4.228,4.2,4.215,61166.31274357
2024-09-10 14:00:00,4.215,4.245,4.199,4.229,45330.7999914
2024-09-10 15:00:00,4.229,4.241,4.198,4.198,46580.92221848
2024-09-10 16:00:00,4.197,4.221,4.194,4.213,41039.59774727
2024-09-10 17:00:00,4.212,4.247,4.211,4.24,36084.56993327
2024-09-10 18:00:00,4.243,4.267,4.234,4.239,66881.09501276
2024-09-10 19:00:00,4.238,4.26,4.227,4.252,48707.92645183
2024-09-10 20:00:00,4.255,4.258,4.237,4.24,26084.50475733
2024-09-10 21:00:00,4.241,4.247,4.229,4.233,19664.33221688
2024-09-10 22:00:00,4.236,4.26,4.234,4.255,12774.11174668
2024-09-10 23:00:00,4.254,4.264,4.239,4.248,31696.61328942
2024-09-11 00:00:00,4.249,4.254,4.236,4.251,9760.41780148
2024-09-11 01:00:00,4.247,4.25,4.181,4.189,71295.24865139
2024-09-11 02:00:00,4.187,4.206,4.183,4.193,46344.07425932
2024-09-11 03:00:00,4.192,4.197,4.173,4.18,28733.833618
2024-09-11 04:00:00,4.178,4.178,4.123,4.15,49147.37825627
2024-09-11 05:00:00,4.148,4.148,4.109,4.118,43752.21977194
2024-09-11 06:00:00,4.118,4.142,4.112,4.122,29621.20798798
2024-09-11 07:00:00,4.121,4.151,4.115,4.146,22582.39414372
2024-09-11 08:00:00,4.148,4.149,4.105,4.113,27344.32869477
2024-09-11 09:00:00,4.11,4.14,4.108,4.133,29357.23745765
2024-09-11 10:00:00,4.133,4.133,4.101,4.119,36775.12957535
2024-09-11 11:00:00,4.123,4.156,4.123,4.142,16858.47991086
2024-09-11 12:00:00,4.143,4.165,4.113,4.152,74230.93672512
2024-09-11 13:00:00,4.15,4.186,4.081,4.083,108062.85291009
2024-09-11 14:00:00,4.082,4.105,4.055,4.093,143416.21010635
2024-09-11 15:00:00,4.089,4.158,4.081,4.12,70917.93171652
2024-09-11 16:00:00,4.12,4.165,4.115,4.154,36713.18926681
2024-09-11 17:00:00,4.153,4.188,4.153,4.17,34426.03992782
2024-09-11 18:00:00,4.171,4.179,4.142,4.149,52374.20297305
2024-09-11 19:00:00,4.151,4.162,4.133,4.157,39633.52772494
2024-09-11 20:00:00,4.154,4.187,4.154,4.163,60456.34538803
2024-09-11 21:00:00,4.164,4.171,4.155,4.161,15281.35200846
2024-09-11 22:00:00,4.16,4.186,4.156,4.186,29815.17348245
2024-09-11 23:00:00,4.187,4.194,4.18,4.188,14795.92379223
2024-09-12 00:00:00,4.189,4.233,4.187,4.212,56850.28610856
2024-09-12 01:00:00,4.211,4.243,4.211,4.236,42315.28450172
2024-09-12 02:00:00,4.237,4.26,4.21,4.216,53148.74378343
2024-09-12 03:00:00,4.217,4.237,4.217,4.236,18510.67159472
2024-09-12 04:00:00,4.237,4.258,4.226,4.226,34436.14572109
2024-09-12 05:00:00,4.226,4.242,4.202,4.211,44383.21482116
2024-09-12 06:00:00,4.21,4.22,4.193,4.206,35097.59052032
2024-09-12 07:00:00,4.205,4.215,4.199,4.207,13003.04356937
2024-09-12 08:00:00,4.205,4.223,4.203,4.212,11383.818383
2024-09-12 09:00:00,4.213,4.22,4.207,4.208,15114.53129558
2024-09-12 10:00:00,4.208,4.217,4.206,4.208,15843.60187045
2024-09-12 11:00:00,4.204,4.219,4.204,4.216,14797.26987797
2024-09-12 12:00:00,4.216,4.221,4.192,4.213,49177.41361259
2024-09-12 13:00:00,4.213,4.24,4.205,4.223,47920.47062842
2024-09-12 14:00:00,4.224,4.275,4.215,4.215,100670.02966723
2024-09-12 15:00:00,4.214,4.257,4.206,4.214,46458.78058749
2024-09-12 16:00:00,4.212,4.251,4.212,4.25,29060.34141651
2024-09-12 17:00:00,4.252,4.27,4.244,4.262,41087.97403947
2024-09-12 18:00:00,4.262,4.28,4.242,4.259,36518.50065626
2024-09-12 19:00:00,4.257,4.292,4.256,4.286,44379.74295746
2024-09-12 20:00:00,4.287,4.292,4.269,4.272,19170.41615587
2024-09-12 21:00:00,4.271,4.287,4.263,4.279,51413.62223079
2024-09-12 22:00:00,4.282,4.296,4.272,4.292,27123.07076125
2024-09-12 23:00:00,4.291,4.293,4.279,4.291,14650.33225135
2024-09-13 00:00:00,4.291,4.293,4.276,4.284,16072.83103597
2024-09-13 01:00:00,4.284,4.301,4.273,4.294,30696.77551022
2024-09-13 02:00:00,4.296,4.304,4.287,4.29,13141.77046588
2024-09-13 03:00:00,4.287,4.3,4.286,4.286,21072.6797562
2024-09-13 04:00:00,4.287,4.303,4.281,4.282,21954.37709163
2024-09-13 05:00:00,4.281,4.301,4.279,4.301,20215.59954437
2024-09-13 06:00:00,4.302,4.309,4.283,4.288,58949.9157777
2024-09-13 07:00:00,4.286,4.301,4.281,4.299,21900.51297647
2024-09-13 08:00:00,4.297,4.311,4.293,4.301,59358.11257469
2024-09-13 09:00:00,4.3,4.323,4.298,4.314,59251.03025706
2024-09-13 10:00:00,4.31,4.332,4.302,4.331,36941.75438529
2024-09-13 11:00:00,4.33,4.339,4.298,4.299,35833.95119352
2024-09-13 12:00:00,4.299,4.31,4.269,4.296,77724.23520298
2024-09-13 13:00:00,4.295,4.311,4.277,4.307,32338.14748711
2024-09-13 14:00:00,4.308,4.338,4.294,4.333,103967.96824555
2024-09-13 15:00:00,4.333,4.423,4.33,4.419,137864.94399589
2024-09-13 16:00:00,4.419,4.434,4.4,4.426,69855.73398418
2024-09-13 17:00:00,4.428,4.464,4.427,4.43,136029.30973662
2024-09-13 18:00:00,4.431,4.46,4.424,4.451,58156.73927531
2024-09-13 19:00:00,4.449,4.455,4.417,4.42,30834.83299823
2024-09-13 20:00:00,4.421,4.444,4.412,4.423,71466.29792835
2024-09-13 21:00:00,4.423,4.47,4.42,4.446,116653.01566826
2024-09-13 22:00:00,4.448,4.464,4.431,4.434,40154.00655835
2024-09-13 23:00:00,4.435,4.436,4.414,4.418,39710.39072345
2024-09-14 00:00:00,4.419,4.433,4.401,4.402,54630.48513046
2024-09-14 01:00:00,4.406,4.437,4.403,4.416,47341.27350799
2024-09-14 02:00:00,4.415,4.432,4.415,4.421,18866.08052831
2024-09-14 03:00:00,4.421,4.437,4.419,4.424,12397.07290972
2024-09-14 04:00:00,4.424,4.433,4.41,4.411,19362.76563682
2024-09-14 05:00:00,4.411,4.412,4.377,4.379,86300.44122069
2024-09-14 06:00:00,4.379,4.4,4.377,4.384,25365.42433658
2024-09-14 07:00:00,4.384,4.394,4.376,4.393,20152.57098941
2024-09-14 08:00:00,4.391,4.404,4.379,4.383,41711.28368403
2024-09-14 09:00:00,4.383,4.389,4.364,4.376,37565.47849585
2024-09-14 10:00:00,4.377,4.379,4.358,4.368,14348.01026853
2024-09-14 11:00:00,4.367,4.367,4.344,4.361,66456.18505785
2024-09-14 12:00:00,4.36,4.382,4.351,4.379,26464.1167835
2024-09-14 13:00:00,4.378,4.387,4.371,4.383,16164.74378008
2024-09-14 14:00:00,4.383,4.403,4.373,4.394,29176.11519143
2024-09-14 15:00:00,4.392,4.407,4.39,4.4,16811.44158227
2024-09-14 16:00:00,4.398,4.413,4.397,4.411,36677.03215741
2024-09-14 17:00:00,4.41,4.41,4.396,4.408,11251.53770356
2024-09-14 18:00:00,4.409,4.409,4.372,4.398,73632.49279054
2024-09-14 19:00:00,4.399,4.419,4.394,4.406,40685.56974834
2024-09-14 20:00:00,4.407,4.422,4.401,4.416,17129.1696051
2024-09-14 21:00:00,4.414,4.427,4.409,4.415,18466.90599584
2024-09-14 22:00:00,4.414,4.421,4.407,4.416,11645.20817636
2024-09-14 23:00:00,4.418,4.442,4.418,4.435,32052.51382687
2024-09-15 00:00:00,4.435,4.462,4.435,4.453,42839.61545443
2024-09-15 01:00:00,4.452,4.464,4.446,4.463,32682.1651547
2024-09-15 02:00:00,4.463,4.498,4.459,4.495,43776.30731335
2024-09-15 03:00:00,4.495,4.515,4.484,4.495,65062.93652862
2024-09-15 04:00:00,4.495,4.504,4.467,4.474,35107.26014671
2024-09-15 05:00:00,4.476,4.496,4.471,4.493,27790.79598631
2024-09-15 06:00:00,4.497,4.511,4.49,4.496,30050.47043021
2024-09-15 07:00:00,4.498,4.52,4.492,4.511,32378.92163079
2024-09-15 08:00:00,4.512,4.517,4.484,4.493,47660.91358465
2024-09-15 09:00:00,4.492,4.534,4.491,4.53,50624.86709954
2024-09-15 10:00:00,4.528,4.533,4.504,4.526,64744.91280697
2024-09-15 11:00:00,4.525,4.526,4.478,4.492,52862.40328767
2024-09-15 12:00:00,4.49,4.512,4.475,4.502,53281.57351997
2024-09-15 13:00:00,4.503,4.533,4.5,4.509,34212.32399367
2024-09-15 14:00:00,4.51,4.528,4.485,4.527,83265.77506302
2024-09-15 15:00:00,4.527,4.553,4.526,4.538,80201.55457354
2024-09-15 16:00:00,4.539,4.548,4.482,4.484,71747.08941762
2024-09-15 17:00:00,4.483,4.502,4.459,4.486,85076.02402541
2024-09-15 18:00:00,4.485,4.49,4.46,4.475,59074.68373294
2024-09-15 19:00:00,4.474,4.498,4.469,4.472,44114.76775927
2024-09-15 20:00:00,4.47,4.475,4.442,4.455,42393.01768844
2024-09-15 21:00:00,4.454,4.455,4.406,4.432,77945.86028467
2024-09-15 22:00:00,4.432,4.434,4.409,4.423,31606.83180898
2024-09-15 23:00:00,4.422,4.424,4.346,4.392,107651.65876749
2024-09-16 00:00:00,4.389,4.389,4.352,4.365,40697.74272583
2024-09-16 01:00:00,4.363,4.363,4.3,4.317,97161.12232869
2024-09-16 02:00:00,4.316,4.317,4.233,4.244,102991.37721866
2024-09-16 03:00:00,4.246,4.287,4.239,4.279,67423.32768906
2024-09-16 04:00:00,4.279,4.3,4.275,4.282,50054.46985125
2024-09-16 05:00:00,4.281,4.311,4.28,4.311,47597.98132143
2024-09-16 06:00:00,4.311,4.314,4.281,4.297,29085.12628577
2024-09-16 07:00:00,4.296,4.344,4.291,4.34,37720.95066985
2024-09-16 08:00:00,4.34,4.359,4.323,4.326,41009.91531127
2024-09-16 09:00:00,4.325,4.334,4.282,4.304,42644.99053408
2024-09-16 10:00:00,4.305,4.329,4.285,4.318,27576.88789233
2024-09-16 11:00:00,4.319,4.32,4.304,4.309,19400.98426005
2024-09-16 12:00:00,4.309,4.314,4.275,4.275,32475.6715372
2024-09-16 13:00:00,4.273,4.286,4.249,4.282,57989.20148881
2024-09-16 14:00:00,4.282,4.285,4.213,4.226,104487.35785215
2024-09-16 15:00:00,4.226,4.258,4.216,4.234,70047.01705683
2024-09-16 16:00:00,4.232,4.239,4.207,4.217,57321.21366205
2024-09-16 17:00:00,4.217,4.235,4.18,4.232,107328.2074962
2024-09-16 18:00:00,4.232,4.232,4.199,4.219,33457.28379963
2024-09-16 19:00:00,4.219,4.227,4.199,4.214,36676.06181377
2024-09-16 20:00:00,4.213,4.223,4.177,4.179,36460.4901132
2024-09-16 21:00:00,4.178,4.181,4.162,4.177,61143.66639138
2024-09-16 22:00:00,4.177,4.177,4.143,4.152,72472.08857431
2024-09-16 23:00:00,4.152,4.204,4.152,4.192,38526.56736545
2024-09-17 00:00:00,4.191,4.198,4.141,4.145,35788.47729183
2024-09-17 01:00:00,4.143,4.159,4.132,4.154,60812.57992488
2024-09-17 02:00:00,4.155,4.179,4.153,4.166,20085.96368932
2024-09-17 03:00:00,4.167,4.185,4.159,4.172,18405.90879289
2024-09-17 04:00:00,4.173,4.186,4.16,4.185,47301.55234515
2024-09-17 05:00:00,4.187,4.222,4.186,4.219,28333.52371655
2024-09-17 06:00:00,4.219,4.221,4.189,4.197,16554.68972759
2024-09-17 07:00:00,4.195,4.202,4.183,4.2,18918.99104078
2024-09-17 08:00:00,4.199,4.213,4.177,4.177,22744.24326537
2024-09-17 09:00:00,4.177,4.191,4.154,4.167,87835.75991958
2024-09-17 10:00:00,4.167,4.184,4.161,4.183,47336.52068734
2024-09-17 11:00:00,4.185,4.193,4.158,4.17,37281.85070214
2024-09-17 12:00:00,4.169,4.195,4.165,4.19,37441.06914237
2024-09-17 13:00:00,4.19,4.195,4.157,4.164,31202.37761043
2024-09-17 14:00:00,4.162,4.242,4.16,4.221,174750.07905585
2024-09-17 15:00:00,4.224,4.284,4.219,4.249,132725.0620361
2024-09-17 16:00:00,4.248,4.25,4.184,4.192,145483.81170573
2024-09-17 17:00:00,4.192,4.204,4.175,4.191,88288.59511754
2024-09-17 18:00:00,4.19,4.195,4.16,4.176,36841.01688213
2024-09-17 19:00:00,4.173,4.181,4.122,4.156,110620.16177648
2024-09-17 20:00:00,4.156,4.169,4.142,4.146,44915.19586377
2024-09-17 21:00:00,4.145,4.172,4.142,4.169,42990.22525933
2024-09-17 22:00:00,4.17,4.17,4.142,4.153,18195.90573813
2024-09-17 23:00:00,4.15,4.158,4.138,4.155,28026.92473771
2024-09-18 00:00:00,4.154,4.154,4.11,4.135,61452.11943919
2024-09-18 01:00:00,4.132,4.137,4.107,4.124,25526.93645697
2024-09-18 02:00:00,4.121,4.15,4.115,4.15,17721.55684974
2024-09-18 03:00:00,4.149,4.173,4.148,4.16,28666.7648467
2024-09-18 04:00:00,4.159,4.165,4.123,4.137,36028.21227855
2024-09-18 05:00:00,4.137,4.137,4.118,4.131,30954.46439894
2024-09-18 06:00:00,4.13,4.136,4.123,4.13,27730.91596345
2024-09-18 07:00:00,4.129,4.144,4.127,4.129,16439.78643345
2024-09-18 08:00:00,4.127,4.129,4.097,4.105,59053.71947111
2024-09-18 09:00:00,4.105,4.105,4.05,4.053,76157.64833195
2024-09-18 10:00:00,4.053,4.071,4.024,4.068,76424.23118921
2024-09-18 11:00:00,4.068,4.081,4.058,4.059,35795.30548762
2024-09-18 12:00:00,4.058,4.071,4.036,4.067,39182.12782959
2024-09-18 13:00:00,4.067,4.076,4.008,4.018,77029.40050126
2024-09-18 14:00:00,4.016,4.034,4.01,4.013,58425.94302891
2024-09-18 15:00:00,4.014,4.028,3.974,3.989,105923.26750621
2024-09-18 16:00:00,3.988,4.02,3.969,4.003,125658.73327652
2024-09-18 17:00:00,4.002,4.02,3.972,4.005,87961.58095185
2024-09-18 18:00:00,4.004,4.121,3.997,4.08,481883.00388919
2024-09-18 19:00:00,4.078,4.089,4.036,4.053,103824.87799414
2024-09-18 20:00:00,4.053,4.088,4.028,4.084,79959.23881755
2024-09-18 21:00:00,4.083,4.113,4.079,4.09,40425.24932524
2024-09-18 22:00:00,4.09,4.119,4.09,4.113,27972.94378241
2024-09-18 23:00:00,4.111,4.175,4.103,4.173,110545.44548469
2024-09-19 00:00:00,4.175,4.265,4.175,4.241,155860.17046423
2024-09-19 01:00:00,4.242,4.255,4.188,4.218,85423.28042773
2024-09-19 02:00:00,4.221,4.228,4.196,4.225,45308.45625789
2024-09-19 03:00:00,4.226,4.237,4.219,4.22,44262.25439412
2024-09-19 04:00:00,4.223,4.229,4.211,4.225,22221.62267571
2024-09-19 05:00:00,4.225,4.232,4.21,4.22,27873.47926423
2024-09-19 06:00:00,4.22,4.226,4.206,4.213,33613.76337987
2024-09-19 07:00:00,4.214,4.236,4.209,4.233,24937.35740623
2024-09-19 08:00:00,4.236,4.237,4.183,4.184,44069.82461867
2024-09-19 09:00:00,4.183,4.201,4.178,4.196,46098.22544704
2024-09-19 10:00:00,4.196,4.218,4.188,4.188,31847.98789766
2024-09-19 11:00:00,4.188,4.212,4.187,4.21,30347.7434641
2024-09-19 12:00:00,4.211,4.241,4.207,4.212,66961.51693388
2024-09-19 13:00:00,4.211,4.239,4.196,4.22,60326.60117858
2024-09-19 14:00:00,4.222,4.255,4.214,4.245,83465.88974072
2024-09-19 15:00:00,4.245,4.293,4.245,4.277,62810.53678863
2024-09-19 16:00:00,4.276,4.343,4.265,4.328,158070.50051946
2024-09-19 17:00:00,4.328,4.348,4.304,4.336,78244.27827847
2024-09-19 18:00:00,4.336,4.355,4.287,4.317,327181.03140688
2024-09-19 19:00:00,4.317,4.318,4.285,4.298,87323.37393172
2024-09-19 20:00:00,4.297,4.305,4.289,4.29,25915.75886001
2024-09-19 21:00:00,4.292,4.294,4.237,4.237,68620.39846368
2024-09-19 22:00:00,4.236,4.263,4.231,4.257,53981.73729512
2024-09-19 23:00:00,4.256,4.268,4.245,4.25,21061.62133887
2024-09-20 00:00:00,4.252,4.265,4.212,4.217,63504.58514803
2024-09-20 01:00:00,4.216,4.24,4.188,4.238,51107.01429799
2024-09-20 02:00:00,4.238,4.268,4.228,4.268,34389.44851898
2024-09-20 03:00:00,4.268,4.33,4.268,4.33,50964.11187824
2024-09-20 04:00:00,4.329,4.378,4.328,4.367,200103.09021897
2024-09-20 05:00:00,4.367,4.383,4.335,4.359,73644.8607905
2024-09-20 06:00:00,4.359,4.39,4.339,4.39,74209.41065565
2024-09-20 07:00:00,4.389,4.402,4.347,4.392,115517.53455906
2024-09-20 08:00:00,4.392,4.396,4.351,4.375,50840.69547973
2024-09-20 09:00:00,4.374,4.39,4.367,4.367,25485.16335901
2024-09-20 10:00:00,4.366,4.386,4.358,4.375,39391.94111711
2024-09-20 11:00:00,4.375,4.379,4.312,4.326,62439.55755701
2024-09-20 12:00:00,4.326,4.341,4.319,4.325,41405.60183784
2024-09-20 13:00:00,4.325,4.328,4.261,4.29,192677.94060582
2024-09-20 14:00:00,4.291,4.322,4.273,4.294,84829.21725696
2024-09-20 15:00:00,4.294,4.314,4.274,4.306,133785.30473117
2024-09-20 16:00:00,4.306,4.312,4.262,4.269,70483.44194681
2024-09-20 17:00:00,4.27,4.274,4.248,4.26,56560.18580832
2024-09-20 18:00:00,4.261,4.278,4.233,4.277,31250.17113891
2024-09-20 19:00:00,4.276,4.29,4.268,4.278,21461.24829848
2024-09-20 20:00:00,4.278,4.292,4.276,4.288,13884.16768876
2024-09-20 21:00:00,4.287,4.304,4.287,4.296,28373.90735252
2024-09-20 22:00:00,4.3,4.327,4.298,4.326,21754.17229132
2024-09-20 23:00:00,4.327,4.338,4.317,4.338,19795.60316741
2024-09-21 00:00:00,4.336,4.358,4.321,4.355,33828.34280481
2024-09-21 01:00:00,4.355,4.364,4.319,4.319,51133.33580485
2024-09-21 02:00:00,4.32,4.332,4.31,4.323,13517.68734705
2024-09-21 03:00:00,4.323,4.349,4.32,4.325,39749.11396878
2024-09-21 04:00:00,4.324,4.327,4.284,4.292,49869.14128116
2024-09-21 05:00:00,4.292,4.321,4.281,4.307,18292.49528385
2024-09-21 06:00:00,4.306,4.334,4.298,4.32,28294.27898874
2024-09-21 07:00:00,4.32,4.342,4.32,4.341,16261.74516739
2024-09-21 08:00:00,4.341,4.345,4.319,4.32,18651.25294857
2024-09-21 09:00:00,4.32,4.339,4.317,4.334,11940.32282754
2024-09-21 10:00:00,4.335,4.338,4.306,4.306,30974.11695203
2024-09-21 11:00:00,4.307,4.331,4.304,4.33,19683.4517725
2024-09-21 12:00:00,4.331,4.371,4.331,4.366,50982.58030338
2024-09-21 13:00:00,4.369,4.383,4.355,4.372,40448.72415298
2024-09-21 14:00:00,4.373,4.431,4.372,4.429,57782.50211862
2024-09-21 15:00:00,4.431,4.432,4.39,4.424,56056.4119454
2024-09-21 16:00:00,4.424,4.452,4.424,4.436,69502.37239988
2024-09-21 17:00:00,4.436,4.447,4.402,4.412,59314.41796287
2024-09-21 18:00:00,4.412,4.426,4.409,4.411,19515.04505005
2024-09-21 19:00:00,4.411,4.423,4.403,4.419,37250.13191055
2024-09-21 20:00:00,4.42,4.429,4.412,4.415,26255.64061569
2024-09-21 21:00:00,4.415,4.423,4.409,4.422,14705.67060302
2024-09-21 22:00:00,4.423,4.459,4.423,4.453,45772.57072444
2024-09-21 23:00:00,4.452,4.475,4.443,4.458,24920.40622149
2024-09-22 00:00:00,4.459,4.48,4.433,4.446,43992.98327977
2024-09-22 01:00:00,4.445,4.456,4.425,4.426,25344.23056728
2024-09-22 02:00:00,4.426,4.43,4.387,4.404,29386.50283514
2024-09-22 03:00:00,4.403,4.421,4.398,4.405,35104.64185676
2024-09-22 04:00:00,4.403,4.423,4.403,4.413,15286.48477198
2024-09-22 05:00:00,4.413,4.415,4.377,4.386,34906.33405967
2024-09-22 06:00:00,4.386,4.403,4.366,4.375,43063.18683354
2024-09-22 07:00:00,4.376,4.382,4.356,4.374,105885.60854873
2024-09-22 08:00:00,4.373,4.406,4.373,4.406,14188.92110745
2024-09-22 09:00:00,4.406,4.406,4.358,4.368,69216.57194636
2024-09-22 10:00:00,4.365,4.373,4.33,4.34,54131.53949358
2024-09-22 11:00:00,4.34,4.357,4.324,4.346,76374.25929436
2024-09-22 12:00:00,4.347,4.372,4.346,4.371,31663.62932253
2024-09-22 13:00:00,4.37,4.371,4.314,4.323,57224.99642594
2024-09-22 14:00:00,4.324,4.343,4.302,4.319,68864.32077985
2024-09-22 15:00:00,4.319,4.33,4.307,4.322,20283.95859449
2024-09-22 16:00:00,4.32,4.328,4.275,4.319,71255.80646595
2024-09-22 17:00:00,4.318,4.35,4.318,4.348,31621.52672709
2024-09-22 18:00:00,4.348,4.348,4.328,4.331,35656.5411295
2024-09-22 19:00:00,4.331,4.346,4.303,4.338,37376.31999709
2024-09-22 20:00:00,4.34,4.355,4.332,4.334,21680.04413192
2024-09-22 21:00:00,4.334,4.344,4.267,4.273,54546.15293317
2024-09-22 22:00:00,4.273,4.335,4.231,4.327,165982.679105
2024-09-22 23:00:00,4.331,4.336,4.295,4.311,40119.99769296
2024-09-23 00:00:00,4.309,4.341,4.23,4.329,93383.23333408
2024-09-23 01:00:00,4.331,4.374,4.321,4.369,68651.42429223
2024-09-23 02:00:00,4.371,4.379,4.336,4.369,51520.00010733
2024-09-23 03:00:00,4.369,4.441,4.366,4.399,100952.87634323
2024-09-23 04:00:00,4.398,4.41,4.353,4.365,50869.56948855
2024-09-23 05:00:00,4.365,4.389,4.343,4.375,32816.58538998
2024-09-23 06:00:00,4.376,4.412,4.359,4.401,109715.68417866
2024-09-23 07:00:00,4.401,4.405,4.349,4.362,42127.49668029
2024-09-23 08:00:00,4.361,4.364,4.33,4.344,70664.19904158
2024-09-23 09:00:00,4.34,4.376,4.34,4.376,79272.53233873
2024-09-23 10:00:00,4.374,4.378,4.34,4.362,39937.44079607
2024-09-23 11:00:00,4.363,4.381,4.335,4.364,47119.62412029
2024-09-23 12:00:00,4.367,4.38,4.344,4.359,35439.78013852
2024-09-23 13:00:00,4.358,4.376,4.343,4.363,144076.7192157
2024-09-23 14:00:00,4.364,4.42,4.361,4.405,145174.88975856
2024-09-23 15:00:00,4.405,4.446,4.377,4.417,114045.9029581
2024-09-23 16:00:00,4.417,4.433,4.377,4.379,98204.59738697
2024-09-23 17:00:00,4.376,4.397,4.366,4.394,87928.32150612
2024-09-23 18:00:00,4.394,4.431,4.386,4.413,32505.81017179
2024-09-23 19:00:00,4.413,4.426,4.403,4.409,25824.46504206
2024-09-23 20:00:00,4.409,4.423,4.403,4.411,40802.0970103
2024-09-23 21:00:00,4.413,4.425,4.39,4.421,72403.62221075
2024-09-23 22:00:00,4.421,4.448,4.408,4.433,53056.38836145
2024-09-23 23:00:00,4.435,4.46,4.427,4.451,43566.72437924
2024-09-24 00:00:00,4.453,4.471,4.414,4.414,117258.61023607
2024-09-24 01:00:00,4.416,4.455,4.406,4.431,88263.63969067
2024-09-24 02:00:00,4.43,4.441,4.396,4.434,63802.53086837
2024-09-24 03:00:00,4.437,4.49,4.436,4.487,124817.72596666
2024-09-24 04:00:00,4.488,4.493,4.449,4.454,95461.37903308
2024-09-24 05:00:00,4.455,4.493,4.455,4.481,38876.04838041
2024-09-24 06:00:00,4.481,4.502,4.474,4.493,49609.66438227
2024-09-24 07:00:00,4.495,4.536,4.495,4.523,63512.5136663
2024-09-24 08:00:00,4.523,4.572,4.51,4.564,69163.87047249
2024-09-24 09:00:00,4.564,4.579,4.538,4.539,85749.91174036
2024-09-24 10:00:00,4.539,4.575,4.535,4.561,74003.65476641
2024-09-24 11:00:00,4.56,4.594,4.549,4.588,90733.57455675
2024-09-24 12:00:00,4.584,4.607,4.559,4.561,74902.40539205
2024-09-24 13:00:00,4.561,4.604,4.56,4.564,118849.71857025
2024-09-24 14:00:00,4.564,4.566,4.484,4.516,270344.1991618
2024-09-24 15:00:00,4.515,4.529,4.485,4.496,91304.62941274
2024-09-24 16:00:00,4.494,4.532,4.494,4.518,63132.57504989
2024-09-24 17:00:00,4.517,4.582,4.51,4.564,59376.90675161
2024-09-24 18:00:00,4.562,4.575,4.545,4.548,33289.65314853
2024-09-24 19:00:00,4.548,4.595,4.547,4.589,33333.11021613
2024-09-24 20:00:00,4.588,4.607,4.569,4.588,81871.72815824
2024-09-24 21:00:00,4.59,4.613,4.573,4.613,30418.30171934
2024-09-24 22:00:00,4.613,4.681,4.613,4.675,106362.35087797
2024-09-24 23:00:00,4.675,4.678,4.633,4.633,62615.13417417
2024-09-25 00:00:00,4.632,4.668,4.618,4.637,91599.95797591
2024-09-25 01:00:00,4.636,4.682,4.631,4.652,78241.61793277
2024-09-25 02:00:00,4.65,4.676,4.644,4.675,23765.03271486
2024-09-25 03:00:00,4.675,4.675,4.658,4.673,9442.58879266
2024-09-25 04:00:00,4.673,4.683,4.647,4.649,44438.0384284
2024-09-25 05:00:00,4.649,4.67,4.645,4.653,35439.2703724
2024-09-25 06:00:00,4.651,4.653,4.602,4.606,67386.17072692
2024-09-25 07:00:00,4.606,4.616,4.587,4.604,67293.23309533
2024-09-25 08:00:00,4.603,4.644,4.603,4.621,38903.7935146
2024-09-25 09:00:00,4.62,4.644,4.615,4.624,28321.01681804
2024-09-25 10:00:00,4.623,4.672,4.613,4.661,37416.21594831
2024-09-25 11:00:00,4.659,4.675,4.637,4.674,23603.04572407
2024-09-25 12:00:00,4.672,4.675,4.651,4.66,33457.5245478
2024-09-25 13:00:00,4.659,4.71,4.654,4.703,85884.585676
2024-09-25 14:00:00,4.705,4.75,4.685,4.743,87229.61298356
2024-09-25 15:00:00,4.744,4.747,4.693,4.698,100479.66246196
2024-09-25 16:00:00,4.696,4.759,4.693,4.737,92830.56762294
2024-09-25 17:00:00,4.737,4.748,4.698,4.716,111488.64325794
2024-09-25 18:00:00,4.716,4.767,4.716,4.74,43616.61425557
2024-09-25 19:00:00,4.739,4.748,4.705,4.706,46008.46119006
2024-09-25 20:00:00,4.707,4.73,4.707,4.717,31629.28552064
2024-09-25 21:00:00,4.719,4.719,4.683,4.683,67756.86604235
2024-09-25 22:00:00,4.684,4.692,4.646,4.665,67251.91881803
2024-09-25 23:00:00,4.666,4.669,4.617,4.634,62634.09539564
2024-09-26 00:00:00,4.632,4.654,4.566,4.58,116494.07137227
2024-09-26 01:00:00,4.581,4.617,4.561,4.617,36149.49040661
2024-09-26 02:00:00,4.615,4.643,4.613,4.641,25353.14018112
2024-09-26 03:00:00,4.639,4.669,4.633,4.661,25864.95738676
2024-09-26 04:00:00,4.661,4.684,4.659,4.677,35016.11647872
2024-09-26 05:00:00,4.677,4.781,4.676,4.768,83167.10894336
2024-09-26 06:00:00,4.767,4.792,4.752,4.791,82977.51415058
2024-09-26 07:00:00,4.792,4.808,4.774,4.805,35863.0412091
2024-09-26 08:00:00,4.805,4.812,4.768,4.768,47154.01161886
2024-09-26 09:00:00,4.769,4.789,4.757,4.765,35519.60853486
2024-09-26 10:00:00,4.766,4.8,4.764,4.775,50486.12245094
2024-09-26 11:00:00,4.774,4.777,4.762,4.764,38881.7776849
2024-09-26 12:00:00,4.763,4.794,4.752,4.77,153123.81590235
2024-09-26 13:00:00,4.773,4.792,4.763,4.785,67553.92493216
2024-09-26 14:00:00,4.789,4.83,4.783,4.788,134394.46697958
2024-09-26 15:00:00,4.789,4.849,4.779,4.836,135099.11438748
2024-09-26 16:00:00,4.835,4.873,4.814,4.844,85244.16746496
2024-09-26 17:00:00,4.844,4.866,4.791,4.802,77117.38119176
2024-09-26 18:00:00,4.801,4.836,4.797,4.827,22883.12211212
2024-09-26 19:00:00,4.83,4.83,4.777,4.777,29796.18425549
2024-09-26 20:00:00,4.776,4.79,4.754,4.757,133818.93194526
2024-09-26 21:00:00,4.756,4.805,4.753,4.789,46228.94468487
2024-09-26 22:00:00,4.787,4.816,4.784,4.81,27638.29351429
2024-09-26 23:00:00,4.809,4.816,4.756,4.813,39492.25914308
2024-09-27 00:00:00,4.812,4.86,4.806,4.851,72612.70818361
2024-09-27 01:00:00,4.849,4.886,4.846,4.886,57388.81022247
2024-09-27 02:00:00,4.887,4.896,4.858,4.885,83901.47659311
2024-09-27 03:00:00,4.885,4.931,4.876,4.928,100219.40133692
2024-09-27 04:00:00,4.927,4.933,4.892,4.918,72975.41752184
2024-09-27 05:00:00,4.919,4.947,4.914,4.946,40636.95976236
2024-09-27 06:00:00,4.946,4.961,4.912,4.914,83894.88371647
2024-09-27 07:00:00,4.914,4.922,4.877,4.886,82901.10791869
2024-09-27 08:00:00,4.887,4.916,4.887,4.904,95159.80766126
2024-09-27 09:00:00,4.904,4.916,4.875,4.893,90508.47117586
2024-09-27 10:00:00,4.892,4.895,4.848,4.863,55828.79444212
2024-09-27 11:00:00,4.863,4.893,4.862,4.883,51930.94400676
2024-09-27 12:00:00,4.882,4.929,4.874,4.928,57437.71050824
2024-09-27 13:00:00,4.928,4.929,4.878,4.902,56205.16092238
2024-09-27 14:00:00,4.902,4.937,4.885,4.902,109437.53070722
2024-09-27 15:00:00,4.901,4.924,4.893,4.896,80489.60719689
2024-09-27 16:00:00,4.896,4.94,4.879,4.929,101320.86487855
2024-09-27 17:00:00,4.93,4.934,4.876,4.899,135499.93013102
2024-09-27 18:00:00,4.897,4.9,4.868,4.882,32595.27707215
2024-09-27 19:00:00,4.881,4.893,4.86,4.862,32685.63398278
2024-09-27 20:00:00,4.863,4.896,4.85,4.888,28725.34237411
2024-09-27 21:00:00,4.889,4.894,4.877,4.887,42512.76919264
2024-09-27 22:00:00,4.886,4.907,4.879,4.902,19118.39204842
2024-09-27 23:00:00,4.902,4.908,4.88,4.88,10458.76337263
2024-09-28 00:00:00,4.882,4.9,4.867,4.89,40378.56258485
2024-09-28 01:00:00,4.89,4.891,4.877,4.89,26767.72437832
2024-09-28 02:00:00,4.891,4.928,4.887,4.919,45289.5480422
2024-09-28 03:00:00,4.917,4.925,4.884,4.894,33442.35372644
2024-09-28 04:00:00,4.893,4.915,4.875,4.897,24715.09098307
2024-09-28 05:00:00,4.896,4.896,4.853,4.853,58361.34094513
2024-09-28 06:00:00,4.852,4.86,4.809,4.822,130723.93065535
2024-09-28 07:00:00,4.82,4.846,4.818,4.82,33326.40443557
2024-09-28 08:00:00,4.82,4.825,4.79,4.792,77966.08819129
2024-09-28 09:00:00,4.792,4.815,4.75,4.815,93570.08194928
2024-09-28 10:00:00,4.815,4.847,4.803,4.839,38739.0289988
2024-09-28 11:00:00,4.839,4.839,4.808,4.818,24373.32188515
2024-09-28 12:00:00,4.819,4.821,4.794,4.8,54849.76190598
2024-09-28 13:00:00,4.8,4.804,4.772,4.788,48226.72135327
2024-09-28 14:00:00,4.788,4.836,4.786,4.816,47019.43681246
2024-09-28 15:00:00,4.816,4.816,4.797,4.799,15915.5255298
2024-09-28 16:00:00,4.799,4.807,4.778,4.788,42533.24623604
2024-09-28 17:00:00,4.788,4.808,4.785,4.796,19188.55604772
2024-09-28 18:00:00,4.795,4.816,4.792,4.804,18457.44383363
2024-09-28 19:00:00,4.805,4.817,4.802,4.806,8778.62973415
2024-09-28 20:00:00,4.805,4.821,4.795,4.796,10883.34438249
2024-09-28 21:00:00,4.795,4.797,4.742,4.787,51148.35756575
2024-09-28 22:00:00,4.788,4.806,4.769,4.798,18207.60500171
2024-09-28 23:00:00,4.799,4.808,4.785,4.794,34385.85981359
2024-09-29 00:00:00,4.795,4.829,4.774,4.778,51062.55722759
2024-09-29 01:00:00,4.778,4.797,4.771,4.794,15067.77747775
2024-09-29 02:00:00,4.796,4.83,4.791,4.805,43282.0602845
2024-09-29 03:00:00,4.804,4.819,4.792,4.815,24489.52968284
2024-09-29 04:00:00,4.814,4.814,4.767,4.781,34227.51963298
2024-09-29 05:00:00,4.781,4.796,4.768,4.776,24034.54283961
2024-09-29 06:00:00,4.775,4.778,4.751,4.764,43288.2489894
2024-09-29 07:00:00,4.766,4.778,4.706,4.71,72093.01039718
2024-09-29 08:00:00,4.71,4.734,4.69,4.714,111769.43707648
2024-09-29 09:00:00,4.714,4.745,4.714,4.726,28559.44863831
2024-09-29 10:00:00,4.726,4.728,4.699,4.719,20362.5151841
2024-09-29 11:00:00,4.719,4.74,4.717,4.736,24444.85264904
2024-09-29 12:00:00,4.737,4.75,4.698,4.703,30798.05616183
2024-09-29 13:00:00,4.704,4.741,4.679,4.737,88400.96164519
2024-09-29 14:00:00,4.739,4.767,4.732,4.759,81060.31140756
2024-09-29 15:00:00,4.759,4.78,4.751,4.779,48925.09110802
2024-09-29 16:00:00,4.78,4.794,4.757,4.782,47852.88194106
2024-09-29 17:00:00,4.783,4.815,4.782,4.796,31207.89533716
2024-09-29 18:00:00,4.795,4.814,4.795,4.803,21499.42308436
2024-09-29 19:00:00,4.802,4.835,4.8,4.834,19193.78496835
2024-09-29 20:00:00,4.834,4.857,4.8,4.805,65239.08161022
2024-09-29 21:00:00,4.805,4.836,4.799,4.816,52215.60897424
2024-09-29 22:00:00,4.816,4.823,4.773,4.777,78440.80698054
2024-09-29 23:00:00,4.777,4.782,4.742,4.764,50551.4870304
2024-09-30 00:00:00,4.766,4.769,4.701,4.749,83296.2476575
2024-09-30 01:00:00,4.749,4.761,4.676,4.683,70347.72743135
2024-09-30 02:00:00,4.682,4.695,4.653,4.664,134207.77505394
2024-09-30 03:00:00,4.664,4.691,4.632,4.691,108623.21544942
2024-09-30 04:00:00,4.691,4.691,4.649,4.671,53358.30718447
2024-09-30 05:00:00,4.67,4.685,4.66,4.681,95494.16047653
2024-09-30 06:00:00,4.682,4.704,4.666,4.666,61362.88757934
2024-09-30 07:00:00,4.666,4.726,4.664,4.71,76403.84110746
2024-09-30 08:00:00,4.71,4.712,4.674,4.703,86823.96436623
2024-09-30 09:00:00,4.702,4.702,4.609,4.609,125462.6592466
2024-09-30 10:00:00,4.609,4.623,4.58,4.612,160652.68475591
2024-09-30 11:00:00,4.613,4.643,4.599,4.629,65189.63944886
2024-09-30 12:00:00,4.627,4.632,4.598,4.628,54043.2436345
2024-09-30 13:00:00,4.627,4.647,4.571,4.588,139264.29772336
2024-09-30 14:00:00,4.587,4.587,4.542,4.548,174578.49774045
2024-09-30 15:00:00,4.549,4.572,4.511,4.513,94935.99179937
2024-09-30 16:00:00,4.514,4.546,4.509,4.524,63159.51336276
2024-09-30 17:00:00,4.524,4.556,4.514,4.556,79289.30278544
2024-09-30 18:00:00,4.556,4.558,4.494,4.533,74974.86686682
2024-09-30 19:00:00,4.534,4.539,4.513,4.514,37750.55777687
2024-09-30 20:00:00,4.516,4.549,4.512,4.534,64333.47522757
2024-09-30 21:00:00,4.534,4.54,4.514,4.518,37951.40908648
2024-09-30 22:00:00,4.517,4.52,4.465,4.466,67192.82189248
2024-09-30 23:00:00,4.465,4.477,4.395,4.43,203831.3290772
2024-10-01 00:00:00,4.43,4.481,4.39,4.473,158552.20068222
2024-10-01 01:00:00,4.471,4.501,4.464,4.493,73222.00053966
2024-10-01 02:00:00,4.492,4.502,4.463,4.501,65104.56292347
2024-10-01 03:00:00,4.502,4.535,4.496,4.523,63681.87090006
2024-10-01 04:00:00,4.524,4.54,4.51,4.531,75835.84602325
2024-10-01 05:00:00,4.53,4.537,4.511,4.537,28730.3032063
2024-10-01 06:00:00,4.536,4.555,4.529,4.554,50146.8642116
2024-10-01 07:00:00,4.555,4.558,4.528,4.533,69320.72950662
2024-10-01 08:00:00,4.533,4.538,4.515,4.522,46606.48366949
2024-10-01 09:00:00,4.52,4.535,4.516,4.522,41812.77821252
2024-10-01 10:00:00,4.522,4.536,4.512,4.535,55548.25093709
2024-10-01 11:00:00,4.536,4.539,4.503,4.505,46052.62175025
2024-10-01 12:00:00,4.505,4.515,4.489,4.498,56035.5247017
2024-10-01 13:00:00,4.498,4.502,4.358,4.426,337518.06482634
2024-10-01 14:00:00,4.426,4.448,4.314,4.332,348656.34290553
2024-10-01 15:00:00,4.333,4.344,4.188,4.29,706666.94453094
2024-10-01 16:00:00,4.29,4.31,4.214,4.259,257524.66764543
2024-10-01 17:00:00,4.258,4.258,4.045,4.207,1094905.05515311
2024-10-01 18:00:00,4.206,4.242,4.164,4.183,239212.06767002
2024-10-01 19:00:00,4.183,4.206,4.151,4.162,118824.68412215
2024-10-01 20:00:00,4.165,4.186,4.095,4.181,327785.80668663
2024-10-01 21:00:00,4.179,4.196,4.127,4.195,123852.15293227
2024-10-01 22:00:00,4.193,4.193,4.138,4.154,85008.27537629
2024-10-01 23:00:00,4.154,4.165,4.138,4.15,80129.16116856
2024-10-02 00:00:00,4.148,4.25,4.122,4.185,271286.34833722
2024-10-02 01:00:00,4.184,4.226,4.175,4.224,168228.95567753
2024-10-02 02:00:00,4.223,4.235,4.209,4.226,59797.33555288
2024-10-02 03:00:00,4.226,4.234,4.208,4.227,49182.2143873
2024-10-02 04:00:00,4.224,4.225,4.201,4.204,58915.21598814
2024-10-02 05:00:00,4.206,4.222,4.184,4.197,139916.88615319
2024-10-02 06:00:00,4.197,4.245,4.183,4.235,83526.56580426
2024-10-02 07:00:00,4.235,4.266,4.22,4.247,108193.03690476
2024-10-02 08:00:00,4.247,4.256,4.228,4.239,108381.23650466
2024-10-02 09:00:00,4.24,4.245,4.152,4.169,183070.13633648
2024-10-02 10:00:00,4.17,4.204,4.144,4.144,120991.64106632
2024-10-02 11:00:00,4.145,4.174,4.121,4.148,187659.18954756
2024-10-02 12:00:00,4.147,4.166,4.111,4.12,167939.56230628
2024-10-02 13:00:00,4.119,4.164,4.09,4.152,225231.83717576
2024-10-02 14:00:00,4.152,4.175,4.123,4.127,194512.86005695
2024-10-02 15:00:00,4.126,4.178,4.122,4.156,129335.64925444
2024-10-02 16:00:00,4.155,4.198,4.113,4.115,138780.99139009
2024-10-02 17:00:00,4.115,4.133,4.098,4.113,99014.17244337
2024-10-02 18:00:00,4.114,4.114,4.033,4.037,282600.82177844
2024-10-02 19:00:00,4.038,4.076,4.001,4.061,340003.42314304
2024-10-02 20:00:00,4.059,4.126,4.044,4.112,142077.76209847
2024-10-02 21:00:00,4.112,4.121,4.078,4.091,83494.1211643
2024-10-02 22:00:00,4.091,4.1,4.049,4.1,73497.46943812
2024-10-02 23:00:00,4.1,4.107,4.089,4.098,54671.99024634
2024-10-03 00:00:00,4.098,4.12,4.061,4.109,100166.53916611
2024-10-03 01:00:00,4.108,4.148,4.107,4.137,81814.697401
2024-10-03 02:00:00,4.137,4.151,4.126,4.139,31836.69284366
2024-10-03 03:00:00,4.138,4.166,4.131,4.165,42056.65870622
2024-10-03 04:00:00,4.164,4.169,4.142,4.146,67930.4249168
2024-10-03 05:00:00,4.146,4.15,4.113,4.121,51513.33701095
2024-10-03 06:00:00,4.12,4.134,4.113,4.122,49043.92667833
2024-10-03 07:00:00,4.122,4.132,4.076,4.08,65599.83705658
2024-10-03 08:00:00,4.08,4.085,4.024,4.037,138529.10410368
2024-10-03 09:00:00,4.036,4.073,3.997,4.059,208718.33369925
2024-10-03 10:00:00,4.058,4.09,4.041,4.09,70898.09970401
2024-10-03 11:00:00,4.09,4.094,4.034,4.038,83924.45988811
2024-10-03 12:00:00,4.037,4.061,4.005,4.037,78302.71867349
2024-10-03 13:00:00,4.035,4.064,3.994,4.051,193422.85047476
2024-10-03 14:00:00,4.052,4.087,4.009,4.014,136221.54564807
2024-10-03 15:00:00,4.015,4.07,3.986,4.054,138774.74388112
2024-10-03 16:00:00,4.054,4.075,4.004,4.046,124347.77342804
2024-10-03 17:00:00,4.046,4.075,4.014,4.067,88580.38580118
2024-10-03 18:00:00,4.066,4.088,4.057,4.078,143776.20451281
2024-10-03 19:00:00,4.077,4.12,4.071,4.116,91432.16166558
2024-10-03 20:00:00,4.116,4.123,4.1,4.108,46764.62287981
2024-10-03 21:00:00,4.108,4.126,4.085,4.117,62039.05871797
2024-10-03 22:00:00,4.118,4.123,4.098,4.122,55606.10501531
2024-10-03 23:00:00,4.122,4.131,4.107,4.127,53007.06874063
2024-10-04 00:00:00,4.127,4.14,4.108,4.109,79852.57462426
2024-10-04 01:00:00,4.11,4.162,4.109,4.139,95020.43233668
2024-10-04 02:00:00,4.14,4.151,4.13,4.13,31751.66471994
2024-10-04 03:00:00,4.13,4.134,4.104,4.118,87953.50330138
2024-10-04 04:00:00,4.118,4.155,4.116,4.132,48984.42944767
2024-10-04 05:00:00,4.131,4.163,4.13,4.162,29215.91712771
2024-10-04 06:00:00,4.161,4.167,4.134,4.137,34067.76177694
2024-10-04 07:00:00,4.136,4.15,4.125,4.143,43879.5365475
2024-10-04 08:00:00,4.143,4.17,4.131,4.131,59456.92689561
2024-10-04 09:00:00,4.131,4.168,4.131,4.147,47094.2436882
2024-10-04 10:00:00,4.147,4.159,4.145,4.148,37263.65330304
2024-10-04 11:00:00,4.149,4.166,4.144,4.165,20492.43182907
2024-10-04 12:00:00,4.164,4.191,4.14,4.191,154579.67187249
2024-10-04 13:00:00,4.19,4.193,4.152,4.164,100794.91188648
2024-10-04 14:00:00,4.165,4.168,4.114,4.148,107232.80311535
2024-10-04 15:00:00,4.147,4.174,4.146,4.171,60430.25301482
2024-10-04 16:00:00,4.172,4.205,4.158,4.198,120928.46578949
2024-10-04 17:00:00,4.198,4.208,4.172,4.177,53287.40469234
2024-10-04 18:00:00,4.179,4.187,4.168,4.179,25020.67665702
2024-10-04 19:00:00,4.18,4.187,4.167,4.181,60839.33313355
2024-10-04 20:00:00,4.181,4.185,4.16,4.177,71689.66884656
2024-10-04 21:00:00,4.178,4.197,4.17,4.196,34278.21784515
2024-10-04 22:00:00,4.197,4.21,4.187,4.19,42926.52156235
2024-10-04 23:00:00,4.191,4.195,4.182,4.191,14727.65005727
2024-10-05 00:00:00,4.191,4.217,4.191,4.217,23963.78353851
2024-10-05 01:00:00,4.216,4.229,4.196,4.198,49267.67199599
2024-10-05 02:00:00,4.197,4.199,4.168,4.169,23868.33442739
2024-10-05 03:00:00,4.169,4.178,4.149,4.156,39807.90933696
2024-10-05 04:00:00,4.157,4.183,4.15,4.177,20477.452202
2024-10-05 05:00:00,4.179,4.207,4.177,4.199,17171.72330716
2024-10-05 06:00:00,4.201,4.201,4.177,4.198,35856.46625854
2024-10-05 07:00:00,4.199,4.202,4.177,4.179,19871.29685878
2024-10-05 08:00:00,4.179,4.194,4.179,4.188,19279.3859152
2024-10-05 09:00:00,4.19,4.202,4.19,4.199,10099.2990765
2024-10-05 10:00:00,4.198,4.206,4.192,4.195,21177.84639422
2024-10-05 11:00:00,4.195,4.203,4.191,4.197,30994.23140946
2024-10-05 12:00:00,4.197,4.205,4.192,4.202,25761.3085008
2024-10-05 13:00:00,4.202,4.21,4.169,4.176,27322.79549366
2024-10-05 14:00:00,4.174,4.188,4.158,4.183,49433.85988674
2024-10-05 15:00:00,4.183,4.187,4.162,4.173,30818.12543728
2024-10-05 16:00:00,4.173,4.174,4.133,4.136,47648.81493561
2024-10-05 17:00:00,4.137,4.142,4.127,4.142,49807.54970089
2024-10-05 18:00:00,4.142,4.145,4.123,4.134,19863.04072884
2024-10-05 19:00:00,4.132,4.132,4.12,4.126,11316.1953472
2024-10-05 20:00:00,4.126,4.126,4.078,4.083,90250.53468326
2024-10-05 21:00:00,4.083,4.119,4.075,4.106,38286.07489034
2024-10-05 22:00:00,4.106,4.139,4.106,4.139,34477.25561627
2024-10-05 23:00:00,4.138,4.138,4.127,4.136,8010.72316471
2024-10-06 00:00:00,4.136,4.136,4.12,4.13,12715.48770154
2024-10-06 01:00:00,4.131,4.163,4.131,4.159,29768.67906881
2024-10-06 02:00:00,4.161,4.163,4.136,4.138,13108.52375606
2024-10-06 03:00:00,4.139,4.147,4.117,4.12,17594.50332177
2024-10-06 04:00:00,4.12,4.133,4.094,4.114,50619.72644688
2024-10-06 05:00:00,4.113,4.131,4.107,4.127,16486.85184325
2024-10-06 06:00:00,4.129,4.136,4.119,4.121,13774.27097473
2024-10-06 07:00:00,4.121,4.14,4.121,4.132,19019.55611202
2024-10-06 08:00:00,4.133,4.138,4.119,4.131,18501.0730407
2024-10-06 09:00:00,4.131,4.147,4.129,4.133,8500.00335535
2024-10-06 10:00:00,4.133,4.139,4.125,4.127,4860.43043404
2024-10-06 11:00:00,4.128,4.147,4.125,4.14,7803.4261489
2024-10-06 12:00:00,4.14,4.156,4.14,4.152,28291.40668071
2024-10-06 13:00:00,4.152,4.155,4.129,4.139,26792.46382002
2024-10-06 14:00:00,4.139,4.19,4.132,4.184,84761.18366161
2024-10-06 15:00:00,4.184,4.187,4.158,4.175,76348.75236631
2024-10-06 16:00:00,4.174,4.186,4.16,4.163,54564.10421464
2024-10-06 17:00:00,4.162,4.179,4.151,4.152,21190.10106148
2024-10-06 18:00:00,4.152,4.173,4.151,4.168,16156.20894056
2024-10-06 19:00:00,4.167,4.182,4.151,4.155,16126.34578655
2024-10-06 20:00:00,4.155,4.17,4.151,4.17,23943.60804741
2024-10-06 21:00:00,4.17,4.178,4.145,4.146,23321.02452907
2024-10-06 22:00:00,4.15,4.174,4.149,4.173,9502.60937227
2024-10-06 23:00:00,4.173,4.193,4.171,4.187,15181.70173219
2024-10-07 00:00:00,4.187,4.224,4.17,4.221,178225.04482286
2024-10-07 01:00:00,4.221,4.258,4.215,4.253,134841.51101024
2024-10-07 02:00:00,4.253,4.263,4.238,4.252,62524.91276057
2024-10-07 03:00:00,4.253,4.268,4.229,4.25,40621.30400807
2024-10-07 04:00:00,4.25,4.266,4.244,4.248,40200.25458867
2024-10-07 05:00:00,4.248,4.258,4.214,4.218,130176.18874798
2024-10-07 06:00:00,4.219,4.254,4.219,4.254,28885.45470801
2024-10-07 07:00:00,4.253,4.255,4.233,4.239,23199.33896819
2024-10-07 08:00:00,4.24,4.253,4.233,4.234,14205.57028474
2024-10-07 09:00:00,4.234,4.235,4.172,4.198,104485.68008079
2024-10-07 10:00:00,4.196,4.197,4.148,4.159,75520.25038585
2024-10-07 11:00:00,4.159,4.183,4.126,4.183,74333.82968286
2024-10-07 12:00:00,4.182,4.183,4.157,4.162,19186.43298596
2024-10-07 13:00:00,4.162,4.197,4.158,4.186,41967.13510093
2024-10-07 14:00:00,4.186,4.253,4.186,4.216,124448.27380031
2024-10-07 15:00:00,4.215,4.222,4.182,4.197,100266.3824525
2024-10-07 16:00:00,4.197,4.235,4.188,4.231,37045.19375181
2024-10-07 17:00:00,4.231,4.242,4.216,4.237,35659.36522796
2024-10-07 18:00:00,4.237,4.24,4.141,4.153,90790.46047343
2024-10-07 19:00:00,4.154,4.202,4.151,4.201,43335.17115559
2024-10-07 20:00:00,4.202,4.215,4.176,4.178,28259.09137369
2024-10-07 21:00:00,4.178,4.225,4.174,4.22,20471.66565086
2024-10-07 22:00:00,4.22,4.223,4.163,4.168,44383.77048227
2024-10-07 23:00:00,4.167,4.175,4.12,4.126,175773.29367176
2024-10-08 00:00:00,4.127,4.161,4.112,4.159,51122.62722121
2024-10-08 01:00:00,4.158,4.169,4.136,4.158,61186.29498273
2024-10-08 02:00:00,4.159,4.172,4.143,4.172,20610.22083042
2024-10-08 03:00:00,4.174,4.178,4.159,4.167,24556.95970024
2024-10-08 04:00:00,4.169,4.179,4.148,4.167,14434.16897607
2024-10-08 05:00:00,4.165,4.17,4.107,4.131,62175.33840032
2024-10-08 06:00:00,4.132,4.143,4.103,4.139,41355.00046189
2024-10-08 07:00:00,4.139,4.14,4.086,4.116,43371.06410206
2024-10-08 08:00:00,4.113,4.129,4.102,4.125,19970.0551859
2024-10-08 09:00:00,4.126,4.139,4.103,4.133,34533.07244151
2024-10-08 10:00:00,4.132,4.145,4.124,4.137,10212.62877802
2024-10-08 11:00:00,4.136,4.154,4.133,4.15,12353.64797798
2024-10-08 12:00:00,4.151,4.153,4.112,4.114,10565.49431335
2024-10-08 13:00:00,4.115,4.154,4.041,4.154,375998.64947604
2024-10-08 14:00:00,4.154,4.168,4.096,4.136,83878.71391702
2024-10-08 15:00:00,4.136,4.137,4.065,4.106,92039.21192139
2024-10-08 16:00:00,4.106,4.133,4.088,4.119,58555.40539285
2024-10-08 17:00:00,4.118,4.121,4.091,4.108,22820.55490061
2024-10-08 18:00:00,4.109,4.133,4.078,4.096,20979.92791447
2024-10-08 19:00:00,4.096,4.113,4.074,4.095,52875.22699767
2024-10-08 20:00:00,4.096,4.115,4.086,4.107,28711.45541736
2024-10-08 21:00:00,4.111,4.129,4.109,4.121,15962.70069857
2024-10-08 22:00:00,4.118,4.118,4.085,4.086,13222.34125441
2024-10-08 23:00:00,4.087,4.101,4.07,4.099,23311.04618925
2024-10-09 00:00:00,4.099,4.112,4.087,4.104,28439.5380796
2024-10-09 01:00:00,4.104,4.14,4.099,4.132,24561.01876601
2024-10-09 02:00:00,4.132,4.136,4.116,4.116,15317.8947018
2024-10-09 03:00:00,4.116,4.126,4.094,4.114,77267.09170483
2024-10-09 04:00:00,4.111,4.123,4.101,4.106,21215.15274576
2024-10-09 05:00:00,4.107,4.145,4.107,4.14,15379.95635945
2024-10-09 06:00:00,4.139,4.144,4.121,4.126,11063.45693084
2024-10-09 07:00:00,4.125,4.126,4.1,4.109,45327.69746249
2024-10-09 08:00:00,4.108,4.116,4.089,4.096,20597.21414597
2024-10-09 09:00:00,4.096,4.108,4.086,4.106,18610.40128398
2024-10-09 10:00:00,4.105,4.107,4.086,4.089,12283.97562255
2024-10-09 11:00:00,4.089,4.099,4.087,4.095,12273.68253561
2024-10-09 12:00:00,4.094,4.095,4.042,4.062,62816.91188572
2024-10-09 13:00:00,4.062,4.065,4.026,4.041,69383.52428544
2024-10-09 14:00:00,4.041,4.071,4.033,4.063,49289.5564591
2024-10-09 15:00:00,4.065,4.105,4.063,4.095,40028.13077236
2024-10-09 16:00:00,4.095,4.097,4.056,4.067,47714.42488246
2024-10-09 17:00:00,4.066,4.069,4.053,4.063,32609.1015793
2024-10-09 18:00:00,4.061,4.07,4.035,4.044,49706.56760461
2024-10-09 19:00:00,4.044,4.057,4.028,4.043,31276.40237739
2024-10-09 20:00:00,4.041,4.041,3.952,3.955,201639.04664881
2024-10-09 21:00:00,3.954,4.012,3.944,4.01,54437.8236694
2024-10-09 22:00:00,4.009,4.011,3.994,4.009,20251.51866351
2024-10-09 23:00:00,4.01,4.028,4.007,4.019,19969.10398963
2024-10-10 00:00:00,4.019,4.028,3.994,4.001,62834.58237539
2024-10-10 01:00:00,4.002,4.047,4.002,4.035,70167.83412379
2024-10-10 02:00:00,4.036,4.055,4.031,4.052,36821.87639074
2024-10-10 03:00:00,4.052,4.061,4.045,4.053,26467.9716832
2024-10-10 04:00:00,4.053,4.065,4.049,4.052,27657.45486579
2024-10-10 05:00:00,4.051,4.07,4.047,4.058,30366.28725598
2024-10-10 06:00:00,4.06,4.065,4.052,4.062,9496.20328909
2024-10-10 07:00:00,4.062,4.063,4.034,4.034,28032.78701874
2024-10-10 08:00:00,4.035,4.041,4.01,4.011,29460.07380733
2024-10-10 09:00:00,4.012,4.02,3.983,4.013,55903.06486571
2024-10-10 10:00:00,4.012,4.045,4.011,4.042,31919.09338547
2024-10-10 11:00:00,4.042,4.065,4.041,4.065,29694.22543468
2024-10-10 12:00:00,4.064,4.068,4.006,4.029,135144.33458411
2024-10-10 13:00:00,4.028,4.05,4.0,4.024,50635.22095282
2024-10-10 14:00:00,4.022,4.032,3.998,4.025,60456.52704377
2024-10-10 15:00:00,4.025,4.05,4.013,4.049,38545.35497252
2024-10-10 16:00:00,4.048,4.051,4.016,4.02,42875.93889207
2024-10-10 17:00:00,4.021,4.03,3.971,3.99,73228.58482794
2024-10-10 18:00:00,3.988,4.017,3.958,4.015,130683.36039203
2024-10-10 19:00:00,4.016,4.026,4.006,4.023,22285.83254973
2024-10-10 20:00:00,4.023,4.046,4.018,4.039,67606.63351557
2024-10-10 21:00:00,4.038,4.063,4.032,4.062,34951.10270018
2024-10-10 22:00:00,4.063,4.068,4.043,4.055,43879.15458707
2024-10-10 23:00:00,4.056,4.067,4.056,4.067,31250.99047404
2024-10-11 00:00:00,4.067,4.093,4.066,4.07,73377.43565348
2024-10-11 01:00:00,4.071,4.098,4.049,4.087,58436.42568108
2024-10-11 02:00:00,4.087,4.097,4.081,4.093,32076.80464405
2024-10-11 03:00:00,4.092,4.109,4.092,4.096,30149.72887411
2024-10-11 04:00:00,4.097,4.109,4.088,4.094,23783.39480009
2024-10-11 05:00:00,4.093,4.101,4.077,4.077,91859.47900148
2024-10-11 06:00:00,4.078,4.093,4.068,4.087,73379.45559243
2024-10-11 07:00:00,4.086,4.101,4.083,4.097,22346.96381429
2024-10-11 08:00:00,4.097,4.105,4.085,4.085,30939.44785651
2024-10-11 09:00:00,4.086,4.12,4.086,4.113,33609.23972302
2024-10-11 10:00:00,4.113,4.126,4.112,4.122,34795.960125
2024-10-11 11:00:00,4.121,4.129,4.115,4.119,28060.99211814
2024-10-11 12:00:00,4.121,4.144,4.121,4.138,35158.16108713
2024-10-11 13:00:00,4.136,4.152,4.118,4.148,57065.09824634
2024-10-11 14:00:00,4.148,4.155,4.127,4.135,99345.545376
2024-10-11 15:00:00,4.136,4.167,4.136,4.165,78786.82630074
2024-10-11 16:00:00,4.165,4.185,4.156,4.163,118771.87620052
2024-10-11 17:00:00,4.163,4.184,4.146,4.174,49622.70976393
2024-10-11 18:00:00,4.174,4.181,4.163,4.176,49143.11911815
2024-10-11 19:00:00,4.177,4.192,4.17,4.176,34113.05653272
2024-10-11 20:00:00,4.176,4.184,4.171,4.173,16233.76983906
2024-10-11 21:00:00,4.176,4.188,4.173,4.177,20250.71031142
2024-10-11 22:00:00,4.179,4.184,4.163,4.167,62234.35669668
2024-10-11 23:00:00,4.167,4.175,4.153,4.168,35250.03630191
2024-10-12 00:00:00,4.168,4.196,4.166,4.191,56651.09410953
2024-10-12 01:00:00,4.192,4.198,4.179,4.195,39315.86264968
2024-10-12 02:00:00,4.195,4.197,4.162,4.165,55060.97768152
2024-10-12 03:00:00,4.165,4.17,4.148,4.161,29109.02304839
2024-10-12 04:00:00,4.162,4.178,4.161,4.174,22988.68570003
2024-10-12 05:00:00,4.175,4.19,4.173,4.189,10324.62131497
2024-10-12 06:00:00,4.189,4.203,4.189,4.192,32283.81259049
2024-10-12 07:00:00,4.19,4.204,4.186,4.201,13434.97158371
2024-10-12 08:00:00,4.201,4.218,4.199,4.207,35412.38946803
2024-10-12 09:00:00,4.207,4.231,4.204,4.223,30441.38910092
2024-10-12 10:00:00,4.225,4.244,4.225,4.238,28913.85567081
2024-10-12 11:00:00,4.238,4.245,4.22,4.235,48134.23495981
2024-10-12 12:00:00,4.237,4.245,4.227,4.243,30890.09100159
2024-10-12 13:00:00,4.242,4.251,4.237,4.247,36087.16517987
2024-10-12 14:00:00,4.247,4.256,4.239,4.241,41121.12368843
2024-10-12 15:00:00,4.24,4.259,4.223,4.229,73062.09665991
2024-10-12 16:00:00,4.23,4.25,4.206,4.207,66681.58356526
2024-10-12 17:00:00,4.208,4.222,4.202,4.209,59454.18453982
2024-10-12 18:00:00,4.209,4.217,4.192,4.195,30823.76868067
2024-10-12 19:00:00,4.196,4.205,4.184,4.2,31987.22664102
2024-10-12 20:00:00,4.201,4.205,4.188,4.192,24154.34818215
2024-10-12 21:00:00,4.192,4.212,4.192,4.212,37327.40201412
2024-10-12 22:00:00,4.209,4.218,4.198,4.216,29967.61475156
2024-10-12 23:00:00,4.214,4.217,4.2,4.202,26113.18023229
2024-10-13 00:00:00,4.203,4.212,4.197,4.198,14825.81573235
2024-10-13 01:00:00,4.197,4.197,4.157,4.173,118470.77201088
2024-10-13 02:00:00,4.173,4.184,4.167,4.18,43283.5015346
2024-10-13 03:00:00,4.181,4.184,4.154,4.158,39266.41705335
2024-10-13 04:00:00,4.16,4.182,4.16,4.178,29695.46436261
2024-10-13 05:00:00,4.176,4.197,4.176,4.187,26934.08260738
2024-10-13 06:00:00,4.188,4.198,4.185,4.187,26931.52202939
2024-10-13 07:00:00,4.187,4.191,4.173,4.187,22786.81980005
2024-10-13 08:00:00,4.185,4.197,4.171,4.171,21946.52800716
2024-10-13 09:00:00,4.174,4.189,4.173,4.189,48620.82909503
2024-10-13 10:00:00,4.189,4.191,4.164,4.164,25872.71823019
2024-10-13 11:00:00,4.164,4.173,4.153,4.156,47062.85166677
2024-10-13 12:00:00,4.155,4.18,4.155,4.17,30356.6635823
2024-10-13 13:00:00,4.169,4.182,4.166,4.174,22799.45167933
2024-10-13 14:00:00,4.173,4.174,4.117,4.124,102329.4569557
2024-10-13 15:00:00,4.124,4.137,4.081,4.106,152645.49410999
2024-10-13 16:00:00,4.103,4.134,4.091,4.129,65934.30636637
2024-10-13 17:00:00,4.129,4.146,4.107,4.114,37537.52991326
2024-10-13 18:00:00,4.115,4.121,4.092,4.101,108543.04136156
2024-10-13 19:00:00,4.101,4.128,4.101,4.122,24196.38787622
2024-10-13 20:00:00,4.121,4.125,4.115,4.122,20155.35170546
2024-10-13 21:00:00,4.124,4.147,4.116,4.137,33556.29722896
2024-10-13 22:00:00,4.137,4.168,4.133,4.14,76934.43309796
2024-10-13 23:00:00,4.14,4.159,4.133,4.159,37682.50499543
2024-10-14 00:00:00,4.159,4.176,4.131,4.132,87748.3204388
2024-10-14 01:00:00,4.133,4.171,4.133,4.156,49023.47241326
2024-10-14 02:00:00,4.154,4.154,4.136,4.15,39660.53228647
2024-10-14 03:00:00,4.15,4.256,4.149,4.252,251523.81337274
2024-10-14 04:00:00,4.253,4.278,4.245,4.252,159433.23768948
2024-10-14 05:00:00,4.253,4.26,4.211,4.225,113728.70529348
2024-10-14 06:00:00,4.226,4.252,4.219,4.249,67223.41364595
2024-10-14 07:00:00,4.248,4.269,4.239,4.266,70597.06392154
2024-10-14 08:00:00,4.266,4.273,4.251,4.252,52504.40795425
2024-10-14 09:00:00,4.251,4.283,4.242,4.276,85822.28997148
2024-10-14 10:00:00,4.277,4.289,4.271,4.277,55151.10493915
2024-10-14 11:00:00,4.278,4.288,4.268,4.275,40489.07638379
2024-10-14 12:00:00,4.276,4.291,4.268,4.287,46965.59634887
2024-10-14 13:00:00,4.288,4.314,4.272,4.31,60313.22300423
2024-10-14 14:00:00,4.312,4.354,4.311,4.328,165118.84911878
2024-10-14 15:00:00,4.327,4.356,4.323,4.341,73936.11963377
2024-10-14 16:00:00,4.34,4.37,4.326,4.33,95048.68372254
2024-10-14 17:00:00,4.33,4.343,4.324,4.336,68957.17608026
2024-10-14 18:00:00,4.336,4.364,4.332,4.351,55396.74831443
2024-10-14 19:00:00,4.351,4.369,4.348,4.351,36170.54620314
2024-10-14 20:00:00,4.35,4.367,4.344,4.351,26045.81139078
2024-10-14 21:00:00,4.35,4.37,4.345,4.35,31755.83315717
2024-10-14 22:00:00,4.351,4.396,4.351,4.396,72520.23991991
2024-10-14 23:00:00,4.395,4.397,4.36,4.373,40046.85799055
2024-10-15 00:00:00,4.375,4.406,4.366,4.382,72346.69455158
2024-10-15 01:00:00,4.382,4.403,4.372,4.388,33879.1491427
2024-10-15 02:00:00,4.39,4.425,4.386,4.413,57391.0149264
2024-10-15 03:00:00,4.413,4.418,4.363,4.374,91918.15965008
2024-10-15 04:00:00,4.373,4.403,4.367,4.402,40719.70051815
2024-10-15 05:00:00,4.403,4.407,4.363,4.38,71123.14501533
2024-10-15 06:00:00,4.38,4.416,4.371,4.412,47779.55546569
2024-10-15 07:00:00,4.412,4.426,4.412,4.418,34693.75971096
2024-10-15 08:00:00,4.419,4.453,4.419,4.449,47788.38463648
2024-10-15 09:00:00,4.45,4.47,4.436,4.458,80430.29260782
2024-10-15 10:00:00,4.458,4.531,4.45,4.494,186564.53437277
2024-10-15 11:00:00,4.494,4.504,4.363,4.379,253370.45656217
2024-10-15 12:00:00,4.38,4.465,4.378,4.449,98830.09077839
2024-10-15 13:00:00,4.449,4.519,4.432,4.504,123032.53595587
2024-10-15 14:00:00,4.505,4.521,4.32,4.348,591626.17382885
2024-10-15 15:00:00,4.348,4.389,4.286,4.364,383290.19408691
2024-10-15 16:00:00,4.363,4.443,4.363,4.421,123271.28654607
2024-10-15 17:00:00,4.421,4.429,4.39,4.408,66170.43186049
2024-10-15 18:00:00,4.407,4.434,4.397,4.397,57466.49901407
2024-10-15 19:00:00,4.397,4.411,4.362,4.384,77325.56451167
2024-10-15 20:00:00,4.384,4.389,4.309,4.315,165506.80800102
2024-10-15 21:00:00,4.314,4.36,4.308,4.358,59856.38817901
2024-10-15 22:00:00,4.355,4.384,4.345,4.372,44101.34635129
2024-10-15 23:00:00,4.374,4.407,4.367,4.403,26832.2105778
2024-10-16 00:00:00,4.406,4.406,4.374,4.375,26594.60843548
2024-10-16 01:00:00,4.375,4.402,4.356,4.381,45037.40132056
2024-10-16 02:00:00,4.381,4.408,4.379,4.382,41274.45903705
2024-10-16 03:00:00,4.382,4.39,4.37,4.373,43154.75006601
2024-10-16 04:00:00,4.373,4.385,4.338,4.353,33186.73518783
2024-10-16 05:00:00,4.355,4.381,4.35,4.373,25584.44889489
2024-10-16 06:00:00,4.373,4.384,4.339,4.354,30537.8045923
2024-10-16 07:00:00,4.353,4.353,4.3,4.309,63110.5025152
2024-10-16 08:00:00,4.309,4.33,4.304,4.315,62327.37450979
2024-10-16 09:00:00,4.315,4.346,4.308,4.34,77186.6033249
2024-10-16 10:00:00,4.34,4.349,4.326,4.34,94410.08350469
2024-10-16 11:00:00,4.339,4.383,4.323,4.365,153324.55384073
2024-10-16 12:00:00,4.363,4.376,4.339,4.342,73482.57949587
2024-10-16 13:00:00,4.342,4.342,4.291,4.296,153931.49116622
2024-10-16 14:00:00,4.297,4.355,4.294,4.32,104943.3281969
2024-10-16 15:00:00,4.321,4.338,4.304,4.316,38508.47235297
2024-10-16 16:00:00,4.316,4.325,4.283,4.314,81925.82957314
2024-10-16 17:00:00,4.313,4.33,4.3,4.311,31648.19915709
2024-10-16 18:00:00,4.31,4.319,4.308,4.309,20978.08509205
2024-10-16 19:00:00,4.309,4.322,4.3,4.308,25315.14188632
2024-10-16 20:00:00,4.306,4.341,4.305,4.323,44844.58310661
2024-10-16 21:00:00,4.322,4.332,4.315,4.32,28325.19909117
2024-10-16 22:00:00,4.32,4.348,4.32,4.342,23596.68885145
2024-10-16 23:00:00,4.342,4.343,4.306,4.31,23624.85600137
2024-10-17 00:00:00,4.311,4.334,4.31,4.312,28676.21208758
2024-10-17 01:00:00,4.313,4.345,4.302,4.345,70764.65898087
2024-10-17 02:00:00,4.344,4.346,4.313,4.317,25321.33782369
2024-10-17 03:00:00,4.318,4.335,4.316,4.328,19394.39360197
2024-10-17 04:00:00,4.327,4.328,4.292,4.293,76565.60296139
2024-10-17 05:00:00,4.293,4.307,4.264,4.274,87279.82144078
2024-10-17 06:00:00,4.272,4.273,4.242,4.243,107327.84640249
2024-10-17 07:00:00,4.244,4.253,4.226,4.244,84844.4034293
2024-10-17 08:00:00,4.242,4.244,4.223,4.24,37237.70611071
2024-10-17 09:00:00,4.239,4.252,4.223,4.227,32309.52329777
2024-10-17 10:00:00,4.227,4.235,4.186,4.212,141544.4990522
2024-10-17 11:00:00,4.211,4.214,4.179,4.186,70826.64161057
2024-10-17 12:00:00,4.185,4.219,4.179,4.215,85822.99847412
2024-10-17 13:00:00,4.214,4.231,4.191,4.214,52755.77955494
2024-10-17 14:00:00,4.215,4.217,4.188,4.201,87599.46454235
2024-10-17 15:00:00,4.201,4.246,4.188,4.235,139783.87347322
2024-10-17 16:00:00,4.234,4.235,4.196,4.214,44099.33282488
2024-10-17 17:00:00,4.214,4.227,4.191,4.195,42080.94424652
2024-10-17 18:00:00,4.194,4.197,4.143,4.169,146137.3430835
2024-10-17 19:00:00,4.168,4.187,4.162,4.176,36787.35914549
2024-10-17 20:00:00,4.175,4.193,4.173,4.186,42232.63747878
2024-10-17 21:00:00,4.184,4.188,4.17,4.185,44882.71501307
2024-10-17 22:00:00,4.179,4.199,4.179,4.198,28903.56022981
2024-10-17 23:00:00,4.197,4.197,4.18,4.188,18528.9233107
2024-10-18 00:00:00,4.188,4.192,4.17,4.172,28041.30533574
2024-10-18 01:00:00,4.171,4.24,4.17,4.231,69770.59281672
2024-10-18 02:00:00,4.234,4.244,4.222,4.24,35379.15009345
2024-10-18 03:00:00,4.241,4.241,4.205,4.208,49183.804064
2024-10-18 04:00:00,4.209,4.226,4.209,4.214,14596.72173862
2024-10-18 05:00:00,4.214,4.235,4.208,4.233,16117.56369102
2024-10-18 06:00:00,4.233,4.257,4.231,4.248,41872.90689059
2024-10-18 07:00:00,4.248,4.264,4.246,4.264,24738.74647441
2024-10-18 08:00:00,4.264,4.268,4.244,4.246,20818.91186753
2024-10-18 09:00:00,4.246,4.249,4.232,4.235,23711.17652979
2024-10-18 10:00:00,4.234,4.235,4.222,4.231,30800.12430697
2024-10-18 11:00:00,4.232,4.24,4.209,4.212,31135.67713866
2024-10-18 12:00:00,4.212,4.219,4.198,4.203,44235.99228831
2024-10-18 13:00:00,4.203,4.23,4.196,4.23,44056.75893531
2024-10-18 14:00:00,4.23,4.25,4.211,4.243,62998.50343027
2024-10-18 15:00:00,4.243,4.264,4.234,4.259,65968.81339397
2024-10-18 16:00:00,4.259,4.293,4.233,4.287,93350.40241844
2024-10-18 17:00:00,4.287,4.293,4.27,4.277,48448.50897476
2024-10-18 18:00:00,4.276,4.293,4.268,4.286,33494.41975079
2024-10-18 19:00:00,4.285,4.288,4.268,4.274,41926.41907747
2024-10-18 20:00:00,4.274,4.276,4.255,4.258,53223.52575095
2024-10-18 21:00:00,4.258,4.261,4.241,4.256,34879.20005804
2024-10-18 22:00:00,4.256,4.275,4.247,4.275,31456.15534025
2024-10-18 23:00:00,4.276,4.307,4.276,4.307,34079.11816017
2024-10-19 00:00:00,4.308,4.349,4.308,4.345,56845.89777058
2024-10-19 01:00:00,4.345,4.386,4.341,4.37,84241.92186588
2024-10-19 02:00:00,4.37,4.446,4.37,4.438,143590.58853465
2024-10-19 03:00:00,4.439,4.48,4.395,4.396,197972.44242884
2024-10-19 04:00:00,4.396,4.409,4.374,4.38,73027.99446516
2024-10-19 05:00:00,4.38,4.404,4.38,4.404,38101.82710425
2024-10-19 06:00:00,4.403,4.408,4.387,4.387,71962.09291361
2024-10-19 07:00:00,4.386,4.393,4.366,4.374,55447.72294732
2024-10-19 08:00:00,4.374,4.392,4.371,4.378,20280.02045299
2024-10-19 09:00:00,4.378,4.391,4.373,4.375,21408.06218164
2024-10-19 10:00:00,4.374,4.386,4.347,4.351,50035.79941825
2024-10-19 11:00:00,4.351,4.362,4.325,4.327,79760.80529268
2024-10-19 12:00:00,4.327,4.393,4.327,4.373,89710.73800946
2024-10-19 13:00:00,4.374,4.376,4.353,4.354,40595.72833841
2024-10-19 14:00:00,4.355,4.396,4.355,4.393,91196.0979696
2024-10-19 15:00:00,4.394,4.405,4.385,4.403,75516.93975175
2024-10-19 16:00:00,4.403,4.428,4.382,4.398,130115.6282672
2024-10-19 17:00:00,4.398,4.424,4.394,4.402,68751.13710891
2024-10-19 18:00:00,4.402,4.428,4.401,4.413,41367.22729196
2024-10-19 19:00:00,4.412,4.425,4.403,4.404,49908.37750162
2024-10-19 20:00:00,4.403,4.432,4.403,4.418,63489.61282806
2024-10-19 21:00:00,4.417,4.436,4.408,4.408,41723.96695443
2024-10-19 22:00:00,4.408,4.434,4.402,4.429,32456.69769435
2024-10-19 23:00:00,4.429,4.438,4.423,4.428,16787.66144528
2024-10-20 00:00:00,4.429,4.439,4.395,4.398,55011.81200178
2024-10-20 01:00:00,4.398,4.4,4.38,4.381,38037.03736181
2024-10-20 02:00:00,4.381,4.388,4.363,4.368,80458.97685061
2024-10-20 03:00:00,4.367,4.382,4.353,4.382,85616.628728
2024-10-20 04:00:00,4.381,4.407,4.374,4.391,38650.51700535
2024-10-20 05:00:00,4.392,4.414,4.379,4.392,26235.55085009
2024-10-20 06:00:00,4.391,4.425,4.384,4.423,22402.35868645
2024-10-20 07:00:00,4.423,4.429,4.406,4.406,20626.85769699
2024-10-20 08:00:00,4.405,4.421,4.383,4.393,50428.08863591
2024-10-20 09:00:00,4.394,4.417,4.388,4.414,23190.61622025
2024-10-20 10:00:00,4.416,4.417,4.397,4.397,43085.67879492
2024-10-20 11:00:00,4.397,4.425,4.396,4.415,30200.23825455
2024-10-20 12:00:00,4.417,4.43,4.407,4.41,32269.00600828
2024-10-20 13:00:00,4.409,4.5,4.409,4.5,124775.33705911
2024-10-20 14:00:00,4.501,4.538,4.494,4.537,108660.87245412
2024-10-20 15:00:00,4.537,4.556,4.499,4.546,124500.59567864
2024-10-20 16:00:00,4.545,4.583,4.538,4.543,164544.75231712
2024-10-20 17:00:00,4.544,4.563,4.525,4.529,55854.96115409
2024-10-20 18:00:00,4.529,4.552,4.516,4.527,74765.68908012
2024-10-20 19:00:00,4.526,4.531,4.515,4.527,52224.97988569
2024-10-20 20:00:00,4.526,4.554,4.525,4.545,49550.95263874
2024-10-20 21:00:00,4.546,4.551,4.529,4.539,39476.3752322
2024-10-20 22:00:00,4.539,4.591,4.537,4.579,133652.8611478
2024-10-20 23:00:00,4.58,4.592,4.562,4.572,35839.78351295
2024-10-21 00:00:00,4.576,4.614,4.576,4.591,66322.70926282
2024-10-21 01:00:00,4.591,4.594,4.565,4.565,56901.45927648
2024-10-21 02:00:00,4.567,4.574,4.522,4.526,95530.09339405
2024-10-21 03:00:00,4.528,4.539,4.512,4.535,54745.08572101
2024-10-21 04:00:00,4.535,4.56,4.521,4.56,49082.61438641
2024-10-21 05:00:00,4.56,4.573,4.555,4.555,44675.41516968
2024-10-21 06:00:00,4.555,4.563,4.507,4.514,54883.93216885
2024-10-21 07:00:00,4.513,4.527,4.502,4.504,55243.50120677
2024-10-21 08:00:00,4.506,4.527,4.495,4.497,53045.08645895
2024-10-21 09:00:00,4.497,4.521,4.475,4.495,114847.38730314
2024-10-21 10:00:00,4.495,4.497,4.464,4.469,91490.22007004
2024-10-21 11:00:00,4.469,4.486,4.457,4.471,29521.01899739
2024-10-21 12:00:00,4.47,4.488,4.439,4.449,58235.47620533
2024-10-21 13:00:00,4.448,4.46,4.353,4.376,203863.43343023
2024-10-21 14:00:00,4.375,4.403,4.371,4.393,94626.61947558
2024-10-21 15:00:00,4.39,4.39,4.357,4.376,102801.59736994
2024-10-21 16:00:00,4.376,4.376,4.332,4.359,65507.42430798
2024-10-21 17:00:00,4.358,4.391,4.357,4.377,34309.53007595
2024-10-21 18:00:00,4.377,4.378,4.352,4.359,23337.22273041
2024-10-21 19:00:00,4.359,4.398,4.358,4.395,26423.56877525
2024-10-21 20:00:00,4.395,4.402,4.381,4.397,39502.29664128
2024-10-21 21:00:00,4.397,4.405,4.391,4.398,23498.2879268
2024-10-21 22:00:00,4.397,4.406,4.384,4.392,23367.09501358
2024-10-21 23:00:00,4.388,4.391,4.371,4.373,40620.1821224
2024-10-22 00:00:00,4.374,4.397,4.32,4.381,194301.42539242
2024-10-22 01:00:00,4.377,4.417,4.364,4.413,39918.92657696
2024-10-22 02:00:00,4.412,4.427,4.373,4.376,36753.17757616
2024-10-22 03:00:00,4.377,4.402,4.377,4.401,22727.68103833
2024-10-22 04:00:00,4.402,4.412,4.39,4.399,15395.32952555
2024-10-22 05:00:00,4.399,4.42,4.397,4.411,18322.21557691
2024-10-22 06:00:00,4.411,4.428,4.41,4.423,12601.52822619
2024-10-22 07:00:00,4.423,4.433,4.387,4.387,33145.87712244
2024-10-22 08:00:00,4.39,4.39,4.333,4.336,82583.12141833
2024-10-22 09:00:00,4.335,4.348,4.306,4.326,122197.53218112
2024-10-22 10:00:00,4.326,4.353,4.312,4.353,38311.37104111
2024-10-22 11:00:00,4.352,4.364,4.345,4.347,35281.4377516
2024-10-22 12:00:00,4.346,4.363,4.314,4.315,57746.69703569
2024-10-22 13:00:00,4.315,4.321,4.266,4.304,137143.77592926
2024-10-22 14:00:00,4.304,4.35,4.293,4.346,98167.23917987
2024-10-22 15:00:00,4.347,4.351,4.301,4.325,40622.27281519
2024-10-22 16:00:00,4.324,4.33,4.288,4.289,39441.30648836
2024-10-22 17:00:00,4.29,4.325,4.286,4.323,39785.73964217
2024-10-22 18:00:00,4.322,4.332,4.297,4.297,26672.50533395
2024-10-22 19:00:00,4.299,4.326,4.299,4.313,16435.17119581
2024-10-22 20:00:00,4.312,4.318,4.295,4.317,38987.11870669
2024-10-22 21:00:00,4.316,4.323,4.303,4.322,23793.08433869
2024-10-22 22:00:00,4.321,4.345,4.315,4.337,33572.37838806
2024-10-22 23:00:00,4.337,4.338,4.314,4.319,21247.50446368
2024-10-23 00:00:00,4.321,4.331,4.296,4.302,35158.65567885
2024-10-23 01:00:00,4.301,4.314,4.289,4.31,45789.8128602
2024-10-23 02:00:00,4.308,4.31,4.275,4.277,50438.83689859
2024-10-23 03:00:00,4.276,4.286,4.241,4.278,93351.2538885
2024-10-23 04:00:00,4.277,4.282,4.262,4.277,28040.7261553
2024-10-23 05:00:00,4.278,4.283,4.258,4.272,31859.26066443
2024-10-23 06:00:00,4.272,4.305,4.267,4.276,45709.60916536
2024-10-23 07:00:00,4.276,4.281,4.235,4.244,113748.75277445
2024-10-23 08:00:00,4.242,4.266,4.22,4.232,108375.74175374
2024-10-23 09:00:00,4.233,4.238,4.211,4.229,95776.42750832
2024-10-23 10:00:00,4.231,4.242,4.208,4.211,53943.22467342
2024-10-23 11:00:00,4.211,4.229,4.202,4.211,51988.07779233
2024-10-23 12:00:00,4.211,4.233,4.192,4.224,145237.26213661
2024-10-23 13:00:00,4.221,4.245,4.215,4.241,40400.82949407
2024-10-23 14:00:00,4.241,4.245,4.21,4.215,33727.53324271
2024-10-23 15:00:00,4.216,4.217,4.154,4.186,160669.30912376
2024-10-23 16:00:00,4.187,4.192,4.154,4.159,62227.8076604
2024-10-23 17:00:00,4.158,4.19,4.155,4.159,55258.03302455
2024-10-23 18:00:00,4.159,4.16,4.099,4.158,154148.00195774
2024-10-23 19:00:00,4.157,4.194,4.149,4.193,63323.0414709
2024-10-23 20:00:00,4.193,4.21,4.177,4.207,47922.79805403
2024-10-23 21:00:00,4.203,4.203,4.173,4.176,24556.70691908
2024-10-23 22:00:00,4.176,4.203,4.167,4.193,122115.07440405
2024-10-23 23:00:00,4.193,4.212,4.188,4.206,28784.73487082
2024-10-24 00:00:00,4.206,4.251,4.19,4.251,42857.03614281
2024-10-24 01:00:00,4.251,4.256,4.224,4.228,47711.22713467
2024-10-24 02:00:00,4.228,4.25,4.224,4.246,41354.10840967
2024-10-24 03:00:00,4.246,4.246,4.213,4.213,30971.47048569
2024-10-24 04:00:00,4.212,4.233,4.212,4.231,14833.82714649
2024-10-24 05:00:00,4.228,4.234,4.215,4.218,34993.20641654
2024-10-24 06:00:00,4.217,4.254,4.209,4.209,81758.38996594
2024-10-24 07:00:00,4.207,4.215,4.179,4.185,55154.94335022
2024-10-24 08:00:00,4.184,4.201,4.151,4.151,43152.12245317
2024-10-24 09:00:00,4.152,4.17,4.14,4.155,101424.09059681
2024-10-24 10:00:00,4.156,4.182,4.153,4.167,22459.51371965
2024-10-24 11:00:00,4.167,4.185,4.167,4.176,25624.628709
2024-10-24 12:00:00,4.177,4.196,4.172,4.188,28679.98404583
2024-10-24 13:00:00,4.189,4.208,4.18,4.2,58760.32035391
2024-10-24 14:00:00,4.201,4.203,4.171,4.189,50920.63755105
2024-10-24 15:00:00,4.19,4.208,4.18,4.192,24161.800632
2024-10-24 16:00:00,4.193,4.199,4.177,4.182,27506.76738041
2024-10-24 17:00:00,4.181,4.188,4.165,4.182,34961.22968939
2024-10-24 18:00:00,4.181,4.202,4.178,4.193,21280.00867645
2024-10-24 19:00:00,4.193,4.221,4.189,4.22,28674.72863481
2024-10-24 20:00:00,4.221,4.229,4.215,4.224,93756.58155818
2024-10-24 21:00:00,4.225,4.249,4.216,4.219,72407.97518907
2024-10-24 22:00:00,4.219,4.227,4.2,4.2,24471.90566622
2024-10-24 23:00:00,4.2,4.208,4.195,4.204,26878.7944495
2024-10-25 00:00:00,4.205,4.217,4.186,4.19,49380.56846019
2024-10-25 01:00:00,4.191,4.194,4.171,4.177,34852.13207939
2024-10-25 02:00:00,4.177,4.187,4.157,4.166,38024.2421703
2024-10-25 03:00:00,4.165,4.178,4.156,4.16,28379.95901643
2024-10-25 04:00:00,4.159,4.162,4.104,4.117,109684.79212529
2024-10-25 05:00:00,4.115,4.139,4.108,4.131,51898.9982247
2024-10-25 06:00:00,4.13,4.136,4.118,4.121,22796.09692882
2024-10-25 07:00:00,4.12,4.129,4.102,4.118,58616.05019971
2024-10-25 08:00:00,4.12,4.16,4.112,4.151,77438.35555833
2024-10-25 09:00:00,4.151,4.168,4.145,4.166,37517.90998449
2024-10-25 10:00:00,4.165,4.165,4.147,4.151,18407.58084932
2024-10-25 11:00:00,4.152,4.161,4.145,4.157,17929.81063543
2024-10-25 12:00:00,4.156,4.174,4.137,4.139,31283.29220291
2024-10-25 13:00:00,4.138,4.174,4.131,4.173,36870.96113833
2024-10-25 14:00:00,4.171,4.189,4.157,4.183,82846.52808093
2024-10-25 15:00:00,4.182,4.19,4.115,4.141,80085.2279396
2024-10-25 16:00:00,4.138,4.162,4.121,4.15,48287.10202488
2024-10-25 17:00:00,4.15,4.163,4.097,4.104,79764.31164328
2024-10-25 18:00:00,4.103,4.128,4.031,4.093,447765.67643412
2024-10-25 19:00:00,4.092,4.1,4.073,4.092,66438.03659111
2024-10-25 20:00:00,4.092,4.096,4.063,4.085,50133.46074564
2024-10-25 21:00:00,4.086,4.119,4.081,4.117,27870.26704772
2024-10-25 22:00:00,4.116,4.117,4.075,4.077,23057.98744181
2024-10-25 23:00:00,4.077,4.081,3.839,3.988,1184894.30667059
2024-10-26 00:00:00,3.988,4.009,3.938,4.001,178618.11785527
2024-10-26 01:00:00,4.002,4.015,3.99,4.004,74945.0289846
2024-10-26 02:00:00,4.004,4.043,3.985,4.033,77614.82741227
2024-10-26 03:00:00,4.033,4.05,4.004,4.022,211126.75624526
2024-10-26 04:00:00,4.023,4.027,4.013,4.014,61614.25005982
2024-10-26 05:00:00,4.015,4.04,4.014,4.037,44899.56426983
2024-10-26 06:00:00,4.037,4.056,4.032,4.046,22873.09746369
2024-10-26 07:00:00,4.047,4.048,4.027,4.027,29932.08291102
2024-10-26 08:00:00,4.029,4.042,4.024,4.037,22614.28564579
2024-10-26 09:00:00,4.038,4.044,4.035,4.035,18764.27017531
2024-10-26 10:00:00,4.036,4.041,4.019,4.023,35177.74748928
2024-10-26 11:00:00,4.024,4.048,4.017,4.038,22371.58792491
2024-10-26 12:00:00,4.037,4.05,4.034,4.044,14465.15529926
2024-10-26 13:00:00,4.044,4.048,4.015,4.017,39418.32652001
2024-10-26 14:00:00,4.017,4.021,3.976,3.977,52348.83970069
2024-10-26 15:00:00,3.979,4.01,3.974,3.998,44637.26965762
2024-10-26 16:00:00,3.998,4.017,3.989,4.008,88241.35487606
2024-10-26 17:00:00,4.008,4.016,3.979,4.008,150031.7603273
2024-10-26 18:00:00,4.01,4.017,3.995,3.995,32651.97945506
2024-10-26 19:00:00,3.996,4.012,3.995,4.007,39768.3065359
2024-10-26 20:00:00,4.008,4.05,4.003,4.025,62398.73239747
2024-10-26 21:00:00,4.025,4.038,4.022,4.028,18731.52420144
2024-10-26 22:00:00,4.028,4.033,4.022,4.027,13366.29038093
2024-10-26 23:00:00,4.027,4.036,4.021,4.03,15524.47638289
2024-10-27 00:00:00,4.031,4.035,4.011,4.013,32617.62907417
2024-10-27 01:00:00,4.014,4.022,4.005,4.02,22340.00734676
2024-10-27 02:00:00,4.02,4.025,4.003,4.006,34543.28270305
2024-10-27 03:00:00,4.007,4.036,4.005,4.032,50396.76803667
2024-10-27 04:00:00,4.032,4.037,4.021,4.021,31693.59581822
2024-10-27 05:00:00,4.022,4.033,4.022,4.027,9798.30255388
2024-10-27 06:00:00,4.026,4.032,4.011,4.017,66157.03137255
2024-10-27 07:00:00,4.017,4.025,4.004,4.021,80259.79967835
2024-10-27 08:00:00,4.02,4.032,4.02,4.03,20589.12126031
2024-10-27 09:00:00,4.029,4.029,4.01,4.017,29522.04309093
2024-10-27 10:00:00,4.018,4.025,4.008,4.009,33236.61322075
2024-10-27 11:00:00,4.01,4.02,4.005,4.008,18072.69429535
2024-10-27 12:00:00,4.008,4.058,4.006,4.04,146810.60923544
2024-10-27 13:00:00,4.039,4.072,4.037,4.067,66824.71156067
2024-10-27 14:00:00,4.068,4.076,4.061,4.065,17880.82743142
2024-10-27 15:00:00,4.066,4.089,4.066,4.086,101411.99356226
2024-10-27 16:00:00,4.087,4.099,4.079,4.099,21514.09319627
2024-10-27 17:00:00,4.1,4.103,4.082,4.092,27070.94056885
2024-10-27 18:00:00,4.091,4.093,4.084,4.086,12525.30963015
2024-10-27 19:00:00,4.086,4.105,4.085,4.103,9999.695547
2024-10-27 20:00:00,4.104,4.118,4.099,4.104,28355.1165047
2024-10-27 21:00:00,4.104,4.125,4.101,4.113,23522.22895849
2024-10-27 22:00:00,4.114,4.126,4.11,4.115,55502.26381342
2024-10-27 23:00:00,4.116,4.132,4.116,4.124,135820.65771287
2024-10-28 00:00:00,4.125,4.137,4.123,4.131,46088.07001583
2024-10-28 01:00:00,4.13,4.137,4.123,4.126,42304.07450587
2024-10-28 02:00:00,4.126,4.137,4.116,4.13,70279.1941573
2024-10-28 03:00:00,4.129,4.134,4.088,4.091,84173.18020851
2024-10-28 04:00:00,4.09,4.108,4.08,4.09,40310.79839246
2024-10-28 05:00:00,4.089,4.116,4.067,4.111,94507.45763346
2024-10-28 06:00:00,4.11,4.116,4.096,4.116,37861.2889152
2024-10-28 07:00:00,4.116,4.158,4.116,4.15,206699.72616132
2024-10-28 08:00:00,4.151,4.181,4.151,4.178,62393.5834311
2024-10-28 09:00:00,4.178,4.215,4.166,4.215,55123.66641141
2024-10-28 10:00:00,4.215,4.222,4.205,4.212,41620.28804425
2024-10-28 11:00:00,4.212,4.22,4.192,4.193,55653.03790152
2024-10-28 12:00:00,4.194,4.196,4.163,4.185,250375.02929573
2024-10-28 13:00:00,4.185,4.191,4.14,4.142,144879.95644803
2024-10-28 14:00:00,4.142,4.144,4.111,4.121,108573.07267076
2024-10-28 15:00:00,4.121,4.122,4.011,4.013,224602.52294448
2024-10-28 16:00:00,4.013,4.05,4.001,4.019,148257.7380277
2024-10-28 17:00:00,4.019,4.073,4.0,4.036,224370.20764418
2024-10-28 18:00:00,4.036,4.065,4.027,4.052,97626.81820544
2024-10-28 19:00:00,4.048,4.097,4.048,4.074,198219.42403045
2024-10-28 20:00:00,4.075,4.091,4.069,4.077,36226.74463995
2024-10-28 21:00:00,4.078,4.109,4.071,4.104,41684.00074584
2024-10-28 22:00:00,4.105,4.156,4.105,4.138,105904.39871583
2024-10-28 23:00:00,4.138,4.146,4.121,4.13,35267.99628584
2024-10-29 00:00:00,4.13,4.185,4.123,4.167,208631.45383144
2024-10-29 01:00:00,4.167,4.175,4.153,4.175,32250.28872698
2024-10-29 02:00:00,4.175,4.205,4.172,4.193,175300.75484778
2024-10-29 03:00:00,4.193,4.204,4.186,4.187,47842.16718868
2024-10-29 04:00:00,4.188,4.202,4.175,4.177,48737.60692055
2024-10-29 05:00:00,4.178,4.18,4.15,4.16,52062.05532102
2024-10-29 06:00:00,4.162,4.172,4.137,4.149,191932.31523899
2024-10-29 07:00:00,4.149,4.152,4.127,4.132,33275.64344759
2024-10-29 08:00:00,4.132,4.162,4.119,4.132,288701.73886531
2024-10-29 09:00:00,4.132,4.149,4.119,4.146,63635.81299527
2024-10-29 10:00:00,4.146,4.149,4.129,4.135,32877.95466075
2024-10-29 11:00:00,4.133,4.18,4.129,4.163,53159.66674202
2024-10-29 12:00:00,4.161,4.179,4.15,4.152,98868.04529513
2024-10-29 13:00:00,4.154,4.171,4.145,4.168,68364.25763937
2024-10-29 14:00:00,4.168,4.178,4.147,4.164,97151.14259803
2024-10-29 15:00:00,4.163,4.175,4.138,4.175,126346.80954267
2024-10-29 16:00:00,4.175,4.236,4.175,4.227,132840.01273569
2024-10-29 17:00:00,4.228,4.245,4.208,4.224,95348.81861805
2024-10-29 18:00:00,4.226,4.245,4.223,4.237,69206.01183072
2024-10-29 19:00:00,4.24,4.251,4.157,4.173,345515.54326794
2024-10-29 20:00:00,4.173,4.184,4.127,4.164,166976.8309755
2024-10-29 21:00:00,4.163,4.194,4.157,4.189,108414.89871476
2024-10-29 22:00:00,4.189,4.2,4.183,4.19,58536.65493212
2024-10-29 23:00:00,4.191,4.197,4.182,4.193,19820.50120022
2024-10-30 00:00:00,4.194,4.199,4.172,4.178,27865.08222835
2024-10-30 01:00:00,4.178,4.184,4.148,4.179,53240.82100599
2024-10-30 02:00:00,4.179,4.2,4.179,4.186,48275.78387291
2024-10-30 03:00:00,4.187,4.202,4.183,4.201,34378.03844629
2024-10-30 04:00:00,4.202,4.203,4.187,4.187,48996.36299771
2024-10-30 05:00:00,4.188,4.195,4.17,4.181,23757.47588424
2024-10-30 06:00:00,4.181,4.216,4.181,4.198,22686.5493936
2024-10-30 07:00:00,4.197,4.213,4.189,4.193,20396.41862521
2024-10-30 08:00:00,4.193,4.217,4.159,4.161,43412.31733578
2024-10-30 09:00:00,4.16,4.187,4.159,4.182,103541.44941694
2024-10-30 10:00:00,4.181,4.189,4.16,4.163,47148.91321968
2024-10-30 11:00:00,4.163,4.172,4.139,4.144,234097.66316571
2024-10-30 12:00:00,4.144,4.167,4.125,4.144,94678.54091234
2024-10-30 13:00:00,4.144,4.165,4.121,4.162,76034.90366537
2024-10-30 14:00:00,4.162,4.199,4.158,4.198,159314.64579123
2024-10-30 15:00:00,4.199,4.211,4.152,4.2,80979.40744471
2024-10-30 16:00:00,4.198,4.212,4.148,4.171,232347.6848788
2024-10-30 17:00:00,4.168,4.19,4.151,4.162,48418.1761189
2024-10-30 18:00:00,4.162,4.184,4.162,4.169,27453.68309052
2024-10-30 19:00:00,4.169,4.175,4.141,4.15,48953.91716461
2024-10-30 20:00:00,4.15,4.2,4.14,4.2,261480.94338576
2024-10-30 21:00:00,4.201,4.206,4.168,4.194,49487.65580292
2024-10-30 22:00:00,4.194,4.207,4.18,4.192,27892.46046176
2024-10-30 23:00:00,4.191,4.204,4.191,4.191,13274.67784938
2024-10-31 00:00:00,4.191,4.215,4.191,4.196,38789.649633
2024-10-31 01:00:00,4.197,4.212,4.157,4.185,213336.66272775
2024-10-31 02:00:00,4.184,4.199,4.171,4.196,44025.08671578
2024-10-31 03:00:00,4.197,4.207,4.18,4.183,43806.75140707
2024-10-31 04:00:00,4.184,4.184,4.15,4.161,34519.0610068
2024-10-31 05:00:00,4.162,4.172,4.152,4.161,11775.06908934
2024-10-31 06:00:00,4.161,4.165,4.138,4.148,33999.85730296
2024-10-31 07:00:00,4.146,4.17,4.131,4.154,227924.88613228
2024-10-31 08:00:00,4.154,4.155,4.086,4.099,125827.75894674
2024-10-31 09:00:00,4.098,4.126,4.092,4.106,77584.76185687
2024-10-31 10:00:00,4.106,4.119,4.09,4.118,29567.35266848
2024-10-31 11:00:00,4.119,4.119,4.094,4.102,51638.78012538
2024-10-31 12:00:00,4.102,4.103,4.054,4.062,95180.75492939
2024-10-31 13:00:00,4.061,4.078,4.016,4.031,350598.69082499
2024-10-31 14:00:00,4.032,4.032,3.969,4.007,363979.1825962
2024-10-31 15:00:00,4.007,4.03,3.989,3.996,104504.9123034
2024-10-31 16:00:00,3.995,3.995,3.957,3.965,104538.84377502
2024-10-31 17:00:00,3.963,3.963,3.92,3.939,176920.05052314
2024-10-31 18:00:00,3.939,3.939,3.9,3.923,221865.72130826
2024-10-31 19:00:00,3.922,3.938,3.907,3.909,53870.68210175
2024-10-31 20:00:00,3.91,3.934,3.894,3.927,114979.42910304
2024-10-31 21:00:00,3.927,3.958,3.916,3.957,196978.3249489
2024-10-31 22:00:00,3.955,3.955,3.928,3.948,40037.21985308
2024-10-31 23:00:00,3.948,3.968,3.94,3.957,37454.68591006
2024-11-01 00:00:00,3.956,3.969,3.928,3.94,178109.56773476
2024-11-01 01:00:00,3.939,3.946,3.907,3.927,225753.5016272
2024-11-01 02:00:00,3.926,3.94,3.864,3.938,643748.75989414
2024-11-01 03:00:00,3.937,3.952,3.934,3.945,37576.6526726
2024-11-01 04:00:00,3.946,3.97,3.94,3.963,30304.89429143
2024-11-01 05:00:00,3.963,3.967,3.943,3.945,22969.63011606
2024-11-01 06:00:00,3.944,3.944,3.904,3.904,56518.3827045
2024-11-01 07:00:00,3.903,3.922,3.887,3.916,86065.37459029
2024-11-01 08:00:00,3.917,3.943,3.916,3.939,27629.23669691
2024-11-01 09:00:00,3.939,3.948,3.934,3.942,20123.25040343
2024-11-01 10:00:00,3.943,3.946,3.924,3.941,42703.46995116
2024-11-01 11:00:00,3.942,3.947,3.927,3.927,26841.68786106
2024-11-01 12:00:00,3.927,3.967,3.923,3.954,129888.86991127
2024-11-01 13:00:00,3.953,3.964,3.932,3.964,114578.94417131
2024-11-01 14:00:00,3.963,3.994,3.95,3.971,180298.73950784
2024-11-01 15:00:00,3.972,3.974,3.845,3.892,350833.63864698
2024-11-01 16:00:00,3.892,3.94,3.882,3.937,139571.06243321
2024-11-01 17:00:00,3.937,3.949,3.917,3.928,66332.81073335
2024-11-01 18:00:00,3.928,3.94,3.918,3.921,66368.75435353
2024-11-01 19:00:00,3.921,3.928,3.906,3.922,64029.33343145
2024-11-01 20:00:00,3.922,3.927,3.911,3.916,18313.68461492
2024-11-01 21:00:00,3.915,3.915,3.86,3.903,64340.98295821
2024-11-01 22:00:00,3.9,3.908,3.879,3.901,108091.352035
2024-11-01 23:00:00,3.9,3.91,3.894,3.909,27149.26511935
2024-11-02 00:00:00,3.908,3.928,3.899,3.908,124010.14535329
2024-11-02 01:00:00,3.909,3.92,3.905,3.919,80080.83127555
2024-11-02 02:00:00,3.919,3.937,3.919,3.919,32197.3475987
2024-11-02 03:00:00,3.919,3.927,3.909,3.911,22448.80036525
2024-11-02 04:00:00,3.913,3.924,3.904,3.909,20780.47443123
2024-11-02 05:00:00,3.908,3.923,3.896,3.922,27139.61770458
2024-11-02 06:00:00,3.923,3.945,3.91,3.923,187635.40453939
2024-11-02 07:00:00,3.921,3.923,3.905,3.918,32334.53680907
2024-11-02 08:00:00,3.917,3.923,3.893,3.899,105793.64759674
2024-11-02 09:00:00,3.899,3.921,3.895,3.91,36208.40142755
2024-11-02 10:00:00,3.91,3.912,3.89,3.898,15349.83419466
2024-11-02 11:00:00,3.898,3.908,3.892,3.895,16828.01716065
2024-11-02 12:00:00,3.895,3.899,3.852,3.863,115598.25345861
2024-11-02 13:00:00,3.862,3.877,3.822,3.833,186537.86017496
2024-11-02 14:00:00,3.833,3.857,3.828,3.852,172320.58117348
2024-11-02 15:00:00,3.851,3.859,3.829,3.856,115436.17667826
2024-11-02 16:00:00,3.856,3.884,3.854,3.877,86833.9510633
2024-11-02 17:00:00,3.88,3.887,3.868,3.877,66352.43379729
2024-11-02 18:00:00,3.878,3.886,3.858,3.872,43211.48171618
2024-11-02 19:00:00,3.872,3.881,3.864,3.879,46291.49544233
2024-11-02 20:00:00,3.879,3.899,3.875,3.896,37710.21449559
2024-11-02 21:00:00,3.897,3.914,3.895,3.905,17703.83983534
2024-11-02 22:00:00,3.905,3.913,3.897,3.899,12336.99633953
2024-11-02 23:00:00,3.899,3.907,3.88,3.907,35468.95522944
2024-11-03 00:00:00,3.907,3.929,3.901,3.908,78532.91397661
2024-11-03 01:00:00,3.907,3.913,3.863,3.863,61252.06467149
2024-11-03 02:00:00,3.863,3.882,3.732,3.772,432912.92075765
2024-11-03 03:00:00,3.772,3.798,3.737,3.788,172313.95251286
2024-11-03 04:00:00,3.787,3.825,3.785,3.822,96472.1140194
2024-11-03 05:00:00,3.822,3.825,3.792,3.794,60440.71971878
2024-11-03 06:00:00,3.795,3.836,3.794,3.826,66489.48717583
2024-11-03 07:00:00,3.826,3.836,3.82,3.824,31225.70111625
2024-11-03 08:00:00,3.824,3.83,3.81,3.818,144970.25700263
2024-11-03 09:00:00,3.817,3.821,3.77,3.774,70696.23761479
2024-11-03 10:00:00,3.774,3.798,3.769,3.775,81970.21867618
2024-11-03 11:00:00,3.777,3.786,3.737,3.747,315996.64409563
2024-11-03 12:00:00,3.747,3.772,3.745,3.748,83888.91667892
2024-11-03 13:00:00,3.748,3.757,3.684,3.694,239231.28825126
2024-11-03 14:00:00,3.695,3.712,3.664,3.691,247607.5993938
2024-11-03 15:00:00,3.691,3.734,3.669,3.732,139724.18556988
2024-11-03 16:00:00,3.731,3.755,3.724,3.741,92032.69208181
2024-11-03 17:00:00,3.743,3.774,3.743,3.761,48503.14211264
2024-11-03 18:00:00,3.764,3.768,3.709,3.72,55444.82514522
2024-11-03 19:00:00,3.719,3.786,3.719,3.779,77589.43601848
2024-11-03 20:00:00,3.781,3.799,3.77,3.792,52629.63133224
2024-11-03 21:00:00,3.791,3.824,3.785,3.801,260567.29513526
2024-11-03 22:00:00,3.803,3.813,3.79,3.798,33720.65968973
2024-11-03 23:00:00,3.797,3.797,3.776,3.782,42198.82387329
2024-11-04 00:00:00,3.782,3.783,3.746,3.777,70437.11806813
2024-11-04 01:00:00,3.778,3.813,3.77,3.798,51574.98897551
2024-11-04 02:00:00,3.799,3.823,3.792,3.822,45943.65456007
2024-11-04 03:00:00,3.822,3.842,3.802,3.803,161560.17220088
2024-11-04 04:00:00,3.803,3.819,3.8,3.802,29959.54737623
2024-11-04 05:00:00,3.802,3.804,3.768,3.771,33609.04222792
2024-11-04 06:00:00,3.771,3.802,3.77,3.8,42605.70529672
2024-11-04 07:00:00,3.8,3.806,3.768,3.771,31565.62177514
2024-11-04 08:00:00,3.772,3.78,3.748,3.756,87483.18327442
2024-11-04 09:00:00,3.756,3.772,3.741,3.759,53268.72965
2024-11-04 10:00:00,3.759,3.797,3.754,3.784,132377.01518183
2024-11-04 11:00:00,3.784,3.808,3.777,3.794,64784.78383948
2024-11-04 12:00:00,3.795,3.815,3.788,3.807,62011.92803642
2024-11-04 13:00:00,3.808,3.824,3.782,3.782,55685.718591
2024-11-04 14:00:00,3.783,3.8,3.762,3.785,186979.6882035
2024-11-04 15:00:00,3.785,3.8,3.776,3.796,100666.08076002
2024-11-04 16:00:00,3.795,3.798,3.743,3.757,82734.40266227
2024-11-04 17:00:00,3.757,3.778,3.753,3.768,43859.01065466
2024-11-04 18:00:00,3.769,3.784,3.759,3.767,36975.8846325
2024-11-04 19:00:00,3.767,3.788,3.767,3.778,34422.45115803
2024-11-04 20:00:00,3.777,3.788,3.756,3.759,46939.2397393
2024-11-04 21:00:00,3.76,3.777,3.674,3.69,240733.00520591
2024-11-04 22:00:00,3.687,3.766,3.683,3.754,107269.45812777
2024-11-04 23:00:00,3.754,3.759,3.734,3.749,73691.20188382
2024-11-05 00:00:00,3.748,3.778,3.746,3.771,82512.39040418
2024-11-05 01:00:00,3.772,3.785,3.742,3.782,78931.65563797
2024-11-05 02:00:00,3.783,3.793,3.762,3.77,38210.54066101
2024-11-05 03:00:00,3.771,3.8,3.771,3.795,42098.5698496
2024-11-05 04:00:00,3.796,3.822,3.788,3.815,44936.88161802
2024-11-05 05:00:00,3.815,3.827,3.81,3.822,50655.96647249
2024-11-05 06:00:00,3.823,3.827,3.797,3.803,94544.69917597
2024-11-05 07:00:00,3.804,3.831,3.798,3.828,50021.44032133
2024-11-05 08:00:00,3.827,3.844,3.821,3.841,45696.27310591
2024-11-05 09:00:00,3.841,3.857,3.838,3.841,62196.84073997
2024-11-05 10:00:00,3.839,3.839,3.821,3.826,50068.99051276
2024-11-05 11:00:00,3.827,3.84,3.826,3.837,20095.07756254
2024-11-05 12:00:00,3.837,3.852,3.825,3.848,42143.07909288
2024-11-05 13:00:00,3.848,3.852,3.833,3.851,27947.07912721
2024-11-05 14:00:00,3.85,3.915,3.848,3.898,128192.57643643
2024-11-05 15:00:00,3.899,3.899,3.851,3.865,133580.53130117
2024-11-05 16:00:00,3.866,3.912,3.861,3.902,144102.29026269
2024-11-05 17:00:00,3.902,3.914,3.889,3.889,62901.58165674
2024-11-05 18:00:00,3.89,3.907,3.886,3.894,26670.37537953
2024-11-05 19:00:00,3.894,3.9,3.821,3.837,154517.6359565
2024-11-05 20:00:00,3.837,3.898,3.825,3.894,79165.95916002
2024-11-05 21:00:00,3.894,3.895,3.852,3.858,30643.92157236
2024-11-05 22:00:00,3.858,3.877,3.847,3.876,43138.53449741
2024-11-05 23:00:00,3.876,3.88,3.85,3.855,30821.93872361
2024-11-06 00:00:00,3.855,3.936,3.855,3.927,137276.30100139
2024-11-06 01:00:00,3.927,3.955,3.918,3.922,118567.80881702
2024-11-06 02:00:00,3.923,4.029,3.915,4.015,243893.01164736
2024-11-06 03:00:00,4.016,4.088,4.001,4.076,410379.03613937
2024-11-06 04:00:00,4.08,4.093,4.058,4.059,200298.01585764
2024-11-06 05:00:00,4.059,4.077,4.015,4.075,202060.64579449
2024-11-06 06:00:00,4.075,4.114,4.055,4.076,156519.64086223
2024-11-06 07:00:00,4.073,4.129,4.053,4.069,253322.88685424
2024-11-06 08:00:00,4.07,4.076,4.009,4.058,222880.60536528
2024-11-06 09:00:00,4.058,4.092,4.048,4.084,56189.3940006
2024-11-06 10:00:00,4.083,4.103,4.066,4.094,64964.77748386
2024-11-06 11:00:00,4.093,4.1,4.081,4.091,54141.57822032
2024-11-06 12:00:00,4.09,4.104,4.068,4.069,64598.59390751
2024-11-06 13:00:00,4.069,4.084,4.046,4.083,90828.24566455
2024-11-06 14:00:00,4.084,4.091,4.037,4.042,178654.51229117
2024-11-06 15:00:00,4.046,4.061,4.029,4.049,195588.55502274
2024-11-06 16:00:00,4.049,4.074,4.026,4.058,119623.43104272
2024-11-06 17:00:00,4.058,4.067,4.05,4.053,31792.48612707
2024-11-06 18:00:00,4.053,4.083,4.053,4.083,65170.40437478
2024-11-06 19:00:00,4.084,4.095,4.062,4.089,156948.29995584
2024-11-06 20:00:00,4.089,4.107,4.076,4.092,186336.4425668
2024-11-06 21:00:00,4.091,4.091,4.055,4.067,158205.82467003
2024-11-06 22:00:00,4.066,4.13,4.059,4.126,123988.66227603
2024-11-06 23:00:00,4.126,4.128,4.108,4.114,49505.18789037
2024-11-07 00:00:00,4.114,4.127,4.098,4.116,91246.62456312
2024-11-07 01:00:00,4.115,4.196,4.111,4.172,229375.96159631
2024-11-07 02:00:00,4.172,4.201,4.172,4.184,152355.28813153
2024-11-07 03:00:00,4.183,4.197,4.168,4.172,89146.61468404
2024-11-07 04:00:00,4.172,4.175,4.112,4.138,135681.69768252
2024-11-07 05:00:00,4.14,4.151,4.128,4.142,43307.02513018
2024-11-07 06:00:00,4.141,4.145,4.062,4.095,202417.94164553
2024-11-07 07:00:00,4.095,4.101,4.081,4.087,84367.19902578
2024-11-07 08:00:00,4.086,4.123,4.085,4.106,187736.09084385
2024-11-07 09:00:00,4.107,4.107,4.07,4.076,93744.88806638
2024-11-07 10:00:00,4.077,4.077,4.047,4.07,44057.4449164
2024-11-07 11:00:00,4.07,4.076,4.058,4.062,54211.04605631
2024-11-07 12:00:00,4.064,4.101,4.062,4.094,46217.83116673
2024-11-07 13:00:00,4.095,4.1,4.05,4.061,119302.59208233
2024-11-07 14:00:00,4.059,4.094,4.049,4.078,87106.82637421
2024-11-07 15:00:00,4.078,4.152,4.065,4.15,135114.17974712
2024-11-07 16:00:00,4.151,4.171,4.105,4.153,218495.67923295
2024-11-07 17:00:00,4.151,4.16,4.128,4.152,71433.51293477
2024-11-07 18:00:00,4.151,4.161,4.116,4.143,230933.79998259
2024-11-07 19:00:00,4.144,4.153,4.114,4.142,124674.13302609
2024-11-07 20:00:00,4.141,4.169,4.137,4.147,139698.83416348
2024-11-07 21:00:00,4.147,4.18,4.144,4.166,55503.70377926
2024-11-07 22:00:00,4.166,4.174,4.123,4.138,50539.09880425
2024-11-07 23:00:00,4.14,4.173,4.123,4.166,28747.08076184
2024-11-08 00:00:00,4.167,4.219,4.167,4.189,104837.32479887
2024-11-08 01:00:00,4.189,4.207,4.147,4.168,71537.16317928
2024-11-08 02:00:00,4.168,4.172,4.126,4.126,51539.13601014
2024-11-08 03:00:00,4.125,4.155,4.118,4.151,50853.68044012
2024-11-08 04:00:00,4.151,4.196,4.148,4.175,55244.26642065
2024-11-08 05:00:00,4.174,4.207,4.173,4.204,173408.71181
2024-11-08 06:00:00,4.202,4.301,4.185,4.269,331616.09500724
2024-11-08 07:00:00,4.268,4.392,4.261,4.327,416420.83332928
2024-11-08 08:00:00,4.326,4.335,4.257,4.258,238570.93764675
2024-11-08 09:00:00,4.258,4.308,4.258,4.307,132167.07153488
2024-11-08 10:00:00,4.305,4.326,4.28,4.306,85450.07894124
2024-11-08 11:00:00,4.305,4.323,4.267,4.293,117691.57355137
2024-11-08 12:00:00,4.293,4.321,4.291,4.319,154343.94086974
2024-11-08 13:00:00,4.319,4.321,4.295,4.315,76875.36801683
2024-11-08 14:00:00,4.314,4.389,4.294,4.304,317376.97874856
2024-11-08 15:00:00,4.303,4.361,4.291,4.342,189527.16483533
2024-11-08 16:00:00,4.343,4.394,4.265,4.284,344985.90785473
2024-11-08 17:00:00,4.283,4.313,4.244,4.308,149486.15090783
2024-11-08 18:00:00,4.308,4.34,4.291,4.321,93993.85015824
2024-11-08 19:00:00,4.32,4.357,4.311,4.338,155820.88211792
2024-11-08 20:00:00,4.338,4.348,4.273,4.297,153072.28611326
2024-11-08 21:00:00,4.295,4.341,4.265,4.335,101331.35632095
2024-11-08 22:00:00,4.336,4.349,4.321,4.34,103270.36168289
2024-11-08 23:00:00,4.342,4.344,4.326,4.328,28546.69584486
2024-11-09 00:00:00,4.327,4.348,4.316,4.324,99372.37645734
2024-11-09 01:00:00,4.323,4.329,4.29,4.298,63917.86847147
2024-11-09 02:00:00,4.296,4.306,4.277,4.297,85635.92940611
2024-11-09 03:00:00,4.296,4.31,4.265,4.27,62429.77243814
2024-11-09 04:00:00,4.271,4.297,4.271,4.289,88424.41897225
2024-11-09 05:00:00,4.289,4.344,4.283,4.342,111770.23309268
2024-11-09 06:00:00,4.342,4.394,4.338,4.36,154911.54802181
2024-11-09 07:00:00,4.359,4.375,4.344,4.37,56741.02184976
2024-11-09 08:00:00,4.369,4.397,4.344,4.385,140708.30424943
2024-11-09 09:00:00,4.383,4.399,4.361,4.376,131121.20622026
2024-11-09 10:00:00,4.375,4.376,4.339,4.359,60120.36094323
2024-11-09 11:00:00,4.36,4.398,4.352,4.391,75431.07789245
2024-11-09 12:00:00,4.39,4.398,4.335,4.336,107395.18151143
2024-11-09 13:00:00,4.337,4.383,4.337,4.374,67662.51591376
2024-11-09 14:00:00,4.374,4.377,4.318,4.347,197550.48957038
2024-11-09 15:00:00,4.344,4.381,4.323,4.375,90875.19778434
2024-11-09 16:00:00,4.376,4.389,4.344,4.378,109870.02308117
2024-11-09 17:00:00,4.377,4.392,4.317,4.379,202053.51535641
2024-11-09 18:00:00,4.38,4.416,4.372,4.416,105967.20430451
2024-11-09 19:00:00,4.416,4.435,4.384,4.399,118896.62418461
2024-11-09 20:00:00,4.398,4.469,4.397,4.465,78547.53510541
2024-11-09 21:00:00,4.464,4.537,4.463,4.51,249357.66086984
2024-11-09 22:00:00,4.51,4.56,4.509,4.555,117855.98451588
2024-11-09 23:00:00,4.556,4.644,4.552,4.634,291417.74170577
2024-11-10 00:00:00,4.635,4.658,4.587,4.633,409752.62649244
2024-11-10 01:00:00,4.633,4.684,4.608,4.683,250579.14314753
2024-11-10 02:00:00,4.683,4.704,4.652,4.669,228712.91680205
2024-11-10 03:00:00,4.67,4.862,4.659,4.842,532500.33753576
2024-11-10 04:00:00,4.84,4.896,4.804,4.873,470323.82022208
2024-11-10 05:00:00,4.873,5.154,4.83,4.983,1324800.80670235
2024-11-10 06:00:00,4.983,4.993,4.904,4.938,451030.34923161
2024-11-10 07:00:00,4.936,4.952,4.903,4.922,214101.6947974
2024-11-10 08:00:00,4.924,4.996,4.924,4.986,273081.17741511
2024-11-10 09:00:00,4.988,5.048,4.981,5.019,300064.88204071
2024-11-10 10:00:00,5.019,5.165,5.007,5.134,481533.91782249
2024-11-10 11:00:00,5.137,5.177,5.092,5.162,386451.64037697
2024-11-10 12:00:00,5.163,5.271,5.082,5.235,782188.08390313
2024-11-10 13:00:00,5.238,5.345,5.211,5.33,481189.58624527
2024-11-10 14:00:00,5.329,5.453,5.186,5.19,1075527.10582226
2024-11-10 15:00:00,5.189,5.26,5.155,5.246,463163.90539279
2024-11-10 16:00:00,5.248,5.343,5.213,5.325,501045.29140632
2024-11-10 17:00:00,5.325,5.484,5.294,5.359,423933.72035464
2024-11-10 18:00:00,5.358,5.46,5.357,5.411,492606.99826398
2024-11-10 19:00:00,5.415,5.434,5.269,5.318,520059.83556357
2024-11-10 20:00:00,5.321,5.338,5.105,5.112,538723.95846906
2024-11-10 21:00:00,5.111,5.182,4.975,5.142,671534.61448669
2024-11-10 22:00:00,5.143,5.258,5.123,5.228,264465.58452984
2024-11-10 23:00:00,5.231,5.268,5.163,5.245,163073.6786942
2024-11-11 00:00:00,5.246,5.319,5.199,5.258,358879.29417959
2024-11-11 01:00:00,5.258,5.303,5.211,5.269,230347.49008856
2024-11-11 02:00:00,5.271,5.386,5.259,5.299,378172.19871543
2024-11-11 03:00:00,5.299,5.321,5.233,5.261,259725.65772114
2024-11-11 04:00:00,5.261,5.276,5.153,5.196,383701.56306747
2024-11-11 05:00:00,5.196,5.209,4.987,5.019,470312.14232175
2024-11-11 06:00:00,5.015,5.079,4.981,5.046,325825.1374357
2024-11-11 07:00:00,5.043,5.094,5.026,5.087,182510.64781062
2024-11-11 08:00:00,5.088,5.119,5.076,5.102,102241.30506773
2024-11-11 09:00:00,5.1,5.107,5.041,5.107,161391.57407186
2024-11-11 10:00:00,5.106,5.151,5.081,5.126,176752.56957151
2024-11-11 11:00:00,5.127,5.177,5.121,5.172,185149.52780114
2024-11-11 12:00:00,5.173,5.184,5.081,5.138,266112.87326807
2024-11-11 13:00:00,5.141,5.148,5.058,5.121,251507.79736732
2024-11-11 14:00:00,5.121,5.16,5.083,5.14,236514.4755367
2024-11-11 15:00:00,5.137,5.282,5.128,5.209,526376.5011578
2024-11-11 16:00:00,5.21,5.281,5.175,5.231,503271.7876195
2024-11-11 17:00:00,5.233,5.269,5.198,5.245,285933.14050445
2024-11-11 18:00:00,5.245,5.295,5.192,5.284,366646.65643891
2024-11-11 19:00:00,5.286,5.303,5.211,5.258,267231.57599014
2024-11-11 20:00:00,5.257,5.377,5.239,5.317,623184.48186908
2024-11-11 21:00:00,5.316,5.378,5.298,5.365,321787.29025901
2024-11-11 22:00:00,5.363,5.548,5.236,5.441,522934.31293941
2024-11-11 23:00:00,5.442,5.795,5.427,5.72,990198.27229058
2024-11-12 00:00:00,5.72,5.74,5.446,5.579,906790.36083432
2024-11-12 01:00:00,5.58,5.62,5.512,5.539,460603.41038312
2024-11-12 02:00:00,5.539,5.584,5.483,5.559,407224.88558378
2024-11-12 03:00:00,5.557,5.596,5.525,5.583,261950.48208389
2024-11-12 04:00:00,5.583,5.583,5.476,5.485,377452.1643779
2024-11-12 05:00:00,5.483,5.543,5.416,5.457,301507.37221659
2024-11-12 06:00:00,5.456,5.557,5.435,5.532,465542.01791895
2024-11-12 07:00:00,5.53,5.607,5.514,5.59,402974.91062781
2024-11-12 08:00:00,5.591,5.81,5.588,5.794,750147.19536776
2024-11-12 09:00:00,5.794,5.853,5.454,5.454,1056870.20857439
2024-11-12 10:00:00,5.454,5.544,5.166,5.407,1876794.33654257
2024-11-12 11:00:00,5.397,5.48,5.337,5.385,859626.80963961
2024-11-12 12:00:00,5.382,5.473,5.254,5.367,778777.41270568
2024-11-12 13:00:00,5.363,5.381,5.128,5.275,1293575.08083944
2024-11-12 14:00:00,5.276,5.394,5.203,5.361,1030187.98613505
2024-11-12 15:00:00,5.361,5.362,5.272,5.29,495113.79282772
2024-11-12 16:00:00,5.293,5.342,5.208,5.297,666471.70590402
2024-11-12 17:00:00,5.298,5.361,5.285,5.32,307986.97128492
2024-11-12 18:00:00,5.317,5.443,5.316,5.426,339123.84931359
2024-11-12 19:00:00,5.427,5.441,5.365,5.368,309010.16278008
2024-11-12 20:00:00,5.368,5.4,5.336,5.348,243140.52462148
2024-11-12 21:00:00,5.348,5.386,5.289,5.369,238936.5628921
2024-11-12 22:00:00,5.37,5.438,5.327,5.437,209177.25548264
2024-11-12 23:00:00,5.438,5.438,5.311,5.317,227374.44951879
2024-11-13 00:00:00,5.317,5.383,5.294,5.296,322129.60975514
2024-11-13 01:00:00,5.294,5.357,5.209,5.275,459538.46911395
2024-11-13 02:00:00,5.276,5.294,5.131,5.215,591171.15167931
2024-11-13 03:00:00,5.214,5.232,5.088,5.091,366503.89124933
2024-11-13 04:00:00,5.093,5.175,4.916,5.065,869433.63276816
2024-11-13 05:00:00,5.065,5.076,4.984,5.0,454334.36759966
2024-11-13 06:00:00,4.999,5.06,4.961,5.022,358293.29278059
2024-11-13 07:00:00,5.021,5.105,5.004,5.093,330043.16351097
2024-11-13 08:00:00,5.094,5.124,5.045,5.063,246878.05275956
2024-11-13 09:00:00,5.063,5.079,5.005,5.033,245400.70750068
2024-11-13 10:00:00,5.032,5.084,4.983,5.077,263187.75534018
2024-11-13 11:00:00,5.074,5.122,5.059,5.077,259505.12314072
2024-11-13 12:00:00,5.075,5.112,5.015,5.071,357516.24629441
2024-11-13 13:00:00,5.071,5.259,5.047,5.207,1303132.31423754
2024-11-13 14:00:00,5.203,5.437,5.148,5.432,1436745.29127045
2024-11-13 15:00:00,5.432,5.442,5.278,5.387,1158767.59260787
2024-11-13 16:00:00,5.389,5.42,5.25,5.312,792311.02657416
2024-11-13 17:00:00,5.312,5.362,5.268,5.302,426147.25302927
2024-11-13 18:00:00,5.302,5.315,5.229,5.267,404067.8954413
2024-11-13 19:00:00,5.266,5.284,5.041,5.066,1165356.14051408
2024-11-13 20:00:00,5.066,5.139,5.0,5.07,555384.91717428
2024-11-13 21:00:00,5.071,5.088,4.953,5.009,730671.25274952
2024-11-13 22:00:00,5.009,5.083,4.995,5.07,226360.80950196
2024-11-13 23:00:00,5.066,5.111,5.029,5.084,261870.4119556
2024-11-14 00:00:00,5.084,5.105,5.024,5.025,232848.53380158
2024-11-14 01:00:00,5.025,5.073,4.996,5.066,265312.72682247
2024-11-14 02:00:00,5.065,5.101,5.0,5.049,261860.48776005
2024-11-14 03:00:00,5.049,5.089,4.991,5.086,249784.71028817
2024-11-14 04:00:00,5.086,5.139,5.068,5.137,259797.57076494
2024-11-14 05:00:00,5.136,5.193,5.094,5.189,321704.40353
2024-11-14 06:00:00,5.189,5.223,5.071,5.071,477382.05638573
2024-11-14 07:00:00,5.07,5.152,5.047,5.132,384768.80617966
2024-11-14 08:00:00,5.131,5.163,5.084,5.101,279982.25553082
2024-11-14 09:00:00,5.1,5.119,5.06,5.09,237701.39993498
2024-11-14 10:00:00,5.088,5.11,4.999,5.005,276841.02287385
2024-11-14 11:00:00,5.005,5.019,4.92,5.011,538239.75613753
2024-11-14 12:00:00,5.011,5.017,4.967,4.99,225231.8036563
2024-11-14 13:00:00,4.989,5.028,4.95,4.96,294612.41777419
2024-11-14 14:00:00,4.959,5.031,4.815,4.832,1071678.3350282
2024-11-14 15:00:00,4.833,4.886,4.777,4.831,1017230.76739825
2024-11-14 16:00:00,4.831,4.938,4.803,4.926,507377.10792019
2024-11-14 17:00:00,4.925,4.94,4.882,4.921,317483.93517232
2024-11-14 18:00:00,4.92,4.938,4.895,4.904,194941.02873073
2024-11-14 19:00:00,4.903,4.938,4.892,4.927,134111.58653945
2024-11-14 20:00:00,4.927,4.927,4.856,4.856,229299.76165213
2024-11-14 21:00:00,4.856,4.935,4.836,4.929,306911.60308184
2024-11-14 22:00:00,4.929,4.937,4.818,4.819,295997.08186265
2024-11-14 23:00:00,4.818,4.835,4.688,4.78,591623.98182297
2024-11-15 00:00:00,4.78,4.858,4.753,4.755,383139.08543603
2024-11-15 01:00:00,4.755,4.833,4.727,4.829,360626.26778051
2024-11-15 02:00:00,4.828,4.852,4.77,4.847,207536.3622169
2024-11-15 03:00:00,4.847,4.861,4.813,4.851,138974.47304587
2024-11-15 04:00:00,4.851,4.86,4.711,4.775,308822.08812757
2024-11-15 05:00:00,4.774,4.836,4.739,4.835,247897.09469603
2024-11-15 06:00:00,4.834,4.9,4.834,4.874,215733.77989991
2024-11-15 07:00:00,4.876,4.892,4.85,4.862,139427.49685456
2024-11-15 08:00:00,4.863,4.918,4.816,4.916,184316.67744571
2024-11-15 09:00:00,4.917,4.958,4.896,4.946,486717.41230141
2024-11-15 10:00:00,4.946,4.954,4.929,4.945,152998.78629525
2024-11-15 11:00:00,4.944,4.978,4.931,4.97,288503.74471325
2024-11-15 12:00:00,4.971,5.002,4.933,4.988,295995.6599682
2024-11-15 13:00:00,4.988,5.059,4.975,5.036,486758.75216861
2024-11-15 14:00:00,5.037,5.05,4.935,4.964,499166.41914854
2024-11-15 15:00:00,4.962,4.964,4.859,4.923,775528.03099825
2024-11-15 16:00:00,4.922,5.014,4.894,4.979,440285.42493098
2024-11-15 17:00:00,4.978,5.05,4.972,5.012,233357.41848192
2024-11-15 18:00:00,5.01,5.043,4.985,5.031,236544.59845729
2024-11-15 19:00:00,5.03,5.08,5.011,5.056,341955.43643484
2024-11-15 20:00:00,5.056,5.106,5.052,5.106,212394.64950652
2024-11-15 21:00:00,5.103,5.178,5.088,5.156,343618.07993816
2024-11-15 22:00:00,5.157,5.171,5.099,5.154,203378.86292617
2024-11-15 23:00:00,5.154,5.171,5.135,5.167,187134.51597767
2024-11-16 00:00:00,5.166,5.191,5.139,5.161,213444.64126829
2024-11-16 01:00:00,5.161,5.211,5.158,5.202,122230.99355711
2024-11-16 02:00:00,5.204,5.208,5.167,5.175,137863.16828244
2024-11-16 03:00:00,5.174,5.275,5.17,5.271,183276.69697583
2024-11-16 04:00:00,5.272,5.272,5.214,5.225,215796.30819751
2024-11-16 05:00:00,5.225,5.317,5.224,5.311,352506.52934175
2024-11-16 06:00:00,5.312,5.323,5.23,5.25,320509.39586111
2024-11-16 07:00:00,5.249,5.273,5.236,5.25,157703.76425739
2024-11-16 08:00:00,5.25,5.284,5.229,5.284,114872.81746884
2024-11-16 09:00:00,5.282,5.365,5.279,5.344,233525.46676956
2024-11-16 10:00:00,5.345,5.455,5.345,5.446,370096.82191256
2024-11-16 11:00:00,5.445,5.5,5.386,5.496,773066.49359821
2024-11-16 12:00:00,5.497,5.507,5.368,5.389,360710.59943279
2024-11-16 13:00:00,5.386,5.418,5.364,5.408,186797.0886627
2024-11-16 14:00:00,5.408,5.561,5.395,5.56,452123.85800978
2024-11-16 15:00:00,5.56,5.574,5.372,5.466,676642.4787252
2024-11-16 16:00:00,5.467,5.623,5.424,5.554,598980.83548744
2024-11-16 17:00:00,5.555,5.604,5.524,5.604,222438.48371341
2024-11-16 18:00:00,5.604,5.796,5.604,5.783,629156.78362306
2024-11-16 19:00:00,5.785,5.792,5.681,5.716,360252.76130264
2024-11-16 20:00:00,5.716,5.805,5.657,5.731,373560.62735183
2024-11-16 21:00:00,5.734,5.799,5.721,5.79,469268.4551958
2024-11-16 22:00:00,5.791,5.795,5.681,5.681,211529.3803188
2024-11-16 23:00:00,5.681,5.809,5.677,5.791,483605.1650465
2024-11-17 00:00:00,5.79,6.148,5.787,6.07,1119840.1531155
2024-11-17 01:00:00,6.07,6.089,5.596,5.679,1086220.36297733
2024-11-17 02:00:00,5.68,5.746,5.515,5.682,1051039.88774022
2024-11-17 03:00:00,5.682,5.751,5.632,5.734,605668.28716161
2024-11-17 04:00:00,5.734,5.735,5.629,5.69,435984.2131474
2024-11-17 05:00:00,5.689,5.707,5.589,5.594,357566.77806767
2024-11-17 06:00:00,5.593,5.736,5.582,5.705,299150.87203594
2024-11-17 07:00:00,5.704,5.755,5.671,5.672,293210.58508653
2024-11-17 08:00:00,5.672,5.705,5.638,5.655,297914.02789126
2024-11-17 09:00:00,5.654,5.697,5.619,5.695,291669.39392957
2024-11-17 10:00:00,5.695,5.703,5.622,5.632,260647.17095715
2024-11-17 11:00:00,5.631,5.633,5.478,5.485,429729.69793351
2024-11-17 12:00:00,5.486,5.597,5.476,5.57,293129.14895744
2024-11-17 13:00:00,5.564,5.599,5.526,5.598,271257.67775396
2024-11-17 14:00:00,5.596,5.596,5.526,5.579,194802.68194385
2024-11-17 15:00:00,5.578,5.583,5.53,5.549,184423.21967853
2024-11-17 16:00:00,5.548,5.603,5.526,5.587,146400.90456754
2024-11-17 17:00:00,5.587,5.604,5.536,5.583,174628.01097269
2024-11-17 18:00:00,5.582,5.582,5.45,5.457,369010.69257464
2024-11-17 19:00:00,5.457,5.476,5.385,5.44,418021.33017451
2024-11-17 20:00:00,5.44,5.469,5.38,5.399,306112.35475629
2024-11-17 21:00:00,5.4,5.413,5.347,5.349,256935.66762495
2024-11-17 22:00:00,5.35,5.401,5.314,5.378,205601.56163966
2024-11-17 23:00:00,5.374,5.427,5.346,5.424,164875.13928988
2024-11-18 00:00:00,5.428,5.576,5.397,5.541,282961.89053612
2024-11-18 01:00:00,5.542,5.81,5.537,5.797,661564.13284392
2024-11-18 02:00:00,5.798,5.807,5.688,5.718,385084.12158087
2024-11-18 03:00:00,5.718,5.766,5.686,5.765,218276.79011036
2024-11-18 04:00:00,5.766,5.826,5.738,5.743,275794.30070653
2024-11-18 05:00:00,5.746,5.853,5.746,5.848,334418.57773266
2024-11-18 06:00:00,5.847,5.986,5.847,5.885,661488.26534427
2024-11-18 07:00:00,5.887,5.94,5.861,5.914,326827.59723286
2024-11-18 08:00:00,5.915,5.956,5.806,5.823,384698.89713972
2024-11-18 09:00:00,5.823,5.845,5.753,5.803,337866.89084833
2024-11-18 10:00:00,5.803,5.845,5.782,5.845,184408.53932956
2024-11-18 11:00:00,5.845,5.868,5.709,5.738,520202.22614492
2024-11-18 12:00:00,5.74,5.798,5.708,5.757,298595.70382937
2024-11-18 13:00:00,5.755,5.768,5.636,5.704,332885.32519551
2024-11-18 14:00:00,5.702,5.865,5.688,5.786,775908.09536865
2024-11-18 15:00:00,5.784,5.891,5.777,5.85,445594.15854083
2024-11-18 16:00:00,5.851,5.902,5.793,5.895,379075.47362388
2024-11-18 17:00:00,5.896,6.007,5.875,5.93,488816.83121738
2024-11-18 18:00:00,5.929,5.98,5.85,5.876,491511.53368385
2024-11-18 19:00:00,5.875,5.887,5.709,5.838,497312.3867813
2024-11-18 20:00:00,5.835,5.894,5.776,5.857,393764.55785823
2024-11-18 21:00:00,5.858,5.99,5.846,5.952,305327.76042835
2024-11-18 22:00:00,5.95,6.1,5.949,6.055,429691.44064502
2024-11-18 23:00:00,6.057,6.087,5.967,6.015,377502.30488902
2024-11-19 00:00:00,6.015,6.017,5.898,5.962,267771.91135776
2024-11-19 01:00:00,5.962,6.003,5.926,5.93,237082.86194636
2024-11-19 02:00:00,5.929,5.976,5.918,5.971,190650.50195224
2024-11-19 03:00:00,5.971,6.049,5.958,6.035,239944.93924687
2024-11-19 04:00:00,6.035,6.049,5.834,5.853,485720.01775796
2024-11-19 05:00:00,5.853,5.946,5.837,5.946,231468.77378924
2024-11-19 06:00:00,5.944,5.972,5.914,5.967,123877.94747918
2024-11-19 07:00:00,5.966,5.983,5.829,5.835,166492.3794275
2024-11-19 08:00:00,5.832,5.84,5.782,5.804,188908.05005431
2024-11-19 09:00:00,5.805,5.829,5.75,5.768,135142.29902539
2024-11-19 10:00:00,5.768,5.81,5.751,5.808,119219.41683525
2024-11-19 11:00:00,5.808,5.89,5.789,5.89,141254.23756825
2024-11-19 12:00:00,5.891,6.044,5.891,5.912,642093.21935265
2024-11-19 13:00:00,5.913,5.913,5.77,5.79,461204.02137245
2024-11-19 14:00:00,5.791,5.859,5.783,5.812,373962.37512051
2024-11-19 15:00:00,5.815,5.844,5.79,5.843,147378.27490917
2024-11-19 16:00:00,5.845,5.86,5.807,5.81,168131.0876061
2024-11-19 17:00:00,5.811,5.857,5.788,5.802,169254.2964677
2024-11-19 18:00:00,5.802,5.866,5.793,5.857,204684.62708906
2024-11-19 19:00:00,5.86,5.909,5.826,5.839,204764.82737932
2024-11-19 20:00:00,5.839,5.862,5.718,5.771,253700.13808546
2024-11-19 21:00:00,5.772,5.779,5.672,5.749,284565.44143855
2024-11-19 22:00:00,5.754,5.785,5.682,5.761,190416.6908011
2024-11-19 23:00:00,5.761,5.819,5.74,5.817,121686.3801757
2024-11-20 00:00:00,5.817,5.853,5.776,5.807,156001.93924098
2024-11-20 01:00:00,5.808,5.885,5.789,5.827,275136.66576372
2024-11-20 02:00:00,5.829,5.9,5.804,5.816,301743.5329186
2024-11-20 03:00:00,5.817,5.821,5.659,5.757,382130.54961301
2024-11-20 04:00:00,5.756,5.76,5.687,5.728,147242.25073696
2024-11-20 05:00:00,5.727,5.865,5.71,5.825,237550.44200809
2024-11-20 06:00:00,5.828,5.899,5.823,5.842,202714.95394846
2024-11-20 07:00:00,5.841,5.867,5.811,5.823,156442.1627286
2024-11-20 08:00:00,5.82,6.003,5.815,5.999,407031.74974358
2024-11-20 09:00:00,5.999,6.078,5.947,6.025,729974.04390628
2024-11-20 10:00:00,6.025,6.079,5.996,6.038,462089.64686155
2024-11-20 11:00:00,6.038,6.073,5.929,6.071,407181.01695406
2024-11-20 12:00:00,6.072,6.074,5.861,5.894,416049.99393066
2024-11-20 13:00:00,5.896,6.06,5.878,6.059,475146.92098836
2024-11-20 14:00:00,6.059,6.087,5.932,5.97,564060.45271936
2024-11-20 15:00:00,5.97,5.999,5.891,5.933,310608.32833293
2024-11-20 16:00:00,5.931,5.961,5.755,5.794,534272.86273031
2024-11-20 17:00:00,5.792,5.836,5.674,5.674,321111.1351046
2024-11-20 18:00:00,5.674,5.702,5.609,5.652,455312.9894086
2024-11-20 19:00:00,5.649,5.657,5.537,5.608,374450.9744737
2024-11-20 20:00:00,5.607,5.689,5.587,5.66,243551.35894869
2024-11-20 21:00:00,5.66,5.8,5.64,5.713,210145.7379219
2024-11-20 22:00:00,5.715,5.829,5.709,5.757,231622.70851758
2024-11-20 23:00:00,5.757,5.784,5.698,5.73,123836.34245223
2024-11-21 00:00:00,5.73,5.804,5.697,5.74,263169.06330792
2024-11-21 01:00:00,5.74,5.769,5.69,5.712,162742.01143249
2024-11-21 02:00:00,5.711,5.713,5.489,5.504,688783.81752029
2024-11-21 03:00:00,5.504,5.633,5.481,5.557,539028.78004272
2024-11-21 04:00:00,5.557,5.773,5.55,5.698,421844.51490329
2024-11-21 05:00:00,5.699,5.762,5.643,5.676,317699.03501803
2024-11-21 06:00:00,5.678,5.713,5.637,5.697,177642.42745389
2024-11-21 07:00:00,5.697,5.73,5.67,5.71,134925.99618803
2024-11-21 08:00:00,5.71,5.726,5.684,5.696,136840.73500771
2024-11-21 09:00:00,5.694,5.708,5.61,5.61,202032.64755938
2024-11-21 10:00:00,5.611,5.653,5.567,5.621,223142.72188967
2024-11-21 11:00:00,5.62,5.756,5.611,5.728,271755.76415798
2024-11-21 12:00:00,5.727,5.975,5.724,5.886,679807.09613418
2024-11-21 13:00:00,5.885,5.969,5.884,5.903,450188.86186288
2024-11-21 14:00:00,5.905,5.972,5.824,5.869,450322.04729315
2024-11-21 15:00:00,5.867,5.88,5.717,5.781,489201.76990592
2024-11-21 16:00:00,5.781,5.869,5.773,5.802,314641.93412574
2024-11-21 17:00:00,5.803,5.845,5.765,5.845,226426.27953043
2024-11-21 18:00:00,5.847,5.912,5.802,5.903,287343.99060908
2024-11-21 19:00:00,5.9,5.913,5.815,5.84,386131.34615441
2024-11-21 20:00:00,5.84,5.912,5.826,5.862,271080.99150319
2024-11-21 21:00:00,5.864,5.895,5.819,5.884,230097.01532161
2024-11-21 22:00:00,5.89,5.939,5.881,5.937,124390.82105467
2024-11-21 23:00:00,5.94,5.958,5.921,5.943,133059.11597223
2024-11-22 00:00:00,5.945,5.967,5.89,5.954,248188.76371253
2024-11-22 01:00:00,5.958,6.177,5.94,6.177,976429.37901721
2024-11-22 02:00:00,6.178,6.26,6.077,6.159,894975.06462155
2024-11-22 03:00:00,6.158,6.223,6.131,6.173,421869.55859986
2024-11-22 04:00:00,6.171,6.285,6.16,6.232,460889.81852487
2024-11-22 05:00:00,6.232,6.261,6.182,6.234,360616.36532922
2024-11-22 06:00:00,6.233,6.263,6.168,6.202,375548.73673426
2024-11-22 07:00:00,6.201,6.202,6.088,6.098,257626.27509754
2024-11-22 08:00:00,6.099,6.166,6.099,6.161,253334.20723409
2024-11-22 09:00:00,6.155,6.156,6.052,6.078,434384.01914018
2024-11-22 10:00:00,6.079,6.106,6.032,6.033,215557.78852314
2024-11-22 11:00:00,6.032,6.196,6.013,6.183,337436.32565642
2024-11-22 12:00:00,6.183,6.256,6.154,6.231,437423.45451809
2024-11-22 13:00:00,6.233,6.235,5.969,6.064,1029542.77385395
2024-11-22 14:00:00,6.068,6.231,6.055,6.136,833710.04811326
2024-11-22 15:00:00,6.134,6.376,6.122,6.363,967619.58556931
2024-11-22 16:00:00,6.363,6.429,6.279,6.308,1202310.48014324
2024-11-22 17:00:00,6.306,6.364,6.277,6.323,465139.16210534
2024-11-22 18:00:00,6.325,6.394,6.268,6.286,575909.52068484
2024-11-22 19:00:00,6.287,6.394,6.243,6.368,543252.12928643
2024-11-22 20:00:00,6.365,6.468,6.318,6.448,445006.93903479
2024-11-22 21:00:00,6.447,6.459,6.366,6.429,455428.32458693
2024-11-22 22:00:00,6.43,6.503,6.412,6.499,459221.95600632
2024-11-22 23:00:00,6.498,6.698,6.461,6.64,809409.64421513
2024-11-23 00:00:00,6.64,6.923,6.594,6.844,1319340.05841424
2024-11-23 01:00:00,6.844,7.207,6.838,7.167,1883339.79404169
2024-11-23 02:00:00,7.165,7.184,6.9,6.976,1306530.24733037
2024-11-23 03:00:00,6.977,7.275,6.974,7.207,859638.00993105
2024-11-23 04:00:00,7.208,7.51,7.194,7.487,1727905.03118916
2024-11-23 05:00:00,7.484,7.617,7.355,7.416,1413118.03712255
2024-11-23 06:00:00,7.418,7.622,7.401,7.54,1088316.37949632
2024-11-23 07:00:00,7.537,7.722,7.509,7.64,1090429.20715548
2024-11-23 08:00:00,7.64,7.781,7.597,7.665,1080741.87573893
2024-11-23 09:00:00,7.665,7.806,7.597,7.689,1040466.75320865
2024-11-23 10:00:00,7.689,7.754,7.55,7.674,826325.42096146
2024-11-23 11:00:00,7.674,8.01,7.663,7.937,1414519.29033254
2024-11-23 12:00:00,7.937,8.388,7.87,8.125,2110726.47598471
2024-11-23 13:00:00,8.124,8.233,7.901,8.115,1572792.85580635
2024-11-23 14:00:00,8.117,8.333,8.114,8.32,1092331.17968757
2024-11-23 15:00:00,8.318,9.021,8.291,8.867,2247469.14403786
2024-11-23 16:00:00,8.876,9.464,8.368,8.578,3260376.08915375
2024-11-23 17:00:00,8.579,8.914,8.383,8.66,1631594.81709514
2024-11-23 18:00:00,8.657,8.887,8.504,8.851,1104453.36969591
2024-11-23 19:00:00,8.853,8.853,8.599,8.657,1087924.33872666
2024-11-23 20:00:00,8.66,8.697,8.279,8.512,1112034.73476986
2024-11-23 21:00:00,8.515,8.73,8.499,8.673,887995.24124724
2024-11-23 22:00:00,8.671,8.723,8.569,8.669,574374.84489943
2024-11-23 23:00:00,8.665,8.676,8.366,8.534,597024.58049019
2024-11-24 00:00:00,8.536,10.535,8.527,9.677,3296113.68935481
2024-11-24 01:00:00,9.675,9.75,9.357,9.506,1355738.61781105
2024-11-24 02:00:00,9.506,9.618,9.232,9.444,1189993.53190091
2024-11-24 03:00:00,9.441,9.544,9.273,9.421,1093411.83670157
2024-11-24 04:00:00,9.421,9.489,9.037,9.143,1151273.14421915
2024-11-24 05:00:00,9.142,9.258,8.956,9.011,965262.57478141
2024-11-24 06:00:00,9.01,9.114,8.778,8.953,819111.06420295
2024-11-24 07:00:00,8.956,9.176,8.948,9.145,578881.34564387
2024-11-24 08:00:00,9.138,9.17,8.821,8.847,921100.48809214
2024-11-24 09:00:00,8.847,9.001,8.794,8.86,519557.39994478
2024-11-24 10:00:00,8.861,8.921,8.613,8.733,616742.31406484
2024-11-24 11:00:00,8.729,8.784,8.461,8.497,1033438.35144271
2024-11-24 12:00:00,8.495,8.631,8.048,8.315,1360879.735562
2024-11-24 13:00:00,8.309,8.801,8.221,8.782,1166914.10651472
2024-11-24 14:00:00,8.78,8.781,8.5,8.654,1038588.09131586
2024-11-24 15:00:00,8.652,8.707,8.246,8.248,801489.13175821
2024-11-24 16:00:00,8.25,8.575,8.178,8.432,749670.11141777
2024-11-24 17:00:00,8.432,8.532,8.307,8.423,540273.51445974
2024-11-24 18:00:00,8.423,8.572,8.398,8.529,395080.07503557
2024-11-24 19:00:00,8.528,8.545,8.424,8.499,303762.01755361
2024-11-24 20:00:00,8.498,8.84,8.459,8.786,621602.36834915
2024-11-24 21:00:00,8.774,8.922,8.676,8.917,448490.90167694
2024-11-24 22:00:00,8.921,9.015,8.782,9.007,745807.70696418
2024-11-24 23:00:00,9.006,9.05,8.777,8.843,447045.62332421
2024-11-25 00:00:00,8.846,8.848,8.571,8.633,552522.7370835
2024-11-25 01:00:00,8.632,8.648,8.428,8.558,579281.66887663
2024-11-25 02:00:00,8.557,8.625,8.54,8.604,227089.69094573
2024-11-25 03:00:00,8.607,8.757,8.603,8.735,257847.97152322
2024-11-25 04:00:00,8.736,8.992,8.718,8.887,515946.46202682
2024-11-25 05:00:00,8.889,9.133,8.854,9.094,520663.98830961
2024-11-25 06:00:00,9.094,9.311,9.049,9.211,1030910.17500346
2024-11-25 07:00:00,9.21,9.381,9.114,9.214,685319.4853863
2024-11-25 08:00:00,9.209,9.258,9.096,9.126,528089.2808599
2024-11-25 09:00:00,9.122,9.23,9.078,9.162,406625.02468753
2024-11-25 10:00:00,9.159,9.159,8.986,9.022,489360.11740006
2024-11-25 11:00:00,9.024,9.049,8.901,9.004,388263.02105093
2024-11-25 12:00:00,9.0,9.039,8.854,8.859,420567.47233646
2024-11-25 13:00:00,8.857,8.889,8.659,8.674,619634.99815954
2024-11-25 14:00:00,8.674,8.836,8.526,8.535,555974.34249198
2024-11-25 15:00:00,8.538,8.684,8.363,8.593,743109.69778398
2024-11-25 16:00:00,8.592,8.661,8.445,8.539,378478.65207004
2024-11-25 17:00:00,8.538,8.549,8.362,8.438,382256.29494247
2024-11-25 18:00:00,8.44,8.545,8.413,8.455,226123.36332162
2024-11-25 19:00:00,8.455,8.613,8.407,8.514,271091.92286309
2024-11-25 20:00:00,8.516,8.593,8.471,8.526,230546.58613905
2024-11-25 21:00:00,8.527,8.546,8.306,8.397,331421.72609287
2024-11-25 22:00:00,8.397,8.425,8.102,8.353,535798.80247323
2024-11-25 23:00:00,8.351,8.375,8.215,8.241,266381.28039677
2024-11-26 00:00:00,8.241,8.482,8.192,8.374,431208.17423398
2024-11-26 01:00:00,8.372,8.441,8.335,8.411,180301.13560447
2024-11-26 02:00:00,8.409,8.452,8.377,8.38,213924.94052912
2024-11-26 03:00:00,8.38,8.4,8.232,8.343,336931.30231518
2024-11-26 04:00:00,8.344,8.365,8.235,8.309,164535.72376189
2024-11-26 05:00:00,8.314,8.456,8.299,8.441,135218.45740719
2024-11-26 06:00:00,8.44,8.454,8.333,8.343,116171.90292524
2024-11-26 07:00:00,8.342,8.342,8.166,8.237,303736.34073512
2024-11-26 08:00:00,8.233,8.24,7.899,8.008,1630056.48465301
2024-11-26 09:00:00,8.008,8.117,7.935,8.034,497738.94516855
2024-11-26 10:00:00,8.033,8.075,7.786,7.786,524867.98084504
2024-11-26 11:00:00,7.786,7.896,7.551,7.853,1118191.02931672
2024-11-26 12:00:00,7.851,7.965,7.745,7.83,605588.61044797
2024-11-26 13:00:00,7.83,7.96,7.774,7.853,318205.28256389
2024-11-26 14:00:00,7.853,8.036,7.762,7.975,405784.49184096
2024-11-26 15:00:00,7.976,7.996,7.848,7.883,310439.10374356
2024-11-26 16:00:00,7.884,8.179,7.861,8.123,455884.28412931
2024-11-26 17:00:00,8.126,8.134,8.036,8.053,212331.11270462
2024-11-26 18:00:00,8.055,8.073,7.787,7.927,528749.23996321
2024-11-26 19:00:00,7.932,8.026,7.831,8.017,447535.65519709
2024-11-26 20:00:00,8.017,8.13,7.964,8.068,287068.75777412
2024-11-26 21:00:00,8.066,8.142,8.005,8.04,232281.34172687
2024-11-26 22:00:00,8.037,8.15,8.025,8.055,167330.85178117
2024-11-26 23:00:00,8.054,8.107,8.022,8.07,141972.27081585
2024-11-27 00:00:00,8.071,8.182,7.874,7.886,470985.44069515
2024-11-27 01:00:00,7.891,8.124,7.844,8.095,256711.13797019
2024-11-27 02:00:00,8.095,8.154,7.996,8.114,167237.8599068
2024-11-27 03:00:00,8.116,8.136,8.017,8.062,126596.08917721
2024-11-27 04:00:00,8.061,8.203,8.035,8.059,191724.8130758
2024-11-27 05:00:00,8.059,8.165,7.981,8.112,175134.73525815
2024-11-27 06:00:00,8.113,8.209,8.087,8.128,185486.23625034
2024-11-27 07:00:00,8.13,8.302,8.105,8.286,308941.44250455
2024-11-27 08:00:00,8.285,8.304,8.209,8.299,258371.85756007
2024-11-27 09:00:00,8.301,8.398,8.163,8.383,380945.85881754
2024-11-27 10:00:00,8.383,8.449,8.298,8.363,337627.35088819
2024-11-27 11:00:00,8.36,8.365,8.257,8.302,208226.43599304
2024-11-27 12:00:00,8.299,8.31,8.15,8.279,300331.22783139
2024-11-27 13:00:00,8.278,8.394,8.265,8.392,241905.10299063
2024-11-27 14:00:00,8.394,8.449,8.275,8.357,439664.615722
2024-11-27 15:00:00,8.356,8.496,8.269,8.412,400159.36783386
2024-11-27 16:00:00,8.415,8.472,8.25,8.287,334384.46341768
2024-11-27 17:00:00,8.287,8.359,8.231,8.348,193280.87166657
2024-11-27 18:00:00,8.346,8.417,8.322,8.37,113866.99662708
2024-11-27 19:00:00,8.371,8.428,8.352,8.397,100121.13944208
2024-11-27 20:00:00,8.395,8.584,8.39,8.462,296553.07730133
2024-11-27 21:00:00,8.463,8.474,8.342,8.393,181533.13080735
2024-11-27 22:00:00,8.393,8.514,8.36,8.42,184483.12522828
2024-11-27 23:00:00,8.419,8.511,8.393,8.469,226977.93120611
2024-11-28 00:00:00,8.471,8.472,8.327,8.431,319405.71413951
2024-11-28 01:00:00,8.433,8.516,8.384,8.5,282289.59851385
2024-11-28 02:00:00,8.5,8.504,8.242,8.276,255154.33428131
2024-11-28 03:00:00,8.274,8.298,8.123,8.224,418167.30521548
2024-11-28 04:00:00,8.224,8.284,8.181,8.24,150246.82356557
2024-11-28 05:00:00,8.243,8.28,8.176,8.199,143393.52588291
2024-11-28 06:00:00,8.2,8.244,8.121,8.222,195803.42490103
2024-11-28 07:00:00,8.223,8.263,8.145,8.179,103109.46156499
2024-11-28 08:00:00,8.181,8.259,8.133,8.232,186280.59506525
2024-11-28 09:00:00,8.23,8.242,8.144,8.145,230147.26768785
2024-11-28 10:00:00,8.146,8.209,8.115,8.156,209669.07184467
2024-11-28 11:00:00,8.157,8.251,8.123,8.211,263014.17509871
2024-11-28 12:00:00,8.21,8.234,8.142,8.19,184658.55369075
2024-11-28 13:00:00,8.192,8.213,8.122,8.195,174698.84343104
2024-11-28 14:00:00,8.196,8.283,8.17,8.184,244736.81656981
2024-11-28 15:00:00,8.185,8.244,8.01,8.037,364981.14461128
2024-11-28 16:00:00,8.039,8.152,8.039,8.107,156315.78263643
2024-11-28 17:00:00,8.109,8.375,8.109,8.249,403527.66260312
2024-11-28 18:00:00,8.251,8.465,8.251,8.441,269919.44155226
2024-11-28 19:00:00,8.439,8.596,8.404,8.583,444566.22494476
2024-11-28 20:00:00,8.582,8.59,8.433,8.484,245706.05015652
2024-11-28 21:00:00,8.485,8.573,8.485,8.514,173190.1124142
2024-11-28 22:00:00,8.515,8.762,8.511,8.662,275303.98101716
2024-11-28 23:00:00,8.661,8.721,8.578,8.624,315436.16877699
2024-11-29 00:00:00,8.624,8.679,8.583,8.585,247280.64712118
2024-11-29 01:00:00,8.582,8.668,8.523,8.611,219174.07029359
2024-11-29 02:00:00,8.611,8.76,8.611,8.635,248936.78619682
2024-11-29 03:00:00,8.634,8.689,8.555,8.581,211544.0904611
2024-11-29 04:00:00,8.581,8.602,8.5,8.544,154247.8615365
2024-11-29 05:00:00,8.541,8.556,8.453,8.466,121416.33398516
2024-11-29 06:00:00,8.467,8.54,8.457,8.527,123436.26618176
2024-11-29 07:00:00,8.527,8.598,8.45,8.461,190949.83975461
2024-11-29 08:00:00,8.461,8.67,8.461,8.657,247125.37813648
2024-11-29 09:00:00,8.658,8.771,8.629,8.651,258000.19631755
2024-11-29 10:00:00,8.649,8.816,8.649,8.74,254555.87588338
2024-11-29 11:00:00,8.737,8.789,8.689,8.717,225410.91531557
2024-11-29 12:00:00,8.72,8.738,8.65,8.663,159677.08801062
2024-11-29 13:00:00,8.662,8.701,8.621,8.68,139530.46191833
2024-11-29 14:00:00,8.683,8.897,8.672,8.885,200765.61073372
2024-11-29 15:00:00,8.885,9.029,8.689,8.716,497646.36594639
2024-11-29 16:00:00,8.717,8.771,8.594,8.633,311013.66762448
2024-11-29 17:00:00,8.635,8.725,8.592,8.612,280080.03792004
2024-11-29 18:00:00,8.609,8.7,8.603,8.662,138559.4912507
2024-11-29 19:00:00,8.659,8.733,8.6,8.731,141888.12756115
2024-11-29 20:00:00,8.734,8.785,8.659,8.678,132783.22734104
2024-11-29 21:00:00,8.677,8.758,8.628,8.732,76755.74364029
2024-11-29 22:00:00,8.734,8.771,8.701,8.746,164178.83918892
2024-11-29 23:00:00,8.748,9.087,8.714,9.042,361317.41491121
2024-11-30 00:00:00,9.037,9.044,8.699,8.739,618995.42945635
2024-11-30 01:00:00,8.736,8.865,8.679,8.712,216638.69168327
2024-11-30 02:00:00,8.713,8.737,8.616,8.672,210844.4353712
2024-11-30 03:00:00,8.67,8.704,8.615,8.685,117070.94975657
2024-11-30 04:00:00,8.687,8.751,8.659,8.697,101040.42569724
2024-11-30 05:00:00,8.695,8.811,8.68,8.764,125437.17606446
2024-11-30 06:00:00,8.766,8.852,8.735,8.745,212474.0489913
2024-11-30 07:00:00,8.748,8.911,8.707,8.881,249644.0353277
2024-11-30 08:00:00,8.882,9.16,8.882,9.096,558788.5045182
2024-11-30 09:00:00,9.095,9.15,9.013,9.051,275579.78544243
2024-11-30 10:00:00,9.054,9.074,8.772,8.785,361625.46754178
2024-11-30 11:00:00,8.787,8.953,8.763,8.896,249423.04716993
2024-11-30 12:00:00,8.894,8.999,8.847,8.996,262520.06369547
2024-11-30 13:00:00,8.996,8.999,8.834,8.852,171527.11301808
2024-11-30 14:00:00,8.849,8.98,8.793,8.816,151056.22060741
2024-11-30 15:00:00,8.818,8.893,8.784,8.862,283217.44663217
2024-11-30 16:00:00,8.861,8.944,8.796,8.903,240712.93526522
2024-11-30 17:00:00,8.898,8.994,8.883,8.94,242441.36837768
2024-11-30 18:00:00,8.942,9.032,8.9,9.031,226088.0323578
2024-11-30 19:00:00,9.032,9.131,8.982,9.128,268955.10702756
2024-11-30 20:00:00,9.127,9.154,9.044,9.126,246811.80338228
2024-11-30 21:00:00,9.129,9.157,9.052,9.118,189414.79545719
2024-11-30 22:00:00,9.117,9.237,8.962,9.01,312818.29398918
2024-11-30 23:00:00,9.012,9.054,8.946,8.959,219770.27532819
2024-12-01 00:00:00,8.959,9.165,8.866,8.879,422011.09203667
2024-12-01 01:00:00,8.881,8.942,8.78,8.839,285970.33886204
2024-12-01 02:00:00,8.84,8.865,8.67,8.725,371010.87568997
2024-12-01 03:00:00,8.727,8.881,8.726,8.853,350348.3607338
2024-12-01 04:00:00,8.853,8.858,8.769,8.842,102331.36977429
2024-12-01 05:00:00,8.842,8.842,8.755,8.755,175353.49975776
2024-12-01 06:00:00,8.758,8.84,8.756,8.799,95877.7624655
2024-12-01 07:00:00,8.799,8.865,8.783,8.816,103127.05434069
2024-12-01 08:00:00,8.817,9.002,8.783,8.989,196434.6460593
2024-12-01 09:00:00,8.986,8.992,8.918,8.946,198034.45005193
2024-12-01 10:00:00,8.944,9.068,8.89,9.061,272014.29208799
2024-12-01 11:00:00,9.061,9.236,9.044,9.187,593633.08450136
2024-12-01 12:00:00,9.186,9.24,9.121,9.16,398053.05035611
2024-12-01 13:00:00,9.157,9.254,9.067,9.083,342205.25791775
2024-12-01 14:00:00,9.083,9.155,9.05,9.122,232522.77600646
2024-12-01 15:00:00,9.125,9.184,9.091,9.123,264241.3883043
2024-12-01 16:00:00,9.122,9.162,9.041,9.051,366528.26932313
2024-12-01 17:00:00,9.05,9.069,8.962,9.034,246734.56338043
2024-12-01 18:00:00,9.032,9.065,8.986,9.037,127497.37221482
2024-12-01 19:00:00,9.037,9.234,9.026,9.149,243196.51860666
2024-12-01 20:00:00,9.15,9.296,8.985,9.295,498727.0745991
2024-12-01 21:00:00,9.297,9.401,9.217,9.275,482270.0241239
2024-12-01 22:00:00,9.276,9.336,9.19,9.242,189837.22410033
2024-12-01 23:00:00,9.242,9.378,9.241,9.308,267250.40006689
2024-12-02 00:00:00,9.308,9.365,9.145,9.228,525356.19614622
2024-12-02 01:00:00,9.23,9.503,9.214,9.496,629017.75092589
2024-12-02 02:00:00,9.497,9.535,9.263,9.459,606102.03563393
2024-12-02 03:00:00,9.456,9.504,9.074,9.129,467765.97716893
2024-12-02 04:00:00,9.125,9.218,8.921,9.12,791111.48604376
2024-12-02 05:00:00,9.119,9.212,9.052,9.176,256326.6303722
2024-12-02 06:00:00,9.177,9.218,8.987,9.187,387460.81753264
2024-12-02 07:00:00,9.185,9.219,8.976,9.055,320243.08403536
2024-12-02 08:00:00,9.053,9.113,8.555,8.628,1277841.64710887
2024-12-02 09:00:00,8.624,8.798,8.571,8.742,467243.30452798
2024-12-02 10:00:00,8.741,8.743,8.464,8.487,515771.43820254
2024-12-02 11:00:00,8.484,8.624,8.463,8.549,283495.75365931
2024-12-02 12:00:00,8.549,8.709,8.514,8.588,355817.46047336
2024-12-02 13:00:00,8.588,8.867,8.586,8.864,376531.74694312
2024-12-02 14:00:00,8.864,9.084,8.769,8.975,578653.84078249
2024-12-02 15:00:00,8.98,9.2,8.904,9.152,666386.44715768
2024-12-02 16:00:00,9.152,9.227,8.872,9.046,770491.47791096
2024-12-02 17:00:00,9.048,9.112,8.775,8.827,697720.85620266
2024-12-02 18:00:00,8.827,9.09,8.82,9.069,462455.49280385
2024-12-02 19:00:00,9.068,9.265,8.916,9.231,542007.85087872
2024-12-02 20:00:00,9.232,9.438,9.213,9.402,666995.54500447
2024-12-02 21:00:00,9.4,9.983,9.397,9.909,1677046.09019956
2024-12-02 22:00:00,9.908,9.961,9.675,9.813,819826.06195173
2024-12-02 23:00:00,9.814,10.211,9.794,10.022,975928.0112024
2024-12-03 00:00:00,10.023,10.055,9.834,9.93,599606.01155851
2024-12-03 01:00:00,9.93,10.4,9.913,10.051,1190684.70617803
2024-12-03 02:00:00,10.052,10.212,9.935,10.203,570066.01617565
2024-12-03 03:00:00,10.206,10.32,10.15,10.154,483185.75644346
2024-12-03 04:00:00,10.153,10.215,10.003,10.03,500985.60147943
2024-12-03 05:00:00,10.028,10.237,9.96,10.208,432097.34078207
2024-12-03 06:00:00,10.208,10.355,10.013,10.055,704319.78704321
2024-12-03 07:00:00,10.052,10.125,9.804,9.872,667714.73198777
2024-12-03 08:00:00,9.872,10.078,9.862,10.075,330153.56033388
2024-12-03 09:00:00,10.074,10.141,9.905,10.019,392440.1293351
2024-12-03 10:00:00,10.02,10.097,9.772,9.802,385220.63297703
2024-12-03 11:00:00,9.801,10.124,9.788,10.072,404681.73342324
2024-12-03 12:00:00,10.068,10.087,9.915,10.066,438621.58410423
2024-12-03 13:00:00,10.066,10.13,9.364,9.543,1519094.11150898
2024-12-03 14:00:00,9.542,9.731,9.066,9.533,1707176.38380143
2024-12-03 15:00:00,9.53,9.689,9.408,9.579,867486.19416523
2024-12-03 16:00:00,9.582,9.759,9.42,9.452,567981.81453983
2024-12-03 17:00:00,9.452,9.589,9.332,9.586,332672.13259579
2024-12-03 18:00:00,9.586,9.704,9.545,9.64,248667.66221607
2024-12-03 19:00:00,9.641,9.641,9.425,9.575,257444.47543077
2024-12-03 20:00:00,9.572,9.758,9.557,9.728,488369.94874704
2024-12-03 21:00:00,9.726,9.885,9.721,9.77,249067.52794916
2024-12-03 22:00:00,9.779,9.854,9.628,9.853,189616.67330105
2024-12-03 23:00:00,9.853,9.918,9.774,9.796,351117.08244566
2024-12-04 00:00:00,9.797,9.939,9.752,9.773,478944.33155892
2024-12-04 01:00:00,9.777,9.961,9.707,9.896,419209.18155368
2024-12-04 02:00:00,9.895,9.918,9.684,9.784,221213.39238628
2024-12-04 03:00:00,9.784,10.061,9.78,9.973,307852.29422027
2024-12-04 04:00:00,9.973,10.056,9.954,10.025,237030.62924926
2024-12-04 05:00:00,10.025,10.11,10.002,10.084,389711.45852847
2024-12-04 06:00:00,10.083,10.083,9.943,10.057,196683.19629195
2024-12-04 07:00:00,10.06,10.112,9.992,10.064,153425.44654296
2024-12-04 08:00:00,10.064,10.132,10.003,10.066,219137.42317521
2024-12-04 09:00:00,10.067,10.53,10.067,10.471,753640.41361591
2024-12-04 10:00:00,10.472,11.054,10.395,10.933,1590680.57850018
2024-12-04 11:00:00,10.93,11.279,10.849,11.013,863142.47011147
2024-12-04 12:00:00,11.01,11.431,10.939,11.342,1031507.84460212
2024-12-04 13:00:00,11.342,11.672,11.133,11.416,1016893.18730816
2024-12-04 14:00:00,11.413,11.481,11.034,11.066,699862.3961027
2024-12-04 15:00:00,11.064,11.169,10.921,11.003,727342.27775511
2024-12-04 16:00:00,11.007,11.019,10.365,10.389,1045466.93567894
2024-12-04 17:00:00,10.386,10.619,10.374,10.592,601480.40200955
2024-12-04 18:00:00,10.595,10.913,10.577,10.822,470145.45567881
2024-12-04 19:00:00,10.817,11.346,10.798,11.093,627485.29160088
2024-12-04 20:00:00,11.095,11.139,10.774,10.861,544864.16890291
2024-12-04 21:00:00,10.863,11.003,10.732,10.876,644454.70131328
2024-12-04 22:00:00,10.878,11.009,10.687,10.729,306922.51108853
2024-12-04 23:00:00,10.726,10.764,10.395,10.54,545019.82506211
2024-12-05 00:00:00,10.538,10.642,10.304,10.342,404023.23496961
2024-12-05 01:00:00,10.338,10.338,9.912,10.019,908510.27900081
2024-12-05 02:00:00,10.016,10.536,10.005,10.39,974651.21534857
2024-12-05 03:00:00,10.389,10.657,10.21,10.297,695094.74984595
2024-12-05 04:00:00,10.3,10.656,10.23,10.461,416290.12605104
2024-12-05 05:00:00,10.463,10.482,10.268,10.39,275747.27068013
2024-12-05 06:00:00,10.39,10.532,10.344,10.491,313748.82187752
2024-12-05 07:00:00,10.492,10.764,10.479,10.733,295183.84754504
2024-12-05 08:00:00,10.734,10.877,10.654,10.703,405678.38860376
2024-12-05 09:00:00,10.705,10.803,10.623,10.738,183054.46839941
2024-12-05 10:00:00,10.737,10.87,10.717,10.811,307411.790502
2024-12-05 11:00:00,10.81,11.178,10.805,11.126,414659.94375698
2024-12-05 12:00:00,11.128,11.199,10.839,10.966,484665.81053396
2024-12-05 13:00:00,10.966,11.11,10.889,10.894,270350.62327258
2024-12-05 14:00:00,10.895,10.979,10.759,10.782,410402.75068965
2024-12-05 15:00:00,10.782,10.976,10.708,10.914,505771.72177878
2024-12-05 16:00:00,10.916,11.159,10.827,10.997,358767.78142144
2024-12-05 17:00:00,10.995,11.086,10.893,10.981,375867.6504242
2024-12-05 18:00:00,10.984,11.267,10.984,11.004,448199.16906362
2024-12-05 19:00:00,11.005,11.132,10.775,10.828,313989.62451666
2024-12-05 20:00:00,10.828,10.942,10.589,10.718,591949.9296749
2024-12-05 21:00:00,10.718,10.813,10.534,10.759,440290.41523183
2024-12-05 22:00:00,10.753,10.894,10.168,10.541,615942.68645244
2024-12-05 23:00:00,10.541,10.642,10.333,10.392,421486.18800339
2024-12-06 00:00:00,10.395,10.627,10.265,10.574,442690.93297029
2024-12-06 01:00:00,10.574,10.779,10.511,10.701,269229.05981942
2024-12-06 02:00:00,10.701,10.703,10.535,10.598,202091.24722569
2024-12-06 03:00:00,10.6,10.644,10.45,10.612,209495.11538541
2024-12-06 04:00:00,10.615,10.761,10.594,10.71,164987.14401407
2024-12-06 05:00:00,10.71,10.772,10.65,10.665,242939.30906078
2024-12-06 06:00:00,10.667,10.742,10.593,10.64,208883.58781675
2024-12-06 07:00:00,10.642,10.658,10.491,10.523,141211.65507559
2024-12-06 08:00:00,10.524,10.638,10.374,10.443,374928.15381419
2024-12-06 09:00:00,10.443,10.463,10.215,10.295,332937.80138593
2024-12-06 10:00:00,10.29,10.317,10.112,10.278,392295.37475028
2024-12-06 11:00:00,10.276,10.332,10.188,10.258,260498.20933899
2024-12-06 12:00:00,10.254,10.37,10.033,10.056,322215.98995275
2024-12-06 13:00:00,10.056,10.361,10.039,10.27,389742.06570942
2024-12-06 14:00:00,10.27,10.553,10.192,10.547,303560.23493704
2024-12-06 15:00:00,10.547,10.691,10.444,10.574,331471.61799024
2024-12-06 16:00:00,10.576,10.636,10.445,10.462,290010.94869572
2024-12-06 17:00:00,10.465,10.608,10.452,10.501,260984.1245247
2024-12-06 18:00:00,10.501,10.636,10.469,10.598,159578.35110218
2024-12-06 19:00:00,10.597,10.821,10.59,10.75,383566.02149864
2024-12-06 20:00:00,10.75,10.802,10.621,10.705,254087.43419719
2024-12-06 21:00:00,10.699,10.756,10.614,10.614,166505.76640891
2024-12-06 22:00:00,10.614,10.8,10.614,10.774,98858.99198365
2024-12-06 23:00:00,10.774,10.907,10.666,10.701,369551.77877596
2024-12-07 00:00:00,10.704,10.75,10.545,10.624,179689.96442418
2024-12-07 01:00:00,10.622,10.724,10.576,10.582,191625.25789467
2024-12-07 02:00:00,10.582,10.678,10.541,10.609,120352.91520268
2024-12-07 03:00:00,10.609,10.636,10.474,10.531,162705.41205843
2024-12-07 04:00:00,10.529,10.654,10.474,10.614,213010.20424506
2024-12-07 05:00:00,10.611,10.641,10.512,10.529,102740.40674688
2024-12-07 06:00:00,10.528,10.77,10.511,10.671,185370.85509626
2024-12-07 07:00:00,10.668,10.668,10.433,10.529,210843.05880244
2024-12-07 08:00:00,10.529,10.604,10.447,10.456,215612.01690795
2024-12-07 09:00:00,10.456,10.523,10.415,10.444,165901.53479912
2024-12-07 10:00:00,10.444,10.482,10.329,10.408,126143.64641861
2024-12-07 11:00:00,10.407,10.553,10.38,10.465,139753.51237844
2024-12-07 12:00:00,10.466,10.6,10.449,10.575,124183.70900147
2024-12-07 13:00:00,10.574,10.662,10.512,10.632,238340.32764618
2024-12-07 14:00:00,10.638,10.809,10.579,10.733,277414.33551931
2024-12-07 15:00:00,10.732,10.862,10.686,10.778,289002.59865487
2024-12-07 16:00:00,10.782,10.865,10.65,10.821,324242.51368866
2024-12-07 17:00:00,10.821,10.906,10.53,10.575,338923.13800609
2024-12-07 18:00:00,10.572,10.854,10.571,10.851,166453.10101183
2024-12-07 19:00:00,10.848,10.954,10.683,10.698,219698.39941516
2024-12-07 20:00:00,10.701,10.806,10.688,10.727,152023.87064502
2024-12-07 21:00:00,10.726,10.784,10.62,10.665,143278.59421703
2024-12-07 22:00:00,10.667,10.678,10.561,10.566,129334.67405868
2024-12-07 23:00:00,10.563,10.723,10.563,10.616,155940.9507428
2024-12-08 00:00:00,10.615,10.803,10.563,10.743,218482.77732622
2024-12-08 01:00:00,10.741,10.829,10.671,10.697,158971.4166536
2024-12-08 02:00:00,10.694,10.737,10.65,10.661,140732.21281716
2024-12-08 03:00:00,10.659,10.699,10.591,10.591,101623.59831493
2024-12-08 04:00:00,10.59,10.643,10.462,10.467,151571.26846332
2024-12-08 05:00:00,10.465,10.491,10.371,10.431,199896.40083305
2024-12-08 06:00:00,10.43,10.5,10.363,10.5,138962.75076717
2024-12-08 07:00:00,10.49,10.575,10.482,10.488,108817.73907126
2024-12-08 08:00:00,10.487,10.496,10.271,10.273,331019.83483582
2024-12-08 09:00:00,10.277,10.383,10.21,10.261,210552.8951286
2024-12-08 10:00:00,10.263,10.436,10.258,10.428,139821.71476087
2024-12-08 11:00:00,10.427,10.516,10.387,10.473,158288.35902995
2024-12-08 12:00:00,10.476,10.479,10.343,10.46,246729.86658573
2024-12-08 13:00:00,10.458,10.58,10.432,10.562,153911.587119
2024-12-08 14:00:00,10.559,10.564,10.405,10.406,136796.22968079
2024-12-08 15:00:00,10.408,10.431,10.302,10.362,282636.77692954
2024-12-08 16:00:00,10.363,10.428,10.278,10.301,282488.59788759
2024-12-08 17:00:00,10.303,10.383,10.24,10.376,181920.63198438
2024-12-08 18:00:00,10.375,10.395,10.277,10.293,84310.66237335
2024-12-08 19:00:00,10.292,10.343,10.259,10.327,174271.95835
2024-12-08 20:00:00,10.329,10.346,10.26,10.288,89143.87420274
2024-12-08 21:00:00,10.289,10.372,10.269,10.356,104566.47007034
2024-12-08 22:00:00,10.355,10.437,10.327,10.435,109051.90484577
2024-12-08 23:00:00,10.433,10.46,10.348,10.415,131322.39921671
2024-12-09 00:00:00,10.413,10.419,10.163,10.221,316991.54844423
2024-12-09 01:00:00,10.222,10.315,10.181,10.198,133458.87791451
2024-12-09 02:00:00,10.197,10.265,10.089,10.163,202810.17383615
2024-12-09 03:00:00,10.164,10.235,9.947,10.072,339084.75024109
2024-12-09 04:00:00,10.068,10.133,9.95,10.131,265866.20155773
2024-12-09 05:00:00,10.13,10.168,10.092,10.135,122741.11179947
2024-12-09 06:00:00,10.134,10.142,9.91,9.952,220552.88785419
2024-12-09 07:00:00,9.951,9.957,9.725,9.888,527740.11315278
2024-12-09 08:00:00,9.888,9.89,9.528,9.56,527703.47073646
2024-12-09 09:00:00,9.56,9.691,9.424,9.514,521598.38701195
2024-12-09 10:00:00,9.515,9.686,9.515,9.678,304316.85830651
2024-12-09 11:00:00,9.677,9.677,9.41,9.467,410090.18256918
2024-12-09 12:00:00,9.463,9.598,9.371,9.597,394968.60293731
2024-12-09 13:00:00,9.596,9.763,9.522,9.681,382670.6291776
2024-12-09 14:00:00,9.684,9.85,9.595,9.827,321314.49430867
2024-12-09 15:00:00,9.827,9.849,9.445,9.503,546532.71880889
2024-12-09 16:00:00,9.505,9.654,9.452,9.562,241982.39352748
2024-12-09 17:00:00,9.56,9.672,9.499,9.501,173766.1325863
2024-12-09 18:00:00,9.5,9.624,9.5,9.571,136221.36866555
2024-12-09 19:00:00,9.567,9.593,9.477,9.496,198485.31531384
2024-12-09 20:00:00,9.493,9.528,8.513,8.793,2140966.8162069
2024-12-09 21:00:00,8.785,8.803,7.213,8.396,3229508.70976531
2024-12-09 22:00:00,8.395,8.509,7.596,8.497,1911861.37623431
2024-12-09 23:00:00,8.497,8.599,8.325,8.472,677828.57577965
2024-12-10 00:00:00,8.47,8.722,8.313,8.61,689197.20290941
2024-12-10 01:00:00,8.61,8.67,8.408,8.589,445731.18111992
2024-12-10 02:00:00,8.587,8.593,8.255,8.256,457183.53802248
2024-12-10 03:00:00,8.258,8.354,7.942,8.326,1078998.29395453
2024-12-10 04:00:00,8.325,8.437,8.109,8.432,699079.65298067
2024-12-10 05:00:00,8.433,8.597,8.383,8.568,612749.62349653
2024-12-10 06:00:00,8.567,8.662,8.501,8.622,316516.14876927
2024-12-10 07:00:00,8.622,8.627,8.483,8.582,246451.67746912
2024-12-10 08:00:00,8.581,8.623,8.463,8.597,235735.0670369
2024-12-10 09:00:00,8.595,8.69,8.491,8.551,299207.77090998
2024-12-10 10:00:00,8.556,8.706,8.556,8.662,220598.39536056
2024-12-10 11:00:00,8.66,8.696,8.567,8.644,251048.83972634
2024-12-10 12:00:00,8.644,8.663,8.227,8.275,570335.14088125
2024-12-10 13:00:00,8.274,8.474,8.265,8.382,356998.70086384
2024-12-10 14:00:00,8.382,8.543,8.326,8.38,449020.30681619
2024-12-10 15:00:00,8.381,8.424,7.86,7.889,1058174.55542227
2024-12-10 16:00:00,7.89,8.109,7.747,8.073,1086824.33924585
2024-12-10 17:00:00,8.074,8.079,7.614,7.617,891949.373995
2024-12-10 18:00:00,7.617,7.957,7.59,7.884,575076.66780017
2024-12-10 19:00:00,7.887,8.131,7.874,8.11,247389.02282473
2024-12-10 20:00:00,8.109,8.289,8.076,8.265,347524.59767544
2024-12-10 21:00:00,8.264,8.474,8.257,8.385,360222.66442933
2024-12-10 22:00:00,8.39,8.457,8.336,8.381,203473.32127822
2024-12-10 23:00:00,8.385,8.447,8.343,8.397,171245.40909226
2024-12-11 00:00:00,8.398,8.423,8.169,8.279,277894.67880055
2024-12-11 01:00:00,8.281,8.282,8.042,8.069,382589.62184642
2024-12-11 02:00:00,8.066,8.396,8.036,8.345,295269.54019755
2024-12-11 03:00:00,8.342,8.424,8.322,8.374,167258.23492598
2024-12-11 04:00:00,8.375,8.43,8.339,8.408,144228.96899954
2024-12-11 05:00:00,8.41,8.451,8.346,8.379,119408.03873991
2024-12-11 06:00:00,8.381,8.399,8.322,8.344,133905.01825394
2024-12-11 07:00:00,8.347,8.408,8.259,8.27,162281.38603287
2024-12-11 08:00:00,8.272,8.576,8.262,8.552,318179.95879215
2024-12-11 09:00:00,8.555,8.562,8.441,8.535,156538.64875502
2024-12-11 10:00:00,8.537,8.582,8.493,8.578,110953.3153503
2024-12-11 11:00:00,8.575,8.652,8.535,8.611,228654.48369365
2024-12-11 12:00:00,8.614,8.931,8.614,8.913,657109.7922932
2024-12-11 13:00:00,8.912,9.178,8.811,9.093,838733.79029035
2024-12-11 14:00:00,9.089,9.225,8.931,9.177,445765.64089525
2024-12-11 15:00:00,9.182,9.271,9.098,9.194,395171.23191973
2024-12-11 16:00:00,9.196,9.227,9.044,9.091,403257.43059642
2024-12-11 17:00:00,9.085,9.132,8.958,8.98,192701.75590724
2024-12-11 18:00:00,8.983,9.056,8.956,8.971,213524.16439946
2024-12-11 19:00:00,8.972,9.063,8.972,9.041,145369.91517266
2024-12-11 20:00:00,9.04,9.107,9.03,9.06,114532.90167391
2024-12-11 21:00:00,9.061,9.113,9.017,9.088,133036.19922127
2024-12-11 22:00:00,9.089,9.114,9.042,9.071,206972.26141896
2024-12-11 23:00:00,9.073,9.141,8.994,9.0,214765.32442442
2024-12-12 00:00:00,9.004,9.068,8.933,8.988,311097.04929435
2024-12-12 01:00:00,8.99,9.052,8.944,8.979,152572.87743238
2024-12-12 02:00:00,8.982,9.277,8.977,9.253,249527.48737955
2024-12-12 03:00:00,9.256,9.428,9.174,9.276,447688.40923546
2024-12-12 04:00:00,9.276,9.426,9.265,9.39,305351.95920761
2024-12-12 05:00:00,9.388,9.675,9.383,9.511,416255.32596585
2024-12-12 06:00:00,9.513,9.564,9.367,9.431,424537.88995277
2024-12-12 07:00:00,9.43,9.503,9.306,9.319,310321.89659679
2024-12-12 08:00:00,9.318,9.394,9.285,9.358,242038.16375299
2024-12-12 09:00:00,9.358,9.41,9.234,9.276,201389.22022647
2024-12-12 10:00:00,9.278,9.287,9.14,9.179,454460.65421467
2024-12-12 11:00:00,9.178,9.182,9.041,9.106,246654.17910089
2024-12-12 12:00:00,9.109,9.3,9.109,9.29,326897.00425966
2024-12-12 13:00:00,9.29,9.399,9.111,9.176,659214.67300458
2024-12-12 14:00:00,9.176,9.299,9.109,9.248,367967.33509392
2024-12-12 15:00:00,9.247,9.297,9.106,9.234,223781.924654
2024-12-12 16:00:00,9.238,9.4,9.188,9.277,292833.26172252
2024-12-12 17:00:00,9.276,9.372,9.272,9.332,147934.27438793
2024-12-12 18:00:00,9.328,9.36,9.221,9.26,112310.68680444
2024-12-12 19:00:00,9.26,9.323,8.949,8.977,490760.40232337
2024-12-12 20:00:00,8.976,9.167,8.952,9.116,324986.74449419
2024-12-12 21:00:00,9.116,9.142,9.015,9.053,170645.41033565
2024-12-12 22:00:00,9.055,9.062,8.918,9.003,227528.21600968
2024-12-12 23:00:00,9.002,9.077,8.932,9.066,133023.40770013
2024-12-13 00:00:00,9.067,9.166,9.026,9.077,185361.71359125
2024-12-13 01:00:00,9.074,9.074,8.846,8.975,314356.45141201
2024-12-13 02:00:00,8.976,9.243,8.964,9.13,223939.8125672
2024-12-13 03:00:00,9.133,9.201,9.095,9.14,157651.06409821
2024-12-13 04:00:00,9.14,9.161,8.982,9.058,158561.68294082
2024-12-13 05:00:00,9.056,9.124,9.005,9.025,97800.12558248
2024-12-13 06:00:00,9.025,9.079,8.874,8.874,217336.43555346
2024-12-13 07:00:00,8.875,8.938,8.784,8.889,316583.73576231
2024-12-13 08:00:00,8.888,9.008,8.841,8.994,152837.07043993
2024-12-13 09:00:00,8.995,9.029,8.888,8.981,117182.48704664
2024-12-13 10:00:00,8.981,9.066,8.896,9.028,146151.07174878
2024-12-13 11:00:00,9.027,9.184,9.017,9.035,191634.53078148
2024-12-13 12:00:00,9.034,9.138,9.025,9.093,154815.41026189
2024-12-13 13:00:00,9.096,9.113,8.946,9.023,162202.3641473
2024-12-13 14:00:00,9.022,9.154,8.959,9.147,297629.80595784
2024-12-13 15:00:00,9.154,9.212,8.832,8.837,489233.80330562
2024-12-13 16:00:00,8.837,9.074,8.799,8.969,418815.09932351
2024-12-13 17:00:00,8.966,9.008,8.878,8.988,174661.53443284
2024-12-13 18:00:00,8.988,9.017,8.902,8.907,159345.66878891
2024-12-13 19:00:00,8.906,9.062,8.906,9.049,105137.19545451
2024-12-13 20:00:00,9.05,9.146,9.04,9.082,144331.46514988
2024-12-13 21:00:00,9.082,9.097,8.989,8.991,83127.56578579
2024-12-13 22:00:00,8.991,9.008,8.949,8.969,66663.33313504
2024-12-13 23:00:00,8.965,9.103,8.948,9.091,88377.65436111
2024-12-14 00:00:00,9.097,9.157,9.036,9.082,110899.10136393
2024-12-14 01:00:00,9.078,9.222,9.076,9.125,229697.79121402
2024-12-14 02:00:00,9.124,9.133,9.055,9.079,111724.12287079
2024-12-14 03:00:00,9.083,9.105,9.006,9.037,76170.42842636
2024-12-14 04:00:00,9.033,9.05,8.989,9.013,81505.85613852
2024-12-14 05:00:00,9.013,9.05,8.977,9.035,69317.77564772
2024-12-14 06:00:00,9.033,9.105,9.026,9.043,95278.25780468
2024-12-14 07:00:00,9.042,9.051,8.971,8.978,122207.58247931
2024-12-14 08:00:00,8.977,9.041,8.977,9.012,74814.30981355
2024-12-14 09:00:00,9.014,9.015,8.935,8.941,115113.78121698
2024-12-14 10:00:00,8.941,8.955,8.792,8.805,484229.37985174
2024-12-14 11:00:00,8.804,8.83,8.744,8.761,168305.69606926
2024-12-14 12:00:00,8.76,8.785,8.61,8.616,271359.73400623
2024-12-14 13:00:00,8.616,8.651,8.462,8.551,394420.11317631
2024-12-14 14:00:00,8.553,8.688,8.545,8.622,263464.39543813
2024-12-14 15:00:00,8.62,8.662,8.576,8.644,129771.29354198
2024-12-14 16:00:00,8.644,8.663,8.537,8.646,205328.48364155
2024-12-14 17:00:00,8.648,8.66,8.472,8.509,264991.27406115
2024-12-14 18:00:00,8.507,8.547,8.42,8.437,274640.21422451
2024-12-14 19:00:00,8.436,8.528,8.422,8.505,211991.515421
2024-12-14 20:00:00,8.503,8.555,8.355,8.381,217347.40014024
2024-12-14 21:00:00,8.383,8.493,8.381,8.48,123194.86650391
2024-12-14 22:00:00,8.477,8.572,8.469,8.54,124536.68163136
2024-12-14 23:00:00,8.541,8.59,8.512,8.558,94968.42586259
2024-12-15 00:00:00,8.558,8.562,8.462,8.518,133459.94579272
2024-12-15 01:00:00,8.516,8.656,8.513,8.636,170332.89825501
2024-12-15 02:00:00,8.636,8.664,8.591,8.595,131995.82012037
2024-12-15 03:00:00,8.597,8.607,8.511,8.512,159860.11634438
2024-12-15 04:00:00,8.515,8.643,8.505,8.578,193581.90616908
2024-12-15 05:00:00,8.578,8.627,8.559,8.569,104367.50547154
2024-12-15 06:00:00,8.572,8.583,8.494,8.499,106945.20307115
2024-12-15 07:00:00,8.501,8.527,8.37,8.435,183085.79842242
2024-12-15 08:00:00,8.433,8.601,8.425,8.596,148727.18102446
2024-12-15 09:00:00,8.595,8.685,8.499,8.66,452626.32230065
2024-12-15 10:00:00,8.661,8.771,8.641,8.647,357490.32154317
2024-12-15 11:00:00,8.646,8.743,8.638,8.73,289023.74950843
2024-12-15 12:00:00,8.727,8.999,8.688,8.956,428395.17474053
2024-12-15 13:00:00,8.962,8.992,8.829,8.91,218434.06516371
2024-12-15 14:00:00,8.917,9.266,8.917,9.157,506046.44984298
2024-12-15 15:00:00,9.161,9.217,9.033,9.045,418259.07004923
2024-12-15 16:00:00,9.05,9.109,9.014,9.043,338146.30463593
2024-12-15 17:00:00,9.044,9.051,8.933,8.951,208015.5543585
2024-12-15 18:00:00,8.953,8.996,8.921,8.974,203787.93747631
2024-12-15 19:00:00,8.974,9.029,8.957,8.957,66029.68051739
2024-12-15 20:00:00,8.959,8.972,8.881,8.898,122929.35168266
2024-12-15 21:00:00,8.896,8.906,8.722,8.722,393199.96190444
2024-12-15 22:00:00,8.72,8.892,8.651,8.873,302465.97094341
2024-12-15 23:00:00,8.872,9.105,8.871,9.03,519116.28929382
2024-12-16 00:00:00,9.032,9.183,8.975,9.175,320917.39787854
2024-12-16 01:00:00,9.174,9.209,9.07,9.082,155038.53675882
2024-12-16 02:00:00,9.084,9.087,8.915,8.964,402065.99286208
2024-12-16 03:00:00,8.964,9.011,8.835,8.926,295244.9025231
2024-12-16 04:00:00,8.927,8.963,8.893,8.944,166603.63969725
2024-12-16 05:00:00,8.94,8.996,8.894,8.938,225876.08868251
2024-12-16 06:00:00,8.938,8.967,8.83,8.856,199559.16986987
2024-12-16 07:00:00,8.854,8.929,8.822,8.886,153292.54701786
2024-12-16 08:00:00,8.887,8.909,8.764,8.777,252800.76184793
2024-12-16 09:00:00,8.778,8.818,8.723,8.743,255312.29152506
2024-12-16 10:00:00,8.746,8.773,8.69,8.754,276015.83106159
2024-12-16 11:00:00,8.753,8.779,8.611,8.642,337692.72469873
2024-12-16 12:00:00,8.643,8.702,8.593,8.633,301894.9316711
2024-12-16 13:00:00,8.633,8.724,8.606,8.695,253168.5888361
2024-12-16 14:00:00,8.695,8.831,8.687,8.735,427536.17942892
2024-12-16 15:00:00,8.737,8.933,8.717,8.91,383920.0476393
2024-12-16 16:00:00,8.911,9.175,8.911,9.076,644068.01085275
2024-12-16 17:00:00,9.076,9.108,8.972,9.033,319551.14705358
2024-12-16 18:00:00,9.034,9.116,8.959,9.111,286891.7949067
2024-12-16 19:00:00,9.112,9.115,8.898,8.952,262113.30150021
2024-12-16 20:00:00,8.956,8.996,8.871,8.884,123758.39609051
2024-12-16 21:00:00,8.886,8.975,8.883,8.956,93896.11892991
2024-12-16 22:00:00,8.955,8.985,8.844,8.871,245341.03846235
2024-12-16 23:00:00,8.871,8.884,8.727,8.764,245682.78341152
2024-12-17 00:00:00,8.762,8.77,8.632,8.644,391531.11085142
2024-12-17 01:00:00,8.641,8.749,8.635,8.746,198288.44741847
2024-12-17 02:00:00,8.746,8.794,8.698,8.709,174726.03988625
2024-12-17 03:00:00,8.708,8.783,8.7,8.772,112087.54038886
2024-12-17 04:00:00,8.771,8.774,8.626,8.692,156937.19461373
2024-12-17 05:00:00,8.691,8.724,8.642,8.708,113948.71340936
2024-12-17 06:00:00,8.706,8.719,8.626,8.667,89205.81335852
2024-12-17 07:00:00,8.667,8.72,8.609,8.646,106826.5794888
2024-12-17 08:00:00,8.645,8.768,8.643,8.732,173090.61006524
2024-12-17 09:00:00,8.732,8.92,8.701,8.885,199974.07141617
2024-12-17 10:00:00,8.883,8.952,8.829,8.89,176744.34773144
2024-12-17 11:00:00,8.891,8.975,8.849,8.898,122359.86395064
2024-12-17 12:00:00,8.895,8.959,8.826,8.892,119054.2313968
2024-12-17 13:00:00,8.892,8.947,8.83,8.885,162139.82095658
2024-12-17 14:00:00,8.885,8.889,8.691,8.812,365852.69195156
2024-12-17 15:00:00,8.806,8.811,8.536,8.61,479201.25322161
2024-12-17 16:00:00,8.608,8.718,8.525,8.664,324668.66272288
2024-12-17 17:00:00,8.665,8.871,8.621,8.816,287016.91816379
2024-12-17 18:00:00,8.816,8.827,8.605,8.619,203111.03682774
2024-12-17 19:00:00,8.619,8.672,8.569,8.669,134985.93291303
2024-12-17 20:00:00,8.669,8.727,8.637,8.649,175739.82130361
2024-12-17 21:00:00,8.65,8.69,8.569,8.662,129657.39795506
2024-12-17 22:00:00,8.66,8.678,8.46,8.504,243133.62496607
2024-12-17 23:00:00,8.506,8.506,8.385,8.493,363682.97226736
2024-12-18 00:00:00,8.495,8.55,8.38,8.448,267647.09960828
2024-12-18 01:00:00,8.448,8.531,8.377,8.4,250224.93964157
2024-12-18 02:00:00,8.401,8.508,8.358,8.47,211543.74946978
2024-12-18 03:00:00,8.467,8.494,8.362,8.372,238356.45243296
2024-12-18 04:00:00,8.369,8.378,8.176,8.256,605619.15139335
2024-12-18 05:00:00,8.252,8.325,8.211,8.231,313901.82610134
2024-12-18 06:00:00,8.233,8.293,8.135,8.211,267787.762187
2024-12-18 07:00:00,8.209,8.284,8.193,8.234,166189.97049086
2024-12-18 08:00:00,8.232,8.273,8.164,8.233,162935.5223132
2024-12-18 09:00:00,8.233,8.337,8.23,8.296,228151.18924389
2024-12-18 10:00:00,8.294,8.309,8.248,8.288,149166.93553634
2024-12-18 11:00:00,8.285,8.394,8.284,8.363,213174.01704058
2024-12-18 12:00:00,8.363,8.367,8.14,8.201,266962.6876953
2024-12-18 13:00:00,8.199,8.269,8.152,8.234,158596.2318892
2024-12-18 14:00:00,8.235,8.296,8.172,8.177,258188.42677653
2024-12-18 15:00:00,8.178,8.253,8.089,8.189,434038.63705056
2024-12-18 16:00:00,8.191,8.276,8.14,8.246,352784.48370322
2024-12-18 17:00:00,8.246,8.335,8.148,8.293,218629.22947023
2024-12-18 18:00:00,8.291,8.447,8.266,8.443,223470.02646938
2024-12-18 19:00:00,8.443,8.478,8.095,8.095,525426.42975575
2024-12-18 20:00:00,8.096,8.154,7.523,7.803,2395539.89363519
2024-12-18 21:00:00,7.793,7.986,7.727,7.874,520340.42633054
2024-12-18 22:00:00,7.871,7.918,7.776,7.795,341276.03018447
2024-12-18 23:00:00,7.796,7.84,7.66,7.685,430009.95238684
2024-12-19 00:00:00,7.682,7.777,7.603,7.74,546298.54833197
2024-12-19 01:00:00,7.741,7.747,7.444,7.499,503236.16256929
2024-12-19 02:00:00,7.502,7.535,7.156,7.516,1541894.92762873
2024-12-19 03:00:00,7.516,7.668,7.494,7.651,470061.85614687
2024-12-19 04:00:00,7.65,7.669,7.597,7.597,170756.77796854
2024-12-19 05:00:00,7.597,7.674,7.591,7.635,363550.76383861
2024-12-19 06:00:00,7.635,7.641,7.563,7.597,227437.44829361
2024-12-19 07:00:00,7.596,7.666,7.583,7.636,223901.28890758
2024-12-19 08:00:00,7.635,7.635,7.516,7.538,220041.16498162
2024-12-19 09:00:00,7.537,7.619,7.53,7.605,135980.10241952
2024-12-19 10:00:00,7.605,7.8,7.561,7.739,302309.80381367
2024-12-19 11:00:00,7.741,7.775,7.678,7.727,217020.98236032
2024-12-19 12:00:00,7.725,7.75,7.572,7.582,173686.86593419
2024-12-19 13:00:00,7.58,7.643,7.528,7.594,201880.39804479
2024-12-19 14:00:00,7.594,7.71,7.512,7.532,313101.15272179
2024-12-19 15:00:00,7.532,7.539,7.273,7.431,888562.54705291
2024-12-19 16:00:00,7.431,7.692,7.337,7.527,614979.56824185
2024-12-19 17:00:00,7.526,7.687,6.971,7.144,1836777.87598225
2024-12-19 18:00:00,7.143,7.17,6.838,7.136,1739388.70622333
2024-12-19 19:00:00,7.134,7.159,6.824,6.95,824114.81441464
2024-12-19 20:00:00,6.956,7.019,6.756,6.954,876231.743254
2024-12-19 21:00:00,6.956,7.145,6.905,7.057,372456.27278799
2024-12-19 22:00:00,7.06,7.122,7.029,7.101,243484.60076621
2024-12-19 23:00:00,7.102,7.102,6.931,6.934,282732.60264935
2024-12-20 00:00:00,6.935,7.051,6.829,6.999,429211.31033497
2024-12-20 01:00:00,6.999,7.076,6.947,7.009,229010.66425704
2024-12-20 02:00:00,7.013,7.268,7.001,7.216,333748.5083484
2024-12-20 03:00:00,7.218,7.223,7.108,7.12,128903.95284147
2024-12-20 04:00:00,7.12,7.179,7.086,7.096,151228.89679223
2024-12-20 05:00:00,7.095,7.114,6.963,6.963,279563.60232847
2024-12-20 06:00:00,6.962,7.047,6.809,6.872,412754.17825256
2024-12-20 07:00:00,6.879,7.089,6.879,6.948,482333.48941252
2024-12-20 08:00:00,6.948,6.951,6.473,6.526,962484.51806503
2024-12-20 09:00:00,6.525,6.588,6.4,6.4,891404.80803321
2024-12-20 10:00:00,6.399,6.441,6.192,6.268,1256312.50203136
2024-12-20 11:00:00,6.266,6.389,6.024,6.066,1460650.92826123
2024-12-20 12:00:00,6.064,6.496,6.053,6.451,950480.52727286
2024-12-20 13:00:00,6.448,6.69,6.358,6.658,859017.87734681
2024-12-20 14:00:00,6.66,6.731,6.578,6.681,414778.78714317
2024-12-20 15:00:00,6.682,6.93,6.677,6.851,441038.8057174
2024-12-20 16:00:00,6.849,7.035,6.8,6.963,499949.0963939
2024-12-20 17:00:00,6.963,7.129,6.931,7.108,311691.17343978
2024-12-20 18:00:00,7.109,7.126,7.024,7.066,241366.59276615
2024-12-20 19:00:00,7.063,7.271,7.052,7.179,318804.20937321
2024-12-20 20:00:00,7.18,7.233,7.093,7.141,235853.90726162
2024-12-20 21:00:00,7.142,7.202,7.035,7.195,380344.84226319
2024-12-20 22:00:00,7.196,7.345,7.148,7.322,232050.11544351
2024-12-20 23:00:00,7.32,7.351,7.259,7.285,135317.41427925
2024-12-21 00:00:00,7.284,7.298,7.22,7.244,125469.37024264
2024-12-21 01:00:00,7.244,7.373,7.232,7.298,143959.00529721
2024-12-21 02:00:00,7.298,7.386,7.254,7.302,201098.05749153
2024-12-21 03:00:00,7.303,7.329,7.259,7.305,300074.34346433
2024-12-21 04:00:00,7.306,7.401,7.299,7.401,144712.42043978
2024-12-21 05:00:00,7.398,7.646,7.387,7.645,392148.91816949
2024-12-21 06:00:00,7.645,7.73,7.587,7.718,377654.96034466
2024-12-21 07:00:00,7.723,7.792,7.66,7.695,332377.65684531
2024-12-21 08:00:00,7.695,7.714,7.481,7.495,335096.06387203
2024-12-21 09:00:00,7.494,7.546,7.403,7.526,428287.67313305
2024-12-21 10:00:00,7.527,7.597,7.461,7.5,281722.88553515
2024-12-21 11:00:00,7.502,7.52,7.359,7.447,527043.01807184
2024-12-21 12:00:00,7.449,7.454,7.191,7.201,789346.1045141
2024-12-21 13:00:00,7.201,7.265,6.946,7.105,719498.73462311
2024-12-21 14:00:00,7.104,7.172,7.006,7.02,365584.02748661
2024-12-21 15:00:00,7.022,7.128,7.019,7.114,222939.28926181
2024-12-21 16:00:00,7.116,7.133,6.98,7.013,331866.98773931
2024-12-21 17:00:00,7.012,7.082,6.937,7.054,399492.02472922
2024-12-21 18:00:00,7.053,7.077,6.911,6.942,251006.768682
2024-12-21 19:00:00,6.944,6.949,6.828,6.947,511607.58074088
2024-12-21 20:00:00,6.945,7.052,6.908,6.981,314498.63582858
2024-12-21 21:00:00,6.983,7.022,6.886,6.932,200684.88733031
2024-12-21 22:00:00,6.929,6.989,6.859,6.943,168551.18703589
2024-12-21 23:00:00,6.941,6.977,6.863,6.967,106431.51890778
2024-12-22 00:00:00,6.969,7.03,6.884,6.973,188320.01804623
2024-12-22 01:00:00,6.973,7.032,6.87,6.958,191272.80803626
2024-12-22 02:00:00,6.956,7.021,6.919,6.953,174189.68309374
2024-12-22 03:00:00,6.953,7.0,6.866,6.968,230138.0456037
2024-12-22 04:00:00,6.967,6.986,6.817,6.819,383613.62636868
2024-12-22 05:00:00,6.82,6.93,6.758,6.906,458443.26623499
2024-12-22 06:00:00,6.905,7.006,6.884,6.983,189345.64673006
2024-12-22 07:00:00,6.982,7.01,6.918,6.953,128786.98415241
2024-12-22 08:00:00,6.953,7.118,6.951,7.067,346222.25679861
2024-12-22 09:00:00,7.068,7.264,7.024,7.175,504542.62164251
2024-12-22 10:00:00,7.173,7.21,7.132,7.141,182166.60393147
2024-12-22 11:00:00,7.143,7.154,7.081,7.096,123253.31367586
2024-12-22 12:00:00,7.096,7.138,7.02,7.044,250811.8612498
2024-12-22 13:00:00,7.043,7.106,7.004,7.062,173789.1603726
2024-12-22 14:00:00,7.061,7.078,6.807,6.826,851291.52011385
2024-12-22 15:00:00,6.83,6.938,6.828,6.887,343322.94318263
2024-12-22 16:00:00,6.887,7.018,6.827,6.98,492759.05261591
2024-12-22 17:00:00,6.98,7.002,6.922,6.945,189754.16366042
2024-12-22 18:00:00,6.946,7.031,6.906,6.946,273537.3004728
2024-12-22 19:00:00,6.947,6.958,6.734,6.76,334028.87989502
2024-12-22 20:00:00,6.762,6.857,6.679,6.852,412993.70265785
2024-12-22 21:00:00,6.855,6.922,6.811,6.858,373831.26358957
2024-12-22 22:00:00,6.857,6.868,6.736,6.864,356152.31699289
2024-12-22 23:00:00,6.862,6.921,6.806,6.836,185362.81093136
2024-12-23 00:00:00,6.837,6.848,6.734,6.765,181112.28492177
2024-12-23 01:00:00,6.762,6.855,6.647,6.751,364486.69911399
2024-12-23 02:00:00,6.75,6.823,6.674,6.802,353272.70140206
2024-12-23 03:00:00,6.805,7.081,6.773,7.062,444133.55982554
2024-12-23 04:00:00,7.06,7.131,6.966,6.99,418573.63861556
2024-12-23 05:00:00,6.987,7.021,6.93,6.966,157005.77452048
2024-12-23 06:00:00,6.972,6.988,6.797,6.814,216644.85810966
2024-12-23 07:00:00,6.815,6.921,6.804,6.901,200856.13138887
2024-12-23 08:00:00,6.901,6.961,6.854,6.957,156115.14860055
2024-12-23 09:00:00,6.958,7.048,6.955,6.986,247439.26125097
2024-12-23 10:00:00,6.986,7.041,6.966,7.016,173341.82159155
2024-12-23 11:00:00,7.017,7.031,6.954,6.973,107501.49424778
2024-12-23 12:00:00,6.977,7.062,6.962,7.032,115958.59457668
2024-12-23 13:00:00,7.033,7.048,6.875,6.912,231598.07396554
2024-12-23 14:00:00,6.913,7.029,6.831,6.902,278463.48721266
2024-12-23 15:00:00,6.901,6.943,6.842,6.855,231900.34550574
2024-12-23 16:00:00,6.855,7.133,6.843,7.085,406338.64967888
2024-12-23 17:00:00,7.086,7.114,6.983,6.995,340348.23313041
2024-12-23 18:00:00,6.994,7.039,6.922,6.944,131499.05060178
2024-12-23 19:00:00,6.942,7.094,6.942,7.045,202816.42760964
2024-12-23 20:00:00,7.044,7.342,7.041,7.325,295645.48137872
2024-12-23 21:00:00,7.323,7.558,7.323,7.353,509007.55043727
2024-12-23 22:00:00,7.356,7.443,7.307,7.423,221957.73865625
2024-12-23 23:00:00,7.426,7.481,7.321,7.376,225422.08279913
2024-12-24 00:00:00,7.372,7.38,7.269,7.323,182273.85007781
2024-12-24 01:00:00,7.324,7.341,7.212,7.219,198992.86679269
2024-12-24 02:00:00,7.219,7.265,7.142,7.225,185345.63197236
2024-12-24 03:00:00,7.226,7.321,7.225,7.319,134192.47778089
2024-12-24 04:00:00,7.319,7.35,7.276,7.319,106522.97196242
2024-12-24 05:00:00,7.324,7.328,7.284,7.302,187225.59878279
2024-12-24 06:00:00,7.301,7.305,7.194,7.202,204832.45105317
2024-12-24 07:00:00,7.202,7.255,7.181,7.22,141527.64357117
2024-12-24 08:00:00,7.221,7.308,7.191,7.296,241320.04269583
2024-12-24 09:00:00,7.296,7.306,7.21,7.221,150800.38618384
2024-12-24 10:00:00,7.22,7.24,7.181,7.202,123594.80718647
2024-12-24 11:00:00,7.205,7.299,7.188,7.294,117821.33775765
2024-12-24 12:00:00,7.292,7.295,7.225,7.265,99015.31360592
2024-12-24 13:00:00,7.269,7.5,7.252,7.498,346593.11494889
2024-12-24 14:00:00,7.498,7.54,7.419,7.53,270823.71806449
2024-12-24 15:00:00,7.53,7.632,7.483,7.558,415876.6540521
2024-12-24 16:00:00,7.555,7.6,7.488,7.514,362335.87035093
2024-12-24 17:00:00,7.516,7.563,7.495,7.538,200325.23103023
2024-12-24 18:00:00,7.538,7.617,7.511,7.547,365670.08634977
2024-12-24 19:00:00,7.55,7.557,7.446,7.447,249824.89533632
2024-12-24 20:00:00,7.45,7.464,7.364,7.424,328646.97671344
2024-12-24 21:00:00,7.42,7.574,7.416,7.567,228458.52896607
2024-12-24 22:00:00,7.566,7.606,7.527,7.555,146911.24212457
2024-12-24 23:00:00,7.554,7.591,7.542,7.548,106711.99043095
2024-12-25 00:00:00,7.547,7.572,7.507,7.527,133047.69398355
2024-12-25 01:00:00,7.529,7.554,7.484,7.507,125216.0717273
2024-12-25 02:00:00,7.508,7.519,7.456,7.499,135993.06744938
2024-12-25 03:00:00,7.497,7.509,7.416,7.459,278779.08717288
2024-12-25 04:00:00,7.461,7.494,7.423,7.432,221116.83248345
2024-12-25 05:00:00,7.434,7.487,7.433,7.46,74000.23480866
2024-12-25 06:00:00,7.462,7.506,7.41,7.417,136381.73578458
2024-12-25 07:00:00,7.415,7.478,7.384,7.396,152615.52379796
2024-12-25 08:00:00,7.396,7.488,7.388,7.451,138977.80446075
2024-12-25 09:00:00,7.45,7.534,7.43,7.511,126681.72756198
2024-12-25 10:00:00,7.51,7.668,7.48,7.509,329294.10798351
2024-12-25 11:00:00,7.51,7.548,7.386,7.398,250768.01004178
2024-12-25 12:00:00,7.4,7.466,7.351,7.425,284145.44946337
2024-12-25 13:00:00,7.426,7.489,7.415,7.457,110362.67258473
2024-12-25 14:00:00,7.457,7.551,7.446,7.527,217213.99481097
2024-12-25 15:00:00,7.53,7.54,7.427,7.449,202147.19405844
2024-12-25 16:00:00,7.451,7.479,7.35,7.406,193617.39551597
2024-12-25 17:00:00,7.406,7.473,7.384,7.472,125968.69400716
2024-12-25 18:00:00,7.471,7.496,7.446,7.481,85673.82410125
2024-12-25 19:00:00,7.479,7.531,7.464,7.512,90347.63074846
2024-12-25 20:00:00,7.515,7.578,7.452,7.47,197724.93494006
2024-12-25 21:00:00,7.469,7.507,7.408,7.482,221348.47606387
2024-12-25 22:00:00,7.483,7.512,7.421,7.467,89472.46944015
2024-12-25 23:00:00,7.469,7.522,7.465,7.497,144134.10321935
2024-12-26 00:00:00,7.497,7.588,7.413,7.435,259629.98916503
2024-12-26 01:00:00,7.434,7.47,7.383,7.428,205007.04304604
2024-12-26 02:00:00,7.427,7.461,7.321,7.338,171471.07778489
2024-12-26 03:00:00,7.341,7.369,7.317,7.338,167050.92856507
2024-12-26 04:00:00,7.336,7.336,7.259,7.281,223386.44506432
2024-12-26 05:00:00,7.284,7.294,7.229,7.257,179558.97132893
2024-12-26 06:00:00,7.258,7.268,7.186,7.219,252315.0991871
2024-12-26 07:00:00,7.218,7.24,7.15,7.162,251819.51224501
2024-12-26 08:00:00,7.163,7.177,6.927,6.997,518768.71052825
2024-12-26 09:00:00,6.996,7.033,6.983,7.002,174336.15936074
2024-12-26 10:00:00,6.999,7.023,6.971,6.995,99312.10228792
2024-12-26 11:00:00,6.992,7.089,6.989,7.028,193221.8340778
2024-12-26 12:00:00,7.026,7.053,6.998,7.006,130139.7290599
2024-12-26 13:00:00,7.009,7.013,6.932,6.988,345117.99876559
2024-12-26 14:00:00,6.987,7.056,6.939,6.966,190298.0023638
2024-12-26 15:00:00,6.967,7.017,6.932,6.952,170582.84802652
2024-12-26 16:00:00,6.951,7.046,6.945,7.032,216097.47052447
2024-12-26 17:00:00,7.031,7.032,6.872,6.932,302347.67528915
2024-12-26 18:00:00,6.933,6.978,6.902,6.975,161517.18974998
2024-12-26 19:00:00,6.977,6.983,6.912,6.976,86595.52503083
2024-12-26 20:00:00,6.974,6.985,6.891,6.933,166913.10026392
2024-12-26 21:00:00,6.934,6.975,6.87,6.967,242908.08804779
2024-12-26 22:00:00,6.967,7.04,6.966,6.995,127782.11172721
2024-12-26 23:00:00,6.993,6.994,6.911,6.924,190443.73269564
2024-12-27 00:00:00,6.925,6.967,6.862,6.965,285298.82803688
2024-12-27 01:00:00,6.964,7.038,6.934,7.001,222295.56563924
2024-12-27 02:00:00,6.997,7.06,6.967,6.985,162907.00964986
2024-12-27 03:00:00,6.986,7.041,6.967,7.019,125983.60462688
2024-12-27 04:00:00,7.017,7.056,6.974,6.984,132496.60747688
2024-12-27 05:00:00,6.988,6.999,6.922,6.994,153843.51962657
2024-12-27 06:00:00,6.994,7.106,6.994,7.105,156144.18071142
2024-12-27 07:00:00,7.104,7.107,6.877,6.946,265641.77625404
2024-12-27 08:00:00,6.946,7.077,6.946,7.023,268616.63262986
2024-12-27 09:00:00,7.023,7.304,7.022,7.236,508093.00929739
2024-12-27 10:00:00,7.236,7.256,7.105,7.192,228668.69545161
2024-12-27 11:00:00,7.189,7.23,7.167,7.213,116947.01838626
2024-12-27 12:00:00,7.214,7.227,7.167,7.174,153894.15992552
2024-12-27 13:00:00,7.175,7.183,7.048,7.078,257326.01297853
2024-12-27 14:00:00,7.078,7.078,6.913,6.971,330169.71803196
2024-12-27 15:00:00,6.972,6.975,6.832,6.865,400127.18261752
2024-12-27 16:00:00,6.864,6.884,6.809,6.869,242171.95996239
2024-12-27 17:00:00,6.871,7.034,6.845,7.026,329000.10243741
2024-12-27 18:00:00,7.027,7.063,6.986,7.017,154828.08206152
2024-12-27 19:00:00,7.02,7.026,6.97,6.981,140287.35771069
2024-12-27 20:00:00,6.985,6.995,6.92,6.957,118380.46779201
2024-12-27 21:00:00,6.956,6.974,6.896,6.901,94835.246449
2024-12-27 22:00:00,6.901,6.96,6.871,6.897,113379.13567409
2024-12-27 23:00:00,6.889,6.913,6.861,6.903,96303.04375918
2024-12-28 00:00:00,6.903,6.93,6.887,6.903,86727.15594472
2024-12-28 01:00:00,6.905,6.913,6.824,6.875,190308.61215772
2024-12-28 02:00:00,6.876,6.91,6.841,6.864,207934.87874506
2024-12-28 03:00:00,6.864,6.93,6.861,6.916,153681.38452251
2024-12-28 04:00:00,6.916,6.916,6.876,6.886,53298.69883291
2024-12-28 05:00:00,6.886,6.933,6.886,6.899,83680.83630445
2024-12-28 06:00:00,6.902,6.915,6.839,6.849,86022.3303075
2024-12-28 07:00:00,6.851,6.88,6.786,6.809,201042.85807971
2024-12-28 08:00:00,6.809,6.871,6.802,6.86,101714.40739404
2024-12-28 09:00:00,6.86,6.893,6.853,6.876,109613.65884919
2024-12-28 10:00:00,6.878,6.884,6.834,6.836,98159.81670025
2024-12-28 11:00:00,6.834,6.895,6.833,6.889,80832.19020168
2024-12-28 12:00:00,6.888,6.901,6.837,6.853,120852.62553179
2024-12-28 13:00:00,6.851,6.971,6.849,6.944,202493.49030432
2024-12-28 14:00:00,6.947,7.05,6.92,6.946,216894.57624924
2024-12-28 15:00:00,6.946,7.016,6.927,6.938,146948.54101044
2024-12-28 16:00:00,6.938,7.027,6.926,7.023,90017.34920197
2024-12-28 17:00:00,7.027,7.115,7.022,7.064,144722.11152692
2024-12-28 18:00:00,7.064,7.088,7.016,7.033,85540.49674335
2024-12-28 19:00:00,7.032,7.053,7.02,7.037,37579.35372285
2024-12-28 20:00:00,7.037,7.059,7.02,7.053,24792.08105906
2024-12-28 21:00:00,7.054,7.105,7.04,7.104,31314.56193594
2024-12-28 22:00:00,7.106,7.176,7.088,7.145,88851.63234558
2024-12-28 23:00:00,7.145,7.147,7.09,7.104,69386.63689532
2024-12-29 00:00:00,7.105,7.126,7.062,7.075,66059.34319812
2024-12-29 01:00:00,7.083,7.105,7.025,7.027,93175.806949
2024-12-29 02:00:00,7.028,7.091,7.028,7.08,89995.80682734
2024-12-29 03:00:00,7.081,7.11,7.057,7.11,64157.47962989
2024-12-29 04:00:00,7.114,7.126,7.066,7.077,210997.64292666
2024-12-29 05:00:00,7.078,7.083,7.051,7.056,107995.9303547
2024-12-29 06:00:00,7.056,7.104,7.031,7.098,137855.04719408
2024-12-29 07:00:00,7.097,7.139,7.073,7.133,118095.022405
2024-12-29 08:00:00,7.135,7.145,7.067,7.075,100041.41669995
2024-12-29 09:00:00,7.075,7.103,7.054,7.074,89258.61695918
2024-12-29 10:00:00,7.074,7.1,7.068,7.071,60386.47581433
2024-12-29 11:00:00,7.071,7.08,7.028,7.028,75591.25461242
2024-12-29 12:00:00,7.028,7.052,6.983,6.997,187035.16580744
2024-12-29 13:00:00,6.998,7.053,6.968,7.043,140635.4746996
2024-12-29 14:00:00,7.044,7.104,6.937,6.986,284753.78927304
2024-12-29 15:00:00,6.985,7.011,6.956,6.977,155751.93735094
2024-12-29 16:00:00,6.978,6.981,6.897,6.926,261060.72187168
2024-12-29 17:00:00,6.927,6.956,6.898,6.917,120041.18379591
2024-12-29 18:00:00,6.916,6.918,6.875,6.906,140465.12262005
2024-12-29 19:00:00,6.907,6.932,6.888,6.918,220721.56858668
2024-12-29 20:00:00,6.918,6.918,6.837,6.907,160505.00210788
2024-12-29 21:00:00,6.907,6.927,6.855,6.874,81837.25135672
2024-12-29 22:00:00,6.872,6.884,6.797,6.833,145684.52610526
2024-12-29 23:00:00,6.833,6.879,6.809,6.858,155869.08720504
2024-12-30 00:00:00,6.858,6.939,6.826,6.918,138711.98109946
2024-12-30 01:00:00,6.918,7.102,6.908,7.031,276339.80494186
2024-12-30 02:00:00,7.03,7.054,6.968,7.008,151557.94369753
2024-12-30 03:00:00,7.008,7.037,6.948,6.949,119052.90650447
2024-12-30 04:00:00,6.949,6.993,6.913,6.919,138463.06555433
2024-12-30 05:00:00,6.915,6.961,6.892,6.936,350161.33354878
2024-12-30 06:00:00,6.936,7.05,6.935,6.988,188678.79655284
2024-12-30 07:00:00,6.988,6.999,6.905,6.954,109178.72009172
2024-12-30 08:00:00,6.955,7.007,6.917,6.942,107462.53083927
2024-12-30 09:00:00,6.941,6.949,6.871,6.895,135223.98729614
2024-12-30 10:00:00,6.896,6.907,6.82,6.823,196551.50140019
2024-12-30 11:00:00,6.824,6.839,6.753,6.83,262770.73979494
2024-12-30 12:00:00,6.83,6.94,6.822,6.841,259569.59857763
2024-12-30 13:00:00,6.837,6.864,6.574,6.606,542014.56648249
2024-12-30 14:00:00,6.605,6.667,6.546,6.599,528996.03881529
2024-12-30 15:00:00,6.602,6.649,6.556,6.601,319439.11732667
2024-12-30 16:00:00,6.598,6.611,6.526,6.555,209552.51583674
2024-12-30 17:00:00,6.562,6.814,6.552,6.797,331714.8081559
2024-12-30 18:00:00,6.795,6.883,6.76,6.871,210728.97963947
2024-12-30 19:00:00,6.871,6.89,6.814,6.849,126955.10428598
2024-12-30 20:00:00,6.85,6.937,6.842,6.855,158249.62323908
2024-12-30 21:00:00,6.858,6.858,6.6,6.625,408701.96558945
2024-12-30 22:00:00,6.625,6.712,6.62,6.673,179888.22105421
2024-12-30 23:00:00,6.672,6.708,6.643,6.691,100862.12388114
2024-12-31 00:00:00,6.692,6.692,6.613,6.622,112535.61843707
2024-12-31 01:00:00,6.623,6.646,6.579,6.626,159512.27521118
2024-12-31 02:00:00,6.626,6.655,6.596,6.647,85082.97722452
2024-12-31 03:00:00,6.647,6.652,6.59,6.598,105204.80399913
2024-12-31 04:00:00,6.596,6.639,6.564,6.57,60696.39695043
2024-12-31 05:00:00,6.572,6.613,6.561,6.584,47267.79687964
2024-12-31 06:00:00,6.585,6.633,6.556,6.583,53657.60860895
2024-12-31 07:00:00,6.583,6.606,6.572,6.601,55947.77064911
2024-12-31 08:00:00,6.599,6.804,6.597,6.698,270860.10829336
2024-12-31 09:00:00,6.692,6.738,6.677,6.7,102851.16527688
2024-12-31 10:00:00,6.702,6.71,6.652,6.673,148531.57458178
2024-12-31 11:00:00,6.673,6.709,6.665,6.695,88890.99938584
2024-12-31 12:00:00,6.695,6.778,6.695,6.712,136968.82760614
2024-12-31 13:00:00,6.709,6.885,6.707,6.843,248402.85414137
2024-12-31 14:00:00,6.844,6.922,6.835,6.864,255983.78635504
2024-12-31 15:00:00,6.865,6.882,6.806,6.837,132682.30872139
2024-12-31 16:00:00,6.84,6.851,6.778,6.828,177662.60553487
2024-12-31 17:00:00,6.827,6.83,6.617,6.703,296023.09493822
2024-12-31 18:00:00,6.705,6.724,6.66,6.672,129015.3628489
2024-12-31 19:00:00,6.669,6.702,6.661,6.691,85230.0515208
2024-12-31 20:00:00,6.689,6.715,6.635,6.662,104123.30903987
2024-12-31 21:00:00,6.66,6.694,6.643,6.686,50456.27794978
2024-12-31 22:00:00,6.686,6.686,6.611,6.627,72873.83927608
2024-12-31 23:00:00,6.626,6.653,6.606,6.633,55046.08284151
2025-01-01 00:00:00,6.63,6.742,6.623,6.736,143156.27349835
2025-01-01 01:00:00,6.735,6.735,6.656,6.664,67040.99329556
2025-01-01 02:00:00,6.664,6.683,6.646,6.672,66657.30466093
2025-01-01 03:00:00,6.672,6.673,6.644,6.652,47980.87714497
2025-01-01 04:00:00,6.651,6.652,6.617,6.617,40687.67640265
2025-01-01 05:00:00,6.615,6.676,6.615,6.66,67206.29375743
2025-01-01 06:00:00,6.663,6.67,6.632,6.661,65911.35083074
2025-01-01 07:00:00,6.661,6.663,6.637,6.637,29415.92249439
2025-01-01 08:00:00,6.637,6.651,6.58,6.58,80894.84922666
2025-01-01 09:00:00,6.581,6.596,6.512,6.543,169480.64879184
2025-01-01 10:00:00,6.545,6.576,6.54,6.557,69371.68169408
2025-01-01 11:00:00,6.557,6.643,6.532,6.616,92188.68808566
2025-01-01 12:00:00,6.616,6.703,6.609,6.698,124041.39117918
2025-01-01 13:00:00,6.698,6.745,6.666,6.692,164655.21328381
2025-01-01 14:00:00,6.695,6.744,6.638,6.69,123909.57228431
2025-01-01 15:00:00,6.69,6.804,6.66,6.791,151095.70617124
2025-01-01 16:00:00,6.791,6.868,6.767,6.796,360585.55287038
2025-01-01 17:00:00,6.797,6.835,6.716,6.823,371806.5049401
2025-01-01 18:00:00,6.822,6.974,6.783,6.953,462843.18085073
2025-01-01 19:00:00,6.956,7.024,6.901,6.982,457108.66122422
2025-01-01 20:00:00,6.983,7.118,6.983,7.088,510515.54604634
2025-01-01 21:00:00,7.091,7.128,7.059,7.106,226518.0347026
2025-01-01 22:00:00,7.109,7.119,7.037,7.092,208039.39486616
2025-01-01 23:00:00,7.09,7.09,7.01,7.039,125907.77381273
2025-01-02 00:00:00,7.041,7.219,7.041,7.172,436186.8672699
2025-01-02 01:00:00,7.176,7.217,7.138,7.166,270306.46958668
2025-01-02 02:00:00,7.168,7.2,7.138,7.187,170202.6047411
2025-01-02 03:00:00,7.188,7.202,7.152,7.152,74387.29678164
2025-01-02 04:00:00,7.154,7.259,7.128,7.237,275035.35500443
2025-01-02 05:00:00,7.235,7.248,7.169,7.181,190514.13129554
2025-01-02 06:00:00,7.181,7.209,7.114,7.131,105719.14807375
2025-01-02 07:00:00,7.133,7.237,7.117,7.218,177756.79782409
2025-01-02 08:00:00,7.22,7.262,7.17,7.256,149601.95175479
2025-01-02 09:00:00,7.255,7.349,7.248,7.327,205955.99980231
2025-01-02 10:00:00,7.325,7.351,7.28,7.326,185260.77534685
2025-01-02 11:00:00,7.327,7.333,7.275,7.291,121050.87713238
2025-01-02 12:00:00,7.288,7.326,7.25,7.283,112656.39703004
2025-01-02 13:00:00,7.281,7.294,7.221,7.234,138768.02071806
2025-01-02 14:00:00,7.236,7.331,7.167,7.25,425293.47914871
2025-01-02 15:00:00,7.25,7.254,7.154,7.182,212538.64305161
2025-01-02 16:00:00,7.183,7.234,7.146,7.202,157792.37933649
2025-01-02 17:00:00,7.2,7.246,7.105,7.149,157479.80358839
2025-01-02 18:00:00,7.15,7.184,7.133,7.183,92756.57600281
2025-01-02 19:00:00,7.182,7.2,7.146,7.153,78826.95572845
2025-01-02 20:00:00,7.153,7.204,7.127,7.157,94318.81211561
2025-01-02 21:00:00,7.158,7.179,7.14,7.167,62696.00535108
2025-01-02 22:00:00,7.167,7.167,7.096,7.156,92525.14824772
2025-01-02 23:00:00,7.154,7.195,7.137,7.171,74040.82379586
2025-01-03 00:00:00,7.172,7.217,7.152,7.158,90990.09027387
2025-01-03 01:00:00,7.159,7.228,7.128,7.212,113765.24858683
2025-01-03 02:00:00,7.212,7.316,7.204,7.254,212459.50033595
2025-01-03 03:00:00,7.252,7.343,7.221,7.324,106542.71465449
2025-01-03 04:00:00,7.319,7.319,7.222,7.245,180092.66078335
2025-01-03 05:00:00,7.244,7.255,7.191,7.23,107821.05953715
2025-01-03 06:00:00,7.232,7.332,7.232,7.255,180149.87205907
2025-01-03 07:00:00,7.255,7.264,7.199,7.216,139651.98206643
2025-01-03 08:00:00,7.217,7.357,7.217,7.327,593385.56910951
2025-01-03 09:00:00,7.327,7.507,7.325,7.491,618237.09045284
2025-01-03 10:00:00,7.491,7.582,7.456,7.581,439117.71288115
2025-01-03 11:00:00,7.581,7.792,7.58,7.686,897192.05495447
2025-01-03 12:00:00,7.684,7.818,7.684,7.734,380597.70649801
2025-01-03 13:00:00,7.733,7.807,7.676,7.727,427269.12044286
2025-01-03 14:00:00,7.731,7.875,7.731,7.839,374679.13603327
2025-01-03 15:00:00,7.84,7.933,7.828,7.863,332496.34048242
2025-01-03 16:00:00,7.865,7.998,7.821,7.889,493853.22855324
2025-01-03 17:00:00,7.897,7.905,7.76,7.78,427881.01464398
2025-01-03 18:00:00,7.782,7.812,7.768,7.782,200590.61517985
2025-01-03 19:00:00,7.786,7.81,7.749,7.754,136885.88915538
2025-01-03 20:00:00,7.753,7.753,7.675,7.675,237577.51673072
2025-01-03 21:00:00,7.676,7.724,7.639,7.703,233100.27034107
2025-01-03 22:00:00,7.707,7.762,7.701,7.747,168859.29716028
2025-01-03 23:00:00,7.748,7.77,7.733,7.75,77911.06928308
2025-01-04 00:00:00,7.75,7.771,7.671,7.691,249415.60966344
2025-01-04 01:00:00,7.693,7.808,7.633,7.796,430408.17288941
2025-01-04 02:00:00,7.798,7.846,7.744,7.791,237004.77984197
2025-01-04 03:00:00,7.793,7.797,7.737,7.769,94385.47667204
2025-01-04 04:00:00,7.772,7.78,7.693,7.768,155119.73483805
2025-01-04 05:00:00,7.77,7.775,7.733,7.766,59069.10031603
2025-01-04 06:00:00,7.768,7.822,7.761,7.785,114010.13670654
2025-01-04 07:00:00,7.783,7.797,7.749,7.756,86108.57516887
2025-01-04 08:00:00,7.757,7.761,7.667,7.681,151799.10319857
2025-01-04 09:00:00,7.682,7.719,7.678,7.679,52649.87854219
2025-01-04 10:00:00,7.679,7.691,7.639,7.677,128532.2242709
2025-01-04 11:00:00,7.675,7.696,7.655,7.693,48750.31886993
2025-01-04 12:00:00,7.694,7.804,7.688,7.801,215086.39825
2025-01-04 13:00:00,7.801,7.831,7.767,7.801,262117.05305855
2025-01-04 14:00:00,7.8,7.884,7.765,7.846,244541.68007273
2025-01-04 15:00:00,7.85,7.858,7.609,7.688,584496.90816729
2025-01-04 16:00:00,7.688,7.757,7.674,7.704,234665.14373933
2025-01-04 17:00:00,7.705,7.743,7.681,7.716,74367.77509609
2025-01-04 18:00:00,7.719,7.727,7.675,7.686,75708.89430415
2025-01-04 19:00:00,7.686,7.721,7.665,7.689,60621.42344892
2025-01-04 20:00:00,7.685,7.744,7.673,7.712,65117.11609841
2025-01-04 21:00:00,7.714,7.732,7.664,7.671,66368.37047979
2025-01-04 22:00:00,7.674,7.705,7.649,7.703,57037.84528476
2025-01-04 23:00:00,7.698,7.718,7.674,7.675,57089.04898023
2025-01-05 00:00:00,7.679,7.715,7.639,7.674,89366.92378179
2025-01-05 01:00:00,7.675,7.678,7.572,7.623,181074.88537767
2025-01-05 02:00:00,7.623,7.66,7.618,7.644,78962.36061888
2025-01-05 03:00:00,7.644,7.644,7.584,7.613,56734.50482714
2025-01-05 04:00:00,7.613,7.679,7.613,7.67,80901.10200409
2025-01-05 05:00:00,7.67,7.685,7.62,7.623,51797.22736866
2025-01-05 06:00:00,7.623,7.684,7.601,7.675,72401.8645485
2025-01-05 07:00:00,7.675,7.737,7.646,7.653,88241.49215984
2025-01-05 08:00:00,7.655,7.665,7.557,7.613,179478.97401101
2025-01-05 09:00:00,7.616,7.624,7.54,7.544,117289.47694378
2025-01-05 10:00:00,7.543,7.573,7.505,7.561,113421.30029793
2025-01-05 11:00:00,7.559,7.593,7.541,7.549,79499.76615219
2025-01-05 12:00:00,7.549,7.609,7.51,7.571,112014.39542404
2025-01-05 13:00:00,7.573,7.612,7.55,7.556,121840.08956839
2025-01-05 14:00:00,7.554,7.591,7.465,7.569,236616.12346028
2025-01-05 15:00:00,7.568,7.603,7.529,7.574,119674.56648806
2025-01-05 16:00:00,7.572,7.613,7.536,7.564,72044.38909643
2025-01-05 17:00:00,7.565,7.653,7.563,7.58,86280.28549336
2025-01-05 18:00:00,7.584,7.631,7.547,7.625,92010.9288835
2025-01-05 19:00:00,7.624,7.636,7.589,7.615,64638.14294312
2025-01-05 20:00:00,7.616,7.672,7.577,7.594,127508.70350301
2025-01-05 21:00:00,7.594,7.662,7.586,7.649,67148.83431677
2025-01-05 22:00:00,7.651,7.705,7.628,7.692,103936.17713303
2025-01-05 23:00:00,7.692,7.729,7.664,7.674,125158.32733851
2025-01-06 00:00:00,7.674,7.696,7.575,7.586,126735.23955075
2025-01-06 01:00:00,7.587,7.744,7.543,7.718,218258.64391417
2025-01-06 02:00:00,7.716,7.827,7.706,7.739,300354.17244005
2025-01-06 03:00:00,7.743,7.82,7.728,7.807,135328.38404232
2025-01-06 04:00:00,7.814,7.833,7.767,7.811,99741.04614673
2025-01-06 05:00:00,7.811,7.835,7.777,7.79,91594.86770764
2025-01-06 06:00:00,7.794,7.814,7.732,7.737,71413.18415371
2025-01-06 07:00:00,7.737,7.765,7.673,7.706,160079.79995209
2025-01-06 08:00:00,7.709,7.764,7.657,7.666,172941.68347596
2025-01-06 09:00:00,7.664,7.746,7.649,7.657,148208.95652606
2025-01-06 10:00:00,7.655,7.669,7.588,7.646,157581.97820512
2025-01-06 11:00:00,7.647,7.741,7.626,7.705,167948.85320165
2025-01-06 12:00:00,7.704,7.728,7.647,7.657,169547.24170345
2025-01-06 13:00:00,7.659,7.716,7.606,7.713,145491.11638179
2025-01-06 14:00:00,7.711,7.837,7.604,7.772,283366.60929156
2025-01-06 15:00:00,7.774,7.886,7.728,7.885,320076.8869248
2025-01-06 16:00:00,7.886,7.994,7.828,7.867,442853.25716772
2025-01-06 17:00:00,7.87,7.875,7.702,7.761,295208.000001
2025-01-06 18:00:00,7.763,7.798,7.722,7.765,146176.16365674
2025-01-06 19:00:00,7.765,7.857,7.745,7.814,109856.02495073
2025-01-06 20:00:00,7.814,7.844,7.772,7.799,98162.44672193
2025-01-06 21:00:00,7.803,7.81,7.709,7.72,118958.48237646
2025-01-06 22:00:00,7.721,7.771,7.708,7.751,63473.91378077
2025-01-06 23:00:00,7.751,7.783,7.69,7.773,107675.85878696
2025-01-07 00:00:00,7.773,7.788,7.72,7.722,140961.1103325
2025-01-07 01:00:00,7.722,7.795,7.675,7.79,127458.53823164
2025-01-07 02:00:00,7.791,7.792,7.658,7.67,144447.87191669
2025-01-07 03:00:00,7.67,7.728,7.655,7.717,98204.71767251
2025-01-07 04:00:00,7.716,7.737,7.675,7.678,63553.41402859
2025-01-07 05:00:00,7.68,7.709,7.66,7.709,39295.4375475
2025-01-07 06:00:00,7.707,7.836,7.696,7.821,267224.4468357
2025-01-07 07:00:00,7.82,7.85,7.754,7.771,152811.78118568
2025-01-07 08:00:00,7.772,7.889,7.772,7.867,298906.75219468
2025-01-07 09:00:00,7.863,7.887,7.753,7.796,184208.55384355
2025-01-07 10:00:00,7.795,7.83,7.754,7.788,151513.18850703
2025-01-07 11:00:00,7.794,7.821,7.652,7.724,217756.92174257
2025-01-07 12:00:00,7.725,7.79,7.699,7.78,246020.25023029
2025-01-07 13:00:00,7.784,7.863,7.772,7.806,169546.28046573
2025-01-07 14:00:00,7.808,7.861,7.667,7.728,393164.51387419
2025-01-07 15:00:00,7.726,7.75,7.184,7.303,2544830.41652113
2025-01-07 16:00:00,7.302,7.395,7.241,7.287,337414.06144437
2025-01-07 17:00:00,7.289,7.331,7.15,7.213,568364.13533047
2025-01-07 18:00:00,7.213,7.264,7.104,7.133,320023.83005782
2025-01-07 19:00:00,7.132,7.197,7.042,7.095,376930.13605812
2025-01-07 20:00:00,7.098,7.114,7.012,7.092,332393.07270286
2025-01-07 21:00:00,7.092,7.158,7.024,7.026,227739.27358888
2025-01-07 22:00:00,7.023,7.109,7.006,7.109,119748.92541227
2025-01-07 23:00:00,7.109,7.109,7.005,7.009,175286.07911825
2025-01-08 00:00:00,7.009,7.133,7.004,7.129,181912.40261006
2025-01-08 01:00:00,7.128,7.128,6.987,7.058,158137.53575393
2025-01-08 02:00:00,7.057,7.093,6.994,6.994,105802.10834526
2025-01-08 03:00:00,6.993,7.013,6.863,6.945,546737.24993829
2025-01-08 04:00:00,6.943,6.964,6.841,6.873,264845.39452641
2025-01-08 05:00:00,6.873,6.932,6.841,6.856,141075.05769814
2025-01-08 06:00:00,6.857,6.892,6.711,6.713,465249.34362728
2025-01-08 07:00:00,6.711,6.876,6.707,6.863,474622.24548599
2025-01-08 08:00:00,6.863,7.004,6.863,6.984,345340.03915561
2025-01-08 09:00:00,6.982,6.992,6.888,6.9,182649.45327886
2025-01-08 10:00:00,6.898,6.965,6.897,6.931,116238.81073068
2025-01-08 11:00:00,6.931,6.937,6.793,6.866,316218.71640065
2025-01-08 12:00:00,6.868,6.9,6.769,6.776,168437.82963804
2025-01-08 13:00:00,6.776,6.873,6.776,6.806,256858.6789108
2025-01-08 14:00:00,6.804,6.915,6.804,6.861,233478.76523661
2025-01-08 15:00:00,6.852,6.941,6.772,6.848,320353.94837403
2025-01-08 16:00:00,6.846,6.854,6.677,6.698,294260.39728067
2025-01-08 17:00:00,6.698,6.729,6.414,6.657,1083107.83196816
2025-01-08 18:00:00,6.654,6.792,6.62,6.681,390017.97313912
2025-01-08 19:00:00,6.68,6.738,6.637,6.643,230142.57286285
2025-01-08 20:00:00,6.643,6.682,6.607,6.659,136065.89564329
2025-01-08 21:00:00,6.661,6.714,6.601,6.67,119314.81512685
2025-01-08 22:00:00,6.672,6.787,6.672,6.779,121446.67540549
2025-01-08 23:00:00,6.778,6.787,6.724,6.756,142777.44952363
2025-01-09 00:00:00,6.756,6.796,6.722,6.796,100895.05158498
2025-01-09 01:00:00,6.792,6.84,6.768,6.779,122076.63115109
2025-01-09 02:00:00,6.784,6.797,6.676,6.775,190995.04656546
2025-01-09 03:00:00,6.776,6.781,6.715,6.728,51233.89134151
2025-01-09 04:00:00,6.725,6.759,6.688,6.754,58501.72012399
2025-01-09 05:00:00,6.753,6.758,6.715,6.72,42750.97057557
2025-01-09 06:00:00,6.723,6.739,6.668,6.677,91572.91618068
2025-01-09 07:00:00,6.674,6.702,6.557,6.571,318455.70166109
2025-01-09 08:00:00,6.57,6.684,6.547,6.64,226636.71565996
2025-01-09 09:00:00,6.645,6.699,6.634,6.653,186650.30458512
2025-01-09 10:00:00,6.657,6.671,6.553,6.634,157912.44088804
2025-01-09 11:00:00,6.632,6.712,6.605,6.679,118170.48678152
2025-01-09 12:00:00,6.679,6.74,6.653,6.696,234790.69957869
2025-01-09 13:00:00,6.696,6.728,6.487,6.495,557660.16144356
2025-01-09 14:00:00,6.491,6.63,6.457,6.607,442101.86969673
2025-01-09 15:00:00,6.607,6.838,6.57,6.789,411974.8927014
2025-01-09 16:00:00,6.788,6.831,6.72,6.791,280325.80981325
2025-01-09 17:00:00,6.79,6.794,6.59,6.644,224135.4038126
2025-01-09 18:00:00,6.646,6.706,6.624,6.669,170629.56609685
2025-01-09 19:00:00,6.668,6.674,6.524,6.534,220011.23287922
2025-01-09 20:00:00,6.533,6.571,6.446,6.535,407559.39754296
2025-01-09 21:00:00,6.533,6.587,6.496,6.506,124653.10539836
2025-01-09 22:00:00,6.501,6.613,6.486,6.571,102762.47976129
2025-01-09 23:00:00,6.572,6.58,6.531,6.552,69437.57381096
2025-01-10 00:00:00,6.553,6.603,6.552,6.569,205992.71140534
2025-01-10 01:00:00,6.569,6.617,6.538,6.606,117234.14469415
2025-01-10 02:00:00,6.606,6.661,6.592,6.626,120501.06751599
2025-01-10 03:00:00,6.626,6.641,6.597,6.623,63137.09629216
2025-01-10 04:00:00,6.624,6.657,6.59,6.608,104346.27823853
2025-01-10 05:00:00,6.61,6.694,6.579,6.644,110927.37698657
2025-01-10 06:00:00,6.645,6.696,6.616,6.69,114767.50443398
2025-01-10 07:00:00,6.693,6.805,6.661,6.755,237556.36725718
2025-01-10 08:00:00,6.753,6.79,6.725,6.742,160205.54197432
2025-01-10 09:00:00,6.742,6.762,6.71,6.73,125083.13341695
2025-01-10 10:00:00,6.73,6.771,6.702,6.77,80227.71034172
2025-01-10 11:00:00,6.76,6.771,6.678,6.726,224686.57837857
2025-01-10 12:00:00,6.725,6.735,6.661,6.727,113035.06761036
2025-01-10 13:00:00,6.727,6.788,6.476,6.572,1246882.18800382
2025-01-10 14:00:00,6.572,6.719,6.555,6.634,398743.60212183
2025-01-10 15:00:00,6.631,6.692,6.484,6.629,422760.87174603
2025-01-10 16:00:00,6.63,6.644,6.552,6.583,172672.31052459
2025-01-10 17:00:00,6.581,6.81,6.559,6.802,287393.23998628
2025-01-10 18:00:00,6.799,6.802,6.701,6.734,210708.58521565
2025-01-10 19:00:00,6.736,6.771,6.683,6.766,94238.94293952
2025-01-10 20:00:00,6.767,6.774,6.699,6.736,82097.52293426
2025-01-10 21:00:00,6.739,6.76,6.721,6.723,51472.11700223
2025-01-10 22:00:00,6.723,6.779,6.709,6.759,56603.734367
2025-01-10 23:00:00,6.762,6.762,6.725,6.729,43035.61653912
2025-01-11 00:00:00,6.729,6.753,6.705,6.747,57801.24984774
2025-01-11 01:00:00,6.747,6.767,6.672,6.692,74644.92590797
2025-01-11 02:00:00,6.693,6.717,6.659,6.692,121764.70636715
2025-01-11 03:00:00,6.69,6.69,6.645,6.655,45165.85374949
2025-01-11 04:00:00,6.658,6.684,6.625,6.65,46191.98550774
2025-01-11 05:00:00,6.65,6.682,6.634,6.67,70589.79767135
2025-01-11 06:00:00,6.672,6.699,6.644,6.644,53882.03830873
2025-01-11 07:00:00,6.643,6.661,6.614,6.636,55124.69570281
2025-01-11 08:00:00,6.636,6.664,6.59,6.609,55093.08700962
2025-01-11 09:00:00,6.607,6.643,6.604,6.63,33331.10727254
2025-01-11 10:00:00,6.634,6.7,6.634,6.687,57358.46118252
2025-01-11 11:00:00,6.686,6.725,6.666,6.705,51641.29991959
2025-01-11 12:00:00,6.7,6.713,6.653,6.664,45853.84608622
2025-01-11 13:00:00,6.663,6.672,6.61,6.629,39256.66393333
2025-01-11 14:00:00,6.629,6.667,6.608,6.664,64839.1337772
2025-01-11 15:00:00,6.662,6.667,6.625,6.629,43598.61603395
2025-01-11 16:00:00,6.632,6.664,6.581,6.651,102794.62005216
2025-01-11 17:00:00,6.649,6.654,6.598,6.614,90972.29262322
2025-01-11 18:00:00,6.617,6.64,6.586,6.627,77044.30521798
2025-01-11 19:00:00,6.624,6.639,6.6,6.633,69517.39731849
2025-01-11 20:00:00,6.636,6.795,6.626,6.79,177099.06570268
2025-01-11 21:00:00,6.795,6.873,6.786,6.851,182198.64675882
2025-01-11 22:00:00,6.851,6.872,6.739,6.752,120454.53160081
2025-01-11 23:00:00,6.752,6.774,6.726,6.732,51584.99315756
2025-01-12 00:00:00,6.736,6.787,6.703,6.757,213171.03287702
2025-01-12 01:00:00,6.756,6.788,6.72,6.785,73746.18671497
2025-01-12 02:00:00,6.786,6.805,6.741,6.802,80512.58289511
2025-01-12 03:00:00,6.802,6.808,6.735,6.776,100426.18289783
2025-01-12 04:00:00,6.776,6.782,6.743,6.756,69367.58888048
2025-01-12 05:00:00,6.758,6.766,6.723,6.737,41452.89811159
2025-01-12 06:00:00,6.737,6.75,6.685,6.688,79525.13450454
2025-01-12 07:00:00,6.687,6.724,6.658,6.714,188700.37745083
2025-01-12 08:00:00,6.719,6.747,6.667,6.678,101275.52351802
2025-01-12 09:00:00,6.68,6.7,6.635,6.653,119014.8918211
2025-01-12 10:00:00,6.652,6.666,6.607,6.66,127822.0128969
2025-01-12 11:00:00,6.659,6.699,6.642,6.673,32806.04673224
2025-01-12 12:00:00,6.673,6.718,6.641,6.659,116120.55156446
2025-01-12 13:00:00,6.659,6.71,6.652,6.695,47811.37748996
2025-01-12 14:00:00,6.695,6.713,6.672,6.68,64443.17328295
2025-01-12 15:00:00,6.687,6.754,6.663,6.733,133548.90707288
2025-01-12 16:00:00,6.73,6.744,6.68,6.715,110136.64609078
2025-01-12 17:00:00,6.717,6.743,6.696,6.727,126273.42328775
2025-01-12 18:00:00,6.725,6.76,6.685,6.692,123354.92190514
2025-01-12 19:00:00,6.693,6.709,6.672,6.69,61508.87000541
2025-01-12 20:00:00,6.69,6.705,6.651,6.67,40971.56878131
2025-01-12 21:00:00,6.674,6.679,6.611,6.617,146432.45359374
2025-01-12 22:00:00,6.614,6.619,6.539,6.573,181626.44486421
2025-01-12 23:00:00,6.575,6.63,6.569,6.624,90106.23469174
2025-01-13 00:00:00,6.624,6.804,6.609,6.733,301163.7350952
2025-01-13 01:00:00,6.732,6.742,6.599,6.618,210888.03093068
2025-01-13 02:00:00,6.617,6.633,6.442,6.499,359721.28700533
2025-01-13 03:00:00,6.498,6.541,6.418,6.449,345171.50096462
2025-01-13 04:00:00,6.448,6.554,6.428,6.517,161067.70839305
2025-01-13 05:00:00,6.517,6.523,6.426,6.455,193422.52803047
2025-01-13 06:00:00,6.456,6.496,6.338,6.368,332058.34303095
2025-01-13 07:00:00,6.366,6.436,6.339,6.398,228063.21977048
2025-01-13 08:00:00,6.398,6.407,6.3,6.343,227788.08679304
2025-01-13 09:00:00,6.343,6.37,6.237,6.278,467085.40583956
2025-01-13 10:00:00,6.279,6.283,6.135,6.164,467234.78196992
2025-01-13 11:00:00,6.165,6.182,6.051,6.051,352782.70150173
2025-01-13 12:00:00,6.052,6.155,6.044,6.112,406849.95875682
2025-01-13 13:00:00,6.11,6.255,6.086,6.169,508811.48938376
2025-01-13 14:00:00,6.17,6.301,5.984,6.238,1172580.08260529
2025-01-13 15:00:00,6.238,6.347,6.206,6.282,300563.97029095
2025-01-13 16:00:00,6.281,6.315,6.192,6.201,209115.52252519
2025-01-13 17:00:00,6.201,6.257,6.164,6.192,159089.07419971
2025-01-13 18:00:00,6.19,6.241,6.115,6.185,156236.08545927
2025-01-13 19:00:00,6.183,6.238,6.133,6.191,159966.25563239
2025-01-13 20:00:00,6.19,6.384,6.153,6.354,226675.93712226
2025-01-13 21:00:00,6.356,6.417,6.316,6.396,231492.37226251
2025-01-13 22:00:00,6.397,6.475,6.393,6.43,154600.26928912
2025-01-13 23:00:00,6.431,6.431,6.382,6.393,100113.81117952
2025-01-14 00:00:00,6.393,6.419,6.365,6.374,123130.92611627
2025-01-14 01:00:00,6.378,6.437,6.373,6.387,228758.58668948
2025-01-14 02:00:00,6.388,6.458,6.378,6.403,107276.82427116
2025-01-14 03:00:00,6.403,6.449,6.401,6.408,62434.72916608
2025-01-14 04:00:00,6.408,6.459,6.408,6.451,73960.42125726
2025-01-14 05:00:00,6.452,6.493,6.408,6.413,145386.41039497
2025-01-14 06:00:00,6.413,6.449,6.397,6.439,95756.3765607
2025-01-14 07:00:00,6.44,6.455,6.394,6.397,94109.25555101
2025-01-14 08:00:00,6.399,6.472,6.398,6.419,193428.33279464
2025-01-14 09:00:00,6.419,6.591,6.412,6.545,237986.4492688
2025-01-14 10:00:00,6.548,6.549,6.486,6.51,206064.48587702
2025-01-14 11:00:00,6.512,6.518,6.442,6.465,89846.58208611
2025-01-14 12:00:00,6.464,6.478,6.39,6.412,254239.95188492
2025-01-14 13:00:00,6.412,6.52,6.388,6.476,501096.69473401
2025-01-14 14:00:00,6.476,6.566,6.448,6.491,205661.66372261
2025-01-14 15:00:00,6.492,6.551,6.481,6.514,175061.52897803
2025-01-14 16:00:00,6.514,6.517,6.46,6.509,99876.38800585
2025-01-14 17:00:00,6.504,6.584,6.488,6.572,190110.83727359
2025-01-14 18:00:00,6.573,6.674,6.572,6.653,233564.78167128
2025-01-14 19:00:00,6.653,6.656,6.606,6.621,188386.23603787
2025-01-14 20:00:00,6.619,6.647,6.561,6.625,108911.5297701
2025-01-14 21:00:00,6.625,6.65,6.612,6.632,62806.51339108
2025-01-14 22:00:00,6.635,6.682,6.635,6.674,72507.47508545
2025-01-14 23:00:00,6.67,6.676,6.643,6.66,45719.48693167
2025-01-15 00:00:00,6.662,6.701,6.639,6.649,128287.09196207
2025-01-15 01:00:00,6.645,6.73,6.608,6.682,207174.23897816
2025-01-15 02:00:00,6.682,6.734,6.645,6.68,169327.55767493
2025-01-15 03:00:00,6.682,6.699,6.626,6.696,111478.54421412
2025-01-15 04:00:00,6.696,6.728,6.657,6.68,103803.51023768
2025-01-15 05:00:00,6.677,6.698,6.634,6.693,78904.80650024
2025-01-15 06:00:00,6.691,6.707,6.668,6.693,71339.26938486
2025-01-15 07:00:00,6.693,6.796,6.692,6.769,139517.86994452
2025-01-15 08:00:00,6.77,6.831,6.746,6.765,117669.64645262
2025-01-15 09:00:00,6.766,6.778,6.618,6.639,244122.80415904
2025-01-15 10:00:00,6.637,6.684,6.637,6.649,123807.80171001
2025-01-15 11:00:00,6.649,6.65,6.557,6.589,218858.82382444
2025-01-15 12:00:00,6.588,6.623,6.55,6.58,102955.78668396
2025-01-15 13:00:00,6.582,6.91,6.582,6.908,919948.10722463
2025-01-15 14:00:00,6.906,6.968,6.85,6.954,340591.55343021
2025-01-15 15:00:00,6.955,7.062,6.918,7.014,406261.26663028
2025-01-15 16:00:00,7.016,7.097,6.959,6.965,253489.53866229
2025-01-15 17:00:00,6.964,6.998,6.874,6.89,207459.11190837
2025-01-15 18:00:00,6.891,6.992,6.891,6.992,146697.7381939
2025-01-15 19:00:00,6.992,7.033,6.973,7.023,126658.0794144
2025-01-15 20:00:00,7.024,7.085,6.963,6.987,202463.70525223
2025-01-15 21:00:00,6.987,7.02,6.969,6.997,144597.24575151
2025-01-15 22:00:00,6.995,7.062,6.982,7.057,137528.31646262
2025-01-15 23:00:00,7.058,7.194,7.038,7.159,160848.23471817
2025-01-16 00:00:00,7.16,7.189,6.983,7.044,282305.33293956
2025-01-16 01:00:00,7.041,7.122,7.041,7.101,148395.63301768
2025-01-16 02:00:00,7.1,7.107,7.038,7.065,92394.20350088
2025-01-16 03:00:00,7.066,7.113,7.006,7.054,218694.97371578
2025-01-16 04:00:00,7.06,7.083,7.04,7.074,124243.42582074
2025-01-16 05:00:00,7.073,7.074,7.033,7.037,55865.31219336
2025-01-16 06:00:00,7.038,7.055,7.012,7.041,120606.66899437
2025-01-16 07:00:00,7.043,7.061,7.012,7.016,58665.79454098
2025-01-16 08:00:00,7.013,7.027,6.844,6.882,321639.45534388
2025-01-16 09:00:00,6.884,6.931,6.854,6.924,187409.89759189
2025-01-16 10:00:00,6.925,6.95,6.907,6.942,57423.52847245
2025-01-16 11:00:00,6.944,7.084,6.91,7.076,219247.14178918
2025-01-16 12:00:00,7.074,7.379,7.033,7.29,611051.44711239
2025-01-16 13:00:00,7.289,7.387,7.119,7.168,442953.03925454
2025-01-16 14:00:00,7.169,7.224,6.979,7.038,460000.24328626
2025-01-16 15:00:00,7.036,7.237,7.012,7.236,331652.46463419
2025-01-16 16:00:00,7.236,7.351,7.233,7.276,273488.59785037
2025-01-16 17:00:00,7.271,7.318,7.217,7.289,120974.70241994
2025-01-16 18:00:00,7.292,7.343,7.207,7.224,125681.90285758
2025-01-16 19:00:00,7.222,7.329,7.21,7.324,111702.40191143
2025-01-16 20:00:00,7.327,7.35,7.254,7.282,90671.8519755
2025-01-16 21:00:00,7.283,7.295,7.212,7.23,85808.16924189
2025-01-16 22:00:00,7.231,7.237,7.107,7.129,208647.43019717
2025-01-16 23:00:00,7.129,7.158,7.096,7.142,70979.78818675
2025-01-17 00:00:00,7.148,7.248,7.148,7.247,80484.21586877
2025-01-17 01:00:00,7.247,7.348,7.211,7.34,209622.46535905
2025-01-17 02:00:00,7.341,7.408,7.294,7.334,248141.14480553
2025-01-17 03:00:00,7.332,7.342,7.277,7.288,64950.4813442
2025-01-17 04:00:00,7.287,7.353,7.246,7.346,155117.75096338
2025-01-17 05:00:00,7.345,7.39,7.31,7.375,121268.28573966
2025-01-17 06:00:00,7.372,7.406,7.341,7.377,79300.33983907
2025-01-17 07:00:00,7.378,7.382,7.319,7.327,56281.63110827
2025-01-17 08:00:00,7.327,7.413,7.286,7.399,167943.05795872
2025-01-17 09:00:00,7.399,7.429,7.354,7.392,131995.42727391
2025-01-17 10:00:00,7.39,7.442,7.387,7.417,98727.47767527
2025-01-17 11:00:00,7.418,7.425,7.369,7.394,167598.48985237
2025-01-17 12:00:00,7.394,7.402,7.29,7.306,149106.82607919
2025-01-17 13:00:00,7.309,7.38,7.283,7.325,180064.20542334
2025-01-17 14:00:00,7.325,7.415,7.313,7.372,167188.97979735
2025-01-17 15:00:00,7.374,7.449,7.337,7.406,139933.58266754
2025-01-17 16:00:00,7.409,7.48,7.375,7.465,239823.19798498
2025-01-17 17:00:00,7.463,7.504,7.372,7.384,177095.44338869
2025-01-17 18:00:00,7.383,7.455,7.358,7.41,74056.81788534
2025-01-17 19:00:00,7.41,7.503,7.41,7.483,102433.92615039
2025-01-17 20:00:00,7.483,7.595,7.47,7.546,163537.54958279
2025-01-17 21:00:00,7.545,7.584,7.524,7.565,180275.84878699
2025-01-17 22:00:00,7.563,7.603,7.535,7.535,65824.04147626
2025-01-17 23:00:00,7.533,7.534,7.493,7.505,81552.63137352
2025-01-18 00:00:00,7.512,7.59,7.512,7.562,54354.78651978
2025-01-18 01:00:00,7.557,7.557,7.442,7.452,76521.7165669
2025-01-18 02:00:00,7.452,7.491,7.416,7.429,68951.62458624
2025-01-18 03:00:00,7.43,7.453,7.235,7.288,467975.55341202
2025-01-18 04:00:00,7.285,7.32,7.212,7.26,218343.97361081
2025-01-18 05:00:00,7.26,7.288,6.983,6.986,353821.04083431
2025-01-18 06:00:00,6.985,7.154,6.982,7.128,274405.94608667
2025-01-18 07:00:00,7.127,7.14,7.009,7.035,120312.01735882
2025-01-18 08:00:00,7.036,7.085,6.932,7.079,203595.53014225
2025-01-18 09:00:00,7.079,7.088,6.975,7.015,78604.84555975
2025-01-18 10:00:00,7.015,7.036,6.923,6.992,144020.30422031
2025-01-18 11:00:00,6.992,7.108,6.954,7.089,119266.63771916
2025-01-18 12:00:00,7.087,7.097,6.992,7.032,86957.17907495
2025-01-18 13:00:00,7.03,7.12,6.999,7.118,194679.8991911
2025-01-18 14:00:00,7.119,7.121,6.995,7.007,156131.12402734
2025-01-18 15:00:00,7.007,7.096,6.961,7.007,138450.98281538
2025-01-18 16:00:00,7.008,7.029,6.846,6.865,334520.8357661
2025-01-18 17:00:00,6.865,6.953,6.86,6.878,129505.14128126
2025-01-18 18:00:00,6.879,6.949,6.836,6.879,251526.43102939
2025-01-18 19:00:00,6.878,6.974,6.878,6.973,86898.31969417
2025-01-18 20:00:00,6.974,6.975,6.868,6.894,74460.93750782
2025-01-18 21:00:00,6.893,6.944,6.889,6.906,73866.00631347
2025-01-18 22:00:00,6.903,6.973,6.891,6.945,50573.00416296
2025-01-18 23:00:00,6.943,7.05,6.936,7.035,78890.60840044
2025-01-19 00:00:00,7.037,7.127,7.005,7.092,267770.66573151
2025-01-19 01:00:00,7.093,7.232,7.079,7.212,243687.2572691
2025-01-19 02:00:00,7.212,7.233,7.142,7.154,94301.13274031
2025-01-19 03:00:00,7.151,7.159,7.035,7.035,174098.05846059
2025-01-19 04:00:00,7.04,7.048,6.893,6.908,265456.48148734
2025-01-19 05:00:00,6.906,6.941,6.848,6.935,145044.16194169
2025-01-19 06:00:00,6.938,6.941,6.85,6.853,91635.39523908
2025-01-19 07:00:00,6.856,6.883,6.759,6.791,254675.94163152
2025-01-19 08:00:00,6.791,6.791,6.584,6.6,447438.23425179
2025-01-19 09:00:00,6.596,6.647,6.445,6.647,931832.19265238
2025-01-19 10:00:00,6.647,6.664,6.534,6.603,332960.9493325
2025-01-19 11:00:00,6.604,6.615,6.408,6.458,302279.84828668
2025-01-19 12:00:00,6.458,6.595,6.448,6.581,294080.57602401
2025-01-19 13:00:00,6.582,6.689,6.561,6.689,205559.27642078
2025-01-19 14:00:00,6.688,6.868,6.661,6.856,469021.49206538
2025-01-19 15:00:00,6.856,6.897,6.774,6.814,213322.97527352
2025-01-19 16:00:00,6.813,6.857,6.772,6.794,154016.5665941
2025-01-19 17:00:00,6.796,6.894,6.76,6.892,164651.93658125
2025-01-19 18:00:00,6.891,6.904,6.799,6.805,167737.64890116
2025-01-19 19:00:00,6.803,6.83,6.771,6.83,102701.31610484
2025-01-19 20:00:00,6.831,6.845,6.72,6.756,189933.04428423
2025-01-19 21:00:00,6.757,6.763,6.398,6.407,936731.26252115
2025-01-19 22:00:00,6.408,6.519,6.127,6.351,967729.07326946
2025-01-19 23:00:00,6.348,6.348,6.094,6.239,860468.58280276
2025-01-20 00:00:00,6.239,6.245,6.047,6.057,985080.16827297
2025-01-20 01:00:00,6.058,6.178,6.055,6.123,357616.09129996
2025-01-20 02:00:00,6.123,6.367,6.109,6.234,258940.48575154
2025-01-20 03:00:00,6.233,6.323,6.197,6.301,209486.10138707
2025-01-20 04:00:00,6.3,6.369,6.224,6.302,160677.27820062
2025-01-20 05:00:00,6.3,6.391,6.282,6.339,178480.79345485
2025-01-20 06:00:00,6.344,6.689,6.334,6.623,441342.80173207
2025-01-20 07:00:00,6.619,7.109,6.611,6.77,1155134.18035266
2025-01-20 08:00:00,6.772,6.867,6.745,6.809,172176.38006324
2025-01-20 09:00:00,6.807,6.831,6.678,6.708,175147.14974574
2025-01-20 10:00:00,6.708,6.739,6.616,6.648,169978.05163449
2025-01-20 11:00:00,6.648,6.692,6.603,6.69,138991.79335897
2025-01-20 12:00:00,6.691,6.698,6.413,6.527,585852.23042187
2025-01-20 13:00:00,6.528,6.607,6.499,6.601,240040.16746946
2025-01-20 14:00:00,6.602,6.646,6.575,6.642,122131.99082701
2025-01-20 15:00:00,6.637,6.651,6.466,6.497,377539.86173057
2025-01-20 16:00:00,6.5,6.606,6.377,6.596,327570.53343693
2025-01-20 17:00:00,6.596,6.599,6.15,6.296,1992596.32913205
2025-01-20 18:00:00,6.303,6.45,6.298,6.434,230279.59598394
2025-01-20 19:00:00,6.438,6.458,6.374,6.43,111575.45668426
2025-01-20 20:00:00,6.43,6.474,6.375,6.452,120831.79469417
2025-01-20 21:00:00,6.449,6.477,6.338,6.345,78598.15762983
2025-01-20 22:00:00,6.345,6.448,6.281,6.423,126940.13184268
2025-01-20 23:00:00,6.428,6.442,6.347,6.377,117301.68528538
2025-01-21 00:00:00,6.377,6.4,6.262,6.271,210717.81070965
2025-01-21 01:00:00,6.274,6.386,6.229,6.282,354081.9332818
2025-01-21 02:00:00,6.283,6.307,6.192,6.271,181065.70494283
2025-01-21 03:00:00,6.27,6.303,6.229,6.278,138336.87617636
2025-01-21 04:00:00,6.277,6.277,6.15,6.262,189216.76173157
2025-01-21 05:00:00,6.258,6.273,6.191,6.203,119021.02411731
2025-01-21 06:00:00,6.205,6.275,6.166,6.248,129623.29562162
2025-01-21 07:00:00,6.247,6.351,6.225,6.318,120459.29970596
2025-01-21 08:00:00,6.313,6.373,6.277,6.326,138570.84831823
2025-01-21 09:00:00,6.327,6.405,6.295,6.389,234740.88630429
2025-01-21 10:00:00,6.394,6.534,6.388,6.515,239677.44179421
2025-01-21 11:00:00,6.516,6.533,6.455,6.519,186312.91241721
2025-01-21 12:00:00,6.518,6.605,6.495,6.556,165937.83372185
2025-01-21 13:00:00,6.558,6.587,6.513,6.558,137677.08377021
2025-01-21 14:00:00,6.558,6.607,6.492,6.522,243348.39204087
2025-01-21 15:00:00,6.519,6.588,6.469,6.56,191142.99047623
2025-01-21 16:00:00,6.56,6.708,6.542,6.678,345948.92967728
2025-01-21 17:00:00,6.678,6.788,6.674,6.782,141233.36505223
2025-01-21 18:00:00,6.781,6.845,6.76,6.817,152568.36143823
2025-01-21 19:00:00,6.816,6.817,6.695,6.72,118131.1658533
2025-01-21 20:00:00,6.719,6.746,6.683,6.746,53710.14616764
2025-01-21 21:00:00,6.747,6.762,6.716,6.734,69896.99215016
2025-01-21 22:00:00,6.733,6.746,6.654,6.656,94589.47612593
2025-01-21 23:00:00,6.657,6.67,6.601,6.626,111705.41513571
2025-01-22 00:00:00,6.625,6.697,6.614,6.691,90387.98448122
2025-01-22 01:00:00,6.688,6.688,6.589,6.605,82911.82511052
2025-01-22 02:00:00,6.605,6.677,6.564,6.644,178485.91368431
2025-01-22 03:00:00,6.65,6.653,6.595,6.609,83543.94362878
2025-01-22 04:00:00,6.61,6.629,6.557,6.592,142957.08076757
2025-01-22 05:00:00,6.592,6.624,6.584,6.585,37947.35914067
2025-01-22 06:00:00,6.585,6.618,6.564,6.614,53177.88578479
2025-01-22 07:00:00,6.616,6.619,6.57,6.583,67524.95620501
2025-01-22 08:00:00,6.584,6.598,6.491,6.584,180600.9064918
2025-01-22 09:00:00,6.582,6.602,6.546,6.578,56460.6776508
2025-01-22 10:00:00,6.578,6.603,6.535,6.593,91432.1160876
2025-01-22 11:00:00,6.594,6.638,6.564,6.625,180035.07192265
2025-01-22 12:00:00,6.626,6.655,6.596,6.604,71288.88040783
2025-01-22 13:00:00,6.6,6.602,6.509,6.525,104095.57067305
2025-01-22 14:00:00,6.526,6.576,6.484,6.547,139883.89470862
2025-01-22 15:00:00,6.549,6.589,6.499,6.519,80733.96556165
2025-01-22 16:00:00,6.518,6.557,6.466,6.544,114522.36966408
2025-01-22 17:00:00,6.542,6.599,6.526,6.581,69323.45778015
2025-01-22 18:00:00,6.579,6.596,6.454,6.477,81357.54901997
2025-01-22 19:00:00,6.475,6.569,6.474,6.52,92515.84098184
2025-01-22 20:00:00,6.521,6.555,6.495,6.501,63027.27729184
2025-01-22 21:00:00,6.501,6.521,6.458,6.494,74932.60749959
2025-01-22 22:00:00,6.492,6.516,6.432,6.434,82792.95656015
2025-01-22 23:00:00,6.433,6.468,6.41,6.446,65566.49293995
2025-01-23 00:00:00,6.445,6.472,6.413,6.43,61539.83276931
2025-01-23 01:00:00,6.427,6.435,6.35,6.354,89462.17260806
2025-01-23 02:00:00,6.356,6.363,6.29,6.339,130884.28097319
2025-01-23 03:00:00,6.338,6.396,6.323,6.354,54346.58390153
2025-01-23 04:00:00,6.353,6.364,6.272,6.305,59682.80391354
2025-01-23 05:00:00,6.308,6.36,6.308,6.341,49892.49204354
2025-01-23 06:00:00,6.335,6.358,6.305,6.317,38374.93688076
2025-01-23 07:00:00,6.317,6.365,6.284,6.356,72643.75707052
2025-01-23 08:00:00,6.358,6.373,6.305,6.312,56532.90750337
2025-01-23 09:00:00,6.31,6.339,6.269,6.286,53820.22436031
2025-01-23 10:00:00,6.285,6.314,6.239,6.27,64680.93905343
2025-01-23 11:00:00,6.269,6.332,6.249,6.309,66884.79924838
2025-01-23 12:00:00,6.309,6.313,6.24,6.261,61372.32807062
2025-01-23 13:00:00,6.26,6.355,6.24,6.338,95651.90284894
2025-01-23 14:00:00,6.334,6.48,6.296,6.432,203178.64801717
2025-01-23 15:00:00,6.434,6.457,6.302,6.402,304579.98063085
2025-01-23 16:00:00,6.402,6.505,6.366,6.371,143347.17721681
2025-01-23 17:00:00,6.372,6.403,6.301,6.396,95424.3069057
2025-01-23 18:00:00,6.398,6.407,6.305,6.308,44886.32966121
2025-01-23 19:00:00,6.309,6.312,6.208,6.232,141888.4490446
2025-01-23 20:00:00,6.23,6.415,6.22,6.292,357276.0763525
2025-01-23 21:00:00,6.291,6.308,6.191,6.243,91863.84665288
2025-01-23 22:00:00,6.242,6.373,6.235,6.361,72984.76776942
2025-01-23 23:00:00,6.365,6.387,6.338,6.347,62284.00129536
2025-01-24 00:00:00,6.348,6.369,6.239,6.245,63597.90481887
2025-01-24 01:00:00,6.241,6.287,6.213,6.269,76970.63106678
2025-01-24 02:00:00,6.268,6.281,6.199,6.208,82893.1077543
2025-01-24 03:00:00,6.211,6.307,6.2,6.283,114064.16314478
2025-01-24 04:00:00,6.279,6.39,6.258,6.379,91157.56458587
2025-01-24 05:00:00,6.379,6.489,6.365,6.489,99601.81023857
2025-01-24 06:00:00,6.49,6.5,6.423,6.435,100254.16181379
2025-01-24 07:00:00,6.436,6.462,6.386,6.416,117023.0669665
2025-01-24 08:00:00,6.418,6.476,6.397,6.47,74495.29545523
2025-01-24 09:00:00,6.471,6.494,6.425,6.447,52460.74913206
2025-01-24 10:00:00,6.444,6.498,6.421,6.489,53846.5878736
2025-01-24 11:00:00,6.491,6.492,6.454,6.462,43263.67883954
2025-01-24 12:00:00,6.461,6.506,6.448,6.5,72916.85115614
2025-01-24 13:00:00,6.501,6.545,6.472,6.49,108726.73756169
2025-01-24 14:00:00,6.492,6.532,6.438,6.497,188853.25998141
2025-01-24 15:00:00,6.497,6.522,6.41,6.465,160385.25660604
2025-01-24 16:00:00,6.466,6.488,6.426,6.43,61392.63700444
2025-01-24 17:00:00,6.431,6.501,6.404,6.474,65967.49155158
2025-01-24 18:00:00,6.473,6.493,6.454,6.464,41380.38580824
2025-01-24 19:00:00,6.46,6.477,6.414,6.429,62728.58730554
2025-01-24 20:00:00,6.433,6.451,6.319,6.32,87694.3236842
2025-01-24 21:00:00,6.324,6.381,6.316,6.364,51028.46132464
2025-01-24 22:00:00,6.365,6.366,6.305,6.313,77587.84204543
2025-01-24 23:00:00,6.314,6.319,6.284,6.318,46914.07229311
2025-01-25 00:00:00,6.318,6.321,6.25,6.256,62627.61625119
2025-01-25 01:00:00,6.251,6.372,6.243,6.31,127769.59404659
2025-01-25 02:00:00,6.31,6.338,6.295,6.323,29370.62385088
2025-01-25 03:00:00,6.329,6.386,6.313,6.38,46740.81176369
2025-01-25 04:00:00,6.378,6.38,6.329,6.329,32392.61503769
2025-01-25 05:00:00,6.332,6.343,6.302,6.315,78012.82567101
2025-01-25 06:00:00,6.315,6.344,6.301,6.318,118905.20567614
2025-01-25 07:00:00,6.316,6.323,6.29,6.295,130187.80560531
2025-01-25 08:00:00,6.296,6.317,6.273,6.293,41107.26142587
2025-01-25 09:00:00,6.294,6.305,6.27,6.28,30152.53423578
2025-01-25 10:00:00,6.281,6.306,6.258,6.301,78960.22462483
2025-01-25 11:00:00,6.3,6.334,6.289,6.326,37523.95652379
2025-01-25 12:00:00,6.326,6.326,6.282,6.326,125731.02900001
2025-01-25 13:00:00,6.329,6.356,6.306,6.324,110391.72834604
2025-01-25 14:00:00,6.326,6.327,6.278,6.321,54028.53024201
2025-01-25 15:00:00,6.321,6.379,6.32,6.366,94242.36786345
2025-01-25 16:00:00,6.365,6.407,6.354,6.377,71116.85388034
2025-01-25 17:00:00,6.379,6.38,6.339,6.366,29926.75833812
2025-01-25 18:00:00,6.369,6.38,6.342,6.355,29093.53163298
2025-01-25 19:00:00,6.355,6.37,6.34,6.356,30389.34367679
2025-01-25 20:00:00,6.36,6.394,6.353,6.356,35747.12119384
2025-01-25 21:00:00,6.356,6.364,6.331,6.358,55612.72609933
2025-01-25 22:00:00,6.361,6.389,6.35,6.358,31172.42621444
2025-01-25 23:00:00,6.358,6.365,6.309,6.317,49043.67525113
2025-01-26 00:00:00,6.32,6.344,6.273,6.273,92781.39004317
2025-01-26 01:00:00,6.272,6.317,6.263,6.298,80764.24428896
2025-01-26 02:00:00,6.298,6.298,6.261,6.292,70375.3204834
2025-01-26 03:00:00,6.292,6.351,6.29,6.324,45243.9637149
2025-01-26 04:00:00,6.324,6.394,6.316,6.362,103158.6613551
2025-01-26 05:00:00,6.363,6.365,6.327,6.345,45864.08161742
2025-01-26 06:00:00,6.346,6.365,6.331,6.346,89382.41399205
2025-01-26 07:00:00,6.348,6.367,6.326,6.359,92002.88775267
2025-01-26 08:00:00,6.358,6.385,6.333,6.345,77327.73188922
2025-01-26 09:00:00,6.345,6.345,6.278,6.293,132824.00056113
2025-01-26 10:00:00,6.291,6.333,6.283,6.33,79327.27034849
2025-01-26 11:00:00,6.331,6.373,6.331,6.371,93562.09113375
2025-01-26 12:00:00,6.37,6.373,6.333,6.373,50638.43734698
2025-01-26 13:00:00,6.373,6.39,6.356,6.375,62579.67806977
2025-01-26 14:00:00,6.377,6.377,6.35,6.367,32243.35331647
2025-01-26 15:00:00,6.368,6.38,6.349,6.352,54186.50231576
2025-01-26 16:00:00,6.353,6.362,6.321,6.349,52086.91662777
2025-01-26 17:00:00,6.351,6.391,6.34,6.384,59608.06849439
2025-01-26 18:00:00,6.384,6.434,6.372,6.412,110469.13433422
2025-01-26 19:00:00,6.411,6.46,6.41,6.448,74279.61502811
2025-01-26 20:00:00,6.45,6.468,6.427,6.43,49622.07643323
2025-01-26 21:00:00,6.432,6.434,6.351,6.357,133092.22938714
2025-01-26 22:00:00,6.352,6.393,6.307,6.338,137890.4062323
2025-01-26 23:00:00,6.337,6.337,6.159,6.174,427145.82552547
2025-01-27 00:00:00,6.174,6.21,6.085,6.097,357267.14641498
2025-01-27 01:00:00,6.094,6.114,6.001,6.006,279593.16226594
2025-01-27 02:00:00,6.006,6.006,5.9,5.924,507985.78948459
2025-01-27 03:00:00,5.923,6.02,5.876,5.982,289218.52066827
2025-01-27 04:00:00,5.984,5.984,5.873,5.88,306772.52235961
2025-01-27 05:00:00,5.88,5.906,5.798,5.859,424051.75963187
2025-01-27 06:00:00,5.858,5.881,5.711,5.741,511006.34601394
2025-01-27 07:00:00,5.741,5.769,5.472,5.697,1264595.28644401
2025-01-27 08:00:00,5.697,5.701,5.572,5.66,295953.16945184
2025-01-27 09:00:00,5.659,5.726,5.624,5.696,200003.04891454
2025-01-27 10:00:00,5.695,5.698,5.567,5.586,283587.62763882
2025-01-27 11:00:00,5.586,5.689,5.586,5.629,193686.72925429
2025-01-27 12:00:00,5.629,5.79,5.592,5.754,347548.29003923
2025-01-27 13:00:00,5.757,5.851,5.726,5.759,354194.53727358
2025-01-27 14:00:00,5.758,5.902,5.734,5.882,284299.79551559
2025-01-27 15:00:00,5.882,5.899,5.826,5.84,139424.68495829
2025-01-27 16:00:00,5.84,5.86,5.731,5.745,183348.65637903
2025-01-27 17:00:00,5.746,5.787,5.703,5.732,165574.29675799
2025-01-27 18:00:00,5.729,5.779,5.678,5.694,236197.95919367
2025-01-27 19:00:00,5.696,5.776,5.696,5.75,119491.51470123
2025-01-27 20:00:00,5.754,5.94,5.753,5.922,160857.6666855
2025-01-27 21:00:00,5.923,6.013,5.89,5.908,237211.46573515
2025-01-27 22:00:00,5.91,5.966,5.886,5.942,90530.05959255
2025-01-27 23:00:00,5.942,5.964,5.913,5.949,117644.00764912
2025-01-28 00:00:00,5.944,5.998,5.918,5.925,142396.06066903
2025-01-28 01:00:00,5.927,5.928,5.875,5.888,87728.47270063
2025-01-28 02:00:00,5.888,5.954,5.884,5.944,50205.2259383
2025-01-28 03:00:00,5.946,5.987,5.91,5.967,71967.43274789
2025-01-28 04:00:00,5.97,6.03,5.965,6.002,109605.31217317
2025-01-28 05:00:00,6.004,6.032,5.985,5.993,91866.23183063
2025-01-28 06:00:00,5.994,5.996,5.934,5.935,67107.94053407
2025-01-28 07:00:00,5.935,5.973,5.913,5.929,104109.43604245
2025-01-28 08:00:00,5.93,5.968,5.906,5.94,131682.50186291
2025-01-28 09:00:00,5.941,5.944,5.885,5.928,79245.04483936
2025-01-28 10:00:00,5.926,5.964,5.911,5.926,71596.82828783
2025-01-28 11:00:00,5.925,5.959,5.895,5.92,34363.45908523
2025-01-28 12:00:00,5.921,5.945,5.861,5.878,104712.99914118
2025-01-28 13:00:00,5.879,5.912,5.872,5.882,57681.14389449
2025-01-28 14:00:00,5.884,5.885,5.811,5.847,236094.6912319
2025-01-28 15:00:00,5.847,5.954,5.846,5.894,250800.55564803
2025-01-28 16:00:00,5.896,5.902,5.77,5.81,241472.26468342
2025-01-28 17:00:00,5.809,5.872,5.802,5.821,83457.10234134
2025-01-28 18:00:00,5.82,5.854,5.761,5.774,96526.55976146
2025-01-28 19:00:00,5.774,5.808,5.744,5.8,123395.9304253
2025-01-28 20:00:00,5.801,5.825,5.703,5.708,117999.3082502
2025-01-28 21:00:00,5.708,5.752,5.621,5.621,113675.82444988
2025-01-28 22:00:00,5.622,5.677,5.591,5.669,200104.92955816
2025-01-28 23:00:00,5.668,5.685,5.604,5.643,120863.19808481
2025-01-29 00:00:00,5.642,5.705,5.63,5.676,195650.71079791
2025-01-29 01:00:00,5.678,5.741,5.678,5.73,78667.66865247
2025-01-29 02:00:00,5.732,5.799,5.728,5.739,69966.30224694
2025-01-29 03:00:00,5.731,5.783,5.722,5.773,84326.01232178
2025-01-29 04:00:00,5.773,5.804,5.754,5.784,46763.98150862
2025-01-29 05:00:00,5.777,5.798,5.757,5.788,42340.43023159
2025-01-29 06:00:00,5.788,5.835,5.785,5.825,84494.52778266
2025-01-29 07:00:00,5.825,5.842,5.794,5.829,39221.30008515
2025-01-29 08:00:00,5.827,5.845,5.791,5.801,67290.76288492
2025-01-29 09:00:00,5.8,5.803,5.734,5.748,66599.31139992
2025-01-29 10:00:00,5.747,5.793,5.724,5.753,106169.18038605
2025-01-29 11:00:00,5.754,5.764,5.701,5.73,137062.01709881
2025-01-29 12:00:00,5.735,5.74,5.67,5.682,98414.26906453
2025-01-29 13:00:00,5.679,5.69,5.61,5.633,175703.72445879
2025-01-29 14:00:00,5.636,5.674,5.594,5.625,113057.45683628
2025-01-29 15:00:00,5.627,5.675,5.618,5.64,66035.33445755
2025-01-29 16:00:00,5.64,5.646,5.587,5.62,83517.29357961
2025-01-29 17:00:00,5.621,5.701,5.621,5.661,154913.61014112
2025-01-29 18:00:00,5.662,5.729,5.614,5.712,106189.08705766
2025-01-29 19:00:00,5.711,5.82,5.539,5.749,692796.36459304
2025-01-29 20:00:00,5.75,5.875,5.671,5.799,329543.94018959
2025-01-29 21:00:00,5.799,5.879,5.747,5.836,235393.78165154
2025-01-29 22:00:00,5.837,5.875,5.767,5.813,128572.40922029
2025-01-29 23:00:00,5.805,5.834,5.755,5.765,121036.6124978
2025-01-30 00:00:00,5.765,5.808,5.72,5.802,104891.59056678
2025-01-30 01:00:00,5.803,5.886,5.787,5.837,125276.39066174
2025-01-30 02:00:00,5.838,5.897,5.813,5.894,73745.89446363
2025-01-30 03:00:00,5.897,5.96,5.89,5.953,100376.79569589
2025-01-30 04:00:00,5.954,5.979,5.924,5.967,111189.44489554
2025-01-30 05:00:00,5.971,5.984,5.92,5.946,92997.77305286
2025-01-30 06:00:00,5.947,5.961,5.928,5.937,52552.79349208
2025-01-30 07:00:00,5.937,5.949,5.894,5.919,114990.87440297
2025-01-30 08:00:00,5.92,5.941,5.893,5.926,44091.10471242
2025-01-30 09:00:00,5.928,5.979,5.924,5.965,90779.95436738
2025-01-30 10:00:00,5.966,5.989,5.929,5.989,60885.80772363
2025-01-30 11:00:00,5.986,6.01,5.97,6.004,64100.53130499
2025-01-30 12:00:00,6.003,6.042,5.98,6.035,115249.56680486
2025-01-30 13:00:00,6.036,6.107,5.997,6.063,197758.04561699
2025-01-30 14:00:00,6.063,6.185,6.06,6.178,272687.91971176
2025-01-30 15:00:00,6.181,6.255,6.171,6.211,249152.46924154
2025-01-30 16:00:00,6.216,6.249,6.156,6.172,110827.14784414
2025-01-30 17:00:00,6.174,6.181,6.132,6.167,91457.31342621
2025-01-30 18:00:00,6.165,6.194,6.135,6.175,54722.41822846
2025-01-30 19:00:00,6.175,6.183,6.13,6.175,49780.0515974
2025-01-30 20:00:00,6.177,6.205,6.122,6.129,61623.79556953
2025-01-30 21:00:00,6.134,6.158,6.112,6.131,29316.18031032
2025-01-30 22:00:00,6.132,6.17,6.114,6.145,27014.05234705
2025-01-30 23:00:00,6.147,6.179,6.12,6.121,31474.93895898
2025-01-31 00:00:00,6.124,6.176,6.091,6.168,105276.71897707
2025-01-31 01:00:00,6.168,6.18,6.126,6.151,67992.19124403
2025-01-31 02:00:00,6.151,6.152,6.082,6.083,56951.97187983
2025-01-31 03:00:00,6.082,6.082,6.029,6.058,100884.98099686
2025-01-31 04:00:00,6.06,6.064,6.028,6.037,33650.79684852
2025-01-31 05:00:00,6.036,6.116,6.033,6.114,50449.03147062
2025-01-31 06:00:00,6.112,6.225,6.107,6.225,126803.17535624
2025-01-31 07:00:00,6.226,6.311,6.208,6.212,182137.22083796
2025-01-31 08:00:00,6.21,6.234,6.133,6.15,131890.73095328
2025-01-31 09:00:00,6.144,6.237,6.139,6.209,100841.88135632
2025-01-31 10:00:00,6.208,6.235,6.156,6.214,64890.45113229
2025-01-31 11:00:00,6.214,6.307,6.206,6.299,157807.30551871
2025-01-31 12:00:00,6.3,6.355,6.289,6.336,177277.75175047
2025-01-31 13:00:00,6.337,6.406,6.322,6.33,195522.6591645
2025-01-31 14:00:00,6.329,6.381,6.301,6.362,184759.56164034
2025-01-31 15:00:00,6.364,6.486,6.355,6.467,187988.9045557
2025-01-31 16:00:00,6.469,6.499,6.444,6.454,146353.97759796
2025-01-31 17:00:00,6.454,6.454,6.343,6.355,130443.88056633
2025-01-31 18:00:00,6.356,6.381,6.233,6.265,189387.78961143
2025-01-31 19:00:00,6.264,6.328,6.237,6.263,117347.73003463
2025-01-31 20:00:00,6.261,6.279,6.192,6.23,105142.99893334
2025-01-31 21:00:00,6.226,6.421,6.189,6.361,639363.16442943
2025-01-31 22:00:00,6.363,6.45,6.334,6.369,212223.73417159
2025-01-31 23:00:00,6.369,6.369,6.295,6.318,60320.90803706
2025-02-01 00:00:00,6.317,6.403,6.291,6.402,164854.48173278
2025-02-01 01:00:00,6.402,6.428,6.358,6.364,79288.54497687
2025-02-01 02:00:00,6.36,6.438,6.351,6.421,72512.06521092
2025-02-01 03:00:00,6.422,6.434,6.375,6.397,77350.87350769
2025-02-01 04:00:00,6.397,6.418,6.337,6.35,112053.39497782
2025-02-01 05:00:00,6.348,6.485,6.347,6.485,111314.94551433
2025-02-01 06:00:00,6.478,6.489,6.41,6.462,69412.50868956
2025-02-01 07:00:00,6.462,6.479,6.4,6.403,69131.56524267
2025-02-01 08:00:00,6.406,6.427,6.332,6.415,195641.94724875
2025-02-01 09:00:00,6.413,6.419,6.286,6.299,149222.44515866
2025-02-01 10:00:00,6.302,6.34,6.249,6.256,158222.22608982
2025-02-01 11:00:00,6.254,6.399,6.244,6.394,163846.06559978
2025-02-01 12:00:00,6.394,6.41,6.33,6.344,89273.30395224
2025-02-01 13:00:00,6.345,6.362,6.255,6.255,71651.52530846
2025-02-01 14:00:00,6.256,6.314,6.243,6.25,122544.94397993
2025-02-01 15:00:00,6.246,6.264,6.179,6.229,154669.53264919
2025-02-01 16:00:00,6.229,6.257,6.188,6.193,94865.80479769
2025-02-01 17:00:00,6.194,6.263,6.193,6.23,126003.79129111
2025-02-01 18:00:00,6.23,6.251,6.158,6.166,116927.43180087
2025-02-01 19:00:00,6.168,6.169,6.052,6.087,192292.77787352
2025-02-01 20:00:00,6.088,6.09,5.974,6.028,190131.77897422
2025-02-01 21:00:00,6.026,6.076,5.986,6.0,112337.24537428
2025-02-01 22:00:00,5.998,6.028,5.93,5.986,160353.90177411
2025-02-01 23:00:00,5.975,5.981,5.856,5.905,252577.75770862
2025-02-02 00:00:00,5.904,6.043,5.884,6.009,118712.30605851
2025-02-02 01:00:00,6.012,6.03,5.965,5.973,74978.94306437
2025-02-02 02:00:00,5.98,5.98,5.836,5.844,160988.71996077
2025-02-02 03:00:00,5.844,5.88,5.705,5.713,343627.85216891
2025-02-02 04:00:00,5.715,5.796,5.701,5.735,204840.56616997
2025-02-02 05:00:00,5.735,5.858,5.731,5.837,141491.25652879
2025-02-02 06:00:00,5.835,5.873,5.808,5.825,97975.46871133
2025-02-02 07:00:00,5.827,5.828,5.767,5.801,104334.84435075
2025-02-02 08:00:00,5.8,5.91,5.788,5.86,137629.47254962
2025-02-02 09:00:00,5.861,5.861,5.807,5.839,94061.49656864
2025-02-02 10:00:00,5.837,5.837,5.723,5.741,173248.94226545
2025-02-02 11:00:00,5.74,5.762,5.601,5.624,374803.25241732
2025-02-02 12:00:00,5.622,5.676,5.566,5.569,287857.08951297
2025-02-02 13:00:00,5.571,5.711,5.571,5.707,347203.42193815
2025-02-02 14:00:00,5.709,5.729,5.662,5.662,115163.22616954
2025-02-02 15:00:00,5.662,5.662,5.563,5.643,203959.47054981
2025-02-02 16:00:00,5.644,5.644,5.416,5.457,469659.08200259
2025-02-02 17:00:00,5.459,5.498,5.2,5.242,1034309.08335408
2025-02-02 18:00:00,5.246,5.333,5.112,5.142,871182.72239869
2025-02-02 19:00:00,5.141,5.344,5.081,5.29,833725.52744113
2025-02-02 20:00:00,5.291,5.356,5.182,5.193,286780.31549905
2025-02-02 21:00:00,5.192,5.221,5.104,5.128,289083.16151404
2025-02-02 22:00:00,5.128,5.219,4.85,5.137,972190.39119125
2025-02-02 23:00:00,5.136,5.158,4.93,5.147,742233.48945386
2025-02-03 00:00:00,5.149,5.151,4.713,4.92,1496333.82754933
2025-02-03 01:00:00,4.921,4.943,3.886,4.237,4293057.96952197
2025-02-03 02:00:00,4.24,4.339,3.672,4.15,5986767.9332865
2025-02-03 03:00:00,4.152,4.387,4.145,4.335,957370.85445385
2025-02-03 04:00:00,4.336,4.388,4.131,4.144,955171.1488445
2025-02-03 05:00:00,4.145,4.4,4.142,4.396,871668.73885224
2025-02-03 06:00:00,4.394,4.556,4.334,4.533,873978.13001034
2025-02-03 07:00:00,4.528,4.716,4.505,4.708,808586.07006761
2025-02-03 08:00:00,4.707,4.707,4.514,4.577,720526.07151049
2025-02-03 09:00:00,4.576,4.66,4.551,4.583,497555.71753833
2025-02-03 10:00:00,4.583,4.786,4.583,4.773,571478.45850418
2025-02-03 11:00:00,4.773,4.776,4.662,4.686,476211.87255341
2025-02-03 12:00:00,4.688,4.777,4.641,4.652,559563.67489012
2025-02-03 13:00:00,4.652,4.695,4.576,4.628,587999.73686005
2025-02-03 14:00:00,4.629,4.777,4.486,4.732,2081358.28033183
2025-02-03 15:00:00,4.731,4.943,4.686,4.916,1252673.94901664
2025-02-03 16:00:00,4.914,4.998,4.87,4.937,655506.41800793
2025-02-03 17:00:00,4.937,4.987,4.885,4.953,332945.68722401
2025-02-03 18:00:00,4.95,5.019,4.908,5.015,261324.82438934
2025-02-03 19:00:00,5.014,5.182,5.012,5.175,377609.15083305
2025-02-03 20:00:00,5.168,5.168,4.998,5.037,230499.79945348
2025-02-03 21:00:00,5.038,5.202,5.034,5.189,207186.357273
2025-02-03 22:00:00,5.192,5.282,5.169,5.228,266446.20132046
2025-02-03 23:00:00,5.23,5.247,5.148,5.182,139182.47959092
2025-02-04 00:00:00,5.181,5.231,5.124,5.125,172410.24126143
2025-02-04 01:00:00,5.127,5.184,5.124,5.166,136888.32182585
2025-02-04 02:00:00,5.166,5.178,5.047,5.054,205612.11531454
2025-02-04 03:00:00,5.055,5.078,4.997,5.04,228696.5459236
2025-02-04 04:00:00,5.035,5.062,4.936,4.949,409145.54708702
2025-02-04 05:00:00,4.95,4.956,4.686,4.701,703693.5369268
2025-02-04 06:00:00,4.701,4.802,4.701,4.802,312181.2178232
2025-02-04 07:00:00,4.801,4.805,4.637,4.648,329291.35598251
2025-02-04 08:00:00,4.646,4.719,4.633,4.672,269538.21733251
2025-02-04 09:00:00,4.671,4.735,4.671,4.68,172904.33249158
2025-02-04 10:00:00,4.678,4.824,4.675,4.799,241234.94676686
2025-02-04 11:00:00,4.796,4.891,4.766,4.775,440529.19282901
2025-02-04 12:00:00,4.777,4.835,4.743,4.803,616799.81818865
2025-02-04 13:00:00,4.802,4.866,4.784,4.799,256986.07455237
2025-02-04 14:00:00,4.8,4.919,4.754,4.863,440464.44945006
2025-02-04 15:00:00,4.861,4.886,4.725,4.797,494844.31202327
2025-02-04 16:00:00,4.799,4.866,4.772,4.8,319913.56500464
2025-02-04 17:00:00,4.804,4.869,4.757,4.791,247635.54234244
2025-02-04 18:00:00,4.791,4.858,4.764,4.834,191681.58432983
2025-02-04 19:00:00,4.833,4.946,4.747,4.747,565876.1865843
2025-02-04 20:00:00,4.748,4.798,4.653,4.706,901733.52919739
2025-02-04 21:00:00,4.708,4.709,4.579,4.586,539591.85898617
2025-02-04 22:00:00,4.586,4.713,4.581,4.696,293187.93625877
2025-02-04 23:00:00,4.7,4.779,4.68,4.737,271315.9371789
2025-02-05 00:00:00,4.738,4.751,4.697,4.722,152884.5734587
2025-02-05 01:00:00,4.721,4.793,4.705,4.71,182238.10202858
2025-02-05 02:00:00,4.711,4.799,4.688,4.769,295962.79242334
2025-02-05 03:00:00,4.766,4.778,4.729,4.743,192370.10270594
2025-02-05 04:00:00,4.742,4.763,4.718,4.743,126515.22366756
2025-02-05 05:00:00,4.743,4.804,4.693,4.789,321309.41729784
2025-02-05 06:00:00,4.786,4.786,4.713,4.722,170815.31896167
2025-02-05 07:00:00,4.722,4.768,4.696,4.747,167109.64068328
2025-02-05 08:00:00,4.747,4.778,4.709,4.739,153360.04592049
2025-02-05 09:00:00,4.738,4.773,4.698,4.723,142507.66918381
2025-02-05 10:00:00,4.722,4.762,4.717,4.746,105696.99432587
2025-02-05 11:00:00,4.744,4.827,4.741,4.823,244066.87601224
2025-02-05 12:00:00,4.822,4.86,4.771,4.781,204075.45268533
2025-02-05 13:00:00,4.783,4.858,4.774,4.84,136065.52456005
2025-02-05 14:00:00,4.839,4.858,4.776,4.784,104897.15684388
2025-02-05 15:00:00,4.787,4.833,4.723,4.814,190532.83114182
2025-02-05 16:00:00,4.809,4.827,4.687,4.744,247751.10893439
2025-02-05 17:00:00,4.744,4.766,4.626,4.67,159541.79048654
2025-02-05 18:00:00,4.665,4.715,4.637,4.657,161673.63126952
2025-02-05 19:00:00,4.656,4.775,4.64,4.762,151841.58027783
2025-02-05 20:00:00,4.763,4.789,4.666,4.718,194178.87413967
2025-02-05 21:00:00,4.72,4.742,4.688,4.703,114142.36547207
2025-02-05 22:00:00,4.704,4.724,4.626,4.66,128892.37682461
2025-02-05 23:00:00,4.659,4.696,4.65,4.686,118661.41102645
2025-02-06 00:00:00,4.686,4.734,4.68,4.684,108526.60342927
2025-02-06 01:00:00,4.686,4.752,4.665,4.718,112829.53366849
2025-02-06 02:00:00,4.717,4.778,4.71,4.751,138481.65829345
2025-02-06 03:00:00,4.751,4.769,4.724,4.753,101830.5973353
2025-02-06 04:00:00,4.753,4.785,4.738,4.772,100763.83270048
2025-02-06 05:00:00,4.77,4.79,4.748,4.783,73304.84658587
2025-02-06 06:00:00,4.784,4.836,4.754,4.828,131911.18950051
2025-02-06 07:00:00,4.828,4.828,4.769,4.781,111654.74768545
2025-02-06 08:00:00,4.783,4.795,4.747,4.749,129408.86548777
2025-02-06 09:00:00,4.75,4.816,4.739,4.802,219104.35406869
2025-02-06 10:00:00,4.801,4.822,4.77,4.798,126677.75056395
2025-02-06 11:00:00,4.799,4.805,4.715,4.754,181769.69172584
2025-02-06 12:00:00,4.757,4.759,4.662,4.688,191838.26106995
2025-02-06 13:00:00,4.689,4.757,4.685,4.721,273977.51467054
2025-02-06 14:00:00,4.721,4.732,4.611,4.627,194147.28542495
2025-02-06 15:00:00,4.626,4.653,4.492,4.527,452173.87471611
2025-02-06 16:00:00,4.529,4.577,4.501,4.523,251475.98813651
2025-02-06 17:00:00,4.52,4.597,4.498,4.525,144083.88417039
2025-02-06 18:00:00,4.527,4.546,4.487,4.503,207154.6453898
2025-02-06 19:00:00,4.5,4.566,4.468,4.498,149813.72371127
2025-02-06 20:00:00,4.498,4.589,4.49,4.577,132000.44894511
2025-02-06 21:00:00,4.577,4.579,4.481,4.536,128202.49361443
2025-02-06 22:00:00,4.536,4.536,4.466,4.525,104466.85492611
2025-02-06 23:00:00,4.526,4.532,4.436,4.487,191472.95038987
2025-02-07 00:00:00,4.487,4.558,4.482,4.514,137037.97110864
2025-02-07 01:00:00,4.515,4.624,4.511,4.589,130668.55775437
2025-02-07 02:00:00,4.588,4.615,4.573,4.6,121691.8555037
2025-02-07 03:00:00,4.599,4.612,4.549,4.579,70799.00320595
2025-02-07 04:00:00,4.582,4.608,4.573,4.583,105903.05240935
2025-02-07 05:00:00,4.583,4.611,4.576,4.61,69700.78088058
2025-02-07 06:00:00,4.611,4.613,4.506,4.545,190533.9297859
2025-02-07 07:00:00,4.544,4.618,4.544,4.584,145483.97198094
2025-02-07 08:00:00,4.583,4.66,4.563,4.629,241930.29845148
2025-02-07 09:00:00,4.628,4.699,4.621,4.699,131325.66614224
2025-02-07 10:00:00,4.697,4.717,4.675,4.677,77475.16521702
2025-02-07 11:00:00,4.677,4.727,4.671,4.713,114103.95408818
2025-02-07 12:00:00,4.712,4.756,4.687,4.733,127540.36614491
2025-02-07 13:00:00,4.734,4.854,4.701,4.847,304589.5371889
2025-02-07 14:00:00,4.847,4.936,4.833,4.918,541767.38965047
2025-02-07 15:00:00,4.919,4.919,4.767,4.833,527523.09348813
2025-02-07 16:00:00,4.834,4.837,4.742,4.752,220347.14819551
2025-02-07 17:00:00,4.752,4.762,4.667,4.682,236049.89318571
2025-02-07 18:00:00,4.682,4.759,4.672,4.716,111845.81986557
2025-02-07 19:00:00,4.717,4.731,4.671,4.679,100255.48468624
2025-02-07 20:00:00,4.679,4.683,4.506,4.517,280480.27641576
2025-02-07 21:00:00,4.52,4.567,4.503,4.515,167131.84968737
2025-02-07 22:00:00,4.516,4.521,4.455,4.519,183716.65540595
2025-02-07 23:00:00,4.52,4.593,4.506,4.592,144201.14431434
2025-02-08 00:00:00,4.59,4.652,4.563,4.627,109282.89920063
2025-02-08 01:00:00,4.627,4.627,4.566,4.569,136689.1283912
2025-02-08 02:00:00,4.569,4.611,4.556,4.594,98361.9057703
2025-02-08 03:00:00,4.596,4.618,4.562,4.57,57619.30093273
2025-02-08 04:00:00,4.57,4.573,4.537,4.544,116113.70953553
2025-02-08 05:00:00,4.545,4.548,4.503,4.534,85367.57491359
2025-02-08 06:00:00,4.536,4.607,4.525,4.573,171551.82761046
2025-02-08 07:00:00,4.572,4.628,4.528,4.599,147674.55115715
2025-02-08 08:00:00,4.599,4.614,4.537,4.541,127400.3607158
2025-02-08 09:00:00,4.539,4.569,4.538,4.549,63501.11789748
2025-02-08 10:00:00,4.549,4.558,4.517,4.531,80484.97029133
2025-02-08 11:00:00,4.531,4.546,4.506,4.533,72401.36845838
2025-02-08 12:00:00,4.533,4.552,4.497,4.531,82558.51309125
2025-02-08 13:00:00,4.532,4.596,4.523,4.562,82610.45159606
2025-02-08 14:00:00,4.562,4.591,4.541,4.584,89538.16167821
2025-02-08 15:00:00,4.583,4.619,4.543,4.569,160295.96841248
2025-02-08 16:00:00,4.57,4.604,4.545,4.596,158994.08693572
2025-02-08 17:00:00,4.596,4.653,4.596,4.643,191748.61994581
2025-02-08 18:00:00,4.644,4.666,4.614,4.657,108672.92953325
2025-02-08 19:00:00,4.656,4.675,4.637,4.663,103079.50815861
2025-02-08 20:00:00,4.664,4.699,4.645,4.687,142957.5852742
2025-02-08 21:00:00,4.687,4.713,4.668,4.7,79561.44155061
2025-02-08 22:00:00,4.7,4.73,4.691,4.728,103847.54708369
2025-02-08 23:00:00,4.725,4.762,4.719,4.743,75617.7689893
2025-02-09 00:00:00,4.742,4.765,4.722,4.738,126000.82989388
2025-02-09 01:00:00,4.739,4.787,4.722,4.763,76613.47701555
2025-02-09 02:00:00,4.764,4.772,4.723,4.723,86017.83624488
2025-02-09 03:00:00,4.723,4.845,4.714,4.829,172983.29495955
2025-02-09 04:00:00,4.829,4.829,4.741,4.769,108718.98602092
2025-02-09 05:00:00,4.768,4.771,4.739,4.751,55938.39945161
2025-02-09 06:00:00,4.75,4.764,4.714,4.764,193642.53607532
2025-02-09 07:00:00,4.764,4.799,4.753,4.788,102783.67242034
2025-02-09 08:00:00,4.791,4.808,4.778,4.792,71369.99271225
2025-02-09 09:00:00,4.793,4.801,4.757,4.784,141045.53925253
2025-02-09 10:00:00,4.783,4.873,4.772,4.853,232007.45290181
2025-02-09 11:00:00,4.854,4.87,4.795,4.797,94327.73403148
2025-02-09 12:00:00,4.795,4.845,4.789,4.823,137282.26818588
2025-02-09 13:00:00,4.824,4.835,4.696,4.718,291309.2109039
2025-02-09 14:00:00,4.718,4.78,4.711,4.754,160674.07018767
2025-02-09 15:00:00,4.754,4.819,4.754,4.802,165794.20753665
2025-02-09 16:00:00,4.803,4.849,4.787,4.825,91947.09035401
2025-02-09 17:00:00,4.827,4.838,4.763,4.779,99194.27864908
2025-02-09 18:00:00,4.78,4.791,4.753,4.776,59084.1685175
2025-02-09 19:00:00,4.776,4.787,4.715,4.725,99134.39135111
2025-02-09 20:00:00,4.726,4.785,4.721,4.758,157375.18635351
2025-02-09 21:00:00,4.759,4.764,4.534,4.569,429228.68424605
2025-02-09 22:00:00,4.567,4.73,4.51,4.686,374000.02418482
2025-02-09 23:00:00,4.685,4.776,4.66,4.761,157692.81903219
2025-02-10 00:00:00,4.76,4.885,4.76,4.801,311401.68399774
2025-02-10 01:00:00,4.804,4.808,4.628,4.655,235668.09424098
2025-02-10 02:00:00,4.653,4.683,4.605,4.651,222313.92148391
2025-02-10 03:00:00,4.65,4.842,4.625,4.781,284732.50739416
2025-02-10 04:00:00,4.781,4.828,4.758,4.766,139616.80548189
2025-02-10 05:00:00,4.768,4.839,4.732,4.793,156393.72157188
2025-02-10 06:00:00,4.793,4.806,4.767,4.805,94825.51175563
2025-02-10 07:00:00,4.807,4.831,4.784,4.817,120557.8492185
2025-02-10 08:00:00,4.814,4.886,4.801,4.857,132257.01776231
2025-02-10 09:00:00,4.859,4.881,4.814,4.829,121413.34497261
2025-02-10 10:00:00,4.83,4.849,4.798,4.821,121506.35950014
2025-02-10 11:00:00,4.822,4.862,4.809,4.843,72979.36179901
2025-02-10 12:00:00,4.841,4.854,4.772,4.794,105059.24386969
2025-02-10 13:00:00,4.795,4.915,4.79,4.894,163616.22687457
2025-02-10 14:00:00,4.896,4.92,4.824,4.846,220692.73659166
2025-02-10 15:00:00,4.847,4.864,4.802,4.834,144462.62544051
2025-02-10 16:00:00,4.835,4.888,4.822,4.874,103507.1219403
2025-02-10 17:00:00,4.877,4.906,4.844,4.893,108966.86739924
2025-02-10 18:00:00,4.891,4.912,4.866,4.892,74031.51440591
2025-02-10 19:00:00,4.893,4.898,4.844,4.857,51307.97905593
2025-02-10 20:00:00,4.859,4.889,4.847,4.87,47425.13521576
2025-02-10 21:00:00,4.87,4.87,4.824,4.849,37135.22996661
2025-02-10 22:00:00,4.849,4.861,4.82,4.838,62529.05925296
2025-02-10 23:00:00,4.83,4.845,4.817,4.845,43666.26065259
2025-02-11 00:00:00,4.846,4.923,4.842,4.923,116651.54613599
2025-02-11 01:00:00,4.923,4.947,4.885,4.926,149254.91880765
2025-02-11 02:00:00,4.926,4.933,4.863,4.89,104414.59076956
2025-02-11 03:00:00,4.891,4.989,4.861,4.982,171298.34881104
2025-02-11 04:00:00,4.984,5.137,4.966,5.118,271880.56862325
2025-02-11 05:00:00,5.118,5.208,5.1,5.191,367879.1186133
2025-02-11 06:00:00,5.192,5.208,5.144,5.192,123741.13346271
2025-02-11 07:00:00,5.192,5.192,5.131,5.139,102195.11482297
2025-02-11 08:00:00,5.137,5.175,5.121,5.164,91127.0256129
2025-02-11 09:00:00,5.166,5.18,5.032,5.038,226386.93180936
2025-02-11 10:00:00,5.036,5.074,5.032,5.049,128058.19015925
2025-02-11 11:00:00,5.051,5.091,5.041,5.089,89021.56845642
2025-02-11 12:00:00,5.089,5.103,5.025,5.041,109726.26868805
2025-02-11 13:00:00,5.043,5.07,4.886,4.906,349907.12643284
2025-02-11 14:00:00,4.904,5.014,4.891,4.994,232562.72759469
2025-02-11 15:00:00,4.993,5.035,4.96,4.975,160439.87156465
2025-02-11 16:00:00,4.973,5.004,4.93,4.947,125226.9655475
2025-02-11 17:00:00,4.946,4.949,4.872,4.885,118243.34848676
2025-02-11 18:00:00,4.883,4.885,4.791,4.802,172992.76701595
2025-02-11 19:00:00,4.804,4.827,4.743,4.765,254857.88449563
2025-02-11 20:00:00,4.765,4.837,4.755,4.789,175752.16098088
2025-02-11 21:00:00,4.789,4.87,4.787,4.834,287490.35585273
2025-02-11 22:00:00,4.834,4.872,4.76,4.784,165460.91075639
2025-02-11 23:00:00,4.784,4.826,4.778,4.806,79823.71029506
2025-02-12 00:00:00,4.805,4.859,4.783,4.849,88016.34348475
2025-02-12 01:00:00,4.843,4.868,4.819,4.858,66181.48025909
2025-02-12 02:00:00,4.858,4.858,4.785,4.802,61437.78815543
2025-02-12 03:00:00,4.802,4.846,4.787,4.814,139354.47384647
2025-02-12 04:00:00,4.813,4.834,4.775,4.801,75428.37662056
2025-02-12 05:00:00,4.802,4.845,4.79,4.829,59295.52748502
2025-02-12 06:00:00,4.831,4.842,4.789,4.799,62231.04568724
2025-02-12 07:00:00,4.799,4.848,4.789,4.82,54436.37088856
2025-02-12 08:00:00,4.818,4.878,4.817,4.852,80562.90617604
2025-02-12 09:00:00,4.854,4.871,4.813,4.862,69303.23489415
2025-02-12 10:00:00,4.859,4.929,4.859,4.908,174930.11531968
2025-02-12 11:00:00,4.908,4.993,4.902,4.952,189382.76392443
2025-02-12 12:00:00,4.954,5.018,4.941,4.946,163825.31826427
2025-02-12 13:00:00,4.946,5.013,4.751,4.879,1263591.09207291
2025-02-12 14:00:00,4.878,4.902,4.757,4.896,444392.60753129
2025-02-12 15:00:00,4.895,5.222,4.812,5.091,1558288.32164592
2025-02-12 16:00:00,5.092,5.176,5.01,5.148,409587.40847177
2025-02-12 17:00:00,5.147,5.224,5.138,5.192,371998.77494893
2025-02-12 18:00:00,5.193,5.213,5.133,5.213,240468.77624773
2025-02-12 19:00:00,5.213,5.327,5.142,5.279,302354.78776447
2025-02-12 20:00:00,5.279,5.316,5.232,5.288,332014.14087814
2025-02-12 21:00:00,5.288,5.292,5.212,5.213,242267.90222392
2025-02-12 22:00:00,5.215,5.305,5.188,5.224,228810.9431036
2025-02-12 23:00:00,5.223,5.251,5.2,5.225,89942.62340411
2025-02-13 00:00:00,5.227,5.262,5.199,5.237,81121.78604214
2025-02-13 01:00:00,5.237,5.275,5.214,5.259,78004.58755993
2025-02-13 02:00:00,5.258,5.258,5.183,5.197,123823.97807361
2025-02-13 03:00:00,5.198,5.232,5.185,5.212,60371.03436836
2025-02-13 04:00:00,5.213,5.217,5.122,5.134,124043.15534268
2025-02-13 05:00:00,5.134,5.173,5.105,5.17,155911.33033728
2025-02-13 06:00:00,5.17,5.177,5.065,5.095,152692.44786529
2025-02-13 07:00:00,5.094,5.161,5.073,5.141,84391.8294031
2025-02-13 08:00:00,5.143,5.157,5.088,5.122,89439.86495761
2025-02-13 09:00:00,5.12,5.154,5.106,5.149,61649.86772369
2025-02-13 10:00:00,5.144,5.184,5.124,5.168,76176.59362774
2025-02-13 11:00:00,5.169,5.191,5.116,5.154,225768.13473885
2025-02-13 12:00:00,5.156,5.194,5.124,5.142,139165.19964366
2025-02-13 13:00:00,5.142,5.203,5.121,5.16,229171.78234288
2025-02-13 14:00:00,5.159,5.172,5.064,5.122,233296.34752663
2025-02-13 15:00:00,5.122,5.192,5.082,5.161,145447.20551807
2025-02-13 16:00:00,5.161,5.164,5.076,5.097,204366.24936108
2025-02-13 17:00:00,5.096,5.165,5.094,5.116,180733.37806041
2025-02-13 18:00:00,5.114,5.162,5.088,5.162,86994.01246002
2025-02-13 19:00:00,5.162,5.194,5.11,5.134,94728.92442471
2025-02-13 20:00:00,5.135,5.179,5.132,5.145,44288.61611191
2025-02-13 21:00:00,5.147,5.189,5.147,5.163,56379.27094596
2025-02-13 22:00:00,5.162,5.169,5.111,5.121,56754.35868076
2025-02-13 23:00:00,5.123,5.133,5.107,5.129,34378.66803325
2025-02-14 00:00:00,5.13,5.14,5.095,5.134,64408.00598363
2025-02-14 01:00:00,5.137,5.142,5.102,5.131,45184.74455461
2025-02-14 02:00:00,5.132,5.186,5.126,5.156,69892.86585145
2025-02-14 03:00:00,5.158,5.244,5.157,5.228,79167.9034157
2025-02-14 04:00:00,5.229,5.23,5.177,5.205,137833.20363202
2025-02-14 05:00:00,5.205,5.24,5.186,5.19,135902.56805223
2025-02-14 06:00:00,5.191,5.193,5.133,5.159,131341.15362874
2025-02-14 07:00:00,5.164,5.189,5.149,5.174,66472.52696231
2025-02-14 08:00:00,5.173,5.267,5.173,5.218,150242.85240535
2025-02-14 09:00:00,5.218,5.281,5.215,5.268,196967.51702173
2025-02-14 10:00:00,5.27,5.292,5.227,5.232,141018.39456044
2025-02-14 11:00:00,5.233,5.273,5.191,5.222,136937.86486484
2025-02-14 12:00:00,5.222,5.222,5.171,5.195,145579.92512049
2025-02-14 13:00:00,5.194,5.249,5.183,5.236,163062.59485546
2025-02-14 14:00:00,5.236,5.275,5.193,5.242,118631.38011648
2025-02-14 15:00:00,5.242,5.248,5.154,5.221,125547.07978239
2025-02-14 16:00:00,5.224,5.243,5.186,5.241,87744.02586643
2025-02-14 17:00:00,5.239,5.344,5.205,5.324,217254.47497541
2025-02-14 18:00:00,5.323,5.376,5.259,5.268,321776.52932912
2025-02-14 19:00:00,5.271,5.318,5.252,5.287,201929.91091766
2025-02-14 20:00:00,5.287,5.307,5.205,5.219,82968.12454402
2025-02-14 21:00:00,5.22,5.261,5.18,5.229,103783.09896797
2025-02-14 22:00:00,5.228,5.247,5.127,5.161,249497.856928
2025-02-14 23:00:00,5.161,5.195,5.143,5.17,68817.33358892
2025-02-15 00:00:00,5.169,5.174,5.113,5.144,121099.88963053
2025-02-15 01:00:00,5.144,5.201,5.141,5.2,62729.27754639
2025-02-15 02:00:00,5.199,5.218,5.178,5.212,79604.58149019
2025-02-15 03:00:00,5.215,5.215,5.179,5.184,74828.43837927
2025-02-15 04:00:00,5.185,5.203,5.159,5.169,66083.13812467
2025-02-15 05:00:00,5.171,5.182,5.15,5.156,32072.04446979
2025-02-15 06:00:00,5.157,5.162,5.113,5.125,56419.12228314
2025-02-15 07:00:00,5.123,5.132,5.092,5.102,143630.6179271
2025-02-15 08:00:00,5.101,5.124,5.042,5.05,173757.32541847
2025-02-15 09:00:00,5.05,5.08,5.03,5.052,99735.57372649
2025-02-15 10:00:00,5.052,5.076,5.039,5.056,59649.80192017
2025-02-15 11:00:00,5.055,5.087,5.032,5.058,58845.30155015
2025-02-15 12:00:00,5.057,5.096,5.053,5.088,94111.48930326
2025-02-15 13:00:00,5.089,5.114,5.075,5.095,64717.60709196
2025-02-15 14:00:00,5.095,5.095,4.995,5.033,288882.56748923
2025-02-15 15:00:00,5.034,5.057,5.02,5.044,70992.36962079
2025-02-15 16:00:00,5.046,5.078,5.034,5.047,54464.86860779
2025-02-15 17:00:00,5.046,5.054,5.013,5.033,84520.9032874
2025-02-15 18:00:00,5.034,5.117,5.031,5.107,112377.59170277
2025-02-15 19:00:00,5.107,5.121,5.055,5.058,70509.4807124
2025-02-15 20:00:00,5.059,5.069,5.009,5.033,70486.07297678
2025-02-15 21:00:00,5.033,5.048,5.027,5.03,51271.27357828
2025-02-15 22:00:00,5.031,5.04,4.975,5.018,122710.52916411
2025-02-15 23:00:00,5.019,5.033,5.003,5.021,65703.10080646
2025-02-16 00:00:00,5.02,5.043,5.003,5.013,54365.83997074
2025-02-16 01:00:00,5.012,5.012,4.971,5.002,51819.05503328
2025-02-16 02:00:00,5.001,5.004,4.951,4.966,93802.69185878
2025-02-16 03:00:00,4.967,4.974,4.942,4.973,84607.12978135
2025-02-16 04:00:00,4.975,4.993,4.967,4.985,71164.35728624
2025-02-16 05:00:00,4.984,5.007,4.956,4.994,71806.4017434
2025-02-16 06:00:00,4.992,5.012,4.983,4.989,75562.10152469
2025-02-16 07:00:00,4.986,4.986,4.882,4.908,323795.66640011
2025-02-16 08:00:00,4.908,4.94,4.897,4.923,128960.77437064
2025-02-16 09:00:00,4.923,4.969,4.904,4.962,131211.52513415
2025-02-16 10:00:00,4.961,4.989,4.956,4.968,64127.65451294
2025-02-16 11:00:00,4.969,5.016,4.959,5.01,134424.81995882
2025-02-16 12:00:00,5.01,5.023,4.979,4.984,96744.20999115
2025-02-16 13:00:00,4.983,4.986,4.9,4.911,252486.87276736
2025-02-16 14:00:00,4.91,4.959,4.874,4.942,285453.76014674
2025-02-16 15:00:00,4.942,4.959,4.928,4.94,99104.61946503
2025-02-16 16:00:00,4.939,4.955,4.912,4.929,102506.89767056
2025-02-16 17:00:00,4.93,4.945,4.898,4.904,68581.10022762
2025-02-16 18:00:00,4.904,4.904,4.826,4.874,309664.88911528
2025-02-16 19:00:00,4.874,4.896,4.851,4.891,131180.75002333
2025-02-16 20:00:00,4.89,4.913,4.873,4.876,95814.79574424
2025-02-16 21:00:00,4.877,4.926,4.855,4.915,114804.83107423
2025-02-16 22:00:00,4.915,4.915,4.865,4.897,76195.06655649
2025-02-16 23:00:00,4.895,4.904,4.853,4.878,114345.89390239
2025-02-17 00:00:00,4.876,4.927,4.875,4.917,114508.03392406
2025-02-17 01:00:00,4.918,4.951,4.903,4.94,76077.8884178
2025-02-17 02:00:00,4.938,4.951,4.899,4.903,83095.76827654
2025-02-17 03:00:00,4.902,4.904,4.874,4.893,126470.89632419
2025-02-17 04:00:00,4.892,4.892,4.842,4.849,192487.11270997
2025-02-17 05:00:00,4.849,4.876,4.786,4.847,393020.43367538
2025-02-17 06:00:00,4.846,4.885,4.833,4.883,272902.11868686
2025-02-17 07:00:00,4.883,4.927,4.845,4.872,204581.22819058
2025-02-17 08:00:00,4.871,4.928,4.854,4.913,159717.82819888
2025-02-17 09:00:00,4.91,4.951,4.902,4.936,162570.99930663
2025-02-17 10:00:00,4.936,4.981,4.93,4.94,247969.48124339
2025-02-17 11:00:00,4.939,4.975,4.925,4.95,105325.27833637
2025-02-17 12:00:00,4.95,4.998,4.947,4.99,112319.9884184
2025-02-17 13:00:00,4.989,5.014,4.97,5.003,125943.33594362
2025-02-17 14:00:00,5.004,5.069,4.999,5.022,164499.25604753
2025-02-17 15:00:00,5.023,5.042,4.888,4.902,281643.92777851
2025-02-17 16:00:00,4.899,4.941,4.833,4.851,363346.6784105
2025-02-17 17:00:00,4.851,4.902,4.849,4.866,153023.56264665
2025-02-17 18:00:00,4.865,4.883,4.811,4.816,195454.39926488
2025-02-17 19:00:00,4.814,4.873,4.774,4.86,275609.04626384
2025-02-17 20:00:00,4.858,4.901,4.853,4.885,137794.83651209
2025-02-17 21:00:00,4.886,4.932,4.875,4.929,154968.71238728
2025-02-17 22:00:00,4.929,4.931,4.866,4.87,297783.46299181
2025-02-17 23:00:00,4.873,4.901,4.869,4.885,56156.63645163
2025-02-18 00:00:00,4.886,4.904,4.839,4.851,120908.20318431
2025-02-18 01:00:00,4.851,4.906,4.842,4.899,73429.57820656
2025-02-18 02:00:00,4.898,4.909,4.872,4.885,174446.62805852
2025-02-18 03:00:00,4.886,4.907,4.871,4.903,75695.36009348
2025-02-18 04:00:00,4.901,4.915,4.852,4.866,90400.20992062
2025-02-18 05:00:00,4.867,4.878,4.77,4.783,197954.79861613
2025-02-18 06:00:00,4.783,4.788,4.674,4.693,799224.6730244
2025-02-18 07:00:00,4.691,4.739,4.677,4.71,211277.29798903
2025-02-18 08:00:00,4.71,4.748,4.669,4.684,215019.95355187
2025-02-18 09:00:00,4.684,4.782,4.668,4.78,176073.45342372
2025-02-18 10:00:00,4.781,4.803,4.761,4.769,120323.44255751
2025-02-18 11:00:00,4.769,4.791,4.743,4.766,465817.20638343
2025-02-18 12:00:00,4.764,4.815,4.753,4.808,205519.81810512
2025-02-18 13:00:00,4.806,4.819,4.764,4.785,112834.13380372
2025-02-18 14:00:00,4.787,4.832,4.689,4.73,232797.88476511
2025-02-18 15:00:00,4.732,4.744,4.613,4.652,397281.35715136
2025-02-18 16:00:00,4.652,4.685,4.57,4.59,298608.29229774
2025-02-18 17:00:00,4.591,4.634,4.556,4.623,210909.32465401
2025-02-18 18:00:00,4.625,4.695,4.606,4.659,259450.84766575
2025-02-18 19:00:00,4.658,4.693,4.63,4.667,107427.29111646
2025-02-18 20:00:00,4.669,4.694,4.647,4.674,57463.54369298
2025-02-18 21:00:00,4.672,4.737,4.668,4.715,84333.15383475
2025-02-18 22:00:00,4.714,4.761,4.703,4.732,57608.74004947
2025-02-18 23:00:00,4.731,4.767,4.715,4.764,62396.0549482
2025-02-19 00:00:00,4.764,4.782,4.729,4.734,123469.0970158
2025-02-19 01:00:00,4.735,4.74,4.701,4.74,69850.21601011
2025-02-19 02:00:00,4.74,4.791,4.739,4.78,65709.89528653
2025-02-19 03:00:00,4.78,4.783,4.742,4.775,60035.88555926
2025-02-19 04:00:00,4.775,4.785,4.702,4.702,63354.38386329
2025-02-19 05:00:00,4.701,4.747,4.694,4.738,44366.74939371
2025-02-19 06:00:00,4.74,4.79,4.733,4.779,66757.76718963
2025-02-19 07:00:00,4.776,4.821,4.768,4.793,75463.74701018
2025-02-19 08:00:00,4.792,4.805,4.763,4.763,38003.09457547
2025-02-19 09:00:00,4.762,4.799,4.755,4.786,42330.70702968
2025-02-19 10:00:00,4.787,4.813,4.777,4.791,53394.55481886
2025-02-19 11:00:00,4.792,4.842,4.781,4.833,94513.42976415
2025-02-19 12:00:00,4.834,4.874,4.808,4.835,120807.99985353
2025-02-19 13:00:00,4.835,4.885,4.831,4.858,73053.59580542
2025-02-19 14:00:00,4.86,4.889,4.79,4.795,172440.87571661
2025-02-19 15:00:00,4.796,4.853,4.781,4.821,227647.5145372
2025-02-19 16:00:00,4.822,4.883,4.806,4.868,167853.33870436
2025-02-19 17:00:00,4.87,4.886,4.838,4.866,79425.45338185
2025-02-19 18:00:00,4.866,4.87,4.836,4.836,47538.37944837
2025-02-19 19:00:00,4.836,4.874,4.813,4.863,53726.63621916
2025-02-19 20:00:00,4.864,4.888,4.855,4.867,37123.02077711
2025-02-19 21:00:00,4.868,4.883,4.821,4.838,43245.14738804
2025-02-19 22:00:00,4.837,4.881,4.821,4.869,48857.62939843
2025-02-19 23:00:00,4.868,4.902,4.868,4.883,43730.47784768
2025-02-20 00:00:00,4.883,4.954,4.878,4.947,100117.3104722
2025-02-20 01:00:00,4.947,4.985,4.887,4.915,188412.58276392
2025-02-20 02:00:00,4.917,4.994,4.911,4.978,352283.2042676
2025-02-20 03:00:00,4.978,4.999,4.962,4.979,48013.80190472
2025-02-20 04:00:00,4.975,5.018,4.975,4.998,60719.34958247
2025-02-20 05:00:00,4.998,5.036,4.977,4.989,126941.76179145
2025-02-20 06:00:00,4.99,4.992,4.954,4.962,109246.32767825
2025-02-20 07:00:00,4.964,4.973,4.937,4.937,47877.837129
2025-02-20 08:00:00,4.937,4.974,4.925,4.966,40080.09319307
2025-02-20 09:00:00,4.966,4.984,4.957,4.961,30522.41471935
2025-02-20 10:00:00,4.964,4.987,4.949,4.984,139163.78826963
2025-02-20 11:00:00,4.986,4.99,4.953,4.962,88288.8858956
2025-02-20 12:00:00,4.963,4.974,4.949,4.959,70590.27795303
2025-02-20 13:00:00,4.957,4.985,4.933,4.974,80316.14663372
2025-02-20 14:00:00,4.974,5.031,4.947,4.95,184993.49708735
2025-02-20 15:00:00,4.954,4.973,4.915,4.923,133906.6497972
2025-02-20 16:00:00,4.924,5.015,4.916,4.986,115037.06750949
2025-02-20 17:00:00,4.986,5.012,4.983,5.012,97226.83687953
2025-02-20 18:00:00,5.009,5.061,5.007,5.024,134035.71729192
2025-02-20 19:00:00,5.019,5.05,5.012,5.042,106560.31194968
2025-02-20 20:00:00,5.042,5.059,5.023,5.033,104250.65058395
2025-02-20 21:00:00,5.036,5.055,5.016,5.025,76104.96298245
2025-02-20 22:00:00,5.027,5.054,5.013,5.041,72133.90303275
2025-02-20 23:00:00,5.042,5.067,5.034,5.046,80541.22051026
2025-02-21 00:00:00,5.046,5.061,5.025,5.043,52021.57350863
2025-02-21 01:00:00,5.043,5.054,5.027,5.043,44494.83999208
2025-02-21 02:00:00,5.043,5.053,5.026,5.034,35736.23768659
2025-02-21 03:00:00,5.03,5.062,5.024,5.026,38948.45508159
2025-02-21 04:00:00,5.028,5.084,5.027,5.081,81420.48219109
2025-02-21 05:00:00,5.083,5.094,5.041,5.05,97358.58735935
2025-02-21 06:00:00,5.05,5.082,5.049,5.077,65076.46381405
2025-02-21 07:00:00,5.07,5.076,5.036,5.039,64979.65634679
2025-02-21 08:00:00,5.041,5.095,5.032,5.076,49193.02685299
2025-02-21 09:00:00,5.077,5.151,5.077,5.107,190716.02088738
2025-02-21 10:00:00,5.105,5.151,5.096,5.144,72853.51967877
2025-02-21 11:00:00,5.144,5.18,5.13,5.157,124264.52849701
2025-02-21 12:00:00,5.157,5.21,5.156,5.209,124581.39586026
2025-02-21 13:00:00,5.21,5.338,5.201,5.319,365183.84594613
2025-02-21 14:00:00,5.319,5.33,5.235,5.302,348099.35049172
2025-02-21 15:00:00,5.301,5.327,5.089,5.202,846690.3192558
2025-02-21 16:00:00,5.204,5.265,5.184,5.248,296285.97153284
2025-02-21 17:00:00,5.249,5.296,5.131,5.141,454352.07775358
2025-02-21 18:00:00,5.14,5.172,5.118,5.118,215874.00948292
2025-02-21 19:00:00,5.116,5.123,4.947,4.981,380952.41462673
2025-02-21 20:00:00,4.979,5.065,4.968,5.028,193358.83818534
2025-02-21 21:00:00,5.029,5.056,4.979,5.024,137015.05279424
2025-02-21 22:00:00,5.025,5.116,5.021,5.086,264658.07859686
2025-02-21 23:00:00,5.085,5.085,5.037,5.055,118849.40870814
2025-02-22 00:00:00,5.056,5.215,5.039,5.188,214670.76276467
2025-02-22 01:00:00,5.189,5.209,5.151,5.159,260343.48083642
2025-02-22 02:00:00,5.16,5.163,5.114,5.125,92595.97951161
2025-02-22 03:00:00,5.127,5.147,5.102,5.135,82470.53489657
2025-02-22 04:00:00,5.134,5.185,5.127,5.178,71597.02019376
2025-02-22 05:00:00,5.178,5.195,5.162,5.162,66673.51424205
2025-02-22 06:00:00,5.162,5.17,5.075,5.107,160900.55632866
2025-02-22 07:00:00,5.108,5.13,5.09,5.091,157692.34852937
2025-02-22 08:00:00,5.093,5.102,5.072,5.086,83893.91229521
2025-02-22 09:00:00,5.086,5.123,5.086,5.101,72218.28086567
2025-02-22 10:00:00,5.101,5.121,5.088,5.088,68839.89588231
2025-02-22 11:00:00,5.088,5.107,5.084,5.09,29844.04553154
2025-02-22 12:00:00,5.088,5.105,5.066,5.105,106796.54767454
2025-02-22 13:00:00,5.104,5.128,5.079,5.079,196614.34742489
2025-02-22 14:00:00,5.08,5.088,5.039,5.04,73720.34309539
2025-02-22 15:00:00,5.041,5.073,5.023,5.066,351142.2380116
2025-02-22 16:00:00,5.067,5.105,5.067,5.082,121171.12532187
2025-02-22 17:00:00,5.083,5.143,5.079,5.135,124979.65337439
2025-02-22 18:00:00,5.134,5.139,5.099,5.11,47245.24519606
2025-02-22 19:00:00,5.11,5.112,5.088,5.09,54171.19983906
2025-02-22 20:00:00,5.091,5.091,5.052,5.061,46925.25125095
2025-02-22 21:00:00,5.06,5.072,5.053,5.062,25436.22461285
2025-02-22 22:00:00,5.063,5.065,5.046,5.054,26870.13832398
2025-02-22 23:00:00,5.048,5.057,5.031,5.04,52498.56853655
2025-02-23 00:00:00,5.038,5.093,5.03,5.093,47851.37591651
2025-02-23 01:00:00,5.095,5.129,5.055,5.072,85676.87812842
2025-02-23 02:00:00,5.071,5.079,5.042,5.042,23138.89268894
2025-02-23 03:00:00,5.042,5.073,5.033,5.06,29298.05124786
2025-02-23 04:00:00,5.06,5.06,5.033,5.035,39124.77764851
2025-02-23 05:00:00,5.037,5.062,5.032,5.044,22663.5098556
2025-02-23 06:00:00,5.045,5.061,5.038,5.05,29975.25826366
2025-02-23 07:00:00,5.05,5.112,5.048,5.102,90161.73855961
2025-02-23 08:00:00,5.103,5.118,5.077,5.091,84989.45906445
2025-02-23 09:00:00,5.092,5.094,5.054,5.07,52130.56803406
2025-02-23 10:00:00,5.069,5.072,5.03,5.042,60338.28328557
2025-02-23 11:00:00,5.042,5.053,5.01,5.01,59000.03801787
2025-02-23 12:00:00,5.009,5.026,4.98,4.992,114516.9880757
2025-02-23 13:00:00,4.993,5.031,4.992,5.019,69310.87354338
2025-02-23 14:00:00,5.02,5.027,4.985,4.994,62963.33351695
2025-02-23 15:00:00,4.992,5.02,4.942,4.952,151975.43629342
2025-02-23 16:00:00,4.951,4.978,4.948,4.954,65798.82874984
2025-02-23 17:00:00,4.954,4.992,4.954,4.967,34449.08764919
2025-02-23 18:00:00,4.965,4.971,4.927,4.938,69433.02960895
2025-02-23 19:00:00,4.937,4.95,4.933,4.939,31444.44678019
2025-02-23 20:00:00,4.936,4.947,4.918,4.943,25232.82053897
2025-02-23 21:00:00,4.942,4.942,4.915,4.931,49316.13600593
2025-02-23 22:00:00,4.93,4.933,4.903,4.921,51204.58418478
2025-02-23 23:00:00,4.919,4.976,4.919,4.952,84385.54081287
2025-02-24 00:00:00,4.952,4.977,4.925,4.933,95380.29249324
2025-02-24 01:00:00,4.932,4.939,4.865,4.882,149159.09212408
2025-02-24 02:00:00,4.88,4.9,4.848,4.86,66515.56451117
2025-02-24 03:00:00,4.858,4.858,4.784,4.791,228571.28813224
2025-02-24 04:00:00,4.792,4.796,4.739,4.773,172066.83752696
2025-02-24 05:00:00,4.773,4.822,4.759,4.815,85596.22705231
2025-02-24 06:00:00,4.814,4.826,4.792,4.815,46275.92749938
2025-02-24 07:00:00,4.815,4.829,4.787,4.798,46780.92414692
2025-02-24 08:00:00,4.798,4.799,4.709,4.713,240923.18125178
2025-02-24 09:00:00,4.714,4.786,4.707,4.752,87100.7224797
2025-02-24 10:00:00,4.751,4.758,4.659,4.708,274567.68705519
2025-02-24 11:00:00,4.708,4.738,4.682,4.729,95376.23874516
2025-02-24 12:00:00,4.728,4.732,4.698,4.712,74844.91435199
2025-02-24 13:00:00,4.713,4.757,4.684,4.71,107615.40805909
2025-02-24 14:00:00,4.71,4.732,4.64,4.654,183908.1664033
2025-02-24 15:00:00,4.653,4.688,4.598,4.664,360182.58098047
2025-02-24 16:00:00,4.666,4.688,4.643,4.647,106237.5418192
2025-02-24 17:00:00,4.648,4.706,4.642,4.679,76042.66889388
2025-02-24 18:00:00,4.679,4.698,4.641,4.642,60888.86344879
2025-02-24 19:00:00,4.642,4.671,4.574,4.616,173347.55815044
2025-02-24 20:00:00,4.617,4.673,4.603,4.628,80057.41006523
2025-02-24 21:00:00,4.628,4.653,4.592,4.592,70938.65128073
2025-02-24 22:00:00,4.592,4.593,4.329,4.394,1554865.34914511
2025-02-24 23:00:00,4.393,4.485,4.383,4.411,281006.23325022
2025-02-25 00:00:00,4.412,4.449,4.294,4.369,500111.31469595
2025-02-25 01:00:00,4.368,4.423,4.304,4.369,353589.65742953
2025-02-25 02:00:00,4.368,4.452,4.32,4.439,257448.61265256
2025-02-25 03:00:00,4.439,4.461,4.378,4.39,331488.46231848
2025-02-25 04:00:00,4.39,4.405,4.322,4.355,332047.34066119
2025-02-25 05:00:00,4.352,4.423,4.328,4.408,165648.50652086
2025-02-25 06:00:00,4.408,4.417,4.327,4.328,137804.44961379
2025-02-25 07:00:00,4.33,4.339,4.134,4.261,1490382.6041007
2025-02-25 08:00:00,4.258,4.349,4.24,4.31,234015.35642804
2025-02-25 09:00:00,4.311,4.326,4.229,4.248,309726.34591025
2025-02-25 10:00:00,4.249,4.329,4.181,4.297,447597.61812641
2025-02-25 11:00:00,4.296,4.407,4.229,4.402,334840.55195423
2025-02-25 12:00:00,4.399,4.508,4.362,4.433,850147.30863234
2025-02-25 13:00:00,4.433,4.461,4.402,4.426,123322.71867637
2025-02-25 14:00:00,4.426,4.466,4.328,4.353,301812.09992934
2025-02-25 15:00:00,4.353,4.457,4.321,4.421,363028.28860563
2025-02-25 16:00:00,4.422,4.492,4.365,4.459,308575.17537349
2025-02-25 17:00:00,4.459,4.531,4.44,4.518,380162.62996554
2025-02-25 18:00:00,4.519,4.552,4.476,4.495,228772.55289374
2025-02-25 19:00:00,4.5,4.632,4.488,4.629,280119.63791806
2025-02-25 20:00:00,4.628,4.75,4.605,4.707,368909.3675163
2025-02-25 21:00:00,4.705,4.717,4.646,4.711,184067.07549703
2025-02-25 22:00:00,4.709,4.729,4.657,4.691,189050.86938312
2025-02-25 23:00:00,4.694,4.703,4.609,4.631,124920.8359186
2025-02-26 00:00:00,4.633,4.644,4.586,4.588,107006.38570056
2025-02-26 01:00:00,4.591,4.665,4.591,4.654,105283.04068316
2025-02-26 02:00:00,4.654,4.729,4.634,4.717,118581.56097986
2025-02-26 03:00:00,4.716,4.744,4.698,4.7,161763.07029408
2025-02-26 04:00:00,4.7,4.753,4.68,4.734,113730.52337572
2025-02-26 05:00:00,4.735,4.745,4.688,4.699,136213.6935293
2025-02-26 06:00:00,4.7,4.762,4.696,4.745,116116.40367186
2025-02-26 07:00:00,4.746,4.793,4.731,4.76,157049.25545891
2025-02-26 08:00:00,4.759,4.772,4.714,4.736,124879.24288396
2025-02-26 09:00:00,4.737,4.836,4.736,4.832,143640.43227873
2025-02-26 10:00:00,4.834,4.852,4.8,4.845,129656.8757876
2025-02-26 11:00:00,4.842,4.866,4.799,4.8,108920.50597133
2025-02-26 12:00:00,4.801,4.845,4.733,4.771,369077.97388257
2025-02-26 13:00:00,4.771,4.808,4.743,4.752,271390.20512222
2025-02-26 14:00:00,4.752,4.834,4.676,4.82,671350.57699443
2025-02-26 15:00:00,4.821,4.897,4.818,4.841,398423.44334214
2025-02-26 16:00:00,4.839,4.919,4.783,4.895,311918.60855573
2025-02-26 17:00:00,4.899,4.925,4.772,4.815,270469.97190694
2025-02-26 18:00:00,4.813,4.839,4.656,4.677,421171.80097865
2025-02-26 19:00:00,4.677,4.742,4.64,4.682,271472.95407561
2025-02-26 20:00:00,4.683,4.837,4.607,4.811,766916.7213028
2025-02-26 21:00:00,4.811,4.815,4.747,4.794,329740.92466364
2025-02-26 22:00:00,4.795,4.862,4.784,4.795,193146.80434738
2025-02-26 23:00:00,4.796,4.822,4.729,4.746,141760.93014573
2025-02-27 00:00:00,4.748,4.77,4.708,4.745,121138.48862247
2025-02-27 01:00:00,4.744,4.878,4.717,4.855,289275.95070246
2025-02-27 02:00:00,4.857,4.904,4.791,4.804,227567.98389357
2025-02-27 03:00:00,4.804,4.856,4.788,4.845,172326.07163834
2025-02-27 04:00:00,4.844,4.881,4.8,4.827,163518.15742919
2025-02-27 05:00:00,4.825,4.884,4.825,4.874,95415.71229233
2025-02-27 06:00:00,4.872,4.922,4.846,4.902,114751.36217966
2025-02-27 07:00:00,4.903,5.034,4.903,4.995,318681.46081334
2025-02-27 08:00:00,4.996,5.042,4.965,4.978,194550.27177659
2025-02-27 09:00:00,4.978,5.083,4.975,5.048,200024.6044541
2025-02-27 10:00:00,5.049,5.167,5.043,5.153,240899.71838644
2025-02-27 11:00:00,5.153,5.177,5.058,5.061,284806.77165198
2025-02-27 12:00:00,5.062,5.119,5.043,5.048,225605.4098457
2025-02-27 13:00:00,5.053,5.109,5.032,5.055,337801.33059294
2025-02-27 14:00:00,5.056,5.131,5.021,5.054,315013.64416611
2025-02-27 15:00:00,5.054,5.162,5.02,5.079,348259.89075615
2025-02-27 16:00:00,5.079,5.105,4.971,4.98,284232.68182328
2025-02-27 17:00:00,4.98,5.011,4.942,4.989,214560.14387042
2025-02-27 18:00:00,4.987,5.022,4.976,4.984,149691.058406
2025-02-27 19:00:00,4.983,4.983,4.898,4.913,172423.11425013
2025-02-27 20:00:00,4.915,4.921,4.844,4.876,212801.74098736
2025-02-27 21:00:00,4.876,4.899,4.837,4.888,184097.55709816
2025-02-27 22:00:00,4.888,4.949,4.858,4.939,173026.12937903
2025-02-27 23:00:00,4.938,4.95,4.887,4.927,328203.83181107
2025-02-28 00:00:00,4.928,4.928,4.843,4.848,118096.72130094
2025-02-28 01:00:00,4.842,4.861,4.68,4.702,823523.34669773
2025-02-28 02:00:00,4.7,4.751,4.593,4.648,849609.82256849
2025-02-28 03:00:00,4.649,4.715,4.586,4.596,426419.68080521
2025-02-28 04:00:00,4.597,4.618,4.524,4.576,550001.23113418
2025-02-28 05:00:00,4.573,4.594,4.5,4.553,265806.6278751
2025-02-28 06:00:00,4.553,4.574,4.481,4.528,404544.6395295
2025-02-28 07:00:00,4.528,4.596,4.496,4.529,365295.58064287
2025-02-28 08:00:00,4.529,4.556,4.445,4.555,450577.35640169
2025-02-28 09:00:00,4.555,4.67,4.542,4.635,340659.70498446
2025-02-28 10:00:00,4.636,4.645,4.538,4.544,119089.60592423
2025-02-28 11:00:00,4.544,4.607,4.54,4.569,198245.72137761
2025-02-28 12:00:00,4.567,4.586,4.477,4.571,262164.75612263
2025-02-28 13:00:00,4.569,4.663,4.559,4.608,421850.02278037
2025-02-28 14:00:00,4.607,4.697,4.606,4.666,281761.24368613
2025-02-28 15:00:00,4.666,4.796,4.663,4.74,412454.23108841
2025-02-28 16:00:00,4.74,4.751,4.681,4.699,238742.57032129
2025-02-28 17:00:00,4.7,4.719,4.666,4.668,173511.58288334
2025-02-28 18:00:00,4.668,4.756,4.656,4.723,226752.38493388
2025-02-28 19:00:00,4.722,4.743,4.704,4.72,63991.3598076
2025-02-28 20:00:00,4.717,4.732,4.672,4.697,103227.18258699
2025-02-28 21:00:00,4.697,4.737,4.691,4.711,56560.0173149
2025-02-28 22:00:00,4.711,4.727,4.685,4.697,59881.33655245
2025-02-28 23:00:00,4.698,4.731,4.696,4.708,71548.7981553
2025-03-01 00:00:00,4.71,4.729,4.683,4.708,92818.11550003
2025-03-01 01:00:00,4.711,4.794,4.7,4.789,145617.54084384
2025-03-01 02:00:00,4.79,4.816,4.763,4.78,188112.71752573
2025-03-01 03:00:00,4.783,4.783,4.717,4.723,167618.04423932
2025-03-01 04:00:00,4.722,4.767,4.715,4.744,121028.52640455
2025-03-01 05:00:00,4.744,4.745,4.696,4.702,86114.85820585
2025-03-01 06:00:00,4.701,4.705,4.648,4.667,116485.85955819
2025-03-01 07:00:00,4.667,4.667,4.615,4.615,96233.59950003
2025-03-01 08:00:00,4.616,4.657,4.616,4.649,82797.19403814
2025-03-01 09:00:00,4.647,4.682,4.617,4.633,106905.7599538
2025-03-01 10:00:00,4.633,4.634,4.575,4.587,189851.2695265
2025-03-01 11:00:00,4.592,4.594,4.553,4.578,155903.66866885
2025-03-01 12:00:00,4.581,4.59,4.554,4.579,90896.16687088
2025-03-01 13:00:00,4.58,4.591,4.52,4.556,267260.29907143
2025-03-01 14:00:00,4.556,4.578,4.547,4.563,119971.15367115
2025-03-01 15:00:00,4.564,4.583,4.545,4.578,113869.47553637
2025-03-01 16:00:00,4.572,4.604,4.561,4.6,114743.32831736
2025-03-01 17:00:00,4.6,4.6,4.574,4.585,55306.57340847
2025-03-01 18:00:00,4.583,4.633,4.572,4.612,53405.84592194
2025-03-01 19:00:00,4.61,4.651,4.604,4.639,49131.58675948
2025-03-01 20:00:00,4.639,4.645,4.619,4.643,28839.41561078
2025-03-01 21:00:00,4.642,4.708,4.633,4.699,79203.31459911
2025-03-01 22:00:00,4.7,4.726,4.656,4.67,119551.29628414
2025-03-01 23:00:00,4.67,4.677,4.633,4.661,35091.8198874
2025-03-02 00:00:00,4.659,4.689,4.635,4.674,40658.25718931
2025-03-02 01:00:00,4.675,4.697,4.66,4.682,40355.25698782
2025-03-02 02:00:00,4.685,4.706,4.661,4.678,66901.01584746
2025-03-02 03:00:00,4.679,4.699,4.674,4.678,27221.93136763
2025-03-02 04:00:00,4.679,4.695,4.66,4.666,36615.47489731
2025-03-02 05:00:00,4.67,4.685,4.654,4.663,20783.57840411
2025-03-02 06:00:00,4.664,4.676,4.632,4.656,31149.59564502
2025-03-02 07:00:00,4.657,4.663,4.623,4.625,35178.17220375
2025-03-02 08:00:00,4.625,4.625,4.595,4.609,110963.56653809
2025-03-02 09:00:00,4.61,4.66,4.61,4.636,83641.4536784
2025-03-02 10:00:00,4.635,4.66,4.63,4.645,47029.89745115
2025-03-02 11:00:00,4.645,4.646,4.619,4.63,53276.93720865
2025-03-02 12:00:00,4.63,4.63,4.604,4.617,33135.78649936
2025-03-02 13:00:00,4.616,4.62,4.583,4.607,77650.47705254
2025-03-02 14:00:00,4.608,4.618,4.564,4.591,209578.56218443
2025-03-02 15:00:00,4.59,4.842,4.579,4.747,946199.24787909
2025-03-02 16:00:00,4.748,5.099,4.74,5.042,1339891.12776051
2025-03-02 17:00:00,5.046,5.179,4.986,5.099,712591.18730508
2025-03-02 18:00:00,5.101,5.132,5.01,5.046,360510.39895141
2025-03-02 19:00:00,5.046,5.113,5.027,5.106,231182.91265393
2025-03-02 20:00:00,5.105,5.124,5.07,5.109,258007.23855794
2025-03-02 21:00:00,5.109,5.149,5.081,5.123,199724.72335565
2025-03-02 22:00:00,5.121,5.15,5.086,5.139,117693.35269546
2025-03-02 23:00:00,5.139,5.227,5.126,5.202,386288.88969535
2025-03-03 00:00:00,5.203,5.249,5.136,5.195,474823.31429104
2025-03-03 01:00:00,5.192,5.209,5.11,5.122,315572.45283757
2025-03-03 02:00:00,5.121,5.133,5.048,5.124,248715.37291777
2025-03-03 03:00:00,5.124,5.133,5.056,5.09,162793.06332986
2025-03-03 04:00:00,5.092,5.118,5.069,5.112,96966.48126334
2025-03-03 05:00:00,5.111,5.139,5.094,5.137,91038.30105548
2025-03-03 06:00:00,5.136,5.142,4.902,4.942,352125.97997456
2025-03-03 07:00:00,4.941,4.973,4.888,4.963,254883.74917335
2025-03-03 08:00:00,4.964,4.973,4.814,4.845,375228.08890499
2025-03-03 09:00:00,4.845,4.897,4.796,4.877,311831.96335338
2025-03-03 10:00:00,4.877,4.936,4.864,4.923,195965.19347506
2025-03-03 11:00:00,4.924,4.931,4.875,4.906,143311.90131299
2025-03-03 12:00:00,4.906,4.97,4.886,4.933,218791.7525449
2025-03-03 13:00:00,4.936,5.021,4.931,4.995,214151.13090082
2025-03-03 14:00:00,4.993,4.995,4.78,4.801,535021.64836778
2025-03-03 15:00:00,4.801,4.94,4.797,4.859,504336.02584941
2025-03-03 16:00:00,4.86,4.88,4.817,4.841,180218.81912143
2025-03-03 17:00:00,4.84,4.907,4.823,4.858,139571.93761974
2025-03-03 18:00:00,4.857,4.863,4.618,4.64,698380.34483367
2025-03-03 19:00:00,4.639,4.685,4.448,4.489,1108068.88279472
2025-03-03 20:00:00,4.49,4.546,4.435,4.499,438789.30529147
2025-03-03 21:00:00,4.497,4.548,4.428,4.44,281721.95648274
2025-03-03 22:00:00,4.442,4.546,4.44,4.53,195789.67213296
2025-03-03 23:00:00,4.527,4.527,4.461,4.467,144985.84775368
2025-03-04 00:00:00,4.466,4.509,4.426,4.45,397433.58265534
2025-03-04 01:00:00,4.451,4.463,4.218,4.261,1192118.674004
2025-03-04 02:00:00,4.263,4.295,4.138,4.269,945599.44538696
2025-03-04 03:00:00,4.269,4.289,4.185,4.219,272842.79313742
2025-03-04 04:00:00,4.221,4.277,4.211,4.247,207674.26302498
2025-03-04 05:00:00,4.248,4.335,4.235,4.289,261724.02588831
2025-03-04 06:00:00,4.291,4.314,4.268,4.275,158884.49322833
2025-03-04 07:00:00,4.274,4.283,4.235,4.242,198279.64041606
2025-03-04 08:00:00,4.242,4.307,4.23,4.292,199629.21647642
2025-03-04 09:00:00,4.292,4.297,4.23,4.234,185778.42384789
2025-03-04 10:00:00,4.234,4.254,4.205,4.234,162767.79491269
2025-03-04 11:00:00,4.233,4.279,4.216,4.224,280204.87345531
2025-03-04 12:00:00,4.223,4.234,4.158,4.214,366854.05300905
2025-03-04 13:00:00,4.211,4.211,4.111,4.135,485745.24008802
2025-03-04 14:00:00,4.137,4.355,4.125,4.177,1222327.40490332
2025-03-04 15:00:00,4.178,4.235,4.098,4.217,696586.87917687
2025-03-04 16:00:00,4.217,4.234,4.009,4.171,865333.97298467
2025-03-04 17:00:00,4.172,4.32,4.165,4.278,479777.05334986
2025-03-04 18:00:00,4.279,4.342,4.257,4.331,270136.57265888
2025-03-04 19:00:00,4.33,4.383,4.307,4.373,272588.5972807
2025-03-04 20:00:00,4.373,4.385,4.279,4.287,271324.45462913
2025-03-04 21:00:00,4.289,4.419,4.276,4.345,235467.35270591
2025-03-04 22:00:00,4.346,4.376,4.331,4.333,109930.36040707
2025-03-04 23:00:00,4.332,4.345,4.304,4.326,126781.81318362
2025-03-05 00:00:00,4.325,4.352,4.284,4.306,149381.01426313
2025-03-05 01:00:00,4.307,4.363,4.273,4.363,153573.43417463
2025-03-05 02:00:00,4.364,4.394,4.333,4.363,145475.5152833
2025-03-05 03:00:00,4.362,4.375,4.284,4.284,108751.99380262
2025-03-05 04:00:00,4.287,4.317,4.285,4.302,87954.46576898
2025-03-05 05:00:00,4.304,4.315,4.288,4.301,65963.88519703
2025-03-05 06:00:00,4.3,4.327,4.273,4.319,74377.95089587
2025-03-05 07:00:00,4.319,4.338,4.297,4.335,120902.67448703
2025-03-05 08:00:00,4.334,4.382,4.326,4.37,156402.11642518
2025-03-05 09:00:00,4.367,4.446,4.364,4.415,233169.99280678
2025-03-05 10:00:00,4.415,4.481,4.393,4.435,325015.78276916
2025-03-05 11:00:00,4.435,4.44,4.383,4.396,141742.66350217
2025-03-05 12:00:00,4.398,4.439,4.391,4.405,86790.86761959
2025-03-05 13:00:00,4.405,4.416,4.357,4.39,212695.72847436
2025-03-05 14:00:00,4.389,4.41,4.328,4.344,277721.88693088
2025-03-05 15:00:00,4.344,4.404,4.304,4.363,624147.48005562
2025-03-05 16:00:00,4.362,4.39,4.329,4.38,199909.29278224
2025-03-05 17:00:00,4.378,4.446,4.368,4.412,239333.07083804
2025-03-05 18:00:00,4.412,4.456,4.385,4.451,101501.25169773
2025-03-05 19:00:00,4.451,4.491,4.451,4.483,153604.82479817
2025-03-05 20:00:00,4.483,4.544,4.483,4.522,164468.48960204
2025-03-05 21:00:00,4.523,4.544,4.505,4.54,127084.76260594
2025-03-05 22:00:00,4.539,4.548,4.51,4.521,112917.15994898
2025-03-05 23:00:00,4.522,4.537,4.496,4.521,113874.18920382
2025-03-06 00:00:00,4.521,4.539,4.475,4.479,149412.60412198
2025-03-06 01:00:00,4.48,4.556,4.447,4.508,234241.74961773
2025-03-06 02:00:00,4.508,4.547,4.5,4.539,163948.52329246
2025-03-06 03:00:00,4.539,4.554,4.521,4.552,134892.62449559
2025-03-06 04:00:00,4.554,4.628,4.544,4.616,166309.59741007
2025-03-06 05:00:00,4.616,4.662,4.601,4.63,226614.71107167
2025-03-06 06:00:00,4.63,4.638,4.572,4.576,126573.85641066
2025-03-06 07:00:00,4.577,4.582,4.518,4.527,178053.02597002
2025-03-06 08:00:00,4.527,4.576,4.525,4.563,171377.64081884
2025-03-06 09:00:00,4.562,4.562,4.519,4.537,126732.45037947
2025-03-06 10:00:00,4.537,4.601,4.533,4.586,192731.14397215
2025-03-06 11:00:00,4.586,4.594,4.563,4.57,88134.53881008
2025-03-06 12:00:00,4.572,4.578,4.481,4.508,194118.09285133
2025-03-06 13:00:00,4.507,4.527,4.466,4.471,197681.55788267
2025-03-06 14:00:00,4.473,4.513,4.422,4.464,284519.82404939
2025-03-06 15:00:00,4.463,4.535,4.457,4.494,288081.9024692
2025-03-06 16:00:00,4.495,4.512,4.423,4.428,182951.65763898
2025-03-06 17:00:00,4.429,4.429,4.359,4.388,301248.9917448
2025-03-06 18:00:00,4.388,4.4,4.36,4.381,102908.19087309
2025-03-06 19:00:00,4.38,4.41,4.334,4.373,413450.60100785
2025-03-06 20:00:00,4.375,4.408,4.368,4.394,106231.33066929
2025-03-06 21:00:00,4.394,4.455,4.393,4.429,217452.45417181
2025-03-06 22:00:00,4.43,4.492,4.427,4.44,207340.36465133
2025-03-06 23:00:00,4.44,4.463,4.424,4.427,349884.5099332
2025-03-07 00:00:00,4.427,4.473,4.206,4.224,1737826.22726334
2025-03-07 01:00:00,4.225,4.424,4.209,4.391,682144.53702899
2025-03-07 02:00:00,4.386,4.456,4.379,4.42,301000.80065516
2025-03-07 03:00:00,4.421,4.439,4.372,4.374,108456.75505048
2025-03-07 04:00:00,4.374,4.417,4.367,4.385,120440.05959673
2025-03-07 05:00:00,4.385,4.453,4.381,4.431,151160.68991873
2025-03-07 06:00:00,4.433,4.479,4.414,4.469,113983.9310278
2025-03-07 07:00:00,4.47,4.55,4.464,4.546,298507.5230011
2025-03-07 08:00:00,4.547,4.572,4.517,4.542,301844.32387352
2025-03-07 09:00:00,4.541,4.632,4.535,4.58,357335.87241366
2025-03-07 10:00:00,4.582,4.6,4.557,4.595,129890.02336202
2025-03-07 11:00:00,4.6,4.633,4.591,4.621,156333.64387271
2025-03-07 12:00:00,4.624,4.669,4.576,4.6,445331.45791058
2025-03-07 13:00:00,4.601,4.676,4.581,4.595,623828.605924
2025-03-07 14:00:00,4.594,4.651,4.547,4.603,267428.71973005
2025-03-07 15:00:00,4.605,4.637,4.514,4.574,513204.95361835
2025-03-07 16:00:00,4.572,4.581,4.473,4.504,499393.97069928
2025-03-07 17:00:00,4.502,4.563,4.46,4.529,305961.37042223
2025-03-07 18:00:00,4.53,4.621,4.519,4.599,285033.63694809
2025-03-07 19:00:00,4.598,4.616,4.531,4.55,175164.38308715
2025-03-07 20:00:00,4.55,4.574,4.499,4.52,215365.89664151
2025-03-07 21:00:00,4.519,4.526,4.43,4.456,477868.45592947
2025-03-07 22:00:00,4.454,4.471,4.408,4.451,244554.30193371
2025-03-07 23:00:00,4.451,4.452,4.368,4.408,180310.47158563
2025-03-08 00:00:00,4.407,4.441,4.372,4.428,142210.77539643
2025-03-08 01:00:00,4.429,4.441,4.317,4.349,253992.78113132
2025-03-08 02:00:00,4.348,4.388,4.307,4.38,185048.74026769
2025-03-08 03:00:00,4.38,4.401,4.33,4.391,130862.29362684
2025-03-08 04:00:00,4.389,4.418,4.365,4.416,42265.17411514
2025-03-08 05:00:00,4.414,4.417,4.361,4.368,104218.45461797
2025-03-08 06:00:00,4.368,4.381,4.349,4.362,76685.78786018
2025-03-08 07:00:00,4.361,4.392,4.358,4.375,294765.96851808
2025-03-08 08:00:00,4.374,4.385,4.338,4.35,174702.12995229
2025-03-08 09:00:00,4.35,4.406,4.32,4.326,473183.42561798
2025-03-08 10:00:00,4.327,4.373,4.326,4.36,230775.67717727
2025-03-08 11:00:00,4.356,4.356,4.285,4.327,620456.6499923
2025-03-08 12:00:00,4.33,4.394,4.327,4.378,191401.52797243
2025-03-08 13:00:00,4.378,4.401,4.362,4.366,146803.24671363
2025-03-08 14:00:00,4.364,4.393,4.334,4.347,184327.07643653
2025-03-08 15:00:00,4.346,4.359,4.326,4.337,143877.28689405
2025-03-08 16:00:00,4.337,4.342,4.253,4.302,555302.37949858
2025-03-08 17:00:00,4.302,4.342,4.272,4.315,170484.55791832
2025-03-08 18:00:00,4.316,4.366,4.306,4.351,289832.90004629
2025-03-08 19:00:00,4.351,4.371,4.334,4.351,87513.34277186
2025-03-08 20:00:00,4.352,4.352,4.324,4.326,51123.08847995
2025-03-08 21:00:00,4.326,4.343,4.311,4.312,51970.47557728
2025-03-08 22:00:00,4.312,4.313,4.261,4.3,172832.51295523
2025-03-08 23:00:00,4.3,4.311,4.275,4.287,192080.37304264
2025-03-09 00:00:00,4.287,4.309,4.269,4.292,184752.97453747
2025-03-09 01:00:00,4.292,4.31,4.275,4.282,328435.71824451
2025-03-09 02:00:00,4.281,4.295,4.264,4.285,150916.28377503
2025-03-09 03:00:00,4.286,4.348,4.285,4.305,286758.71429063
2025-03-09 04:00:00,4.304,4.335,4.297,4.33,87786.73688977
2025-03-09 05:00:00,4.327,4.346,4.312,4.317,111627.85141769
2025-03-09 06:00:00,4.317,4.317,4.285,4.294,153862.14202154
2025-03-09 07:00:00,4.295,4.337,4.288,4.312,113115.14003584
2025-03-09 08:00:00,4.314,4.314,4.288,4.288,93687.94115349
2025-03-09 09:00:00,4.288,4.294,4.247,4.255,344355.9818367
2025-03-09 10:00:00,4.255,4.273,4.201,4.211,326800.46226851
2025-03-09 11:00:00,4.21,4.245,4.2,4.22,172701.10917506
2025-03-09 12:00:00,4.219,4.239,4.179,4.238,177875.15456341
2025-03-09 13:00:00,4.24,4.264,4.185,4.187,248521.13132516
2025-03-09 14:00:00,4.186,4.228,4.169,4.21,324456.3451467
2025-03-09 15:00:00,4.21,4.226,4.131,4.159,293242.07746246
2025-03-09 16:00:00,4.158,4.187,4.077,4.081,335505.80050459
2025-03-09 17:00:00,4.081,4.12,3.986,4.003,595160.21867731
2025-03-09 18:00:00,4.003,4.065,3.973,4.02,572541.19540083
2025-03-09 19:00:00,4.02,4.068,4.015,4.054,232091.00578602
2025-03-09 20:00:00,4.055,4.089,4.04,4.062,151520.67196757
2025-03-09 21:00:00,4.059,4.067,3.99,4.002,158843.17961734
2025-03-09 22:00:00,4.003,4.031,3.985,4.017,173544.86791742
2025-03-09 23:00:00,4.019,4.056,3.991,4.015,289464.67426446
2025-03-10 00:00:00,4.018,4.088,3.968,4.067,355063.57303204
2025-03-10 01:00:00,4.067,4.105,4.047,4.09,183289.26115949
2025-03-10 02:00:00,4.09,4.18,4.086,4.166,203005.07516391
2025-03-10 03:00:00,4.17,4.222,4.148,4.199,317969.46401071
2025-03-10 04:00:00,4.199,4.245,4.195,4.212,264483.91602971
2025-03-10 05:00:00,4.21,4.223,4.156,4.167,261649.85550779
2025-03-10 06:00:00,4.17,4.176,4.147,4.163,123852.1679989
2025-03-10 07:00:00,4.163,4.189,4.145,4.164,149247.77205091
2025-03-10 08:00:00,4.165,4.17,4.12,4.148,144948.51472181
2025-03-10 09:00:00,4.145,4.28,4.133,4.184,628413.34743484
2025-03-10 10:00:00,4.185,4.202,4.153,4.192,127461.53225655
2025-03-10 11:00:00,4.193,4.23,4.171,4.214,133105.67957575
2025-03-10 12:00:00,4.214,4.236,4.191,4.218,89222.09188872
2025-03-10 13:00:00,4.219,4.225,4.11,4.118,178596.24282848
2025-03-10 14:00:00,4.117,4.117,3.988,4.024,837284.61526307
2025-03-10 15:00:00,4.025,4.115,4.006,4.062,296780.12854809
2025-03-10 16:00:00,4.061,4.08,3.996,4.005,290465.13711358
2025-03-10 17:00:00,4.007,4.018,3.889,3.906,797794.50449076
2025-03-10 18:00:00,3.905,3.964,3.774,3.78,728871.65060894
2025-03-10 19:00:00,3.781,3.958,3.77,3.929,703794.82159276
2025-03-10 20:00:00,3.929,3.937,3.863,3.908,289650.36618814
2025-03-10 21:00:00,3.907,3.961,3.89,3.943,185814.23196687
2025-03-10 22:00:00,3.944,3.966,3.904,3.915,155043.75643548
2025-03-10 23:00:00,3.914,3.937,3.859,3.865,194120.17010233
2025-03-11 00:00:00,3.866,3.906,3.647,3.729,1285267.74791177
2025-03-11 01:00:00,3.727,3.88,3.664,3.88,872350.65597744
2025-03-11 02:00:00,3.878,3.922,3.856,3.895,298017.39725664
2025-03-11 03:00:00,3.895,3.922,3.877,3.881,119910.00319442
2025-03-11 04:00:00,3.881,3.927,3.875,3.9,133486.77002872
2025-03-11 05:00:00,3.898,3.983,3.896,3.952,234553.49037711
2025-03-11 06:00:00,3.95,3.981,3.934,3.935,127045.16311937
2025-03-11 07:00:00,3.935,3.987,3.933,3.945,177226.99651937
2025-03-11 08:00:00,3.943,3.997,3.934,3.971,144746.86508858
2025-03-11 09:00:00,3.971,3.997,3.966,3.968,133096.37017576
2025-03-11 10:00:00,3.968,4.002,3.955,3.987,92551.72453339
2025-03-11 11:00:00,3.989,4.021,3.962,3.995,100272.71714344
2025-03-11 12:00:00,3.994,4.0,3.93,3.938,155658.03090969
2025-03-11 13:00:00,3.937,4.021,3.887,3.942,781316.28734957
2025-03-11 14:00:00,3.943,3.966,3.813,3.856,684690.12831362
2025-03-11 15:00:00,3.855,3.987,3.849,3.97,420019.17955491
2025-03-11 16:00:00,3.972,4.035,3.944,3.998,394927.66214635
2025-03-11 17:00:00,3.994,4.005,3.931,3.961,186885.93926355
2025-03-11 18:00:00,3.965,4.118,3.965,4.091,421403.51074976
2025-03-11 19:00:00,4.093,4.111,4.066,4.101,138459.30394831
2025-03-11 20:00:00,4.103,4.111,4.073,4.076,96566.19898632
2025-03-11 21:00:00,4.074,4.1,4.071,4.079,62063.29474983
2025-03-11 22:00:00,4.08,4.1,4.074,4.093,118889.47665943
2025-03-11 23:00:00,4.094,4.094,4.029,4.041,188538.61624458
2025-03-12 00:00:00,4.041,4.053,3.993,4.014,155899.12648564
2025-03-12 01:00:00,4.016,4.092,4.011,4.063,155986.81979018
2025-03-12 02:00:00,4.065,4.071,3.991,4.003,214183.67761256
2025-03-12 03:00:00,4.003,4.014,3.945,3.95,192476.27457597
2025-03-12 04:00:00,3.951,3.963,3.911,3.931,136026.65931021
2025-03-12 05:00:00,3.933,3.979,3.928,3.97,132888.54125457
2025-03-12 06:00:00,3.968,3.982,3.942,3.975,99961.91164649
2025-03-12 07:00:00,3.975,4.011,3.927,3.985,288167.36090664
2025-03-12 08:00:00,3.984,4.059,3.967,4.029,201111.86762072
2025-03-12 09:00:00,4.029,4.063,3.946,3.978,364425.33506334
2025-03-12 10:00:00,3.979,3.992,3.951,3.968,117756.54904963
2025-03-12 11:00:00,3.97,4.017,3.967,4.014,170935.6642515
2025-03-12 12:00:00,4.015,4.091,3.987,4.042,490559.32577891
2025-03-12 13:00:00,4.044,4.055,3.934,3.955,386172.27412407
2025-03-12 14:00:00,3.955,3.97,3.901,3.901,266431.73754932
2025-03-12 15:00:00,3.902,3.93,3.844,3.926,310698.20789294
2025-03-12 16:00:00,3.923,3.974,3.915,3.946,162261.47918183
2025-03-12 17:00:00,3.946,3.985,3.924,3.925,118895.54077673
2025-03-12 18:00:00,3.926,3.974,3.922,3.953,75332.11401944
2025-03-12 19:00:00,3.956,3.982,3.937,3.968,73593.21015892
2025-03-12 20:00:00,3.969,3.985,3.946,3.947,134425.27863179
2025-03-12 21:00:00,3.948,3.993,3.946,3.963,119684.28292947
2025-03-12 22:00:00,3.964,3.976,3.952,3.969,70792.45995182
2025-03-12 23:00:00,3.967,3.975,3.95,3.966,71869.46198971
2025-03-13 00:00:00,3.965,3.973,3.931,3.941,163234.05759809
2025-03-13 01:00:00,3.943,3.999,3.922,3.986,269848.7441821
2025-03-13 02:00:00,3.985,4.025,3.96,3.967,180273.60393396
2025-03-13 03:00:00,3.968,4.0,3.959,3.968,87685.35651692
2025-03-13 04:00:00,3.97,3.983,3.935,3.949,119791.15925403
2025-03-13 05:00:00,3.951,3.978,3.93,3.936,82548.32448299
2025-03-13 06:00:00,3.935,3.942,3.908,3.938,98501.95277308
2025-03-13 07:00:00,3.939,3.966,3.929,3.946,59829.7507968
2025-03-13 08:00:00,3.946,3.963,3.919,3.961,130944.25346718
2025-03-13 09:00:00,3.961,4.03,3.96,4.029,118134.14861718
2025-03-13 10:00:00,4.029,4.064,4.01,4.05,255978.61445156
2025-03-13 11:00:00,4.052,4.067,4.02,4.063,109084.53575549
2025-03-13 12:00:00,4.067,4.105,4.021,4.031,248190.6144968
2025-03-13 13:00:00,4.033,4.071,3.952,3.968,282412.3094976
2025-03-13 14:00:00,3.969,4.021,3.954,3.985,162459.57527971
2025-03-13 15:00:00,3.986,3.996,3.939,3.957,135539.52372022
2025-03-13 16:00:00,3.957,3.96,3.883,3.896,142788.09611028
2025-03-13 17:00:00,3.897,3.91,3.82,3.835,333120.05617485
2025-03-13 18:00:00,3.836,3.92,3.833,3.902,429978.72020787
2025-03-13 19:00:00,3.902,3.917,3.873,3.882,95674.41961344
2025-03-13 20:00:00,3.883,3.908,3.87,3.88,55536.41213385
2025-03-13 21:00:00,3.88,3.913,3.871,3.913,68741.4513817
2025-03-13 22:00:00,3.911,3.982,3.904,3.981,95084.72109251
2025-03-13 23:00:00,3.98,4.001,3.958,3.976,92422.52973069
2025-03-14 00:00:00,3.976,4.046,3.964,4.03,122894.05796203
2025-03-14 01:00:00,4.029,4.048,4.013,4.026,68931.88069165
2025-03-14 02:00:00,4.027,4.054,4.017,4.049,108626.12547178
2025-03-14 03:00:00,4.05,4.058,4.014,4.025,188106.89745719
2025-03-14 04:00:00,4.026,4.045,4.023,4.031,42025.77549898
2025-03-14 05:00:00,4.032,4.039,4.017,4.037,31711.46132386
2025-03-14 06:00:00,4.037,4.041,4.013,4.026,82861.61306582
2025-03-14 07:00:00,4.025,4.047,4.014,4.026,41560.99995933
2025-03-14 08:00:00,4.026,4.086,4.023,4.062,114712.40865693
2025-03-14 09:00:00,4.063,4.127,4.057,4.115,179141.72770117
2025-03-14 10:00:00,4.118,4.163,4.103,4.155,256106.70392586
2025-03-14 11:00:00,4.156,4.19,4.156,4.161,134112.14517292
2025-03-14 12:00:00,4.16,4.165,4.132,4.148,168215.67496565
2025-03-14 13:00:00,4.148,4.195,4.125,4.136,247382.57365328
2025-03-14 14:00:00,4.136,4.156,4.095,4.138,360409.24072163
2025-03-14 15:00:00,4.142,4.201,4.141,4.166,198786.40151065
2025-03-14 16:00:00,4.166,4.216,4.166,4.202,199498.13691575
2025-03-14 17:00:00,4.201,4.209,4.166,4.181,62722.01253442
2025-03-14 18:00:00,4.185,4.206,4.176,4.191,54460.67210428
2025-03-14 19:00:00,4.193,4.211,4.167,4.181,56685.20728938
2025-03-14 20:00:00,4.181,4.198,4.156,4.192,93336.24562945
2025-03-14 21:00:00,4.193,4.202,4.178,4.201,44825.31603962
2025-03-14 22:00:00,4.2,4.223,4.186,4.217,59661.00550235
2025-03-14 23:00:00,4.216,4.219,4.174,4.183,52045.61998899
2025-03-15 00:00:00,4.186,4.219,4.183,4.215,118300.32968376
2025-03-15 01:00:00,4.216,4.224,4.186,4.21,89826.25350845
2025-03-15 02:00:00,4.209,4.235,4.197,4.222,42608.15746742
2025-03-15 03:00:00,4.223,4.249,4.216,4.236,78869.29242276
2025-03-15 04:00:00,4.237,4.295,4.227,4.279,252358.84199302
2025-03-15 05:00:00,4.282,4.306,4.266,4.281,208748.77061372
2025-03-15 06:00:00,4.283,4.294,4.269,4.279,135462.41212379
2025-03-15 07:00:00,4.28,4.283,4.233,4.255,188251.91645785
2025-03-15 08:00:00,4.259,4.304,4.244,4.299,154336.19835207
2025-03-15 09:00:00,4.298,4.315,4.275,4.308,146389.98750667
2025-03-15 10:00:00,4.31,4.337,4.295,4.321,78366.52284631
2025-03-15 11:00:00,4.322,4.347,4.314,4.344,95865.55897725
2025-03-15 12:00:00,4.345,4.392,4.341,4.385,207167.50408523
2025-03-15 13:00:00,4.385,4.41,4.38,4.394,250988.36453931
2025-03-15 14:00:00,4.393,4.411,4.362,4.398,232622.17490103
2025-03-15 15:00:00,4.398,4.425,4.368,4.375,210974.17840397
2025-03-15 16:00:00,4.377,4.402,4.354,4.391,90878.87292787
2025-03-15 17:00:00,4.392,4.398,4.37,4.381,83729.43349056
2025-03-15 18:00:00,4.383,4.39,4.355,4.363,88543.18089682
2025-03-15 19:00:00,4.364,4.365,4.332,4.352,131481.65272883
2025-03-15 20:00:00,4.351,4.372,4.345,4.372,110388.12900823
2025-03-15 21:00:00,4.373,4.397,4.367,4.38,89312.86999077
2025-03-15 22:00:00,4.383,4.389,4.362,4.372,61845.86411827
2025-03-15 23:00:00,4.372,4.373,4.342,4.348,53442.44358864
2025-03-16 00:00:00,4.348,4.358,4.333,4.337,91812.69505517
2025-03-16 01:00:00,4.336,4.345,4.306,4.308,99771.85339918
2025-03-16 02:00:00,4.308,4.325,4.292,4.306,126816.06657612
2025-03-16 03:00:00,4.304,4.34,4.301,4.331,82607.19155201
2025-03-16 04:00:00,4.33,4.346,4.32,4.337,35046.70971335
2025-03-16 05:00:00,4.339,4.353,4.335,4.345,33730.60739649
2025-03-16 06:00:00,4.345,4.345,4.314,4.314,39104.80961476
2025-03-16 07:00:00,4.314,4.33,4.299,4.31,124362.43718385
2025-03-16 08:00:00,4.313,4.323,4.305,4.316,48560.52981161
2025-03-16 09:00:00,4.316,4.316,4.26,4.264,308517.56195047
2025-03-16 10:00:00,4.265,4.278,4.25,4.25,72205.45072663
2025-03-16 11:00:00,4.253,4.255,4.181,4.194,293111.41793439
2025-03-16 12:00:00,4.194,4.25,4.191,4.228,193960.0264158
2025-03-16 13:00:00,4.229,4.257,4.191,4.199,115448.46078589
2025-03-16 14:00:00,4.198,4.247,4.198,4.247,92130.389743
2025-03-16 15:00:00,4.247,4.255,4.217,4.233,76165.07159183
2025-03-16 16:00:00,4.232,4.337,4.226,4.283,412942.73068037
2025-03-16 17:00:00,4.284,4.312,4.248,4.27,107572.39655027
2025-03-16 18:00:00,4.271,4.276,4.244,4.254,51631.32134731
2025-03-16 19:00:00,4.255,4.259,4.2,4.225,208640.34221319
2025-03-16 20:00:00,4.228,4.344,4.223,4.344,107067.93769686
2025-03-16 21:00:00,4.344,4.36,4.287,4.314,249182.41177565
2025-03-16 22:00:00,4.313,4.332,4.289,4.3,128183.48471954
2025-03-16 23:00:00,4.3,4.308,4.267,4.297,94430.40782183
2025-03-17 00:00:00,4.295,4.393,4.295,4.388,146495.96927467
2025-03-17 01:00:00,4.387,4.444,4.379,4.437,186338.11387989
2025-03-17 02:00:00,4.438,4.463,4.402,4.432,155048.28814859
2025-03-17 03:00:00,4.431,4.461,4.424,4.433,117563.72582776
2025-03-17 04:00:00,4.433,4.439,4.403,4.42,122093.19978384
2025-03-17 05:00:00,4.419,4.42,4.373,4.379,93239.25690805
2025-03-17 06:00:00,4.382,4.395,4.34,4.385,134498.445943
2025-03-17 07:00:00,4.385,4.401,4.38,4.386,178409.31282473
2025-03-17 08:00:00,4.384,4.4,4.357,4.385,184999.41772692
2025-03-17 09:00:00,4.384,4.431,4.384,4.407,219543.67201904
2025-03-17 10:00:00,4.407,4.408,4.364,4.378,152047.37755297
2025-03-17 11:00:00,4.379,4.383,4.358,4.368,75717.47354515
2025-03-17 12:00:00,4.367,4.416,4.333,4.342,496032.06157523
2025-03-17 13:00:00,4.34,4.377,4.322,4.351,248555.15051675
2025-03-17 14:00:00,4.349,4.375,4.335,4.354,270191.18421733
2025-03-17 15:00:00,4.355,4.385,4.337,4.372,99006.93603187
2025-03-17 16:00:00,4.372,4.387,4.337,4.358,97984.15343688
2025-03-17 17:00:00,4.356,4.397,4.349,4.385,125832.87698734
2025-03-17 18:00:00,4.385,4.428,4.38,4.424,140775.54765274
2025-03-17 19:00:00,4.424,4.43,4.398,4.4,146871.22892159
2025-03-17 20:00:00,4.401,4.418,4.39,4.405,123498.17492155
2025-03-17 21:00:00,4.404,4.433,4.403,4.41,128711.91882976
2025-03-17 22:00:00,4.409,4.416,4.383,4.384,41104.23193926
2025-03-17 23:00:00,4.384,4.408,4.365,4.368,160986.44621418
2025-03-18 00:00:00,4.368,4.369,4.332,4.346,85487.80040917
2025-03-18 01:00:00,4.346,4.357,4.279,4.292,156706.14666775
2025-03-18 02:00:00,4.292,4.313,4.288,4.302,73986.92275244
2025-03-18 03:00:00,4.302,4.302,4.256,4.259,68488.9652959
2025-03-18 04:00:00,4.258,4.278,4.243,4.253,71100.66859519
2025-03-18 05:00:00,4.253,4.292,4.252,4.276,92042.08249554
2025-03-18 06:00:00,4.278,4.288,4.23,4.242,99857.37758343
2025-03-18 07:00:00,4.242,4.308,4.236,4.297,161280.89675976
2025-03-18 08:00:00,4.296,4.331,4.294,4.315,193352.59160731
2025-03-18 09:00:00,4.314,4.327,4.278,4.279,119486.84824957
2025-03-18 10:00:00,4.28,4.292,4.262,4.275,87282.40959333
2025-03-18 11:00:00,4.278,4.288,4.25,4.262,70223.95213085
2025-03-18 12:00:00,4.26,4.286,4.256,4.275,46882.98313838
2025-03-18 13:00:00,4.275,4.327,4.254,4.277,350188.90110034
2025-03-18 14:00:00,4.274,4.328,4.268,4.315,282542.33708689
2025-03-18 15:00:00,4.312,4.317,4.276,4.287,79619.97213523
2025-03-18 16:00:00,4.288,4.301,4.255,4.275,96428.27443566
2025-03-18 17:00:00,4.272,4.279,4.238,4.267,83967.89205644
2025-03-18 18:00:00,4.268,4.313,4.261,4.308,95853.58312077
2025-03-18 19:00:00,4.306,4.393,4.305,4.38,138553.47135577
2025-03-18 20:00:00,4.381,4.395,4.356,4.395,100463.00699159
2025-03-18 21:00:00,4.396,4.426,4.387,4.412,124037.95372769
2025-03-18 22:00:00,4.408,4.48,4.4,4.469,173262.16179246
2025-03-18 23:00:00,4.474,4.481,4.447,4.447,166060.69123444
2025-03-19 00:00:00,4.446,4.506,4.446,4.486,209766.37411165
2025-03-19 01:00:00,4.487,4.504,4.441,4.444,238289.84945305
2025-03-19 02:00:00,4.446,4.5,4.434,4.493,284368.56755125
2025-03-19 03:00:00,4.493,4.53,4.477,4.523,218547.58754731
2025-03-19 04:00:00,4.522,4.54,4.503,4.528,232565.20820081
2025-03-19 05:00:00,4.528,4.544,4.493,4.494,136409.64798962
2025-03-19 06:00:00,4.494,4.55,4.494,4.54,133906.41087411
2025-03-19 07:00:00,4.539,4.54,4.503,4.505,114900.95977863
2025-03-19 08:00:00,4.508,4.518,4.475,4.485,137574.34754573
2025-03-19 09:00:00,4.485,4.514,4.485,4.501,99472.84461811
2025-03-19 10:00:00,4.501,4.522,4.469,4.485,306195.40249175
2025-03-19 11:00:00,4.485,4.557,4.479,4.533,345570.70270517
2025-03-19 12:00:00,4.533,4.539,4.486,4.505,203413.48761779
2025-03-19 13:00:00,4.505,4.588,4.494,4.551,565513.76538934
2025-03-19 14:00:00,4.55,4.562,4.501,4.513,282019.94399434
2025-03-19 15:00:00,4.512,4.554,4.496,4.533,172934.80547431
2025-03-19 16:00:00,4.531,4.548,4.507,4.536,136525.00914945
2025-03-19 17:00:00,4.537,4.538,4.467,4.498,246561.13866125
2025-03-19 18:00:00,4.498,4.576,4.456,4.559,581868.05000656
2025-03-19 19:00:00,4.559,4.593,4.537,4.564,288985.37864186
2025-03-19 20:00:00,4.565,4.571,4.503,4.51,160150.04754685
2025-03-19 21:00:00,4.511,4.544,4.507,4.54,83293.47814303
2025-03-19 22:00:00,4.542,4.578,4.532,4.551,191235.51567266
2025-03-19 23:00:00,4.552,4.555,4.527,4.536,77418.25991505
2025-03-20 00:00:00,4.536,4.564,4.519,4.534,182775.97011729
2025-03-20 01:00:00,4.533,4.54,4.484,4.491,206393.15849055
2025-03-20 02:00:00,4.492,4.499,4.474,4.497,61197.39101392
2025-03-20 03:00:00,4.497,4.498,4.467,4.473,46088.34758876
2025-03-20 04:00:00,4.472,4.474,4.446,4.457,139817.62075668
2025-03-20 05:00:00,4.457,4.458,4.431,4.445,93135.81195426
2025-03-20 06:00:00,4.444,4.461,4.439,4.454,73228.41346884
2025-03-20 07:00:00,4.453,4.475,4.451,4.467,131030.24922802
2025-03-20 08:00:00,4.47,4.5,4.455,4.491,138441.47694366
2025-03-20 09:00:00,4.488,4.49,4.442,4.451,293393.57890596
2025-03-20 10:00:00,4.45,4.452,4.385,4.387,297488.20440075
2025-03-20 11:00:00,4.386,4.405,4.381,4.395,65136.06836359
2025-03-20 12:00:00,4.395,4.409,4.383,4.401,80326.11548819
2025-03-20 13:00:00,4.4,4.43,4.389,4.41,97322.79850731
2025-03-20 14:00:00,4.41,4.452,4.41,4.443,195364.11062398
2025-03-20 15:00:00,4.444,4.444,4.381,4.385,162584.61804023
2025-03-20 16:00:00,4.384,4.404,4.342,4.353,177417.02827266
2025-03-20 17:00:00,4.353,4.381,4.348,4.36,130234.94707671
2025-03-20 18:00:00,4.362,4.376,4.326,4.329,91865.91257315
2025-03-20 19:00:00,4.328,4.348,4.323,4.34,116569.00335389
2025-03-20 20:00:00,4.337,4.392,4.336,4.372,108825.64773506
2025-03-20 21:00:00,4.371,4.396,4.345,4.345,138134.37534194
2025-03-20 22:00:00,4.343,4.397,4.342,4.381,274014.82734849
2025-03-20 23:00:00,4.382,4.395,4.361,4.395,82423.37631048
2025-03-21 00:00:00,4.394,4.441,4.388,4.424,247192.11751938
2025-03-21 01:00:00,4.422,4.47,4.419,4.466,97333.50579463
2025-03-21 02:00:00,4.467,4.533,4.465,4.53,140020.39129866
2025-03-21 03:00:00,4.531,4.535,4.459,4.46,191743.31998679
2025-03-21 04:00:00,4.459,4.546,4.459,4.542,103551.28231638
2025-03-21 05:00:00,4.543,4.546,4.497,4.525,241913.9242373
2025-03-21 06:00:00,4.525,4.56,4.51,4.521,130498.64495601
2025-03-21 07:00:00,4.523,4.543,4.488,4.505,157061.08742141
2025-03-21 08:00:00,4.505,4.532,4.455,4.483,116403.70357767
2025-03-21 09:00:00,4.483,4.515,4.472,4.478,106308.37193604
2025-03-21 10:00:00,4.477,4.483,4.43,4.451,115473.97245726
2025-03-21 11:00:00,4.45,4.45,4.404,4.42,137411.29957893
2025-03-21 12:00:00,4.419,4.453,4.38,4.387,116946.09089402
2025-03-21 13:00:00,4.388,4.434,4.373,4.425,202491.70776936
2025-03-21 14:00:00,4.425,4.446,4.387,4.436,104550.83641829
2025-03-21 15:00:00,4.437,4.465,4.406,4.44,200691.06906455
2025-03-21 16:00:00,4.441,4.482,4.418,4.477,244636.15552756
2025-03-21 17:00:00,4.479,4.517,4.455,4.505,106719.19543918
2025-03-21 18:00:00,4.506,4.574,4.504,4.55,322753.9193339
2025-03-21 19:00:00,4.548,4.559,4.501,4.511,114663.20746157
2025-03-21 20:00:00,4.513,4.58,4.513,4.578,128365.90427858
2025-03-21 21:00:00,4.578,4.578,4.531,4.54,77470.08357926
2025-03-21 22:00:00,4.541,4.548,4.503,4.519,105461.08406065
2025-03-21 23:00:00,4.516,4.52,4.487,4.496,47053.4781608
2025-03-22 00:00:00,4.496,4.5,4.47,4.488,78173.74594175
2025-03-22 01:00:00,4.488,4.5,4.445,4.449,91438.33472747
2025-03-22 02:00:00,4.448,4.472,4.437,4.468,88990.41558302
2025-03-22 03:00:00,4.467,4.47,4.445,4.456,49277.38575828
2025-03-22 04:00:00,4.455,4.474,4.446,4.469,73541.39713028
2025-03-22 05:00:00,4.469,4.488,4.461,4.481,92089.8505135
2025-03-22 06:00:00,4.481,4.526,4.478,4.502,145820.22763738
2025-03-22 07:00:00,4.502,4.502,4.469,4.469,84118.25474668
2025-03-22 08:00:00,4.471,4.471,4.443,4.466,63861.44194607
2025-03-22 09:00:00,4.466,4.505,4.461,4.484,171684.98653269
2025-03-22 10:00:00,4.485,4.494,4.461,4.467,68169.72932314
2025-03-22 11:00:00,4.467,4.469,4.448,4.462,68153.94115589
2025-03-22 12:00:00,4.463,4.479,4.448,4.47,54277.54481488
2025-03-22 13:00:00,4.47,4.482,4.448,4.46,47293.49563476
2025-03-22 14:00:00,4.46,4.46,4.411,4.424,305987.85258041
2025-03-22 15:00:00,4.424,4.464,4.415,4.462,233247.01702085
2025-03-22 16:00:00,4.462,4.484,4.451,4.483,72562.29892787
2025-03-22 17:00:00,4.483,4.533,4.479,4.516,211877.07328743
2025-03-22 18:00:00,4.517,4.542,4.508,4.515,108961.12784903
2025-03-22 19:00:00,4.515,4.532,4.51,4.52,31905.34148959
2025-03-22 20:00:00,4.524,4.53,4.472,4.475,73952.34105901
2025-03-22 21:00:00,4.473,4.49,4.458,4.472,84208.02777375
2025-03-22 22:00:00,4.468,4.48,4.458,4.459,49872.03382761
2025-03-22 23:00:00,4.457,4.458,4.425,4.443,79903.77031675
2025-03-23 00:00:00,4.442,4.466,4.428,4.45,126375.49870354
2025-03-23 01:00:00,4.45,4.463,4.438,4.452,82171.90935313
2025-03-23 02:00:00,4.452,4.455,4.435,4.444,66320.37465847
2025-03-23 03:00:00,4.444,4.449,4.43,4.449,78463.29682054
2025-03-23 04:00:00,4.452,4.454,4.416,4.421,60242.3686904
2025-03-23 05:00:00,4.421,4.433,4.401,4.43,76913.13525262
2025-03-23 06:00:00,4.428,4.448,4.414,4.446,74215.44997483
2025-03-23 07:00:00,4.445,4.485,4.441,4.455,163180.74036537
2025-03-23 08:00:00,4.455,4.457,4.428,4.43,59641.00036818
2025-03-23 09:00:00,4.429,4.441,4.418,4.433,56276.64378546
2025-03-23 10:00:00,4.434,4.455,4.434,4.454,59939.95766411
2025-03-23 11:00:00,4.454,4.483,4.453,4.469,108276.71848859
2025-03-23 12:00:00,4.472,4.476,4.455,4.457,66457.05486238
2025-03-23 13:00:00,4.457,4.492,4.455,4.486,62857.57692581
2025-03-23 14:00:00,4.488,4.494,4.462,4.462,53358.87993583
2025-03-23 15:00:00,4.464,4.484,4.449,4.449,77782.35785346
2025-03-23 16:00:00,4.449,4.462,4.433,4.45,55425.35477894
2025-03-23 17:00:00,4.449,4.455,4.398,4.409,76162.11523132
2025-03-23 18:00:00,4.409,4.43,4.396,4.416,53489.44781425
2025-03-23 19:00:00,4.416,4.466,4.416,4.465,80001.80978639
2025-03-23 20:00:00,4.467,4.515,4.467,4.476,151904.54444315
2025-03-23 21:00:00,4.476,4.477,4.443,4.469,115267.35266718
2025-03-23 22:00:00,4.47,4.49,4.46,4.474,100090.80477359
2025-03-23 23:00:00,4.475,4.5,4.475,4.498,88785.55133383
2025-03-24 00:00:00,4.499,4.548,4.489,4.505,212819.74012732
2025-03-24 01:00:00,4.508,4.515,4.467,4.471,125383.57129509
2025-03-24 02:00:00,4.47,4.506,4.467,4.502,49993.9486927
2025-03-24 03:00:00,4.503,4.567,4.5,4.549,187730.85529603
2025-03-24 04:00:00,4.548,4.624,4.548,4.612,215262.7973761
2025-03-24 05:00:00,4.612,4.666,4.612,4.628,166310.1966971
2025-03-24 06:00:00,4.626,4.745,4.626,4.731,226802.7331863
2025-03-24 07:00:00,4.732,4.747,4.702,4.71,205890.31151089
2025-03-24 08:00:00,4.711,4.77,4.711,4.744,179926.24523872
2025-03-24 09:00:00,4.745,4.77,4.723,4.754,133577.11218443
2025-03-24 10:00:00,4.754,4.754,4.731,4.745,112319.63067636
2025-03-24 11:00:00,4.745,4.749,4.687,4.692,194019.47401552
2025-03-24 12:00:00,4.692,4.703,4.674,4.693,111001.16169474
2025-03-24 13:00:00,4.693,4.695,4.66,4.676,119191.44349198
2025-03-24 14:00:00,4.68,4.751,4.674,4.704,328189.07516622
2025-03-24 15:00:00,4.703,4.733,4.689,4.721,71490.56171476
2025-03-24 16:00:00,4.722,4.727,4.665,4.687,92990.33643234
2025-03-24 17:00:00,4.687,4.725,4.673,4.699,155349.15908974
2025-03-24 18:00:00,4.697,4.714,4.668,4.703,78428.79632936
2025-03-24 19:00:00,4.704,4.715,4.68,4.686,91661.95942203
2025-03-24 20:00:00,4.688,4.693,4.658,4.677,82658.37770813
2025-03-24 21:00:00,4.675,4.7,4.663,4.693,90286.76144116
2025-03-24 22:00:00,4.692,4.7,4.666,4.68,83417.46543117
2025-03-24 23:00:00,4.678,4.679,4.582,4.623,453775.12457027
2025-03-25 00:00:00,4.618,4.675,4.603,4.641,241006.14479876
2025-03-25 01:00:00,4.641,4.642,4.594,4.616,166230.75576012
2025-03-25 02:00:00,4.614,4.644,4.605,4.63,76526.00739575
2025-03-25 03:00:00,4.631,4.639,4.584,4.598,109158.34539122
2025-03-25 04:00:00,4.597,4.626,4.586,4.608,119776.09190605
2025-03-25 05:00:00,4.607,4.63,4.596,4.61,44250.62311999
2025-03-25 06:00:00,4.61,4.642,4.605,4.616,117740.31186106
2025-03-25 07:00:00,4.615,4.635,4.6,4.61,82676.67995739
2025-03-25 08:00:00,4.613,4.652,4.612,4.651,94433.82454978
2025-03-25 09:00:00,4.648,4.66,4.629,4.65,90348.09906374
2025-03-25 10:00:00,4.65,4.656,4.622,4.651,109826.37042135
2025-03-25 11:00:00,4.652,4.681,4.646,4.67,138841.32221598
2025-03-25 12:00:00,4.671,4.687,4.65,4.654,101747.97331024
2025-03-25 13:00:00,4.653,4.713,4.652,4.668,195321.05674195
2025-03-25 14:00:00,4.668,4.718,4.662,4.712,171723.71378919
2025-03-25 15:00:00,4.712,4.718,4.655,4.667,412676.14889294
2025-03-25 16:00:00,4.666,4.682,4.632,4.649,121321.74687874
2025-03-25 17:00:00,4.651,4.68,4.648,4.674,55045.06645905
2025-03-25 18:00:00,4.674,4.679,4.648,4.651,82016.79816588
2025-03-25 19:00:00,4.652,4.67,4.652,4.658,38706.87472668
2025-03-25 20:00:00,4.659,4.686,4.646,4.647,123706.65936291
2025-03-25 21:00:00,4.651,4.683,4.635,4.642,93587.57859552
2025-03-25 22:00:00,4.644,4.649,4.617,4.631,78808.79325495
2025-03-25 23:00:00,4.63,4.639,4.606,4.637,70950.10118186
2025-03-26 00:00:00,4.637,4.672,4.614,4.657,100337.13318805
2025-03-26 01:00:00,4.657,4.694,4.655,4.68,63425.17185657
2025-03-26 02:00:00,4.678,4.679,4.611,4.616,109367.47913471
2025-03-26 03:00:00,4.614,4.635,4.594,4.605,80435.43233667
2025-03-26 04:00:00,4.604,4.627,4.6,4.62,50348.98328633
2025-03-26 05:00:00,4.622,4.645,4.604,4.642,88657.13304444
2025-03-26 06:00:00,4.64,4.669,4.634,4.668,97372.35948416
2025-03-26 07:00:00,4.667,4.724,4.66,4.718,190607.71011415
2025-03-26 08:00:00,4.717,4.736,4.677,4.689,142809.93909969
2025-03-26 09:00:00,4.689,4.738,4.686,4.702,127996.88913972
2025-03-26 10:00:00,4.702,4.755,4.702,4.743,103087.23824652
2025-03-26 11:00:00,4.743,4.766,4.736,4.752,100646.53759352
2025-03-26 12:00:00,4.751,4.76,4.713,4.741,131703.82335681
2025-03-26 13:00:00,4.738,4.75,4.654,4.654,224531.42680055
2025-03-26 14:00:00,4.653,4.692,4.611,4.659,269734.83029303
2025-03-26 15:00:00,4.66,4.712,4.651,4.709,165031.09831037
2025-03-26 16:00:00,4.708,4.736,4.683,4.707,154361.50255867
2025-03-26 17:00:00,4.706,4.723,4.673,4.678,86056.85862788
2025-03-26 18:00:00,4.678,4.712,4.642,4.644,87585.08319827
2025-03-26 19:00:00,4.643,4.678,4.604,4.667,281443.45912235
2025-03-26 20:00:00,4.666,4.731,4.661,4.705,275481.9373524
2025-03-26 21:00:00,4.706,4.729,4.644,4.715,263659.9608723
2025-03-26 22:00:00,4.715,4.719,4.656,4.695,214160.92673337
2025-03-26 23:00:00,4.696,4.698,4.648,4.691,142463.19725032
2025-03-27 00:00:00,4.692,4.747,4.684,4.746,187651.92018031
2025-03-27 01:00:00,4.746,4.75,4.704,4.715,92511.98784164
2025-03-27 02:00:00,4.715,4.755,4.712,4.732,196043.80549659
2025-03-27 03:00:00,4.732,4.746,4.715,4.735,53067.2385643
2025-03-27 04:00:00,4.734,4.737,4.716,4.72,57931.17176705
2025-03-27 05:00:00,4.719,4.721,4.672,4.676,80071.10021373
2025-03-27 06:00:00,4.674,4.71,4.673,4.684,71736.64227966
2025-03-27 07:00:00,4.685,4.704,4.663,4.673,90368.08794249
2025-03-27 08:00:00,4.67,4.685,4.644,4.656,73361.2101678
2025-03-27 09:00:00,4.655,4.656,4.623,4.628,124116.66133624
2025-03-27 10:00:00,4.63,4.648,4.612,4.612,60911.92921004
2025-03-27 11:00:00,4.611,4.632,4.577,4.579,231483.13555952
2025-03-27 12:00:00,4.578,4.581,4.538,4.559,269715.52299362
2025-03-27 13:00:00,4.559,4.581,4.493,4.537,390428.14989562
2025-03-27 14:00:00,4.536,4.629,4.528,4.625,295668.5614997
2025-03-27 15:00:00,4.626,4.656,4.571,4.572,322685.65367707
2025-03-27 16:00:00,4.571,4.611,4.555,4.555,98415.40104368
2025-03-27 17:00:00,4.555,4.596,4.547,4.574,271754.57363043
2025-03-27 18:00:00,4.573,4.611,4.571,4.601,49351.81504186
2025-03-27 19:00:00,4.603,4.608,4.582,4.582,42836.77781046
2025-03-27 20:00:00,4.584,4.631,4.579,4.631,42527.65922459
2025-03-27 21:00:00,4.632,4.662,4.619,4.659,146619.33877656
2025-03-27 22:00:00,4.661,4.666,4.632,4.633,85353.63970691
2025-03-27 23:00:00,4.632,4.635,4.607,4.62,36589.74303873
2025-03-28 00:00:00,4.622,4.623,4.582,4.613,65939.46215056
2025-03-28 01:00:00,4.61,4.643,4.587,4.621,183906.74850187
2025-03-28 02:00:00,4.623,4.627,4.596,4.598,55324.37611112
2025-03-28 03:00:00,4.596,4.597,4.552,4.568,80488.7866407
2025-03-28 04:00:00,4.566,4.571,4.436,4.486,508691.38676702
2025-03-28 05:00:00,4.485,4.485,4.384,4.395,327300.70461913
2025-03-28 06:00:00,4.393,4.41,4.328,4.335,402436.41708927
2025-03-28 07:00:00,4.334,4.355,4.301,4.304,365316.62691018
2025-03-28 08:00:00,4.304,4.327,4.278,4.293,245195.5796368
2025-03-28 09:00:00,4.292,4.32,4.272,4.289,173077.41196717
2025-03-28 10:00:00,4.29,4.303,4.267,4.272,170573.59948134
2025-03-28 11:00:00,4.275,4.295,4.244,4.289,334826.60424024
2025-03-28 12:00:00,4.29,4.304,4.238,4.251,378495.91363576
2025-03-28 13:00:00,4.251,4.349,4.246,4.304,597487.05696691
2025-03-28 14:00:00,4.304,4.312,4.262,4.278,356925.28870908
2025-03-28 15:00:00,4.277,4.324,4.263,4.285,316777.32219243
2025-03-28 16:00:00,4.284,4.313,4.246,4.272,127401.99596337
2025-03-28 17:00:00,4.272,4.314,4.264,4.302,404905.23236863
2025-03-28 18:00:00,4.3,4.311,4.277,4.291,84334.82001268
2025-03-28 19:00:00,4.29,4.297,4.254,4.264,48089.40459704
2025-03-28 20:00:00,4.265,4.299,4.25,4.255,120433.43023218
2025-03-28 21:00:00,4.255,4.287,4.245,4.271,49004.13000925
2025-03-28 22:00:00,4.27,4.305,4.27,4.3,54209.05217498
2025-03-28 23:00:00,4.301,4.301,4.271,4.277,25682.76686121
2025-03-29 00:00:00,4.277,4.299,4.265,4.265,96333.27387701
2025-03-29 01:00:00,4.263,4.274,4.223,4.239,143879.7208534
2025-03-29 02:00:00,4.239,4.251,4.184,4.192,294436.62085306
2025-03-29 03:00:00,4.195,4.235,4.157,4.228,414253.81025695
2025-03-29 04:00:00,4.228,4.236,4.2,4.209,55546.85751352
2025-03-29 05:00:00,4.21,4.21,4.179,4.192,78026.14275719
2025-03-29 06:00:00,4.192,4.192,4.139,4.163,454624.40430837
2025-03-29 07:00:00,4.165,4.172,4.119,4.136,250165.52985536
2025-03-29 08:00:00,4.136,4.177,4.122,4.171,238282.90986564
2025-03-29 09:00:00,4.172,4.176,4.102,4.132,222199.63021266
2025-03-29 10:00:00,4.133,4.133,4.097,4.104,221431.54312849
2025-03-29 11:00:00,4.103,4.125,4.047,4.076,449045.5137861
2025-03-29 12:00:00,4.076,4.087,4.06,4.081,76809.12498635
2025-03-29 13:00:00,4.081,4.113,4.081,4.112,110123.24377903
2025-03-29 14:00:00,4.112,4.112,4.057,4.075,83424.62423049
2025-03-29 15:00:00,4.076,4.095,4.062,4.067,63175.41811849
2025-03-29 16:00:00,4.067,4.088,4.043,4.051,282902.50733857
2025-03-29 17:00:00,4.052,4.084,4.0,4.067,469563.10160194
2025-03-29 18:00:00,4.067,4.08,4.047,4.054,121321.26425119
2025-03-29 19:00:00,4.056,4.067,4.026,4.067,70896.99878998
2025-03-29 20:00:00,4.067,4.07,4.011,4.016,87401.56928357
2025-03-29 21:00:00,4.016,4.05,4.011,4.024,45154.85630362
2025-03-29 22:00:00,4.023,4.03,4.001,4.013,58436.6232584
2025-03-29 23:00:00,4.011,4.055,3.993,4.047,142622.42253523
2025-03-30 00:00:00,4.047,4.063,4.025,4.051,86282.31948338
2025-03-30 01:00:00,4.051,4.132,4.051,4.104,141834.28582747
2025-03-30 02:00:00,4.104,4.145,4.102,4.124,92006.70612156
2025-03-30 03:00:00,4.124,4.142,4.102,4.102,118090.57768996
2025-03-30 04:00:00,4.101,4.131,4.101,4.114,39842.75562198
2025-03-30 05:00:00,4.114,4.131,4.098,4.106,48077.67615183
2025-03-30 06:00:00,4.105,4.124,4.087,4.114,49467.0712084
2025-03-30 07:00:00,4.115,4.132,4.115,4.124,32329.33131011
2025-03-30 08:00:00,4.127,4.163,4.116,4.16,79552.52034535
2025-03-30 09:00:00,4.161,4.168,4.131,4.136,82871.68930385
2025-03-30 10:00:00,4.134,4.145,4.09,4.103,84015.67310894
2025-03-30 11:00:00,4.102,4.124,4.086,4.093,60287.98702699
2025-03-30 12:00:00,4.097,4.109,4.082,4.089,78062.74504718
2025-03-30 13:00:00,4.09,4.099,4.038,4.041,223081.0575712
2025-03-30 14:00:00,4.039,4.071,4.024,4.06,116323.45579375
2025-03-30 15:00:00,4.061,4.088,4.053,4.059,48761.03210454
2025-03-30 16:00:00,4.058,4.075,4.01,4.022,271500.79868235
2025-03-30 17:00:00,4.021,4.043,3.996,4.043,286788.62303464
2025-03-30 18:00:00,4.042,4.102,4.042,4.1,217426.65863003
2025-03-30 19:00:00,4.101,4.117,4.077,4.077,86326.20522869
2025-03-30 20:00:00,4.077,4.081,4.059,4.063,40915.32425355
2025-03-30 21:00:00,4.065,4.08,4.024,4.04,39181.90515487
2025-03-30 22:00:00,4.039,4.058,3.981,4.039,373928.50353171
2025-03-30 23:00:00,4.039,4.042,4.002,4.038,86270.55933084
2025-03-31 00:00:00,4.04,4.043,3.969,3.992,180948.10556301
2025-03-31 01:00:00,3.994,4.059,3.991,4.056,117760.52669449
2025-03-31 02:00:00,4.056,4.078,4.027,4.052,69305.78796292
2025-03-31 03:00:00,4.052,4.066,4.007,4.015,61072.44623568
2025-03-31 04:00:00,4.016,4.065,4.003,4.062,132311.84229143
2025-03-31 05:00:00,4.061,4.082,4.039,4.04,73812.9711997
2025-03-31 06:00:00,4.041,4.051,4.008,4.02,69025.14744945
2025-03-31 07:00:00,4.021,4.041,3.975,3.999,140892.16017953
2025-03-31 08:00:00,3.998,4.026,3.976,3.98,146304.79677885
2025-03-31 09:00:00,3.98,4.006,3.944,3.963,201304.68913341
2025-03-31 10:00:00,3.963,4.025,3.946,4.017,168745.65664737
2025-03-31 11:00:00,4.018,4.038,3.993,4.024,89095.00400391
2025-03-31 12:00:00,4.025,4.045,3.994,4.037,266477.99178002
2025-03-31 13:00:00,4.037,4.044,3.963,4.01,217231.55452912
2025-03-31 14:00:00,4.009,4.076,4.009,4.061,160268.72533156
2025-03-31 15:00:00,4.063,4.089,4.052,4.054,154389.80487511
2025-03-31 16:00:00,4.056,4.071,4.034,4.05,76598.15589371
2025-03-31 17:00:00,4.05,4.069,4.014,4.03,87815.70548988
2025-03-31 18:00:00,4.03,4.081,4.03,4.068,62379.50616674
2025-03-31 19:00:00,4.068,4.081,4.032,4.034,45097.14470857
2025-03-31 20:00:00,4.035,4.056,4.024,4.029,40856.19810738
2025-03-31 21:00:00,4.029,4.047,4.026,4.029,24664.61696039
2025-03-31 22:00:00,4.029,4.03,4.006,4.03,43335.21758456
2025-03-31 23:00:00,4.029,4.041,4.012,4.018,51205.1125415
2025-04-01 00:00:00,4.017,4.055,4.013,4.048,173855.81562839
2025-04-01 01:00:00,4.047,4.048,4.014,4.027,147544.98410563
2025-04-01 02:00:00,4.026,4.068,4.024,4.067,73458.17150257
2025-04-01 03:00:00,4.068,4.088,4.063,4.077,92746.99727029
2025-04-01 04:00:00,4.078,4.104,4.074,4.099,90095.76141318
2025-04-01 05:00:00,4.099,4.131,4.099,4.099,54246.31405981
2025-04-01 06:00:00,4.1,4.158,4.093,4.138,149540.5495169
2025-04-01 07:00:00,4.14,4.163,4.136,4.141,162818.66816162
2025-04-01 08:00:00,4.14,4.224,4.14,4.223,277200.93405818
2025-04-01 09:00:00,4.224,4.259,4.221,4.25,192504.03711802
2025-04-01 10:00:00,4.248,4.249,4.203,4.206,155051.76066456
2025-04-01 11:00:00,4.205,4.215,4.159,4.192,115814.35547209
2025-04-01 12:00:00,4.19,4.209,4.162,4.188,142065.79936163
2025-04-01 13:00:00,4.186,4.217,4.179,4.2,201701.22390357
2025-04-01 14:00:00,4.2,4.22,4.128,4.208,289134.56732781
2025-04-01 15:00:00,4.209,4.281,4.209,4.251,193688.84964205
2025-04-01 16:00:00,4.251,4.258,4.2,4.21,95366.19856958
2025-04-01 17:00:00,4.209,4.214,4.178,4.182,120744.80530254
2025-04-01 18:00:00,4.182,4.184,4.148,4.179,60923.99183837
2025-04-01 19:00:00,4.179,4.182,4.145,4.153,58190.82877533
2025-04-01 20:00:00,4.152,4.164,4.128,4.16,56128.11210574
2025-04-01 21:00:00,4.161,4.181,4.154,4.164,50712.15505088
2025-04-01 22:00:00,4.163,4.194,4.162,4.172,26990.57898028
2025-04-01 23:00:00,4.172,4.186,4.154,4.17,37255.91456435
2025-04-02 00:00:00,4.168,4.173,4.114,4.119,141198.52816555
2025-04-02 01:00:00,4.12,4.13,4.098,4.114,111412.44538468
2025-04-02 02:00:00,4.116,4.119,4.062,4.08,105995.26862225
2025-04-02 03:00:00,4.08,4.116,4.075,4.105,79127.88753175
2025-04-02 04:00:00,4.105,4.118,4.081,4.097,101599.52160813
2025-04-02 05:00:00,4.097,4.097,4.032,4.035,183659.71941957
2025-04-02 06:00:00,4.034,4.053,4.016,4.017,123346.50026083
2025-04-02 07:00:00,4.017,4.083,4.012,4.062,247226.15978633
2025-04-02 08:00:00,4.062,4.106,4.048,4.082,182491.27963309
2025-04-02 09:00:00,4.082,4.132,4.08,4.103,115556.5638836
2025-04-02 10:00:00,4.103,4.117,4.073,4.077,69518.96054969
2025-04-02 11:00:00,4.077,4.089,4.062,4.063,116352.16310762
2025-04-02 12:00:00,4.064,4.089,4.049,4.089,118781.54008597
2025-04-02 13:00:00,4.088,4.14,4.042,4.099,293811.46907602
2025-04-02 14:00:00,4.098,4.132,4.084,4.122,242787.26233491
2025-04-02 15:00:00,4.121,4.236,4.119,4.209,402362.38476937
2025-04-02 16:00:00,4.21,4.225,4.175,4.184,172021.31869678
2025-04-02 17:00:00,4.184,4.202,4.117,4.14,142848.17882304
2025-04-02 18:00:00,4.139,4.17,4.132,4.146,88289.43886051
2025-04-02 19:00:00,4.146,4.148,4.124,4.145,62188.8845946
2025-04-02 20:00:00,4.146,4.235,4.077,4.129,1151814.46628175
2025-04-02 21:00:00,4.13,4.14,4.068,4.097,128907.42788793
2025-04-02 22:00:00,4.099,4.099,3.915,3.935,471558.82649493
2025-04-02 23:00:00,3.935,3.98,3.907,3.96,331082.03228111
2025-04-03 00:00:00,3.962,4.039,3.938,4.036,289408.06196147
2025-04-03 01:00:00,4.037,4.075,4.021,4.064,139707.39551088
2025-04-03 02:00:00,4.064,4.104,4.049,4.079,145383.19604781
2025-04-03 03:00:00,4.078,4.081,4.031,4.037,103000.25388444
2025-04-03 04:00:00,4.037,4.064,4.03,4.056,105810.99234283
2025-04-03 05:00:00,4.056,4.064,4.023,4.024,148144.11358608
2025-04-03 06:00:00,4.024,4.034,3.983,3.986,160965.79666613
2025-04-03 07:00:00,3.987,4.007,3.973,4.002,172258.23517821
2025-04-03 08:00:00,3.998,4.022,3.988,4.014,137120.29686034
2025-04-03 09:00:00,4.014,4.022,3.986,3.989,65328.97350421
2025-04-03 10:00:00,3.991,4.005,3.947,3.947,135623.26555045
2025-04-03 11:00:00,3.947,3.966,3.925,3.94,202711.67366518
2025-04-03 12:00:00,3.94,3.946,3.838,3.854,588684.19249538
2025-04-03 13:00:00,3.854,3.94,3.846,3.938,251446.08323537
2025-04-03 14:00:00,3.937,3.938,3.857,3.869,424126.51783966
2025-04-03 15:00:00,3.869,3.956,3.868,3.952,192992.96276143
2025-04-03 16:00:00,3.953,3.983,3.942,3.948,172826.21171192
2025-04-03 17:00:00,3.949,3.986,3.949,3.978,83500.96211289
2025-04-03 18:00:00,3.977,4.032,3.966,4.023,119662.92880298
2025-04-03 19:00:00,4.024,4.056,4.016,4.019,208353.88243306
2025-04-03 20:00:00,4.02,4.042,3.999,4.027,101938.80339789
2025-04-03 21:00:00,4.028,4.077,4.027,4.063,157532.91289774
2025-04-03 22:00:00,4.064,4.073,4.045,4.048,57296.30148106
2025-04-03 23:00:00,4.048,4.058,4.023,4.054,140761.7728141
2025-04-04 00:00:00,4.054,4.067,4.018,4.023,98367.7774659
2025-04-04 01:00:00,4.023,4.033,3.985,3.992,136179.12197414
2025-04-04 02:00:00,3.992,4.046,3.992,4.018,148364.33990302
2025-04-04 03:00:00,4.019,4.022,4.0,4.015,71244.03671447
2025-04-04 04:00:00,4.015,4.02,3.993,3.995,61542.30109564
2025-04-04 05:00:00,3.995,4.033,3.977,4.033,92421.1027376
2025-04-04 06:00:00,4.033,4.041,4.019,4.019,72175.99084919
2025-04-04 07:00:00,4.019,4.089,4.019,4.077,265735.3859401
2025-04-04 08:00:00,4.079,4.128,4.079,4.106,172436.86583484
2025-04-04 09:00:00,4.106,4.119,4.095,4.1,95116.78147925
2025-04-04 10:00:00,4.098,4.104,3.984,3.995,449174.62540139
2025-04-04 11:00:00,3.997,4.019,3.943,4.019,244156.47121331
2025-04-04 12:00:00,4.019,4.068,3.992,4.046,445873.84624314
2025-04-04 13:00:00,4.047,4.088,4.015,4.078,523588.33331548
2025-04-04 14:00:00,4.077,4.088,4.023,4.061,187646.43800181
2025-04-04 15:00:00,4.057,4.118,4.041,4.052,325276.64133787
2025-04-04 16:00:00,4.055,4.083,4.017,4.044,196495.35703681
2025-04-04 17:00:00,4.042,4.096,4.018,4.081,142181.15378155
2025-04-04 18:00:00,4.083,4.087,4.039,4.042,88095.56446866
2025-04-04 19:00:00,4.043,4.055,4.03,4.039,51381.2446445
2025-04-04 20:00:00,4.039,4.05,4.023,4.044,57089.590685
2025-04-04 21:00:00,4.045,4.073,4.035,4.049,72560.06381452
2025-04-04 22:00:00,4.049,4.055,4.028,4.029,27350.73695376
2025-04-04 23:00:00,4.029,4.031,4.007,4.03,59530.79167811
2025-04-05 00:00:00,4.03,4.037,4.011,4.033,60830.15516095
2025-04-05 01:00:00,4.033,4.065,4.027,4.042,62917.0896294
2025-04-05 02:00:00,4.042,4.043,4.026,4.03,34604.46183354
2025-04-05 03:00:00,4.032,4.035,4.017,4.021,34895.54556862
2025-04-05 04:00:00,4.021,4.026,3.995,4.004,62413.96426508
2025-04-05 05:00:00,4.004,4.022,4.001,4.002,30604.71768614
2025-04-05 06:00:00,4.001,4.006,3.986,4.003,71397.5459091
2025-04-05 07:00:00,4.002,4.013,3.992,4.003,65807.18603417
2025-04-05 08:00:00,4.002,4.006,3.989,4.004,28595.09980598
2025-04-05 09:00:00,4.003,4.012,3.992,4.004,48821.66638926
2025-04-05 10:00:00,4.004,4.01,3.991,3.992,24056.06888768
2025-04-05 11:00:00,3.992,3.994,3.976,3.979,123032.46635117
2025-04-05 12:00:00,3.981,3.987,3.949,3.96,111407.73653616
2025-04-05 13:00:00,3.961,3.963,3.908,3.915,122183.25898533
2025-04-05 14:00:00,3.914,3.932,3.906,3.921,157119.27830051
2025-04-05 15:00:00,3.92,3.92,3.892,3.908,199195.5983679
2025-04-05 16:00:00,3.908,3.919,3.9,3.906,88926.41404268
2025-04-05 17:00:00,3.906,3.93,3.902,3.92,55511.97663977
2025-04-05 18:00:00,3.921,3.946,3.921,3.945,39464.0104632
2025-04-05 19:00:00,3.945,3.951,3.918,3.924,39232.15970178
2025-04-05 20:00:00,3.924,3.951,3.919,3.939,72574.80277444
2025-04-05 21:00:00,3.94,3.948,3.921,3.926,38855.1495368
2025-04-05 22:00:00,3.926,3.941,3.925,3.94,16387.42026264
2025-04-05 23:00:00,3.94,3.959,3.936,3.953,42822.77772752
2025-04-06 00:00:00,3.952,3.972,3.939,3.957,96513.50767519
2025-04-06 01:00:00,3.956,3.969,3.939,3.941,32319.79461241
2025-04-06 02:00:00,3.942,3.943,3.916,3.917,153037.66996089
2025-04-06 03:00:00,3.918,3.929,3.908,3.926,86595.66955997
2025-04-06 04:00:00,3.927,3.941,3.905,3.939,113570.01251806
2025-04-06 05:00:00,3.94,3.956,3.928,3.949,36681.36699979
2025-04-06 06:00:00,3.949,3.952,3.922,3.922,51659.53263541
2025-04-06 07:00:00,3.922,3.929,3.913,3.916,60232.884925
2025-04-06 08:00:00,3.916,3.934,3.903,3.93,162470.98755629
2025-04-06 09:00:00,3.928,3.935,3.917,3.927,60723.01306932
2025-04-06 10:00:00,3.926,3.939,3.917,3.936,59988.40453687
2025-04-06 11:00:00,3.937,3.939,3.916,3.934,50714.69693337
2025-04-06 12:00:00,3.934,3.937,3.912,3.92,72783.87422481
2025-04-06 13:00:00,3.92,3.92,3.832,3.846,450887.61709768
2025-04-06 14:00:00,3.845,3.899,3.835,3.898,144627.94428013
2025-04-06 15:00:00,3.897,3.907,3.875,3.889,116474.28267524
2025-04-06 16:00:00,3.888,3.896,3.84,3.848,98450.69051343
2025-04-06 17:00:00,3.846,3.854,3.773,3.789,364009.87766674
2025-04-06 18:00:00,3.786,3.791,3.679,3.701,544736.23816134
2025-04-06 19:00:00,3.702,3.75,3.688,3.734,289357.06272035
2025-04-06 20:00:00,3.734,3.752,3.631,3.675,544140.23127108
2025-04-06 21:00:00,3.676,3.737,3.671,3.7,291853.45366594
2025-04-06 22:00:00,3.701,3.733,3.643,3.667,433819.35463017
2025-04-06 23:00:00,3.667,3.689,3.597,3.678,366981.97105916
2025-04-07 00:00:00,3.678,3.683,3.605,3.628,215682.0613129
2025-04-07 01:00:00,3.629,3.703,3.622,3.678,309722.66615921
2025-04-07 02:00:00,3.677,3.685,3.622,3.622,294920.28274629
2025-04-07 03:00:00,3.623,3.627,3.432,3.494,1054786.05168689
2025-04-07 04:00:00,3.494,3.535,3.48,3.51,455399.36580766
2025-04-07 05:00:00,3.509,3.541,3.47,3.479,268215.93122443
2025-04-07 06:00:00,3.479,3.503,3.272,3.298,2167256.33988488
2025-04-07 07:00:00,3.299,3.392,3.298,3.325,944933.33087803
2025-04-07 08:00:00,3.325,3.445,3.298,3.4,763518.46287508
2025-04-07 09:00:00,3.399,3.448,3.366,3.408,307819.98246786
2025-04-07 10:00:00,3.408,3.474,3.405,3.428,274008.53499491
2025-04-07 11:00:00,3.429,3.453,3.378,3.399,270148.66687012
2025-04-07 12:00:00,3.4,3.472,3.385,3.453,274570.47241342
2025-04-07 13:00:00,3.45,3.562,3.379,3.552,1099269.08757614
2025-04-07 14:00:00,3.551,3.73,3.54,3.614,2352129.47449219
2025-04-07 15:00:00,3.615,3.645,3.569,3.595,480138.60323554
2025-04-07 16:00:00,3.594,3.602,3.513,3.52,378203.73966596
2025-04-07 17:00:00,3.521,3.646,3.521,3.614,309887.38494832
2025-04-07 18:00:00,3.614,3.623,3.58,3.583,130626.96607632
2025-04-07 19:00:00,3.584,3.615,3.56,3.56,197095.6393395
2025-04-07 20:00:00,3.561,3.626,3.558,3.61,95013.72174542
2025-04-07 21:00:00,3.611,3.631,3.584,3.615,73019.95117257
2025-04-07 22:00:00,3.616,3.647,3.613,3.634,51823.99214034
2025-04-07 23:00:00,3.633,3.638,3.579,3.589,108247.67128583
2025-04-08 00:00:00,3.588,3.612,3.577,3.577,68840.40930006
2025-04-08 01:00:00,3.576,3.668,3.567,3.663,148280.7937357
2025-04-08 02:00:00,3.662,3.699,3.66,3.676,171453.47597969
2025-04-08 03:00:00,3.677,3.689,3.632,3.645,119987.20151432
2025-04-08 04:00:00,3.645,3.675,3.637,3.663,115184.57592921
2025-04-08 05:00:00,3.663,3.665,3.61,3.62,87863.34760018
2025-04-08 06:00:00,3.618,3.618,3.585,3.594,96036.68513341
2025-04-08 07:00:00,3.59,3.608,3.575,3.595,67158.81537677
2025-04-08 08:00:00,3.596,3.6,3.563,3.584,107953.25671184
2025-04-08 09:00:00,3.583,3.605,3.573,3.582,80913.87567799
2025-04-08 10:00:00,3.583,3.612,3.578,3.592,52313.03328559
2025-04-08 11:00:00,3.593,3.673,3.591,3.667,109355.84077216
2025-04-08 12:00:00,3.667,3.678,3.619,3.636,131257.76339568
2025-04-08 13:00:00,3.636,3.681,3.63,3.661,241796.12186703
2025-04-08 14:00:00,3.662,3.68,3.584,3.585,199691.4407793
2025-04-08 15:00:00,3.587,3.604,3.565,3.59,137873.47732044
2025-04-08 16:00:00,3.59,3.592,3.501,3.508,325722.2479942
2025-04-08 17:00:00,3.509,3.513,3.425,3.478,437412.71139125
2025-04-08 18:00:00,3.477,3.52,3.462,3.466,284829.31048504
2025-04-08 19:00:00,3.467,3.475,3.387,3.399,490637.23177451
2025-04-08 20:00:00,3.399,3.444,3.382,3.425,163524.61011785
2025-04-08 21:00:00,3.425,3.435,3.38,3.425,190677.89478461
2025-04-08 22:00:00,3.425,3.425,3.36,3.402,180623.13445869
2025-04-08 23:00:00,3.4,3.4,3.329,3.369,1161704.92503706
2025-04-09 00:00:00,3.368,3.392,3.328,3.349,310619.81532156
2025-04-09 01:00:00,3.349,3.375,3.241,3.372,888594.73214073
2025-04-09 02:00:00,3.371,3.414,3.363,3.368,252487.78372699
2025-04-09 03:00:00,3.369,3.378,3.324,3.35,228148.00582044
2025-04-09 04:00:00,3.347,3.418,3.34,3.391,263304.18088553
2025-04-09 05:00:00,3.39,3.422,3.386,3.419,145942.48242062
2025-04-09 06:00:00,3.419,3.459,3.416,3.431,232128.96018495
2025-04-09 07:00:00,3.431,3.487,3.431,3.474,410550.47867406
2025-04-09 08:00:00,3.474,3.486,3.458,3.475,102132.84963849
2025-04-09 09:00:00,3.475,3.475,3.443,3.45,82273.46043595
2025-04-09 10:00:00,3.451,3.459,3.417,3.444,185945.76956841
2025-04-09 11:00:00,3.444,3.447,3.358,3.38,449484.17153471
2025-04-09 12:00:00,3.38,3.396,3.335,3.381,252819.62434522
2025-04-09 13:00:00,3.381,3.45,3.366,3.416,474475.22251577
2025-04-09 14:00:00,3.415,3.44,3.358,3.359,341281.3077142
2025-04-09 15:00:00,3.359,3.391,3.352,3.364,229735.07773898
2025-04-09 16:00:00,3.365,3.424,3.357,3.416,265893.32990198
2025-04-09 17:00:00,3.416,3.7,3.383,3.693,1391800.08091984
2025-04-09 18:00:00,3.692,3.734,3.659,3.66,480603.90380572
2025-04-09 19:00:00,3.66,3.705,3.653,3.689,267349.3946477
2025-04-09 20:00:00,3.689,3.732,3.689,3.726,267832.51320961
2025-04-09 21:00:00,3.727,3.748,3.697,3.711,169859.72787495
2025-04-09 22:00:00,3.712,3.719,3.679,3.682,85812.13588384
2025-04-09 23:00:00,3.683,3.684,3.626,3.639,215476.36406266
2025-04-10 00:00:00,3.639,3.646,3.573,3.612,158478.4017128
2025-04-10 01:00:00,3.611,3.619,3.571,3.579,186242.70181521
2025-04-10 02:00:00,3.579,3.594,3.566,3.578,111199.31971482
2025-04-10 03:00:00,3.577,3.579,3.502,3.547,172033.19422235
2025-04-10 04:00:00,3.547,3.559,3.515,3.559,154298.61488781
2025-04-10 05:00:00,3.559,3.595,3.554,3.586,147349.11863877
2025-04-10 06:00:00,3.584,3.607,3.573,3.589,107034.09144398
2025-04-10 07:00:00,3.588,3.598,3.545,3.552,359686.18810204
2025-04-10 08:00:00,3.555,3.56,3.526,3.531,189905.75627924
2025-04-10 09:00:00,3.531,3.554,3.507,3.521,239238.21730024
2025-04-10 10:00:00,3.521,3.53,3.451,3.475,674038.6867811
2025-04-10 11:00:00,3.477,3.505,3.452,3.498,427332.47492891
2025-04-10 12:00:00,3.497,3.562,3.483,3.508,646327.79852413
2025-04-10 13:00:00,3.51,3.546,3.479,3.496,376747.49933574
2025-04-10 14:00:00,3.495,3.538,3.479,3.499,129952.16499628
2025-04-10 15:00:00,3.5,3.506,3.388,3.408,498957.32568127
2025-04-10 16:00:00,3.405,3.439,3.387,3.433,408702.78010062
2025-04-10 17:00:00,3.433,3.446,3.394,3.418,326254.80286976
2025-04-10 18:00:00,3.417,3.453,3.409,3.437,124547.30276267
2025-04-10 19:00:00,3.436,3.463,3.421,3.445,267597.77824443
2025-04-10 20:00:00,3.446,3.467,3.445,3.461,118778.58774675
2025-04-10 21:00:00,3.46,3.476,3.444,3.455,116700.83148891
2025-04-10 22:00:00,3.456,3.49,3.446,3.472,57174.08628417
2025-04-10 23:00:00,3.47,3.472,3.454,3.462,50205.33639832
2025-04-11 00:00:00,3.459,3.471,3.446,3.449,130269.80858588
2025-04-11 01:00:00,3.452,3.518,3.452,3.515,124856.75677492
2025-04-11 02:00:00,3.515,3.535,3.497,3.511,148472.7495869
2025-04-11 03:00:00,3.51,3.535,3.51,3.528,119248.57151929
2025-04-11 04:00:00,3.527,3.54,3.515,3.53,104545.06396681
2025-04-11 05:00:00,3.531,3.534,3.475,3.499,553405.33114327
2025-04-11 06:00:00,3.499,3.523,3.497,3.501,108505.16110611
2025-04-11 07:00:00,3.502,3.51,3.486,3.499,90460.81524155
2025-04-11 08:00:00,3.5,3.519,3.481,3.498,219655.21041137
2025-04-11 09:00:00,3.499,3.523,3.481,3.517,220434.40586662
2025-04-11 10:00:00,3.517,3.543,3.5,3.529,199120.39891693
2025-04-11 11:00:00,3.528,3.535,3.503,3.508,135018.41156662
2025-04-11 12:00:00,3.509,3.535,3.496,3.511,169444.13006934
2025-04-11 13:00:00,3.511,3.548,3.491,3.536,196510.96356493
2025-04-11 14:00:00,3.536,3.536,3.483,3.507,387166.89170322
2025-04-11 15:00:00,3.508,3.532,3.497,3.525,167860.25803147
2025-04-11 16:00:00,3.527,3.554,3.519,3.539,116828.16193831
2025-04-11 17:00:00,3.538,3.588,3.535,3.579,190854.21791785
2025-04-11 18:00:00,3.578,3.591,3.562,3.565,130781.59495697
2025-04-11 19:00:00,3.565,3.577,3.557,3.566,44806.05435787
2025-04-11 20:00:00,3.566,3.575,3.558,3.57,31862.70838833
2025-04-11 21:00:00,3.57,3.596,3.561,3.57,57393.54419944
2025-04-11 22:00:00,3.569,3.575,3.553,3.558,62204.66100507
2025-04-11 23:00:00,3.557,3.561,3.538,3.554,43942.73528276
2025-04-12 00:00:00,3.553,3.565,3.547,3.557,70832.18632259
2025-04-12 01:00:00,3.557,3.567,3.548,3.556,54544.18227914
2025-04-12 02:00:00,3.556,3.56,3.526,3.526,55252.57222928
2025-04-12 03:00:00,3.526,3.551,3.522,3.543,44412.48603534
2025-04-12 04:00:00,3.544,3.571,3.533,3.566,65506.00450748
2025-04-12 05:00:00,3.566,3.577,3.562,3.572,48065.21831352
2025-04-12 06:00:00,3.573,3.585,3.562,3.571,149509.04530145
2025-04-12 07:00:00,3.571,3.581,3.562,3.571,156572.92113049
2025-04-12 08:00:00,3.571,3.606,3.566,3.584,79593.1010018
2025-04-12 09:00:00,3.585,3.593,3.573,3.584,93287.69833753
2025-04-12 10:00:00,3.583,3.594,3.57,3.575,37934.52996601
2025-04-12 11:00:00,3.577,3.595,3.577,3.595,32047.74929675
2025-04-12 12:00:00,3.596,3.629,3.586,3.622,92333.70413621
2025-04-12 13:00:00,3.622,3.678,3.619,3.669,137077.62597424
2025-04-12 14:00:00,3.668,3.735,3.664,3.725,340529.72945089
2025-04-12 15:00:00,3.724,3.753,3.71,3.722,178042.86995231
2025-04-12 16:00:00,3.723,3.736,3.686,3.702,147802.73596972
2025-04-12 17:00:00,3.703,3.707,3.678,3.686,75541.01737627
2025-04-12 18:00:00,3.687,3.723,3.687,3.723,116721.90771245
2025-04-12 19:00:00,3.724,3.724,3.689,3.699,152911.73420354
2025-04-12 20:00:00,3.699,3.731,3.695,3.712,74725.01366933
2025-04-12 21:00:00,3.71,3.729,3.706,3.721,72609.00508122
2025-04-12 22:00:00,3.72,3.741,3.72,3.725,40690.25742435
2025-04-12 23:00:00,3.725,3.729,3.707,3.71,115825.84497914
2025-04-13 00:00:00,3.709,3.73,3.703,3.726,160367.3018943
2025-04-13 01:00:00,3.725,3.733,3.677,3.682,173738.47404264
2025-04-13 02:00:00,3.682,3.69,3.668,3.686,140496.14687084
2025-04-13 03:00:00,3.682,3.689,3.671,3.685,97649.23162412
2025-04-13 04:00:00,3.686,3.688,3.643,3.649,149618.74479661
2025-04-13 05:00:00,3.649,3.656,3.632,3.639,94094.56776095
2025-04-13 06:00:00,3.639,3.658,3.634,3.653,53764.87888947
2025-04-13 07:00:00,3.65,3.656,3.635,3.635,41325.10249175
2025-04-13 08:00:00,3.636,3.67,3.622,3.668,94771.01100813
2025-04-13 09:00:00,3.669,3.718,3.663,3.717,85341.67659228
2025-04-13 10:00:00,3.717,3.759,3.7,3.747,297974.89483194
2025-04-13 11:00:00,3.746,3.763,3.704,3.729,264966.31147529
2025-04-13 12:00:00,3.729,3.755,3.712,3.735,152284.13665976
2025-04-13 13:00:00,3.736,3.76,3.639,3.655,337528.57043374
2025-04-13 14:00:00,3.656,3.694,3.647,3.687,148934.38253306
2025-04-13 15:00:00,3.686,3.702,3.656,3.7,153450.7035364
2025-04-13 16:00:00,3.7,3.713,3.69,3.706,183172.28083615
2025-04-13 17:00:00,3.706,3.792,3.706,3.781,269096.57684509
2025-04-13 18:00:00,3.781,3.814,3.771,3.801,144950.84610324
2025-04-13 19:00:00,3.801,3.803,3.653,3.703,285640.48088908
2025-04-13 20:00:00,3.703,3.763,3.687,3.697,172536.90842532
2025-04-13 21:00:00,3.697,3.705,3.631,3.662,235194.8411057
2025-04-13 22:00:00,3.663,3.679,3.613,3.62,255770.87728694
2025-04-13 23:00:00,3.618,3.666,3.612,3.663,142643.21495481
2025-04-14 00:00:00,3.663,3.751,3.662,3.699,263416.25272691
2025-04-14 01:00:00,3.7,3.713,3.664,3.673,113965.16926597
2025-04-14 02:00:00,3.674,3.77,3.664,3.729,238174.79877645
2025-04-14 03:00:00,3.727,3.728,3.678,3.686,134976.50926854
2025-04-14 04:00:00,3.687,3.73,3.684,3.712,60215.53459271
2025-04-14 05:00:00,3.713,3.73,3.688,3.699,92676.88660673
2025-04-14 06:00:00,3.698,3.7,3.661,3.661,63608.87105721
2025-04-14 07:00:00,3.66,3.666,3.629,3.664,155376.18409818
2025-04-14 08:00:00,3.664,3.687,3.646,3.684,81039.38595297
2025-04-14 09:00:00,3.684,3.688,3.638,3.654,116396.23509493
2025-04-14 10:00:00,3.652,3.75,3.652,3.747,181610.6476211
2025-04-14 11:00:00,3.747,3.787,3.734,3.771,208728.42940632
2025-04-14 12:00:00,3.774,3.788,3.739,3.755,107048.367139
2025-04-14 13:00:00,3.756,3.77,3.689,3.71,130413.06981215
2025-04-14 14:00:00,3.712,3.795,3.706,3.776,136644.72050512
2025-04-14 15:00:00,3.775,3.78,3.681,3.704,222119.11535254
2025-04-14 16:00:00,3.703,3.72,3.674,3.685,170449.5814938
2025-04-14 17:00:00,3.684,3.743,3.68,3.74,187840.72562688
2025-04-14 18:00:00,3.741,3.762,3.714,3.734,77504.97308159
2025-04-14 19:00:00,3.734,3.753,3.73,3.731,78574.58234839
2025-04-14 20:00:00,3.732,3.738,3.705,3.716,46048.77994721
2025-04-14 21:00:00,3.715,3.718,3.676,3.707,64606.29659162
2025-04-14 22:00:00,3.709,3.719,3.688,3.691,56472.67835592
2025-04-14 23:00:00,3.691,3.695,3.659,3.672,77611.86941626
2025-04-15 00:00:00,3.671,3.696,3.652,3.687,71133.17877819
2025-04-15 01:00:00,3.688,3.691,3.653,3.685,85993.55946981
2025-04-15 02:00:00,3.685,3.691,3.631,3.666,108816.20631203
2025-04-15 03:00:00,3.667,3.699,3.654,3.697,74216.00433316
2025-04-15 04:00:00,3.694,3.696,3.653,3.678,60035.68682395
2025-04-15 05:00:00,3.678,3.69,3.667,3.669,72684.83783683
2025-04-15 06:00:00,3.669,3.674,3.647,3.653,80599.64290771
2025-04-15 07:00:00,3.653,3.698,3.651,3.694,54766.03507417
2025-04-15 08:00:00,3.695,3.706,3.687,3.688,79371.50041621
2025-04-15 09:00:00,3.689,3.732,3.685,3.697,75214.75861222
2025-04-15 10:00:00,3.696,3.696,3.632,3.656,240041.47938706
2025-04-15 11:00:00,3.655,3.665,3.64,3.656,121652.17285753
2025-04-15 12:00:00,3.654,3.669,3.645,3.668,90865.23148463
2025-04-15 13:00:00,3.67,3.721,3.662,3.671,228546.1567165
2025-04-15 14:00:00,3.67,3.683,3.609,3.629,314416.30430808
2025-04-15 15:00:00,3.627,3.65,3.574,3.599,337706.59451727
2025-04-15 16:00:00,3.6,3.616,3.588,3.591,176185.4502623
2025-04-15 17:00:00,3.592,3.607,3.561,3.571,164730.28746223
2025-04-15 18:00:00,3.572,3.598,3.55,3.583,134697.94628256
2025-04-15 19:00:00,3.582,3.6,3.575,3.577,79075.97873655
2025-04-15 20:00:00,3.577,3.6,3.545,3.561,273096.88757454
2025-04-15 21:00:00,3.56,3.593,3.556,3.577,191642.95515652
2025-04-15 22:00:00,3.575,3.576,3.52,3.535,282900.19239547
2025-04-15 23:00:00,3.535,3.54,3.515,3.519,114653.68616276
2025-04-16 00:00:00,3.518,3.538,3.502,3.513,133153.22770108
2025-04-16 01:00:00,3.511,3.557,3.51,3.544,102421.02825263
2025-04-16 02:00:00,3.544,3.565,3.54,3.551,83322.53685966
2025-04-16 03:00:00,3.551,3.568,3.549,3.551,114094.90188131
2025-04-16 04:00:00,3.549,3.557,3.522,3.541,62241.32601625
2025-04-16 05:00:00,3.541,3.556,3.511,3.531,126136.83740327
2025-04-16 06:00:00,3.531,3.551,3.525,3.541,67567.35679473
2025-04-16 07:00:00,3.541,3.547,3.509,3.515,65167.34766414
2025-04-16 08:00:00,3.515,3.553,3.483,3.535,351144.84891301
2025-04-16 09:00:00,3.536,3.541,3.499,3.499,56191.67703546
2025-04-16 10:00:00,3.499,3.524,3.498,3.52,181113.43595374
2025-04-16 11:00:00,3.521,3.53,3.504,3.523,48844.94787489
2025-04-16 12:00:00,3.524,3.533,3.495,3.495,49790.03944052
2025-04-16 13:00:00,3.494,3.529,3.482,3.505,240351.46715029
2025-04-16 14:00:00,3.503,3.571,3.503,3.554,108852.07973953
2025-04-16 15:00:00,3.554,3.608,3.553,3.553,225211.13131089
2025-04-16 16:00:00,3.554,3.573,3.522,3.557,116860.38755698
2025-04-16 17:00:00,3.557,3.602,3.465,3.479,554171.58368552
2025-04-16 18:00:00,3.479,3.562,3.475,3.532,306792.57417579
2025-04-16 19:00:00,3.534,3.59,3.507,3.574,148119.56831238
2025-04-16 20:00:00,3.573,3.606,3.561,3.561,150319.48682701
2025-04-16 21:00:00,3.563,3.617,3.559,3.602,213495.66640999
2025-04-16 22:00:00,3.602,3.605,3.578,3.587,81027.03284712
2025-04-16 23:00:00,3.587,3.587,3.539,3.554,60900.59814953
2025-04-17 00:00:00,3.554,3.576,3.548,3.558,118459.91257663
2025-04-17 01:00:00,3.558,3.592,3.549,3.578,58284.78415417
2025-04-17 02:00:00,3.576,3.577,3.549,3.557,123868.07668605
2025-04-17 03:00:00,3.562,3.568,3.537,3.559,53616.62226572
2025-04-17 04:00:00,3.559,3.589,3.548,3.585,58387.78831114
2025-04-17 05:00:00,3.586,3.623,3.586,3.611,91604.7180679
2025-04-17 06:00:00,3.612,3.685,3.607,3.682,282068.54292039
2025-04-17 07:00:00,3.683,3.697,3.649,3.655,174903.50338956
2025-04-17 08:00:00,3.656,3.678,3.627,3.633,215096.80768376
2025-04-17 09:00:00,3.634,3.645,3.622,3.638,60683.38318329
2025-04-17 10:00:00,3.634,3.641,3.618,3.637,40534.0290946
2025-04-17 11:00:00,3.638,3.655,3.636,3.638,60482.97996109
2025-04-17 12:00:00,3.639,3.655,3.616,3.626,140692.82472523
2025-04-17 13:00:00,3.625,3.635,3.615,3.625,75319.49437072
2025-04-17 14:00:00,3.625,3.627,3.567,3.582,208707.65697133
2025-04-17 15:00:00,3.582,3.64,3.58,3.637,235261.4826526
2025-04-17 16:00:00,3.638,3.684,3.623,3.648,269903.18471827
2025-04-17 17:00:00,3.651,3.667,3.643,3.657,86218.41649025
2025-04-17 18:00:00,3.659,3.672,3.647,3.647,72863.11810379
2025-04-17 19:00:00,3.648,3.655,3.604,3.63,174277.84693964
2025-04-17 20:00:00,3.631,3.66,3.631,3.647,49888.08190596
2025-04-17 21:00:00,3.648,3.653,3.632,3.636,83851.49735039
2025-04-17 22:00:00,3.635,3.645,3.607,3.609,40849.61439787
2025-04-17 23:00:00,3.609,3.634,3.609,3.631,24346.85926834
2025-04-18 00:00:00,3.633,3.639,3.614,3.618,21452.96270915
2025-04-18 01:00:00,3.619,3.649,3.608,3.635,48592.60922886
2025-04-18 02:00:00,3.635,3.658,3.623,3.65,63587.20588756
2025-04-18 03:00:00,3.65,3.659,3.631,3.658,114836.26195981
2025-04-18 04:00:00,3.657,3.677,3.641,3.672,84181.23789968
2025-04-18 05:00:00,3.672,3.683,3.654,3.683,134464.24576735
2025-04-18 06:00:00,3.681,3.689,3.658,3.665,59395.43728906
2025-04-18 07:00:00,3.666,3.679,3.648,3.674,58591.44204894
2025-04-18 08:00:00,3.675,3.691,3.67,3.677,54181.19482426
2025-04-18 09:00:00,3.679,3.722,3.676,3.704,179368.37306774
2025-04-18 10:00:00,3.705,3.716,3.693,3.703,108367.63904233
2025-04-18 11:00:00,3.703,3.715,3.69,3.713,148546.53625391
2025-04-18 12:00:00,3.714,3.745,3.711,3.726,178844.14613621
2025-04-18 13:00:00,3.726,3.73,3.699,3.718,203507.77586586
2025-04-18 14:00:00,3.717,3.725,3.689,3.701,153962.79234577
2025-04-18 15:00:00,3.7,3.702,3.671,3.684,134054.587986
2025-04-18 16:00:00,3.683,3.707,3.681,3.694,101605.55758844
2025-04-18 17:00:00,3.694,3.711,3.685,3.707,56336.15229736
2025-04-18 18:00:00,3.706,3.706,3.691,3.7,54405.96982183
2025-04-18 19:00:00,3.699,3.706,3.687,3.691,39587.28041361
2025-04-18 20:00:00,3.692,3.698,3.688,3.689,6894.10342125
2025-04-18 21:00:00,3.691,3.713,3.684,3.707,53809.21747112
2025-04-18 22:00:00,3.709,3.711,3.692,3.693,24072.37131129
2025-04-18 23:00:00,3.693,3.693,3.672,3.672,34522.87050425
2025-04-19 00:00:00,3.672,3.675,3.644,3.65,95812.85742183
2025-04-19 01:00:00,3.651,3.701,3.643,3.694,141356.17734778
2025-04-19 02:00:00,3.692,3.722,3.683,3.717,65491.6557175
2025-04-19 03:00:00,3.717,3.736,3.715,3.724,61804.49460371
2025-04-19 04:00:00,3.727,3.733,3.714,3.724,76690.92302317
2025-04-19 05:00:00,3.724,3.734,3.722,3.726,36939.56830058
2025-04-19 06:00:00,3.726,3.728,3.713,3.714,80628.43691797
2025-04-19 07:00:00,3.713,3.733,3.713,3.727,37972.41458798
2025-04-19 08:00:00,3.727,3.733,3.72,3.721,27985.4968209
2025-04-19 09:00:00,3.721,3.729,3.717,3.729,47686.57620195
2025-04-19 10:00:00,3.728,3.73,3.717,3.725,12647.34084607
2025-04-19 11:00:00,3.726,3.735,3.725,3.735,23977.21997934
2025-04-19 12:00:00,3.735,3.742,3.731,3.737,33466.42629165
2025-04-19 13:00:00,3.737,3.748,3.729,3.734,49662.4990177
2025-04-19 14:00:00,3.734,3.736,3.715,3.725,98988.33753829
2025-04-19 15:00:00,3.725,3.742,3.716,3.729,53700.42464696
2025-04-19 16:00:00,3.728,3.739,3.713,3.717,56896.4778826
2025-04-19 17:00:00,3.718,3.763,3.718,3.762,63912.6125195
2025-04-19 18:00:00,3.762,3.785,3.758,3.766,68251.75474992
2025-04-19 19:00:00,3.763,3.777,3.755,3.777,27727.97620236
2025-04-19 20:00:00,3.776,3.795,3.776,3.792,47060.49718295
2025-04-19 21:00:00,3.792,3.845,3.792,3.841,101774.33609549
2025-04-19 22:00:00,3.843,3.871,3.836,3.868,101433.87280463
2025-04-19 23:00:00,3.869,3.889,3.864,3.876,94010.04592787
2025-04-20 00:00:00,3.878,3.917,3.871,3.874,248373.48500963
2025-04-20 01:00:00,3.874,3.899,3.864,3.885,90309.44015262
2025-04-20 02:00:00,3.887,3.89,3.866,3.876,72926.31158758
2025-04-20 03:00:00,3.876,3.913,3.871,3.912,38652.05319373
2025-04-20 04:00:00,3.913,3.939,3.901,3.937,95418.54425048
2025-04-20 05:00:00,3.937,3.949,3.921,3.922,136655.94573917
2025-04-20 06:00:00,3.921,3.934,3.899,3.908,85115.17988129
2025-04-20 07:00:00,3.907,3.907,3.863,3.878,188067.23073415
2025-04-20 08:00:00,3.879,3.879,3.852,3.86,109058.89215306
2025-04-20 09:00:00,3.86,3.877,3.849,3.867,63696.07824695
2025-04-20 10:00:00,3.867,3.872,3.808,3.827,186569.92052526
2025-04-20 11:00:00,3.826,3.839,3.809,3.823,255218.00836398
2025-04-20 12:00:00,3.823,3.826,3.805,3.81,86100.50366737
2025-04-20 13:00:00,3.808,3.838,3.786,3.838,211998.40465221
2025-04-20 14:00:00,3.838,3.865,3.833,3.864,63202.12498008
2025-04-20 15:00:00,3.861,3.871,3.841,3.859,44677.83788117
2025-04-20 16:00:00,3.86,3.913,3.855,3.913,93049.68570752
2025-04-20 17:00:00,3.913,3.913,3.885,3.897,66437.17426968
2025-04-20 18:00:00,3.896,3.906,3.872,3.888,119035.34446751
2025-04-20 19:00:00,3.889,3.893,3.875,3.887,35141.54343295
2025-04-20 20:00:00,3.889,3.918,3.886,3.908,46352.96992139
2025-04-20 21:00:00,3.909,3.923,3.892,3.896,32252.13010435
2025-04-20 22:00:00,3.896,3.896,3.87,3.886,87287.88311146
2025-04-20 23:00:00,3.886,3.897,3.869,3.876,58757.20825753
2025-04-21 00:00:00,3.877,3.952,3.87,3.929,236222.29301107
2025-04-21 01:00:00,3.93,3.945,3.917,3.939,90832.5243356
2025-04-21 02:00:00,3.94,3.943,3.908,3.927,93236.01194822
2025-04-21 03:00:00,3.927,3.934,3.903,3.906,47697.53857132
2025-04-21 04:00:00,3.906,3.918,3.89,3.905,62253.75247725
2025-04-21 05:00:00,3.904,3.934,3.897,3.921,66752.77540127
2025-04-21 06:00:00,3.921,3.965,3.921,3.931,119449.94229294
2025-04-21 07:00:00,3.93,3.954,3.924,3.95,52138.69870218
2025-04-21 08:00:00,3.951,3.981,3.95,3.96,155922.62188825
2025-04-21 09:00:00,3.96,3.963,3.92,3.923,81018.92683411
2025-04-21 10:00:00,3.923,3.932,3.909,3.918,154166.90785918
2025-04-21 11:00:00,3.917,3.921,3.885,3.898,122957.98857867
2025-04-21 12:00:00,3.898,3.915,3.883,3.885,101984.01620808
2025-04-21 13:00:00,3.886,3.918,3.882,3.888,104902.96264878
2025-04-21 14:00:00,3.888,3.94,3.867,3.92,277940.44812
2025-04-21 15:00:00,3.921,3.925,3.871,3.884,102421.50022161
2025-04-21 16:00:00,3.884,3.896,3.82,3.822,207705.73501176
2025-04-21 17:00:00,3.825,3.836,3.793,3.825,339372.31339064
2025-04-21 18:00:00,3.823,3.829,3.811,3.811,137278.34137791
2025-04-21 19:00:00,3.81,3.845,3.805,3.841,85538.8784065
2025-04-21 20:00:00,3.841,3.841,3.817,3.83,74736.28978096
2025-04-21 21:00:00,3.832,3.832,3.803,3.808,102177.42015406
2025-04-21 22:00:00,3.807,3.807,3.784,3.791,71463.28251384
2025-04-21 23:00:00,3.79,3.794,3.768,3.778,65091.41034453
2025-04-22 00:00:00,3.778,3.78,3.72,3.749,196530.30610785
2025-04-22 01:00:00,3.749,3.811,3.739,3.794,225338.5718804
2025-04-22 02:00:00,3.792,3.801,3.749,3.765,167585.63719732
2025-04-22 03:00:00,3.764,3.768,3.742,3.748,118493.52141853
2025-04-22 04:00:00,3.748,3.757,3.721,3.723,51698.15805901
2025-04-22 05:00:00,3.723,3.745,3.715,3.737,81925.96857861
2025-04-22 06:00:00,3.737,3.747,3.687,3.707,102239.65193228
2025-04-22 07:00:00,3.708,3.778,3.697,3.763,198959.63609153
2025-04-22 08:00:00,3.763,3.795,3.754,3.764,189584.16494146
2025-04-22 09:00:00,3.764,3.769,3.726,3.733,155834.98678614
2025-04-22 10:00:00,3.734,3.769,3.727,3.768,104481.64829497
2025-04-22 11:00:00,3.767,3.791,3.764,3.781,92750.19422712
2025-04-22 12:00:00,3.779,3.79,3.759,3.77,149331.62273773
2025-04-22 13:00:00,3.772,3.827,3.767,3.816,381385.54997039
2025-04-22 14:00:00,3.819,3.879,3.808,3.877,267799.09929856
2025-04-22 15:00:00,3.878,3.931,3.84,3.864,420704.01221303
2025-04-22 16:00:00,3.866,3.897,3.853,3.875,102783.57971478
2025-04-22 17:00:00,3.876,3.906,3.864,3.903,133136.17971502
2025-04-22 18:00:00,3.903,3.92,3.895,3.92,73485.62797058
2025-04-22 19:00:00,3.919,3.922,3.873,3.905,157871.79633032
2025-04-22 20:00:00,3.905,3.914,3.897,3.902,46206.19373304
2025-04-22 21:00:00,3.902,4.019,3.897,4.007,246268.87273063
2025-04-22 22:00:00,4.01,4.039,3.99,4.008,145004.60488414
2025-04-22 23:00:00,4.012,4.033,4.002,4.007,185036.16024519
2025-04-23 00:00:00,4.008,4.044,4.007,4.012,153722.50157341
2025-04-23 01:00:00,4.014,4.05,4.005,4.007,195011.71250455
2025-04-23 02:00:00,4.008,4.055,3.999,4.049,161849.34053153
2025-04-23 03:00:00,4.047,4.095,4.029,4.089,117447.04056204
2025-04-23 04:00:00,4.091,4.116,4.062,4.115,206947.73277208
2025-04-23 05:00:00,4.113,4.113,4.06,4.062,220996.16324014
2025-04-23 06:00:00,4.062,4.091,4.057,4.08,77140.74083128
2025-04-23 07:00:00,4.079,4.098,4.051,4.096,150591.75898979
2025-04-23 08:00:00,4.096,4.164,4.078,4.164,225475.81739127
2025-04-23 09:00:00,4.163,4.197,4.126,4.126,228474.10789199
2025-04-23 10:00:00,4.125,4.129,4.085,4.122,170728.14869498
2025-04-23 11:00:00,4.121,4.151,4.102,4.109,131671.15170887
2025-04-23 12:00:00,4.111,4.141,4.091,4.124,236383.91151154
2025-04-23 13:00:00,4.124,4.171,4.066,4.076,504290.54576969
2025-04-23 14:00:00,4.077,4.126,4.068,4.08,201112.77687094
2025-04-23 15:00:00,4.082,4.092,4.012,4.077,379042.16602054
2025-04-23 16:00:00,4.078,4.106,4.042,4.099,134632.56357483
2025-04-23 17:00:00,4.098,4.129,4.082,4.109,198293.70876819
2025-04-23 18:00:00,4.107,4.149,4.099,4.1,108714.75086574
2025-04-23 19:00:00,4.099,4.103,4.048,4.069,120437.90383012
2025-04-23 20:00:00,4.067,4.098,4.067,4.092,55479.85097463
2025-04-23 21:00:00,4.094,4.106,4.061,4.086,46905.64289328
2025-04-23 22:00:00,4.088,4.111,4.075,4.111,34715.35752102
2025-04-23 23:00:00,4.11,4.112,4.083,4.092,52924.16507699
2025-04-24 00:00:00,4.092,4.102,4.062,4.076,38530.79906317
2025-04-24 01:00:00,4.075,4.082,4.041,4.066,59225.91885664
2025-04-24 02:00:00,4.066,4.082,4.026,4.026,56325.77836711
2025-04-24 03:00:00,4.026,4.046,3.977,3.98,160713.8794866
2025-04-24 04:00:00,3.98,3.998,3.966,3.996,111966.44732418
2025-04-24 05:00:00,3.996,4.019,3.995,4.001,50774.37816095
2025-04-24 06:00:00,4.003,4.041,3.985,3.999,66401.59133962
2025-04-24 07:00:00,3.999,4.026,3.969,3.978,173693.65300863
2025-04-24 08:00:00,3.979,3.994,3.928,3.943,155700.15545773
2025-04-24 09:00:00,3.943,3.988,3.935,3.983,244667.59329894
2025-04-24 10:00:00,3.985,4.021,3.981,4.014,63941.69844229
2025-04-24 11:00:00,4.013,4.013,3.988,4.001,134050.84327802
2025-04-24 12:00:00,4.0,4.024,3.984,4.024,54417.87152243
2025-04-24 13:00:00,4.024,4.056,4.006,4.028,233691.36878541
2025-04-24 14:00:00,4.027,4.12,4.027,4.101,326275.43988703
2025-04-24 15:00:00,4.1,4.168,4.093,4.126,352201.79971912
2025-04-24 16:00:00,4.13,4.21,4.12,4.198,285764.26407664
2025-04-24 17:00:00,4.198,4.227,4.134,4.203,283326.66325874
2025-04-24 18:00:00,4.203,4.242,4.203,4.227,185954.61427462
2025-04-24 19:00:00,4.226,4.233,4.192,4.208,104287.53595107
2025-04-24 20:00:00,4.209,4.255,4.209,4.247,156340.64173193
2025-04-24 21:00:00,4.246,4.27,4.229,4.256,155671.56405274
2025-04-24 22:00:00,4.252,4.285,4.246,4.258,103733.3309834
2025-04-24 23:00:00,4.255,4.269,4.23,4.267,97734.12765056
2025-04-25 00:00:00,4.267,4.308,4.262,4.302,185112.73715417
2025-04-25 01:00:00,4.303,4.372,4.303,4.312,277233.07170133
2025-04-25 02:00:00,4.312,4.325,4.213,4.233,364574.30110551
2025-04-25 03:00:00,4.234,4.271,4.23,4.258,114680.80667022
2025-04-25 04:00:00,4.255,4.276,4.238,4.262,78234.30003079
2025-04-25 05:00:00,4.26,4.305,4.26,4.292,95109.71773781
2025-04-25 06:00:00,4.294,4.353,4.291,4.339,84160.11452584
2025-04-25 07:00:00,4.342,4.363,4.317,4.327,117344.09673921
2025-04-25 08:00:00,4.328,4.346,4.303,4.343,136844.45701387
2025-04-25 09:00:00,4.343,4.349,4.295,4.318,143793.77941214
2025-04-25 10:00:00,4.317,4.323,4.261,4.283,108854.90612387
2025-04-25 11:00:00,4.285,4.314,4.282,4.3,107030.88395406
2025-04-25 12:00:00,4.303,4.327,4.238,4.251,259624.63484575
2025-04-25 13:00:00,4.253,4.274,4.226,4.255,234032.14533062
2025-04-25 14:00:00,4.252,4.328,4.252,4.318,250981.97512093
2025-04-25 15:00:00,4.32,4.327,4.277,4.303,145705.87582032
2025-04-25 16:00:00,4.306,4.32,4.265,4.309,117762.64251747
2025-04-25 17:00:00,4.306,4.323,4.256,4.268,100426.9744857
2025-04-25 18:00:00,4.268,4.3,4.268,4.278,74838.19192743
2025-04-25 19:00:00,4.278,4.283,4.255,4.274,70172.32773287
2025-04-25 20:00:00,4.277,4.279,4.258,4.269,51570.18884261
2025-04-25 21:00:00,4.267,4.284,4.231,4.24,57787.03360975
2025-04-25 22:00:00,4.24,4.304,4.24,4.292,69671.937759
2025-04-25 23:00:00,4.292,4.295,4.25,4.256,52438.225584
2025-04-26 00:00:00,4.257,4.305,4.257,4.301,119178.67194266
2025-04-26 01:00:00,4.302,4.354,4.275,4.349,722996.95691865
2025-04-26 02:00:00,4.349,4.361,4.317,4.337,140121.04986435
2025-04-26 03:00:00,4.335,4.346,4.257,4.268,160120.32643749
2025-04-26 04:00:00,4.267,4.298,4.256,4.257,160668.86927717
2025-04-26 05:00:00,4.255,4.279,4.242,4.268,71815.73195505
2025-04-26 06:00:00,4.268,4.31,4.264,4.299,107351.6898606
2025-04-26 07:00:00,4.301,4.33,4.3,4.305,55653.3096396
2025-04-26 08:00:00,4.305,4.34,4.274,4.279,140843.44714345
2025-04-26 09:00:00,4.277,4.291,4.254,4.274,146471.17846078
2025-04-26 10:00:00,4.272,4.295,4.267,4.281,43594.815794
2025-04-26 11:00:00,4.281,4.283,4.227,4.237,130363.62510693
2025-04-26 12:00:00,4.237,4.265,4.232,4.233,90886.39104167
2025-04-26 13:00:00,4.231,4.25,4.198,4.232,91418.35419238
2025-04-26 14:00:00,4.231,4.273,4.209,4.262,115849.54511679
2025-04-26 15:00:00,4.261,4.291,4.258,4.283,52181.47772431
2025-04-26 16:00:00,4.283,4.294,4.262,4.274,62126.53791599
2025-04-26 17:00:00,4.274,4.293,4.274,4.284,47441.08365167
2025-04-26 18:00:00,4.283,4.288,4.272,4.275,61765.7686823
2025-04-26 19:00:00,4.274,4.279,4.26,4.278,37935.65696183
2025-04-26 20:00:00,4.279,4.29,4.254,4.254,21339.40031202
2025-04-26 21:00:00,4.256,4.297,4.256,4.281,90449.15168737
2025-04-26 22:00:00,4.283,4.299,4.271,4.278,43976.21778149
2025-04-26 23:00:00,4.278,4.279,4.261,4.263,52051.63429537
2025-04-27 00:00:00,4.264,4.291,4.255,4.273,91253.8430593
2025-04-27 01:00:00,4.273,4.275,4.15,4.155,242805.48952084
2025-04-27 02:00:00,4.156,4.184,4.15,4.173,89245.81476881
2025-04-27 03:00:00,4.173,4.19,4.165,4.178,113051.82958306
2025-04-27 04:00:00,4.176,4.187,4.135,4.139,86462.97952731
2025-04-27 05:00:00,4.138,4.154,4.11,4.133,123850.95096922
2025-04-27 06:00:00,4.134,4.145,4.118,4.128,48060.76094378
2025-04-27 07:00:00,4.129,4.145,4.121,4.143,47586.58686662
2025-04-27 08:00:00,4.139,4.161,4.131,4.15,54071.09816008
2025-04-27 09:00:00,4.147,4.15,4.132,4.14,39007.5555837
2025-04-27 10:00:00,4.141,4.143,4.114,4.124,41388.11653469
2025-04-27 11:00:00,4.124,4.129,4.107,4.114,56034.06963407
2025-04-27 12:00:00,4.112,4.133,4.086,4.1,248196.43252769
2025-04-27 13:00:00,4.097,4.124,4.072,4.116,114393.29383744
2025-04-27 14:00:00,4.115,4.138,4.104,4.132,102644.51147745
2025-04-27 15:00:00,4.132,4.132,4.087,4.093,86475.37876121
2025-04-27 16:00:00,4.093,4.098,4.056,4.069,243095.43227167
2025-04-27 17:00:00,4.069,4.09,4.063,4.079,95545.17437484
2025-04-27 18:00:00,4.079,4.118,4.071,4.106,156816.54907684
2025-04-27 19:00:00,4.108,4.137,4.101,4.137,49778.96656704
2025-04-27 20:00:00,4.137,4.138,4.115,4.118,70163.46118505
2025-04-27 21:00:00,4.116,4.145,4.099,4.136,33813.80910928
2025-04-27 22:00:00,4.135,4.146,4.113,4.114,240780.70774756
2025-04-27 23:00:00,4.113,4.113,4.085,4.086,43550.61223292
2025-04-28 00:00:00,4.087,4.109,4.049,4.082,202209.28594689
2025-04-28 01:00:00,4.081,4.087,4.009,4.032,163682.58735816
2025-04-28 02:00:00,4.031,4.086,4.024,4.081,74747.10052512
2025-04-28 03:00:00,4.082,4.125,4.072,4.113,88296.27497794
2025-04-28 04:00:00,4.114,4.148,4.114,4.12,67155.32309228
2025-04-28 05:00:00,4.122,4.13,4.108,4.122,44691.35541905
2025-04-28 06:00:00,4.123,4.192,4.123,4.178,148581.1713572
2025-04-28 07:00:00,4.176,4.232,4.166,4.219,103185.88000999
2025-04-28 08:00:00,4.221,4.256,4.203,4.211,74698.14518706
2025-04-28 09:00:00,4.213,4.262,4.213,4.219,243390.20627148
2025-04-28 10:00:00,4.223,4.243,4.183,4.224,260496.08980725
2025-04-28 11:00:00,4.225,4.256,4.215,4.227,82776.12082285
2025-04-28 12:00:00,4.228,4.229,4.198,4.204,89184.16115298
2025-04-28 13:00:00,4.204,4.214,4.138,4.14,332488.10664137
2025-04-28 14:00:00,4.141,4.197,4.129,4.153,126228.90474263
2025-04-28 15:00:00,4.154,4.163,4.085,4.11,207306.32809129
2025-04-28 16:00:00,4.111,4.147,4.088,4.135,140489.99822466
2025-04-28 17:00:00,4.139,4.189,4.133,4.189,86875.10976586
2025-04-28 18:00:00,4.188,4.202,4.165,4.199,82084.26885504
2025-04-28 19:00:00,4.198,4.244,4.198,4.24,141955.412388
2025-04-28 20:00:00,4.239,4.249,4.214,4.228,44813.25706167
2025-04-28 21:00:00,4.229,4.238,4.206,4.23,64199.08688619
2025-04-28 22:00:00,4.23,4.264,4.229,4.254,78649.53897697
2025-04-28 23:00:00,4.254,4.255,4.226,4.237,45505.27624995
2025-04-29 00:00:00,4.24,4.303,4.24,4.3,101583.98743574
2025-04-29 01:00:00,4.3,4.309,4.274,4.28,115120.16016002
2025-04-29 02:00:00,4.28,4.284,4.25,4.264,87949.85405106
2025-04-29 03:00:00,4.265,4.283,4.265,4.274,34231.75081416
2025-04-29 04:00:00,4.275,4.289,4.237,4.248,41633.19949496
2025-04-29 05:00:00,4.247,4.269,4.242,4.264,44029.78059254
2025-04-29 06:00:00,4.264,4.329,4.264,4.311,100422.27336412
2025-04-29 07:00:00,4.312,4.314,4.287,4.298,65010.91669878
2025-04-29 08:00:00,4.296,4.308,4.277,4.295,93131.4524337
2025-04-29 09:00:00,4.295,4.302,4.264,4.283,71297.02768931
2025-04-29 10:00:00,4.282,4.301,4.239,4.252,69012.16216481
2025-04-29 11:00:00,4.249,4.268,4.242,4.252,82160.02785328
2025-04-29 12:00:00,4.252,4.252,4.206,4.211,79421.10150913
2025-04-29 13:00:00,4.209,4.251,4.198,4.242,159972.50679027
2025-04-29 14:00:00,4.241,4.287,4.23,4.266,198136.72218381
2025-04-29 15:00:00,4.266,4.275,4.237,4.272,67051.14276061
2025-04-29 16:00:00,4.271,4.28,4.247,4.254,83587.78463532
2025-04-29 17:00:00,4.253,4.263,4.231,4.246,61490.34301094
2025-04-29 18:00:00,4.248,4.248,4.233,4.24,47413.79851174
2025-04-29 19:00:00,4.241,4.246,4.224,4.226,82423.11974959
2025-04-29 20:00:00,4.227,4.23,4.187,4.194,178468.36131606
2025-04-29 21:00:00,4.192,4.192,4.144,4.169,275533.37897332
2025-04-29 22:00:00,4.167,4.167,4.122,4.135,100954.50421765
2025-04-29 23:00:00,4.131,4.147,4.099,4.147,226775.91870889
2025-04-30 00:00:00,4.145,4.15,4.115,4.137,287262.8662426
2025-04-30 01:00:00,4.137,4.139,4.089,4.122,182656.96087643
2025-04-30 02:00:00,4.118,4.158,4.113,4.148,154270.60845388
2025-04-30 03:00:00,4.148,4.172,4.14,4.165,115652.11928267
2025-04-30 04:00:00,4.169,4.174,4.151,4.162,95355.57152853
2025-04-30 05:00:00,4.163,4.165,4.138,4.14,21935.35164086
2025-04-30 06:00:00,4.14,4.145,4.119,4.122,79524.36218133
2025-04-30 07:00:00,4.122,4.128,4.087,4.113,137701.1844847
2025-04-30 08:00:00,4.112,4.121,4.083,4.093,126014.5501687
2025-04-30 09:00:00,4.093,4.141,4.092,4.127,41145.67480416
2025-04-30 10:00:00,4.127,4.163,4.125,4.156,77217.83924559
2025-04-30 11:00:00,4.156,4.171,4.152,4.158,40903.93771219
2025-04-30 12:00:00,4.158,4.158,4.066,4.095,208527.64540082
2025-04-30 13:00:00,4.094,4.107,4.03,4.04,325652.05832608
2025-04-30 14:00:00,4.039,4.098,4.024,4.08,329386.52709415
2025-04-30 15:00:00,4.077,4.099,4.064,4.073,70443.08726599
2025-04-30 16:00:00,4.074,4.076,4.036,4.065,65673.29589409
2025-04-30 17:00:00,4.066,4.092,4.045,4.086,64219.61009499
2025-04-30 18:00:00,4.086,4.11,4.074,4.075,119695.25109694
2025-04-30 19:00:00,4.077,4.086,4.046,4.074,34178.08266304
2025-04-30 20:00:00,4.072,4.136,4.071,4.113,179939.31058323
2025-04-30 21:00:00,4.112,4.124,4.093,4.097,60469.71399968
2025-04-30 22:00:00,4.097,4.112,4.074,4.082,67320.31027854
2025-04-30 23:00:00,4.079,4.087,4.063,4.065,65343.61714433
2025-05-01 00:00:00,4.065,4.095,4.062,4.093,96755.47653878
2025-05-01 01:00:00,4.094,4.124,4.092,4.117,73174.06247971
2025-05-01 02:00:00,4.118,4.127,4.093,4.094,66753.69413422
2025-05-01 03:00:00,4.096,4.117,4.094,4.096,40641.79526965
2025-05-01 04:00:00,4.094,4.098,4.075,4.094,87219.53946962
2025-05-01 05:00:00,4.095,4.12,4.091,4.112,29406.09521682
2025-05-01 06:00:00,4.113,4.114,4.09,4.094,30769.30953701
2025-05-01 07:00:00,4.092,4.122,4.086,4.118,61589.61604246
2025-05-01 08:00:00,4.116,4.147,4.107,4.147,75517.92353854
2025-05-01 09:00:00,4.148,4.159,4.14,4.151,72486.64731796
2025-05-01 10:00:00,4.153,4.184,4.144,4.18,76604.16795079
2025-05-01 11:00:00,4.18,4.188,4.164,4.175,60150.26641059
2025-05-01 12:00:00,4.176,4.18,4.159,4.177,45670.30590832
2025-05-01 13:00:00,4.177,4.189,4.12,4.121,118569.93475515
2025-05-01 14:00:00,4.121,4.176,4.121,4.175,230410.01028744
2025-05-01 15:00:00,4.176,4.213,4.152,4.157,150684.1232555
2025-05-01 16:00:00,4.16,4.207,4.155,4.176,98895.62651917
2025-05-01 17:00:00,4.177,4.201,4.158,4.167,55239.13749777
2025-05-01 18:00:00,4.169,4.172,4.142,4.172,67076.14553654
2025-05-01 19:00:00,4.172,4.189,4.16,4.167,62952.25537112
2025-05-01 20:00:00,4.167,4.204,4.155,4.194,53150.55357457
2025-05-01 21:00:00,4.195,4.224,4.195,4.202,84581.97762074
2025-05-01 22:00:00,4.203,4.213,4.184,4.185,39033.21407922
2025-05-01 23:00:00,4.187,4.194,4.16,4.176,42827.4815904
2025-05-02 00:00:00,4.176,4.22,4.167,4.219,87790.44916152
2025-05-02 01:00:00,4.218,4.233,4.188,4.213,124525.07573914
2025-05-02 02:00:00,4.212,4.267,4.206,4.267,68311.84084818
2025-05-02 03:00:00,4.267,4.285,4.24,4.24,84251.60227836
2025-05-02 04:00:00,4.241,4.248,4.183,4.197,80222.05438066
2025-05-02 05:00:00,4.195,4.206,4.17,4.185,60839.69910985
2025-05-02 06:00:00,4.184,4.233,4.176,4.218,117462.68574269
2025-05-02 07:00:00,4.218,4.218,4.183,4.185,76428.8612897
2025-05-02 08:00:00,4.185,4.231,4.184,4.221,57869.5554845
2025-05-02 09:00:00,4.218,4.227,4.195,4.2,39993.66649544
2025-05-02 10:00:00,4.197,4.21,4.165,4.169,61792.20976138
2025-05-02 11:00:00,4.168,4.191,4.168,4.173,50019.45885091
2025-05-02 12:00:00,4.172,4.205,4.157,4.199,156359.89947215
2025-05-02 13:00:00,4.201,4.207,4.173,4.19,62009.42289608
2025-05-02 14:00:00,4.191,4.239,4.191,4.232,71220.31038875
2025-05-02 15:00:00,4.236,4.239,4.191,4.201,57022.29738382
2025-05-02 16:00:00,4.203,4.23,4.203,4.212,118039.27390476
2025-05-02 17:00:00,4.212,4.214,4.179,4.183,38710.71792058
2025-05-02 18:00:00,4.183,4.199,4.169,4.17,47999.03823545
2025-05-02 19:00:00,4.168,4.168,4.124,4.138,97559.52981835
2025-05-02 20:00:00,4.137,4.157,4.13,4.148,25280.31628077
2025-05-02 21:00:00,4.15,4.168,4.142,4.152,21199.14870831
2025-05-02 22:00:00,4.15,4.161,4.14,4.151,20570.6789342
2025-05-02 23:00:00,4.15,4.162,4.147,4.16,45473.20528817
2025-05-03 00:00:00,4.161,4.161,4.115,4.12,77560.36350044
2025-05-03 01:00:00,4.118,4.122,4.099,4.109,74879.13161499
2025-05-03 02:00:00,4.109,4.128,4.104,4.121,23041.353735
2025-05-03 03:00:00,4.122,4.143,4.119,4.137,24752.85057778
2025-05-03 04:00:00,4.136,4.159,4.132,4.157,64559.17477603
2025-05-03 05:00:00,4.157,4.171,4.148,4.16,45770.34143813
2025-05-03 06:00:00,4.159,4.159,4.139,4.146,59393.81029944
2025-05-03 07:00:00,4.148,4.161,4.139,4.142,44548.68206263
2025-05-03 08:00:00,4.14,4.15,4.113,4.133,196463.64822378
2025-05-03 09:00:00,4.133,4.14,4.11,4.116,79914.14305341
2025-05-03 10:00:00,4.115,4.115,4.073,4.077,96685.98974269
2025-05-03 11:00:00,4.076,4.096,4.073,4.083,72708.25070286
2025-05-03 12:00:00,4.083,4.114,4.083,4.106,36896.84969424
2025-05-03 13:00:00,4.105,4.123,4.105,4.11,37831.30320539
2025-05-03 14:00:00,4.111,4.127,4.105,4.125,59522.84097145
2025-05-03 15:00:00,4.128,4.143,4.113,4.113,39037.74156149
2025-05-03 16:00:00,4.113,4.113,4.051,4.07,94645.5158161
2025-05-03 17:00:00,4.067,4.067,4.01,4.055,272720.19004599
2025-05-03 18:00:00,4.053,4.07,4.034,4.04,73442.31103468
2025-05-03 19:00:00,4.041,4.067,4.034,4.067,71981.32122084
2025-05-03 20:00:00,4.068,4.072,4.046,4.055,30169.86666031
2025-05-03 21:00:00,4.056,4.074,4.033,4.044,111483.08500756
2025-05-03 22:00:00,4.044,4.053,4.032,4.045,35372.05398643
2025-05-03 23:00:00,4.046,4.051,4.023,4.026,137769.8112316
2025-05-04 00:00:00,4.025,4.037,3.992,4.001,214893.78923939
2025-05-04 01:00:00,4.0,4.025,3.985,4.022,114773.17595557
2025-05-04 02:00:00,4.024,4.052,4.007,4.018,92810.5458372
2025-05-04 03:00:00,4.012,4.023,3.992,4.003,71934.84197711
2025-05-04 04:00:00,4.003,4.014,3.979,3.997,157062.47336766
2025-05-04 05:00:00,3.996,4.04,3.99,4.024,200753.53100879
2025-05-04 06:00:00,4.024,4.039,3.999,4.029,66473.89770113
2025-05-04 07:00:00,4.029,4.033,4.001,4.019,75098.5626521
2025-05-04 08:00:00,4.019,4.024,3.974,3.983,104141.7080303
2025-05-04 09:00:00,3.983,3.985,3.955,3.956,146215.0966663
2025-05-04 10:00:00,3.958,3.975,3.951,3.968,56655.98089933
2025-05-04 11:00:00,3.967,3.978,3.959,3.962,36878.07743912
2025-05-04 12:00:00,3.962,3.972,3.953,3.963,28332.72316825
2025-05-04 13:00:00,3.963,3.97,3.927,3.946,116656.78468404
2025-05-04 14:00:00,3.946,3.992,3.943,3.988,85256.58197511
2025-05-04 15:00:00,3.986,3.994,3.948,3.962,202516.81169989
2025-05-04 16:00:00,3.962,3.966,3.909,3.921,207051.30399333
2025-05-04 17:00:00,3.921,3.938,3.895,3.93,108687.03367163
2025-05-04 18:00:00,3.931,3.946,3.92,3.921,40040.43963278
2025-05-04 19:00:00,3.921,3.951,3.916,3.94,29432.24570065
2025-05-04 20:00:00,3.94,3.966,3.935,3.961,31809.91109016
2025-05-04 21:00:00,3.962,3.972,3.949,3.968,23701.20482373
2025-05-04 22:00:00,3.967,3.967,3.91,3.937,57625.27633268
2025-05-04 23:00:00,3.936,3.937,3.904,3.918,87590.05946776
2025-05-05 00:00:00,3.918,3.968,3.915,3.965,74720.95312443
2025-05-05 01:00:00,3.964,3.969,3.911,3.937,94814.1328709
2025-05-05 02:00:00,3.934,4.003,3.923,3.984,155290.47149066
2025-05-05 03:00:00,3.985,3.993,3.969,3.97,62067.15596379
2025-05-05 04:00:00,3.97,3.996,3.956,3.994,99419.41260689
2025-05-05 05:00:00,3.993,4.014,3.986,4.014,47101.40180039
2025-05-05 06:00:00,4.014,4.019,3.978,3.981,29077.23722186
2025-05-05 07:00:00,3.979,3.981,3.956,3.978,53657.38442316
2025-05-05 08:00:00,3.978,3.989,3.97,3.975,36088.03198808
2025-05-05 09:00:00,3.977,3.982,3.953,3.954,121486.92328691
2025-05-05 10:00:00,3.954,3.955,3.892,3.921,324274.04424996
2025-05-05 11:00:00,3.92,3.941,3.899,3.913,250342.08596849
2025-05-05 12:00:00,3.913,3.932,3.902,3.919,78361.91504338
2025-05-05 13:00:00,3.919,3.932,3.897,3.918,119085.94600572
2025-05-05 14:00:00,3.919,3.936,3.908,3.921,85184.79812618
2025-05-05 15:00:00,3.92,3.925,3.887,3.895,95773.65253847
2025-05-05 16:00:00,3.896,3.931,3.895,3.918,47720.82527019
2025-05-05 17:00:00,3.917,3.961,3.909,3.95,79821.18736749
2025-05-05 18:00:00,3.951,3.981,3.949,3.971,28795.20307844
2025-05-05 19:00:00,3.973,3.983,3.933,3.934,44273.54940226
2025-05-05 20:00:00,3.936,3.936,3.881,3.914,103991.14669053
2025-05-05 21:00:00,3.915,3.937,3.908,3.928,96722.83867604
2025-05-05 22:00:00,3.931,3.956,3.924,3.942,44792.50689787
2025-05-05 23:00:00,3.943,3.945,3.912,3.915,29867.63321255
2025-05-06 00:00:00,3.915,3.929,3.898,3.902,82738.1659494
2025-05-06 01:00:00,3.903,3.926,3.887,3.896,125293.82089003
2025-05-06 02:00:00,3.895,3.903,3.858,3.897,114977.17760991
2025-05-06 03:00:00,3.898,3.92,3.888,3.915,52736.36367504
2025-05-06 04:00:00,3.915,3.926,3.911,3.913,23454.30639169
2025-05-06 05:00:00,3.913,3.914,3.88,3.882,37705.98975124
2025-05-06 06:00:00,3.882,3.898,3.88,3.898,22295.09907442
2025-05-06 07:00:00,3.898,3.915,3.885,3.89,54336.11533392
2025-05-06 08:00:00,3.889,3.889,3.846,3.884,103266.02762925
2025-05-06 09:00:00,3.883,3.901,3.865,3.885,202752.8416283
2025-05-06 10:00:00,3.884,3.891,3.852,3.858,55653.9438277
2025-05-06 11:00:00,3.858,3.885,3.821,3.839,183550.0384851
2025-05-06 12:00:00,3.838,3.874,3.825,3.866,126842.51798873
2025-05-06 13:00:00,3.866,3.876,3.837,3.856,259627.36370397
2025-05-06 14:00:00,3.856,3.927,3.856,3.897,168384.05850347
2025-05-06 15:00:00,3.896,3.927,3.886,3.904,68917.30646672
2025-05-06 16:00:00,3.906,3.929,3.884,3.884,58827.48021475
2025-05-06 17:00:00,3.885,3.932,3.885,3.907,55466.9376528
2025-05-06 18:00:00,3.91,3.952,3.905,3.951,45172.47869894
2025-05-06 19:00:00,3.951,3.962,3.923,3.933,49491.08179238
2025-05-06 20:00:00,3.934,3.945,3.884,3.902,53581.59609439
2025-05-06 21:00:00,3.901,3.916,3.845,3.882,110376.30125099
2025-05-06 22:00:00,3.881,3.958,3.881,3.953,194558.39432761
2025-05-06 23:00:00,3.954,3.974,3.929,3.968,152285.37721094
2025-05-07 00:00:00,3.969,3.998,3.954,3.988,113028.49183963
2025-05-07 01:00:00,3.988,4.005,3.979,3.99,65189.52647598
2025-05-07 02:00:00,3.99,3.991,3.944,3.952,81708.71902292
2025-05-07 03:00:00,3.952,3.963,3.931,3.961,80803.3848104
2025-05-07 04:00:00,3.962,3.975,3.952,3.96,27493.53893144
2025-05-07 05:00:00,3.959,3.963,3.929,3.937,69992.63722267
2025-05-07 06:00:00,3.936,3.953,3.931,3.945,38718.17404101
2025-05-07 07:00:00,3.945,3.982,3.945,3.98,41252.59725567
2025-05-07 08:00:00,3.98,3.996,3.963,3.994,57146.25754
2025-05-07 09:00:00,3.994,3.999,3.984,3.986,30854.77046919
2025-05-07 10:00:00,3.986,3.995,3.97,3.977,32802.47419425
2025-05-07 11:00:00,3.977,3.978,3.965,3.974,25052.1649436
2025-05-07 12:00:00,3.975,3.978,3.949,3.96,20796.22740646
2025-05-07 13:00:00,3.959,3.972,3.936,3.959,124617.8624738
2025-05-07 14:00:00,3.959,3.972,3.933,3.948,70939.79352509
2025-05-07 15:00:00,3.946,3.946,3.912,3.919,36846.56765951
2025-05-07 16:00:00,3.918,3.919,3.877,3.906,79805.72413094
2025-05-07 17:00:00,3.906,3.913,3.883,3.898,67456.04066553
2025-05-07 18:00:00,3.898,3.938,3.878,3.92,217923.39590279
2025-05-07 19:00:00,3.92,3.922,3.884,3.901,73396.08145185
2025-05-07 20:00:00,3.9,3.912,3.891,3.911,58870.21495096
2025-05-07 21:00:00,3.911,3.944,3.903,3.926,44664.05137279
2025-05-07 22:00:00,3.928,3.965,3.928,3.964,69763.48000831
2025-05-07 23:00:00,3.965,3.983,3.961,3.967,38135.22021554
2025-05-08 00:00:00,3.968,4.013,3.965,4.01,99536.54016353
2025-05-08 01:00:00,4.01,4.06,4.01,4.043,305321.8865723
2025-05-08 02:00:00,4.044,4.1,4.044,4.089,172005.34958563
2025-05-08 03:00:00,4.094,4.169,4.089,4.168,259685.67539224
2025-05-08 04:00:00,4.169,4.238,4.169,4.207,243711.76047109
2025-05-08 05:00:00,4.207,4.243,4.207,4.238,122014.00873602
2025-05-08 06:00:00,4.238,4.263,4.22,4.226,105890.80321844
2025-05-08 07:00:00,4.228,4.243,4.206,4.21,168330.62495898
2025-05-08 08:00:00,4.21,4.244,4.21,4.236,94464.15988104
2025-05-08 09:00:00,4.237,4.283,4.23,4.277,212800.90533339
2025-05-08 10:00:00,4.277,4.323,4.259,4.274,326141.30275645
2025-05-08 11:00:00,4.273,4.277,4.237,4.245,127895.27719095
2025-05-08 12:00:00,4.246,4.253,4.218,4.221,160310.78161115
2025-05-08 13:00:00,4.221,4.239,4.212,4.218,132504.13059167
2025-05-08 14:00:00,4.218,4.254,4.203,4.235,127880.85343748
2025-05-08 15:00:00,4.235,4.348,4.233,4.295,346775.25068249
2025-05-08 16:00:00,4.295,4.333,4.295,4.322,214377.68832218
2025-05-08 17:00:00,4.321,4.328,4.277,4.29,263005.36406605
2025-05-08 18:00:00,4.293,4.317,4.291,4.309,49249.89160785
2025-05-08 19:00:00,4.309,4.332,4.293,4.328,103561.84800224
2025-05-08 20:00:00,4.331,4.442,4.313,4.441,246610.24822299
2025-05-08 21:00:00,4.441,4.49,4.389,4.44,303203.60455241
2025-05-08 22:00:00,4.442,4.445,4.404,4.421,124665.51053017
2025-05-08 23:00:00,4.421,4.456,4.406,4.456,126101.15648036
2025-05-09 00:00:00,4.454,4.473,4.431,4.465,113065.64355718
2025-05-09 01:00:00,4.463,4.53,4.455,4.516,199752.85708747
2025-05-09 02:00:00,4.514,4.523,4.487,4.506,135017.95124134
2025-05-09 03:00:00,4.506,4.55,4.463,4.474,156450.612636
2025-05-09 04:00:00,4.475,4.494,4.446,4.458,200484.03411653
2025-05-09 05:00:00,4.46,4.505,4.452,4.5,151909.22493285
2025-05-09 06:00:00,4.501,4.531,4.486,4.528,158005.04967988
2025-05-09 07:00:00,4.528,4.633,4.525,4.604,321383.31977339
2025-05-09 08:00:00,4.603,4.708,4.552,4.623,575381.07313754
2025-05-09 09:00:00,4.623,4.67,4.559,4.592,318660.0848036
2025-05-09 10:00:00,4.59,4.678,4.573,4.669,312086.53820986
2025-05-09 11:00:00,4.67,4.75,4.645,4.686,511646.24116408
2025-05-09 12:00:00,4.682,4.698,4.633,4.666,226759.07661721
2025-05-09 13:00:00,4.672,4.744,4.664,4.722,352176.98474282
2025-05-09 14:00:00,4.722,4.761,4.626,4.696,430775.1828601
2025-05-09 15:00:00,4.699,4.738,4.658,4.73,319461.68039687
2025-05-09 16:00:00,4.731,4.768,4.693,4.715,171698.55277536
2025-05-09 17:00:00,4.714,4.861,4.707,4.843,464464.88768789
2025-05-09 18:00:00,4.843,4.847,4.769,4.769,163110.37409571
2025-05-09 19:00:00,4.77,4.779,4.733,4.762,137392.90528002
2025-05-09 20:00:00,4.761,4.794,4.746,4.791,72064.43080082
2025-05-09 21:00:00,4.791,4.817,4.767,4.781,72046.88285183
2025-05-09 22:00:00,4.782,4.808,4.768,4.779,93843.67091626
2025-05-09 23:00:00,4.779,4.804,4.76,4.8,73156.7134434
2025-05-10 00:00:00,4.799,4.928,4.797,4.819,334950.46651978
2025-05-10 01:00:00,4.818,4.907,4.81,4.876,229354.64273111
2025-05-10 02:00:00,4.877,5.027,4.874,5.023,381598.26363835
2025-05-10 03:00:00,5.023,5.036,4.949,4.979,176182.45068048
2025-05-10 04:00:00,4.977,5.072,4.932,5.056,224369.42269475
2025-05-10 05:00:00,5.056,5.11,4.991,5.096,243465.59691973
2025-05-10 06:00:00,5.095,5.127,5.047,5.097,370722.52580428
2025-05-10 07:00:00,5.096,5.11,5.023,5.059,252236.46039472
2025-05-10 08:00:00,5.06,5.128,5.038,5.082,267805.08914298
2025-05-10 09:00:00,5.083,5.143,5.043,5.13,235983.83751729
2025-05-10 10:00:00,5.132,5.205,5.101,5.101,377539.7662775
2025-05-10 11:00:00,5.101,5.165,5.035,5.047,304071.8029694
2025-05-10 12:00:00,5.049,5.082,5.017,5.039,196544.59233447
2025-05-10 13:00:00,5.039,5.063,5.011,5.047,122459.50299707
2025-05-10 14:00:00,5.046,5.094,5.006,5.094,137866.47793698
2025-05-10 15:00:00,5.095,5.113,4.98,5.004,251586.06008788
2025-05-10 16:00:00,5.003,5.075,4.986,5.068,150013.38019253
2025-05-10 17:00:00,5.069,5.137,5.037,5.056,283781.18022416
2025-05-10 18:00:00,5.055,5.106,5.047,5.093,152378.7348914
2025-05-10 19:00:00,5.093,5.093,5.043,5.072,79217.83558891
2025-05-10 20:00:00,5.07,5.105,5.04,5.096,56293.60062581
2025-05-10 21:00:00,5.097,5.142,5.088,5.128,76589.08713783
2025-05-10 22:00:00,5.128,5.177,5.106,5.172,130913.85548808
2025-05-10 23:00:00,5.171,5.32,5.166,5.305,278522.11658047
2025-05-11 00:00:00,5.306,5.359,5.12,5.178,474505.29724693
2025-05-11 01:00:00,5.178,5.193,5.044,5.092,365517.04398683
2025-05-11 02:00:00,5.092,5.137,5.059,5.09,189414.63957621
2025-05-11 03:00:00,5.09,5.172,5.073,5.125,161744.03572403
2025-05-11 04:00:00,5.124,5.209,5.118,5.196,155405.04181473
2025-05-11 05:00:00,5.198,5.198,5.111,5.116,149112.17382797
2025-05-11 06:00:00,5.116,5.133,5.048,5.071,176658.90224209
2025-05-11 07:00:00,5.07,5.073,4.951,5.001,437401.55183247
2025-05-11 08:00:00,5.002,5.057,4.978,4.991,188112.23257348
2025-05-11 09:00:00,4.992,5.076,4.989,5.055,109664.76213355
2025-05-11 10:00:00,5.054,5.11,5.053,5.088,79794.77710414
2025-05-11 11:00:00,5.088,5.113,5.075,5.108,60985.79868856
2025-05-11 12:00:00,5.107,5.12,5.068,5.104,106343.27960132
2025-05-11 13:00:00,5.105,5.115,4.99,4.997,213160.65216057
2025-05-11 14:00:00,4.997,5.072,4.997,5.052,95113.27811287
2025-05-11 15:00:00,5.052,5.103,5.002,5.052,115893.02175715
2025-05-11 16:00:00,5.05,5.065,4.984,5.036,129746.43285513
2025-05-11 17:00:00,5.038,5.119,5.023,5.108,125060.90175713
2025-05-11 18:00:00,5.11,5.149,5.06,5.126,253145.32161031
2025-05-11 19:00:00,5.124,5.151,5.087,5.102,168200.41554748
2025-05-11 20:00:00,5.103,5.122,5.077,5.092,150308.01381943
2025-05-11 21:00:00,5.091,5.128,5.058,5.126,140348.9646031
2025-05-11 22:00:00,5.125,5.147,5.059,5.095,122906.1472388
2025-05-11 23:00:00,5.095,5.112,5.077,5.096,50197.17455825
2025-05-12 00:00:00,5.096,5.145,5.083,5.114,204041.70209521
2025-05-12 01:00:00,5.115,5.158,5.015,5.065,231380.50177013
2025-05-12 02:00:00,5.066,5.138,5.065,5.104,104343.31348867
2025-05-12 03:00:00,5.104,5.147,5.07,5.146,67350.58907347
2025-05-12 04:00:00,5.147,5.175,5.11,5.165,98737.4637234
2025-05-12 05:00:00,5.165,5.18,5.094,5.141,106117.86525011
2025-05-12 06:00:00,5.143,5.208,5.128,5.187,130501.86572454
2025-05-12 07:00:00,5.189,5.395,5.189,5.268,570249.00201791
2025-05-12 08:00:00,5.268,5.297,5.187,5.29,234999.65320076
2025-05-12 09:00:00,5.292,5.309,5.22,5.227,128613.62786763
2025-05-12 10:00:00,5.228,5.247,5.192,5.244,139902.90933598
2025-05-12 11:00:00,5.241,5.277,5.178,5.198,168655.1024118
2025-05-12 12:00:00,5.197,5.338,5.196,5.321,164653.55708966
2025-05-12 13:00:00,5.321,5.374,5.24,5.292,343900.02699095
2025-05-12 14:00:00,5.293,5.318,5.082,5.132,489545.35961837
2025-05-12 15:00:00,5.131,5.172,5.058,5.106,356720.337295
2025-05-12 16:00:00,5.104,5.168,5.073,5.151,169015.17573006
2025-05-12 17:00:00,5.15,5.183,5.081,5.1,103235.70764489
2025-05-12 18:00:00,5.1,5.124,4.884,4.98,532369.09576113
2025-05-12 19:00:00,4.98,5.061,4.978,5.047,185012.84589963
2025-05-12 20:00:00,5.047,5.113,5.013,5.086,101931.38691261
2025-05-12 21:00:00,5.085,5.112,5.061,5.085,78924.18034542
2025-05-12 22:00:00,5.085,5.112,5.073,5.084,30218.11731443
2025-05-12 23:00:00,5.084,5.106,5.067,5.069,66606.35063359
2025-05-13 00:00:00,5.069,5.069,4.976,4.981,163630.13800238
2025-05-13 01:00:00,4.984,5.012,4.906,4.941,251026.01098114
2025-05-13 02:00:00,4.94,4.959,4.84,4.875,537195.15879559
2025-05-13 03:00:00,4.873,4.905,4.821,4.841,208415.99809292
2025-05-13 04:00:00,4.84,4.947,4.83,4.935,219191.20796554
2025-05-13 05:00:00,4.935,4.953,4.906,4.94,106351.43172081
2025-05-13 06:00:00,4.941,4.979,4.941,4.947,55984.32672558
2025-05-13 07:00:00,4.947,5.011,4.94,4.967,108430.82519963
2025-05-13 08:00:00,4.97,4.994,4.941,4.959,61418.99189989
2025-05-13 09:00:00,4.962,5.039,4.957,5.033,96017.61103742
2025-05-13 10:00:00,5.033,5.034,4.995,5.009,55921.40054631
2025-05-13 11:00:00,5.007,5.061,4.987,5.002,229189.15568248
2025-05-13 12:00:00,5.002,5.05,4.953,5.025,312295.87014818
2025-05-13 13:00:00,5.026,5.072,5.013,5.034,149944.71296997
2025-05-13 14:00:00,5.033,5.035,4.96,4.99,183443.74352128
2025-05-13 15:00:00,4.989,5.045,4.985,5.042,101176.94868585
2025-05-13 16:00:00,5.042,5.126,5.036,5.091,236129.68347269
2025-05-13 17:00:00,5.091,5.145,5.085,5.137,119402.88054789
2025-05-13 18:00:00,5.137,5.174,5.118,5.171,105232.55805458
2025-05-13 19:00:00,5.171,5.271,5.136,5.21,218144.78484373
2025-05-13 20:00:00,5.211,5.233,5.156,5.206,129605.28510405
2025-05-13 21:00:00,5.205,5.21,5.168,5.195,54012.87595879
2025-05-13 22:00:00,5.195,5.212,5.159,5.189,88656.46691063
2025-05-13 23:00:00,5.188,5.21,5.16,5.192,69436.22216729
2025-05-14 00:00:00,5.193,5.234,5.189,5.222,93071.75493263
2025-05-14 01:00:00,5.221,5.265,5.181,5.196,197151.92171439
2025-05-14 02:00:00,5.195,5.196,5.122,5.183,160128.75504166
2025-05-14 03:00:00,5.182,5.194,5.15,5.194,82557.33353828
2025-05-14 04:00:00,5.194,5.229,5.163,5.217,88622.43597974
2025-05-14 05:00:00,5.218,5.248,5.209,5.233,119692.05505268
2025-05-14 06:00:00,5.234,5.244,5.188,5.205,92450.39240512
2025-05-14 07:00:00,5.204,5.209,5.135,5.149,102599.91189919
2025-05-14 08:00:00,5.149,5.164,5.016,5.023,368542.81135532
2025-05-14 09:00:00,5.024,5.089,5.019,5.078,207008.14586767
2025-05-14 10:00:00,5.078,5.115,5.077,5.093,93446.78147806
2025-05-14 11:00:00,5.093,5.137,5.093,5.124,191104.91459532
2025-05-14 12:00:00,5.125,5.131,5.053,5.065,132259.38382029
2025-05-14 13:00:00,5.065,5.096,4.995,5.053,292464.39349515
2025-05-14 14:00:00,5.053,5.053,4.971,5.009,171301.55147095
2025-05-14 15:00:00,5.01,5.034,4.984,5.02,94614.48171177
2025-05-14 16:00:00,5.02,5.042,4.976,5.001,86580.94213315
2025-05-14 17:00:00,5.001,5.009,4.951,5.007,83048.66083376
2025-05-14 18:00:00,5.008,5.036,4.998,5.026,89700.14403273
2025-05-14 19:00:00,5.023,5.039,5.004,5.013,42046.19839782
2025-05-14 20:00:00,5.015,5.028,4.999,4.999,51649.08713174
2025-05-14 21:00:00,5.0,5.026,4.98,5.019,51038.99491661
2025-05-14 22:00:00,5.02,5.023,4.968,4.981,54853.33680722
2025-05-14 23:00:00,4.982,4.988,4.944,4.978,76061.60936654
2025-05-15 00:00:00,4.98,5.026,4.973,5.007,54013.96760583
2025-05-15 01:00:00,5.004,5.009,4.884,4.905,192738.65330192
2025-05-15 02:00:00,4.904,4.947,4.891,4.926,93562.56038818
2025-05-15 03:00:00,4.929,4.943,4.895,4.901,96876.22713598
2025-05-15 04:00:00,4.903,4.93,4.894,4.917,81705.69977967
2025-05-15 05:00:00,4.916,4.92,4.846,4.854,137896.24000631
2025-05-15 06:00:00,4.854,4.888,4.823,4.861,209395.67184901
2025-05-15 07:00:00,4.86,4.873,4.754,4.762,301129.08059295
2025-05-15 08:00:00,4.761,4.853,4.761,4.843,228870.8752449
2025-05-15 09:00:00,4.842,4.849,4.747,4.785,292283.42956038
2025-05-15 10:00:00,4.785,4.792,4.715,4.754,163417.49924262
2025-05-15 11:00:00,4.754,4.8,4.751,4.786,73937.1101727
2025-05-15 12:00:00,4.786,4.824,4.76,4.792,346460.46887617
2025-05-15 13:00:00,4.792,4.855,4.72,4.765,407163.63336481
2025-05-15 14:00:00,4.764,4.78,4.681,4.74,381815.18987288
2025-05-15 15:00:00,4.739,4.843,4.723,4.838,269327.19976003
2025-05-15 16:00:00,4.836,4.883,4.793,4.883,153523.70114657
2025-05-15 17:00:00,4.884,4.928,4.855,4.887,117407.34974655
2025-05-15 18:00:00,4.885,4.893,4.752,4.765,250471.38822538
2025-05-15 19:00:00,4.763,4.82,4.745,4.804,78498.00775683
2025-05-15 20:00:00,4.805,4.839,4.764,4.785,458008.70318986
2025-05-15 21:00:00,4.783,4.785,4.704,4.775,113512.80803187
2025-05-15 22:00:00,4.773,4.819,4.757,4.757,50058.1875883
2025-05-15 23:00:00,4.757,4.777,4.675,4.777,157735.01190416
2025-05-16 00:00:00,4.778,4.825,4.751,4.795,100339.57539237
2025-05-16 01:00:00,4.798,4.832,4.747,4.831,116365.94662501
2025-05-16 02:00:00,4.831,4.879,4.812,4.848,234072.99643851
2025-05-16 03:00:00,4.848,4.875,4.838,4.87,119968.90033752
2025-05-16 04:00:00,4.871,4.89,4.816,4.844,75106.43230436
2025-05-16 05:00:00,4.847,4.88,4.847,4.864,73780.93840541
2025-05-16 06:00:00,4.864,4.895,4.854,4.886,58471.9450128
2025-05-16 07:00:00,4.886,4.911,4.855,4.878,115373.21666009
2025-05-16 08:00:00,4.88,4.89,4.792,4.827,109100.02838912
2025-05-16 09:00:00,4.83,4.908,4.828,4.908,94036.39583762
2025-05-16 10:00:00,4.909,4.934,4.889,4.932,56164.55866809
2025-05-16 11:00:00,4.933,4.955,4.902,4.928,135232.22636505
2025-05-16 12:00:00,4.93,4.941,4.884,4.885,73232.94768208
2025-05-16 13:00:00,4.883,4.938,4.88,4.931,74058.56070778
2025-05-16 14:00:00,4.932,4.933,4.847,4.873,175073.99861816
2025-05-16 15:00:00,4.874,4.919,4.874,4.906,103008.80857664
2025-05-16 16:00:00,4.908,4.928,4.829,4.879,64182.71145351
2025-05-16 17:00:00,4.88,4.888,4.806,4.82,41499.64466527
2025-05-16 18:00:00,4.82,4.839,4.806,4.824,40182.30643149
2025-05-16 19:00:00,4.823,4.852,4.814,4.842,57922.05682238
2025-05-16 20:00:00,4.841,4.842,4.76,4.805,368710.69523123
2025-05-16 21:00:00,4.803,4.827,4.776,4.798,86761.26329588
2025-05-16 22:00:00,4.797,4.801,4.712,4.735,142215.71657036
2025-05-16 23:00:00,4.736,4.781,4.735,4.753,84444.22191616
2025-05-17 00:00:00,4.753,4.768,4.683,4.706,163233.82057019
2025-05-17 01:00:00,4.703,4.703,4.611,4.634,323180.25070431
2025-05-17 02:00:00,4.633,4.682,4.603,4.657,173138.71158821
2025-05-17 03:00:00,4.657,4.688,4.609,4.684,67685.68750515
2025-05-17 04:00:00,4.683,4.754,4.672,4.734,143574.47674252
2025-05-17 05:00:00,4.733,4.744,4.684,4.687,52403.57757256
2025-05-17 06:00:00,4.688,4.731,4.688,4.725,71527.77146061
2025-05-17 07:00:00,4.725,4.762,4.705,4.728,69855.39875208
2025-05-17 08:00:00,4.729,4.748,4.694,4.696,129291.06542972
2025-05-17 09:00:00,4.697,4.703,4.656,4.678,127841.22423085
2025-05-17 10:00:00,4.676,4.718,4.665,4.696,55199.73589619
2025-05-17 11:00:00,4.696,4.708,4.653,4.685,58319.05107204
2025-05-17 12:00:00,4.685,4.7,4.655,4.661,69214.82774376
2025-05-17 13:00:00,4.661,4.682,4.605,4.621,103161.1851483
2025-05-17 14:00:00,4.621,4.699,4.621,4.684,93968.78156014
2025-05-17 15:00:00,4.688,4.698,4.659,4.659,78481.40226564
2025-05-17 16:00:00,4.66,4.672,4.567,4.615,157697.24613852
2025-05-17 17:00:00,4.617,4.67,4.611,4.625,83055.1764456
2025-05-17 18:00:00,4.625,4.68,4.595,4.602,291121.65533802
2025-05-17 19:00:00,4.6,4.635,4.582,4.596,56683.78722776
2025-05-17 20:00:00,4.593,4.681,4.586,4.668,132798.25573977
2025-05-17 21:00:00,4.671,4.673,4.625,4.654,88288.40593817
2025-05-17 22:00:00,4.654,4.654,4.555,4.592,133581.60492883
2025-05-17 23:00:00,4.588,4.629,4.577,4.611,46698.58637851
2025-05-18 00:00:00,4.613,4.623,4.582,4.618,71993.59736049
2025-05-18 01:00:00,4.618,4.645,4.593,4.629,52513.07999581
2025-05-18 02:00:00,4.632,4.639,4.604,4.616,83296.21919554
2025-05-18 03:00:00,4.616,4.635,4.588,4.607,186759.61374339
2025-05-18 04:00:00,4.607,4.656,4.606,4.647,45419.63283781
2025-05-18 05:00:00,4.648,4.733,4.648,4.726,84169.74196921
2025-05-18 06:00:00,4.726,4.726,4.685,4.693,77313.14658461
2025-05-18 07:00:00,4.693,4.756,4.69,4.749,146722.69625929
2025-05-18 08:00:00,4.75,4.798,4.75,4.787,123191.39575806
2025-05-18 09:00:00,4.784,4.8,4.745,4.76,57051.88265906
2025-05-18 10:00:00,4.759,4.771,4.734,4.753,38134.90807967
2025-05-18 11:00:00,4.752,4.779,4.741,4.745,51816.18251986
2025-05-18 12:00:00,4.743,4.766,4.717,4.766,44761.05218184
2025-05-18 13:00:00,4.767,4.816,4.757,4.811,70173.4484554
2025-05-18 14:00:00,4.811,4.863,4.803,4.853,175745.42354854
2025-05-18 15:00:00,4.854,4.921,4.834,4.908,112507.51032435
2025-05-18 16:00:00,4.91,4.918,4.861,4.88,182697.34345577
2025-05-18 17:00:00,4.88,4.882,4.733,4.74,234564.69016148
2025-05-18 18:00:00,4.74,4.744,4.641,4.683,338518.66586653
2025-05-18 19:00:00,4.682,4.702,4.585,4.586,160049.61374987
2025-05-18 20:00:00,4.586,4.633,4.506,4.622,519391.27486879
2025-05-18 21:00:00,4.623,4.686,4.615,4.637,104771.10954974
2025-05-18 22:00:00,4.639,4.709,4.595,4.708,138264.93986421
2025-05-18 23:00:00,4.708,4.813,4.677,4.792,135939.11913333
2025-05-19 00:00:00,4.794,4.821,4.669,4.68,261795.20637147
2025-05-19 01:00:00,4.679,4.691,4.623,4.633,141928.84606677
2025-05-19 02:00:00,4.632,4.647,4.579,4.6,152557.40606961
2025-05-19 03:00:00,4.597,4.6,4.54,4.551,95621.67741496
2025-05-19 04:00:00,4.551,4.58,4.461,4.479,238582.66350465
2025-05-19 05:00:00,4.481,4.522,4.454,4.503,210784.34521292
2025-05-19 06:00:00,4.503,4.538,4.415,4.416,180584.99128823
2025-05-19 07:00:00,4.415,4.518,4.412,4.499,133967.04143179
2025-05-19 08:00:00,4.497,4.514,4.466,4.493,78499.55755375
2025-05-19 09:00:00,4.492,4.512,4.46,4.486,144978.20357518
2025-05-19 10:00:00,4.487,4.517,4.465,4.496,69841.67961513
2025-05-19 11:00:00,4.495,4.532,4.489,4.524,73933.94212905
2025-05-19 12:00:00,4.521,4.527,4.434,4.459,313754.06245946
2025-05-19 13:00:00,4.458,4.547,4.453,4.52,157829.35301649
2025-05-19 14:00:00,4.521,4.57,4.505,4.555,106423.26211192
2025-05-19 15:00:00,4.557,4.584,4.535,4.557,78844.73535547
2025-05-19 16:00:00,4.556,4.613,4.522,4.607,138276.41691134
2025-05-19 17:00:00,4.607,4.651,4.593,4.601,205002.75863781
2025-05-19 18:00:00,4.6,4.616,4.54,4.563,125248.46236628
2025-05-19 19:00:00,4.564,4.606,4.552,4.6,129025.63786447
2025-05-19 20:00:00,4.598,4.613,4.583,4.59,102034.08252855
2025-05-19 21:00:00,4.592,4.599,4.557,4.594,60335.30761761
2025-05-19 22:00:00,4.595,4.595,4.565,4.571,58623.77396916
2025-05-19 23:00:00,4.571,4.6,4.565,4.595,43182.80846071
2025-05-20 00:00:00,4.595,4.648,4.575,4.579,114644.46682991
2025-05-20 01:00:00,4.578,4.662,4.573,4.646,122420.06554689
2025-05-20 02:00:00,4.647,4.726,4.647,4.681,240447.26133207
2025-05-20 03:00:00,4.679,4.691,4.629,4.646,139406.7293833
2025-05-20 04:00:00,4.647,4.666,4.618,4.661,56858.41279892
2025-05-20 05:00:00,4.662,4.683,4.649,4.65,64232.06346767
2025-05-20 06:00:00,4.653,4.661,4.614,4.631,85207.69476203
2025-05-20 07:00:00,4.631,4.636,4.576,4.592,198213.05356392
2025-05-20 08:00:00,4.591,4.61,4.557,4.584,89947.60758532
2025-05-20 09:00:00,4.585,4.598,4.563,4.566,78252.33947638
2025-05-20 10:00:00,4.566,4.582,4.533,4.558,102215.08710422
2025-05-20 11:00:00,4.559,4.579,4.527,4.572,84934.51103651
2025-05-20 12:00:00,4.57,4.572,4.519,4.546,95416.69784677
2025-05-20 13:00:00,4.548,4.561,4.515,4.531,184284.44036209
2025-05-20 14:00:00,4.531,4.57,4.517,4.546,84505.76956167
2025-05-20 15:00:00,4.543,4.606,4.542,4.598,72032.40551361
2025-05-20 16:00:00,4.599,4.613,4.567,4.569,81886.61257697
2025-05-20 17:00:00,4.569,4.638,4.565,4.626,74589.92970435
2025-05-20 18:00:00,4.626,4.641,4.525,4.535,179271.08971843
2025-05-20 19:00:00,4.535,4.656,4.527,4.634,101026.0517761
2025-05-20 20:00:00,4.634,4.676,4.616,4.66,89217.10478341
2025-05-20 21:00:00,4.661,4.703,4.659,4.69,123298.7955302
2025-05-20 22:00:00,4.688,4.703,4.636,4.673,132679.47158291
2025-05-20 23:00:00,4.673,4.698,4.655,4.674,76807.20556539
2025-05-21 00:00:00,4.676,4.706,4.67,4.68,121376.14529775
2025-05-21 01:00:00,4.682,4.709,4.652,4.652,81444.93627247
2025-05-21 02:00:00,4.657,4.691,4.62,4.687,55329.22484705
2025-05-21 03:00:00,4.688,4.752,4.684,4.725,96947.90576848
2025-05-21 04:00:00,4.726,4.765,4.702,4.723,129205.17716332
2025-05-21 05:00:00,4.725,4.773,4.717,4.757,136170.63395077
2025-05-21 06:00:00,4.757,4.774,4.724,4.751,105762.89862797
2025-05-21 07:00:00,4.752,4.759,4.668,4.682,207345.08513985
2025-05-21 08:00:00,4.683,4.7,4.638,4.642,160671.29119507
2025-05-21 09:00:00,4.642,4.652,4.622,4.639,80340.90680331
2025-05-21 10:00:00,4.639,4.661,4.63,4.658,39337.33275918
2025-05-21 11:00:00,4.659,4.717,4.657,4.68,89301.29597799
2025-05-21 12:00:00,4.682,4.706,4.66,4.672,106197.01899923
2025-05-21 13:00:00,4.677,4.734,4.651,4.705,102488.78976456
2025-05-21 14:00:00,4.706,4.745,4.678,4.745,168643.16969846
2025-05-21 15:00:00,4.745,4.775,4.709,4.758,227576.93661728
2025-05-21 16:00:00,4.759,4.878,4.746,4.829,200656.5388043
2025-05-21 17:00:00,4.829,4.849,4.612,4.649,550103.64024984
2025-05-21 18:00:00,4.65,4.731,4.626,4.689,268768.548156
2025-05-21 19:00:00,4.69,4.762,4.671,4.754,110555.6886429
2025-05-21 20:00:00,4.753,4.765,4.707,4.734,57677.73864359
2025-05-21 21:00:00,4.735,4.745,4.71,4.71,55426.32192409
2025-05-21 22:00:00,4.709,4.756,4.705,4.749,125861.03266176
2025-05-21 23:00:00,4.749,4.801,4.722,4.74,247719.7227138
2025-05-22 00:00:00,4.74,4.802,4.731,4.801,189442.31114657
2025-05-22 01:00:00,4.801,4.814,4.765,4.775,97038.7019978
2025-05-22 02:00:00,4.776,4.817,4.772,4.806,73615.21871374
2025-05-22 03:00:00,4.808,4.862,4.798,4.841,99594.94833376
2025-05-22 04:00:00,4.844,4.862,4.826,4.858,68974.55337383
2025-05-22 05:00:00,4.858,4.865,4.807,4.809,106248.72451736
2025-05-22 06:00:00,4.81,4.829,4.783,4.79,122049.62838278
2025-05-22 07:00:00,4.792,4.858,4.787,4.856,124249.81433489
2025-05-22 08:00:00,4.856,4.915,4.848,4.89,119896.20264991
2025-05-22 09:00:00,4.892,4.951,4.884,4.906,127074.93816092
2025-05-22 10:00:00,4.906,4.914,4.874,4.876,62821.64427852
2025-05-22 11:00:00,4.876,4.891,4.847,4.88,92969.15869321
2025-05-22 12:00:00,4.881,4.91,4.859,4.904,122325.13999686
2025-05-22 13:00:00,4.904,4.906,4.845,4.856,188534.39794469
2025-05-22 14:00:00,4.857,4.937,4.857,4.921,160048.24616653
2025-05-22 15:00:00,4.922,4.977,4.913,4.933,101844.3364409
2025-05-22 16:00:00,4.933,4.966,4.912,4.92,88363.82494248
2025-05-22 17:00:00,4.921,4.962,4.908,4.942,46747.2958457
2025-05-22 18:00:00,4.942,4.958,4.929,4.945,33917.9680182
2025-05-22 19:00:00,4.945,4.95,4.889,4.9,72717.93541772
2025-05-22 20:00:00,4.904,4.935,4.895,4.897,84861.89961708
2025-05-22 21:00:00,4.896,4.912,4.882,4.901,34537.37211915
2025-05-22 22:00:00,4.904,4.948,4.903,4.916,69453.37794376
2025-05-22 23:00:00,4.916,4.959,4.916,4.947,92232.3390602
2025-05-23 00:00:00,4.949,4.987,4.931,4.958,121605.89075538
2025-05-23 01:00:00,4.96,5.013,4.938,4.99,76985.73432852
2025-05-23 02:00:00,4.989,5.1,4.982,5.068,600555.74961675
2025-05-23 03:00:00,5.064,5.11,5.064,5.105,107184.16164789
2025-05-23 04:00:00,5.104,5.118,5.003,5.039,150107.36784386
2025-05-23 05:00:00,5.038,5.042,4.972,5.0,89154.03063468
2025-05-23 06:00:00,5.001,5.004,4.9,4.917,180267.68804631
2025-05-23 07:00:00,4.916,4.966,4.909,4.921,88755.52633053
2025-05-23 08:00:00,4.927,4.976,4.926,4.964,67160.33203012
2025-05-23 09:00:00,4.964,5.014,4.951,5.003,69750.61491866
2025-05-23 10:00:00,5.003,5.003,4.937,4.964,98168.76617394
2025-05-23 11:00:00,4.964,4.965,4.715,4.742,577577.84492064
2025-05-23 12:00:00,4.743,4.748,4.594,4.683,724124.25182331
2025-05-23 13:00:00,4.685,4.775,4.658,4.768,214586.08135639
2025-05-23 14:00:00,4.77,4.818,4.749,4.78,178481.86435624
2025-05-23 15:00:00,4.781,4.793,4.71,4.714,106493.95049238
2025-05-23 16:00:00,4.716,4.742,4.676,4.734,196366.10196152
2025-05-23 17:00:00,4.732,4.768,4.728,4.744,68992.00016447
2025-05-23 18:00:00,4.744,4.76,4.689,4.7,131956.25553075
2025-05-23 19:00:00,4.699,4.73,4.687,4.692,70507.99070236
2025-05-23 20:00:00,4.69,4.691,4.641,4.648,71171.73542549
2025-05-23 21:00:00,4.65,4.678,4.621,4.64,102282.72379673
2025-05-23 22:00:00,4.641,4.669,4.607,4.608,86525.44068366
2025-05-23 23:00:00,4.607,4.617,4.529,4.559,253593.70142471
2025-05-24 00:00:00,4.557,4.607,4.539,4.568,133155.31289944
2025-05-24 01:00:00,4.567,4.61,4.565,4.577,68802.52136846
2025-05-24 02:00:00,4.575,4.616,4.562,4.607,67251.51381591
2025-05-24 03:00:00,4.607,4.632,4.603,4.614,44892.84765103
2025-05-24 04:00:00,4.614,4.63,4.596,4.62,88213.05799818
2025-05-24 05:00:00,4.619,4.621,4.581,4.597,126611.24168116
2025-05-24 06:00:00,4.597,4.611,4.563,4.587,68548.51725096
2025-05-24 07:00:00,4.588,4.616,4.58,4.591,70145.63761371
2025-05-24 08:00:00,4.59,4.611,4.574,4.607,64282.79795201
2025-05-24 09:00:00,4.606,4.617,4.586,4.589,43402.3592767
2025-05-24 10:00:00,4.589,4.631,4.584,4.617,60095.60043688
2025-05-24 11:00:00,4.617,4.631,4.605,4.607,55092.54576625
2025-05-24 12:00:00,4.607,4.615,4.585,4.595,66085.28002643
2025-05-24 13:00:00,4.595,4.596,4.566,4.567,42386.90711524
2025-05-24 14:00:00,4.567,4.589,4.558,4.587,66831.89018973
2025-05-24 15:00:00,4.586,4.597,4.557,4.569,54565.68010634
2025-05-24 16:00:00,4.568,4.589,4.542,4.577,85259.28385165
2025-05-24 17:00:00,4.578,4.599,4.576,4.583,51754.49799991
2025-05-24 18:00:00,4.581,4.609,4.565,4.57,37771.42770547
2025-05-24 19:00:00,4.568,4.593,4.564,4.591,41439.8616052
2025-05-24 20:00:00,4.591,4.606,4.582,4.588,26894.50216054
2025-05-24 21:00:00,4.59,4.59,4.543,4.573,69654.67422333
2025-05-24 22:00:00,4.568,4.568,4.526,4.53,62276.60433069
2025-05-24 23:00:00,4.53,4.554,4.512,4.545,60424.62762689
2025-05-25 00:00:00,4.544,4.563,4.47,4.486,232237.45063458
2025-05-25 01:00:00,4.486,4.499,4.455,4.477,105653.32678316
2025-05-25 02:00:00,4.478,4.515,4.458,4.511,58704.22788822
2025-05-25 03:00:00,4.51,4.529,4.51,4.517,29873.39385439
2025-05-25 04:00:00,4.517,4.542,4.503,4.541,33037.92160465
2025-05-25 05:00:00,4.54,4.547,4.526,4.545,22640.9462856
2025-05-25 06:00:00,4.546,4.547,4.522,4.533,31920.58198411
2025-05-25 07:00:00,4.534,4.534,4.492,4.508,61135.19014975
2025-05-25 08:00:00,4.51,4.51,4.436,4.46,118669.44062334
2025-05-25 09:00:00,4.459,4.47,4.425,4.459,115061.49372577
2025-05-25 10:00:00,4.461,4.469,4.436,4.44,81584.48415052
2025-05-25 11:00:00,4.439,4.464,4.433,4.456,65637.64997587
2025-05-25 12:00:00,4.455,4.486,4.433,4.481,68494.72709748
2025-05-25 13:00:00,4.48,4.49,4.46,4.467,39251.00197842
2025-05-25 14:00:00,4.466,4.472,4.417,4.434,66959.66291363
2025-05-25 15:00:00,4.436,4.441,4.346,4.41,386856.90482857
2025-05-25 16:00:00,4.41,4.41,4.366,4.406,73669.23109644
2025-05-25 17:00:00,4.406,4.421,4.395,4.413,19750.50369995
2025-05-25 18:00:00,4.414,4.436,4.408,4.419,32974.42896796
2025-05-25 19:00:00,4.418,4.46,4.41,4.443,53086.00839563
2025-05-25 20:00:00,4.443,4.447,4.42,4.424,35952.9253735
2025-05-25 21:00:00,4.425,4.444,4.397,4.408,40401.22236596
2025-05-25 22:00:00,4.411,4.513,4.403,4.512,140375.3102013
2025-05-25 23:00:00,4.513,4.529,4.485,4.522,60548.19317822
2025-05-26 00:00:00,4.523,4.567,4.493,4.564,79534.12679146
2025-05-26 01:00:00,4.566,4.573,4.533,4.556,82025.74241173
2025-05-26 02:00:00,4.556,4.559,4.524,4.53,41757.52356044
2025-05-26 03:00:00,4.53,4.571,4.523,4.561,87980.57162557
2025-05-26 04:00:00,4.563,4.574,4.548,4.558,185910.74964681
2025-05-26 05:00:00,4.559,4.572,4.548,4.569,24081.4035433
2025-05-26 06:00:00,4.567,4.588,4.56,4.582,74816.86252821
2025-05-26 07:00:00,4.582,4.616,4.582,4.605,120705.82047933
2025-05-26 08:00:00,4.607,4.608,4.564,4.571,58488.73555781
2025-05-26 09:00:00,4.572,4.589,4.555,4.559,72490.59532468
2025-05-26 10:00:00,4.561,4.571,4.535,4.548,76548.95082974
2025-05-26 11:00:00,4.548,4.549,4.512,4.52,74045.04902887
2025-05-26 12:00:00,4.522,4.551,4.504,4.539,88276.47843798
2025-05-26 13:00:00,4.54,4.554,4.483,4.495,114487.69385929
2025-05-26 14:00:00,4.493,4.531,4.465,4.49,181184.38527751
2025-05-26 15:00:00,4.49,4.55,4.475,4.526,96648.57543795
2025-05-26 16:00:00,4.527,4.547,4.461,4.485,132393.48060348
2025-05-26 17:00:00,4.484,4.499,4.426,4.441,130723.77595834
2025-05-26 18:00:00,4.441,4.479,4.43,4.45,51192.42478242
2025-05-26 19:00:00,4.449,4.466,4.436,4.448,51067.87967597
2025-05-26 20:00:00,4.446,4.485,4.434,4.483,42363.75333952
2025-05-26 21:00:00,4.484,4.487,4.458,4.47,25019.93721814
2025-05-26 22:00:00,4.469,4.499,4.449,4.453,29557.44836889
2025-05-26 23:00:00,4.453,4.469,4.439,4.466,34260.84464599
2025-05-27 00:00:00,4.468,4.492,4.44,4.441,42845.16461738
2025-05-27 01:00:00,4.439,4.439,4.369,4.409,168266.10024963
2025-05-27 02:00:00,4.408,4.435,4.406,4.417,48167.16478387
2025-05-27 03:00:00,4.417,4.456,4.417,4.426,74208.28365547
2025-05-27 04:00:00,4.427,4.464,4.425,4.443,35489.20361684
2025-05-27 05:00:00,4.443,4.466,4.425,4.465,31527.82650411
2025-05-27 06:00:00,4.465,4.532,4.465,4.484,109719.12578552
2025-05-27 07:00:00,4.484,4.536,4.484,4.519,63525.24661339
2025-05-27 08:00:00,4.52,4.567,4.52,4.563,85622.38723422
2025-05-27 09:00:00,4.563,4.572,4.546,4.561,84437.41449327
2025-05-27 10:00:00,4.561,4.57,4.552,4.559,39960.33212787
2025-05-27 11:00:00,4.559,4.564,4.533,4.56,51178.62833848
2025-05-27 12:00:00,4.56,4.576,4.539,4.563,43447.2029731
2025-05-27 13:00:00,4.565,4.615,4.55,4.553,181460.33507374
2025-05-27 14:00:00,4.554,4.575,4.495,4.533,113800.8789788
2025-05-27 15:00:00,4.533,4.588,4.517,4.582,64871.75615288
2025-05-27 16:00:00,4.582,4.61,4.576,4.592,65447.18496675
2025-05-27 17:00:00,4.594,4.614,4.574,4.59,61304.70241948
2025-05-27 18:00:00,4.589,4.601,4.564,4.569,43079.0950043
2025-05-27 19:00:00,4.568,4.572,4.551,4.554,28497.45973658
2025-05-27 20:00:00,4.554,4.588,4.549,4.569,67318.56144211
2025-05-27 21:00:00,4.569,4.586,4.535,4.545,60585.91803281
2025-05-27 22:00:00,4.546,4.549,4.515,4.536,76132.45673566
2025-05-27 23:00:00,4.536,4.541,4.52,4.536,33587.52576955
2025-05-28 00:00:00,4.536,4.553,4.506,4.553,48069.92600177
2025-05-28 01:00:00,4.553,4.562,4.511,4.515,45698.63905589
2025-05-28 02:00:00,4.516,4.523,4.485,4.516,89953.34290559
2025-05-28 03:00:00,4.516,4.556,4.509,4.547,79744.92685121
2025-05-28 04:00:00,4.547,4.574,4.52,4.554,41639.2029035
2025-05-28 05:00:00,4.556,4.557,4.53,4.533,34892.91953398
2025-05-28 06:00:00,4.531,4.531,4.494,4.504,51517.91507006
2025-05-28 07:00:00,4.502,4.553,4.499,4.534,54047.43268899
2025-05-28 08:00:00,4.536,4.566,4.517,4.556,43987.00311577
2025-05-28 09:00:00,4.556,4.561,4.519,4.532,42284.72158905
2025-05-28 10:00:00,4.532,4.564,4.504,4.563,51200.75904135
2025-05-28 11:00:00,4.563,4.615,4.563,4.614,74595.05366954
2025-05-28 12:00:00,4.614,4.66,4.592,4.631,125178.5422657
2025-05-28 13:00:00,4.634,4.647,4.547,4.562,164024.30015973
2025-05-28 14:00:00,4.56,4.574,4.514,4.518,124574.7869217
2025-05-28 15:00:00,4.517,4.537,4.472,4.486,161140.28652219
2025-05-28 16:00:00,4.488,4.52,4.483,4.52,49421.99158244
2025-05-28 17:00:00,4.521,4.556,4.499,4.518,52617.51298645
2025-05-28 18:00:00,4.517,4.526,4.457,4.457,46104.1858521
2025-05-28 19:00:00,4.457,4.492,4.416,4.422,74807.07000011
2025-05-28 20:00:00,4.422,4.483,4.417,4.48,102765.27880406
2025-05-28 21:00:00,4.48,4.51,4.461,4.505,53515.98133552
2025-05-28 22:00:00,4.502,4.511,4.478,4.503,20363.54120289
2025-05-28 23:00:00,4.503,4.597,4.501,4.586,100805.3965124
2025-05-29 00:00:00,4.588,4.645,4.562,4.645,145284.24967102
2025-05-29 01:00:00,4.645,4.646,4.587,4.622,177120.4802644
2025-05-29 02:00:00,4.624,4.678,4.599,4.672,136898.59146083
2025-05-29 03:00:00,4.672,4.682,4.622,4.627,128118.94270236
2025-05-29 04:00:00,4.629,4.634,4.522,4.558,172236.91514696
2025-05-29 05:00:00,4.559,4.572,4.54,4.55,87687.39098492
2025-05-29 06:00:00,4.55,4.582,4.549,4.567,42255.12281493
2025-05-29 07:00:00,4.568,4.574,4.549,4.555,30199.92959748
2025-05-29 08:00:00,4.555,4.575,4.538,4.558,93645.12057991
2025-05-29 09:00:00,4.556,4.566,4.54,4.557,44239.75061586
2025-05-29 10:00:00,4.557,4.582,4.544,4.581,66163.96274788
2025-05-29 11:00:00,4.58,4.597,4.568,4.585,57982.40988288
2025-05-29 12:00:00,4.583,4.586,4.516,4.534,77118.55682566
2025-05-29 13:00:00,4.533,4.568,4.497,4.507,117248.99328404
2025-05-29 14:00:00,4.507,4.531,4.453,4.527,183683.61076531
2025-05-29 15:00:00,4.528,4.535,4.49,4.495,48123.69399599
2025-05-29 16:00:00,4.497,4.518,4.472,4.472,88676.45737051
2025-05-29 17:00:00,4.471,4.504,4.463,4.484,108324.89511424
2025-05-29 18:00:00,4.483,4.505,4.441,4.441,86846.00462375
2025-05-29 19:00:00,4.442,4.452,4.4,4.432,125569.07299889
2025-05-29 20:00:00,4.432,4.455,4.417,4.427,148381.7381072
2025-05-29 21:00:00,4.425,4.465,4.42,4.464,74917.60510746
2025-05-29 22:00:00,4.46,4.462,4.407,4.407,76895.26471426
2025-05-29 23:00:00,4.406,4.416,4.328,4.329,210223.0624108
2025-05-30 00:00:00,4.329,4.355,4.101,4.152,1179922.92295128
2025-05-30 01:00:00,4.152,4.235,4.142,4.202,404576.1463322
2025-05-30 02:00:00,4.202,4.237,4.193,4.2,154201.65454657
2025-05-30 03:00:00,4.2,4.228,4.191,4.208,98095.93734736
2025-05-30 04:00:00,4.208,4.219,4.18,4.2,112669.9310619
2025-05-30 05:00:00,4.201,4.222,4.181,4.214,75135.20454225
2025-05-30 06:00:00,4.214,4.216,4.139,4.162,123572.08031195
2025-05-30 07:00:00,4.162,4.212,4.162,4.186,150470.31540956
2025-05-30 08:00:00,4.187,4.209,4.162,4.188,84838.39502906
2025-05-30 09:00:00,4.187,4.214,4.16,4.207,159088.21895135
2025-05-30 10:00:00,4.205,4.215,4.179,4.204,77907.75427232
2025-05-30 11:00:00,4.203,4.222,4.185,4.215,75605.91671626
2025-05-30 12:00:00,4.214,4.222,4.156,4.198,155167.26556903
2025-05-30 13:00:00,4.198,4.21,4.156,4.16,107054.8721506
2025-05-30 14:00:00,4.161,4.207,4.156,4.189,227827.94414708
2025-05-30 15:00:00,4.187,4.208,4.173,4.173,60432.78949921
2025-05-30 16:00:00,4.174,4.192,4.04,4.093,821432.26775014
2025-05-30 17:00:00,4.092,4.135,4.09,4.135,134347.09363866
2025-05-30 18:00:00,4.135,4.182,4.126,4.177,103332.14241955
2025-05-30 19:00:00,4.175,4.194,4.174,4.182,126666.41766811
2025-05-30 20:00:00,4.182,4.185,4.148,4.148,176927.53205729
2025-05-30 21:00:00,4.149,4.165,4.119,4.126,57009.08895852
2025-05-30 22:00:00,4.126,4.136,4.037,4.04,196368.52309664
2025-05-30 23:00:00,4.039,4.069,4.006,4.047,189675.16336999
2025-05-31 00:00:00,4.048,4.063,3.952,3.98,317208.75277518
2025-05-31 01:00:00,3.983,4.019,3.91,3.962,416440.2852074
2025-05-31 02:00:00,3.96,4.005,3.934,3.942,156259.86586669
2025-05-31 03:00:00,3.942,3.967,3.893,3.958,363475.8493034
2025-05-31 04:00:00,3.958,3.989,3.926,3.985,90083.65446444
2025-05-31 05:00:00,3.984,3.993,3.961,3.962,61326.3528036
2025-05-31 06:00:00,3.962,4.006,3.959,3.993,42441.62588837
2025-05-31 07:00:00,3.992,4.01,3.984,3.984,71423.60514832
2025-05-31 08:00:00,3.986,4.01,3.966,3.989,92384.02999148
2025-05-31 09:00:00,3.988,4.002,3.966,3.98,53437.67767072
2025-05-31 10:00:00,3.979,4.015,3.963,3.988,137454.10721549
2025-05-31 11:00:00,3.986,3.989,3.965,3.979,22963.94491122
2025-05-31 12:00:00,3.979,4.057,3.973,4.057,145782.43201332
2025-05-31 13:00:00,4.055,4.084,4.046,4.056,103702.69856748
2025-05-31 14:00:00,4.055,4.093,4.054,4.092,118739.25109984
2025-05-31 15:00:00,4.09,4.119,4.071,4.076,165343.74942633
2025-05-31 16:00:00,4.078,4.119,4.068,4.103,83415.30762914
2025-05-31 17:00:00,4.103,4.104,4.067,4.072,74618.67343264
2025-05-31 18:00:00,4.071,4.1,4.068,4.094,15811.75883945
2025-05-31 19:00:00,4.094,4.109,4.091,4.094,22380.79839408
2025-05-31 20:00:00,4.097,4.104,4.084,4.104,22054.45773107
2025-05-31 21:00:00,4.102,4.116,4.098,4.101,59563.35122484
2025-05-31 22:00:00,4.101,4.105,4.074,4.077,33942.87926083
2025-05-31 23:00:00,4.076,4.096,4.069,4.075,90865.95219273
2025-06-01 00:00:00,4.075,4.076,4.048,4.067,49814.9446857
2025-06-01 01:00:00,4.067,4.086,4.036,4.052,45713.78584574
2025-06-01 02:00:00,4.051,4.072,4.026,4.065,47285.50410846
2025-06-01 03:00:00,4.066,4.082,4.044,4.066,46309.84952591
2025-06-01 04:00:00,4.066,4.099,4.059,4.086,33465.19014645
2025-06-01 05:00:00,4.086,4.095,4.069,4.074,49514.56822945
2025-06-01 06:00:00,4.075,4.076,4.048,4.054,21370.02162824
2025-06-01 07:00:00,4.053,4.055,4.036,4.045,30292.58546751
2025-06-01 08:00:00,4.046,4.049,4.018,4.028,64828.72913937
2025-06-01 09:00:00,4.028,4.038,3.97,3.997,157898.53502324
2025-06-01 10:00:00,3.996,4.011,3.983,4.01,92988.46460447
2025-06-01 11:00:00,4.009,4.035,3.998,4.025,49370.46818923
2025-06-01 12:00:00,4.025,4.032,3.99,4.003,124165.90719776
2025-06-01 13:00:00,4.003,4.029,4.002,4.018,56481.30168773
2025-06-01 14:00:00,4.022,4.065,4.022,4.046,113423.19224136
2025-06-01 15:00:00,4.047,4.054,4.035,4.048,39896.05677082
2025-06-01 16:00:00,4.048,4.086,4.043,4.065,120902.77612456
2025-06-01 17:00:00,4.066,4.07,4.05,4.056,50803.18349305
2025-06-01 18:00:00,4.056,4.057,3.985,4.019,141881.64605102
2025-06-01 19:00:00,4.022,4.04,4.019,4.039,47678.534902
2025-06-01 20:00:00,4.04,4.051,4.022,4.028,51530.53114054
2025-06-01 21:00:00,4.029,4.067,4.026,4.062,44351.21027284
2025-06-01 22:00:00,4.062,4.081,4.051,4.06,35924.24010527
2025-06-01 23:00:00,4.061,4.081,4.06,4.065,51854.11840425
2025-06-02 00:00:00,4.068,4.073,4.053,4.061,38820.13793578
2025-06-02 01:00:00,4.062,4.089,4.06,4.06,40307.78867962
2025-06-02 02:00:00,4.06,4.06,4.022,4.029,62787.62600035
2025-06-02 03:00:00,4.029,4.032,4.001,4.019,65680.01141567
2025-06-02 04:00:00,4.02,4.037,4.013,4.016,23436.14340146
2025-06-02 05:00:00,4.016,4.038,4.008,4.027,33372.9915159
2025-06-02 06:00:00,4.027,4.04,4.01,4.025,122336.58108298
2025-06-02 07:00:00,4.026,4.051,4.009,4.013,49970.57962615
2025-06-02 08:00:00,4.013,4.024,3.97,3.985,88554.69645907
2025-06-02 09:00:00,3.984,3.985,3.954,3.964,88252.11969
2025-06-02 10:00:00,3.963,3.983,3.952,3.967,147928.17438326
2025-06-02 11:00:00,3.964,3.98,3.955,3.969,30446.22471278
2025-06-02 12:00:00,3.969,4.017,3.964,4.013,157629.1396354
2025-06-02 13:00:00,4.013,4.043,3.995,4.009,149058.25997132
2025-06-02 14:00:00,4.009,4.055,4.0,4.027,103546.94098029
2025-06-02 15:00:00,4.027,4.048,4.012,4.033,72799.83628705
2025-06-02 16:00:00,4.033,4.045,4.016,4.039,39613.57469333
2025-06-02 17:00:00,4.039,4.05,4.023,4.044,72517.33532464
2025-06-02 18:00:00,4.044,4.062,4.03,4.037,62180.96401002
2025-06-02 19:00:00,4.038,4.055,4.011,4.034,49953.97868592
2025-06-02 20:00:00,4.037,4.082,4.037,4.081,35618.10530671
2025-06-02 21:00:00,4.083,4.128,4.083,4.127,109401.3209214
2025-06-02 22:00:00,4.127,4.171,4.127,4.145,67136.99226247
2025-06-02 23:00:00,4.147,4.16,4.139,4.146,131981.24877489
2025-06-03 00:00:00,4.147,4.182,4.141,4.18,76705.05082137
2025-06-03 01:00:00,4.18,4.22,4.178,4.215,133444.68957325
2025-06-03 02:00:00,4.215,4.222,4.17,4.176,176314.77195765
2025-06-03 03:00:00,4.176,4.183,4.146,4.149,82198.91634099
2025-06-03 04:00:00,4.149,4.153,4.124,4.13,68042.8194661
2025-06-03 05:00:00,4.13,4.172,4.13,4.169,40789.19447488
2025-06-03 06:00:00,4.169,4.181,4.158,4.181,27998.8542259
2025-06-03 07:00:00,4.179,4.189,4.162,4.165,110573.83591339
2025-06-03 08:00:00,4.165,4.175,4.136,4.155,82014.3637971
2025-06-03 09:00:00,4.155,4.17,4.141,4.163,42845.04054495
2025-06-03 10:00:00,4.164,4.18,4.161,4.174,46318.85989795
2025-06-03 11:00:00,4.174,4.182,4.149,4.153,19994.86912004
2025-06-03 12:00:00,4.153,4.165,4.131,4.144,71335.49505444
2025-06-03 13:00:00,4.146,4.176,4.138,4.157,96013.01013899
2025-06-03 14:00:00,4.157,4.207,4.138,4.199,208824.78532671
2025-06-03 15:00:00,4.2,4.207,4.176,4.184,88380.73845009
2025-06-03 16:00:00,4.185,4.199,4.169,4.17,68234.97180392
2025-06-03 17:00:00,4.171,4.205,4.166,4.192,42245.22022991
2025-06-03 18:00:00,4.191,4.191,4.166,4.182,133245.6563486
2025-06-03 19:00:00,4.181,4.206,4.18,4.194,21984.9896758
2025-06-03 20:00:00,4.195,4.195,4.125,4.15,108860.70526431
2025-06-03 21:00:00,4.149,4.161,4.097,4.117,85455.56543334
2025-06-03 22:00:00,4.117,4.161,4.114,4.156,88683.0141615
2025-06-03 23:00:00,4.156,4.159,4.133,4.137,24804.93010488
2025-06-04 00:00:00,4.137,4.166,4.124,4.162,71388.77954362
2025-06-04 01:00:00,4.164,4.206,4.164,4.18,109821.27330939
2025-06-04 02:00:00,4.18,4.205,4.17,4.173,18723.28774149
2025-06-04 03:00:00,4.174,4.206,4.17,4.19,53351.29308125
2025-06-04 04:00:00,4.191,4.209,4.188,4.2,42911.14741991
2025-06-04 05:00:00,4.201,4.215,4.182,4.185,40392.53543493
2025-06-04 06:00:00,4.185,4.21,4.175,4.196,17689.04172889
2025-06-04 07:00:00,4.196,4.204,4.171,4.184,29909.64477091
2025-06-04 08:00:00,4.188,4.206,4.17,4.17,37152.99271866
2025-06-04 09:00:00,4.171,4.181,4.156,4.175,27532.31347892
2025-06-04 10:00:00,4.175,4.186,4.145,4.148,26263.30981207
2025-06-04 11:00:00,4.148,4.157,4.128,4.13,50147.82265181
2025-06-04 12:00:00,4.131,4.136,4.072,4.076,416659.30924328
2025-06-04 13:00:00,4.076,4.101,4.056,4.069,139720.97102262
2025-06-04 14:00:00,4.069,4.088,4.035,4.087,157839.25877662
2025-06-04 15:00:00,4.088,4.118,4.075,4.107,58164.83324115
2025-06-04 16:00:00,4.107,4.108,4.082,4.09,99141.7192704
2025-06-04 17:00:00,4.09,4.09,4.031,4.054,62788.85975031
2025-06-04 18:00:00,4.054,4.073,4.044,4.054,27754.55529357
2025-06-04 19:00:00,4.053,4.068,4.038,4.04,19373.4201112
2025-06-04 20:00:00,4.039,4.043,3.991,4.007,129290.99524445
2025-06-04 21:00:00,4.007,4.045,3.984,4.038,92455.51155086
2025-06-04 22:00:00,4.038,4.044,4.017,4.03,33684.77506098
2025-06-04 23:00:00,4.029,4.034,4.004,4.007,57918.6878761
2025-06-05 00:00:00,4.007,4.031,3.997,4.029,36076.85778234
2025-06-05 01:00:00,4.028,4.042,4.005,4.015,40660.6246427
2025-06-05 02:00:00,4.017,4.047,4.016,4.026,143385.0092426
2025-06-05 03:00:00,4.022,4.039,4.016,4.033,43089.68869698
2025-06-05 04:00:00,4.034,4.057,4.028,4.053,38239.00879362
2025-06-05 05:00:00,4.054,4.056,4.015,4.022,41012.04950119
2025-06-05 06:00:00,4.022,4.039,4.009,4.016,98937.4010416
2025-06-05 07:00:00,4.016,4.054,4.009,4.029,118068.67820418
2025-06-05 08:00:00,4.03,4.04,4.004,4.008,132559.34371536
2025-06-05 09:00:00,4.008,4.033,4.008,4.032,41715.21948013
2025-06-05 10:00:00,4.03,4.032,3.986,4.01,162481.37043845
2025-06-05 11:00:00,4.009,4.013,3.996,4.007,32267.63819358
2025-06-05 12:00:00,4.006,4.072,3.997,4.061,242690.39903323
2025-06-05 13:00:00,4.062,4.077,3.995,4.001,201956.70960414
2025-06-05 14:00:00,3.999,4.045,3.96,4.026,298852.50013122
2025-06-05 15:00:00,4.024,4.037,4.012,4.018,57334.79197482
2025-06-05 16:00:00,4.017,4.019,3.951,3.966,397307.95916204
2025-06-05 17:00:00,3.966,3.994,3.966,3.987,79226.31453183
2025-06-05 18:00:00,3.987,3.992,3.941,3.972,101265.86045179
2025-06-05 19:00:00,3.972,3.973,3.826,3.893,700173.55581419
2025-06-05 20:00:00,3.894,3.912,3.737,3.748,695617.51510523
2025-06-05 21:00:00,3.75,3.83,3.744,3.821,230282.33982223
2025-06-05 22:00:00,3.818,3.84,3.784,3.826,87077.99752999
2025-06-05 23:00:00,3.826,3.843,3.81,3.813,98992.4975343
2025-06-06 00:00:00,3.814,3.861,3.8,3.858,98650.55965712
2025-06-06 01:00:00,3.859,3.869,3.844,3.865,93549.14334351
2025-06-06 02:00:00,3.867,3.892,3.843,3.891,77620.83608294
2025-06-06 03:00:00,3.89,3.92,3.879,3.914,80060.24187755
2025-06-06 04:00:00,3.915,3.921,3.892,3.92,50457.70656028
2025-06-06 05:00:00,3.919,3.922,3.896,3.901,43195.45529188
2025-06-06 06:00:00,3.901,3.918,3.888,3.903,72586.27001942
2025-06-06 07:00:00,3.904,3.913,3.877,3.879,54971.54141921
2025-06-06 08:00:00,3.881,3.892,3.87,3.878,81847.67576508
2025-06-06 09:00:00,3.878,3.907,3.878,3.882,43652.90504029
2025-06-06 10:00:00,3.882,3.906,3.881,3.899,27363.97754148
2025-06-06 11:00:00,3.9,3.918,3.896,3.909,64858.32377658
2025-06-06 12:00:00,3.91,3.962,3.908,3.929,173770.8733576
2025-06-06 13:00:00,3.93,3.979,3.93,3.954,108625.76167998
2025-06-06 14:00:00,3.956,3.98,3.951,3.98,69317.81960173
2025-06-06 15:00:00,3.981,3.994,3.957,3.97,104514.97244073
2025-06-06 16:00:00,3.969,3.982,3.942,3.949,75681.30301866
2025-06-06 17:00:00,3.952,3.953,3.919,3.94,86014.72381612
2025-06-06 18:00:00,3.94,3.944,3.896,3.901,140538.58484899
2025-06-06 19:00:00,3.9,3.904,3.882,3.894,85961.9436714
2025-06-06 20:00:00,3.892,3.914,3.888,3.898,56976.37577772
2025-06-06 21:00:00,3.898,3.912,3.883,3.906,80023.02073184
2025-06-06 22:00:00,3.907,3.907,3.884,3.896,58981.9007047
2025-06-06 23:00:00,3.897,3.897,3.876,3.885,41001.33209376
2025-06-07 00:00:00,3.886,3.93,3.869,3.93,78073.89012402
2025-06-07 01:00:00,3.93,3.937,3.911,3.925,48154.77563803
2025-06-07 02:00:00,3.923,3.958,3.918,3.956,63518.50206629
2025-06-07 03:00:00,3.955,3.982,3.953,3.979,56039.38453132
2025-06-07 04:00:00,3.981,3.982,3.96,3.97,48096.79906155
2025-06-07 05:00:00,3.971,4.01,3.964,4.009,108016.32792046
2025-06-07 06:00:00,4.009,4.029,3.992,4.027,132433.57868348
2025-06-07 07:00:00,4.028,4.033,4.009,4.028,136457.78521291
2025-06-07 08:00:00,4.03,4.038,4.009,4.014,53940.7209215
2025-06-07 09:00:00,4.015,4.02,3.988,3.996,47507.01867979
2025-06-07 10:00:00,3.997,4.035,3.997,4.031,83921.10966883
2025-06-07 11:00:00,4.029,4.038,4.02,4.027,36983.82719762
2025-06-07 12:00:00,4.028,4.05,4.025,4.037,63814.51950506
2025-06-07 13:00:00,4.038,4.05,4.029,4.041,55121.53190333
2025-06-07 14:00:00,4.041,4.057,4.033,4.052,44115.4040739
2025-06-07 15:00:00,4.052,4.06,4.026,4.041,78997.82637527
2025-06-07 16:00:00,4.04,4.048,4.013,4.015,50220.91034705
2025-06-07 17:00:00,4.016,4.025,4.006,4.01,23145.54759476
2025-06-07 18:00:00,4.009,4.032,4.009,4.015,43339.61389363
2025-06-07 19:00:00,4.016,4.031,4.015,4.016,17136.77873326
2025-06-07 20:00:00,4.017,4.028,4.016,4.025,26080.86393112
2025-06-07 21:00:00,4.026,4.046,4.025,4.037,25442.12207434
2025-06-07 22:00:00,4.036,4.054,4.03,4.038,23635.34101493
2025-06-07 23:00:00,4.037,4.037,4.019,4.032,54745.86362559
2025-06-08 00:00:00,4.031,4.034,4.014,4.02,55023.46376664
2025-06-08 01:00:00,4.02,4.04,4.013,4.04,32471.27029721
2025-06-08 02:00:00,4.04,4.042,4.025,4.025,23242.30006018
2025-06-08 03:00:00,4.026,4.03,4.018,4.021,27338.09102592
2025-06-08 04:00:00,4.021,4.046,4.015,4.046,37479.36520015
2025-06-08 05:00:00,4.046,4.048,4.024,4.029,33226.94392951
2025-06-08 06:00:00,4.032,4.059,4.029,4.044,46463.83771236
2025-06-08 07:00:00,4.043,4.055,4.02,4.023,35702.2172261
2025-06-08 08:00:00,4.022,4.032,4.017,4.02,58251.04303875
2025-06-08 09:00:00,4.02,4.022,3.977,3.996,97132.97832537
2025-06-08 10:00:00,3.997,4.012,3.987,4.012,58871.07950315
2025-06-08 11:00:00,4.012,4.047,4.011,4.043,89074.45662035
2025-06-08 12:00:00,4.045,4.06,4.032,4.048,138641.88888436
2025-06-08 13:00:00,4.048,4.097,4.035,4.06,163842.19480928
2025-06-08 14:00:00,4.06,4.087,4.057,4.086,142105.64780067
2025-06-08 15:00:00,4.083,4.1,4.071,4.077,60743.74848776
2025-06-08 16:00:00,4.078,4.11,4.078,4.105,47393.30918656
2025-06-08 17:00:00,4.105,4.114,4.065,4.071,63130.94282339
2025-06-08 18:00:00,4.071,4.09,4.064,4.089,36627.39016972
2025-06-08 19:00:00,4.089,4.089,4.066,4.081,24793.57092898
2025-06-08 20:00:00,4.082,4.086,4.053,4.056,52339.38237312
2025-06-08 21:00:00,4.057,4.072,4.052,4.064,24105.79324063
2025-06-08 22:00:00,4.065,4.067,4.024,4.029,111253.66130765
2025-06-08 23:00:00,4.029,4.034,4.019,4.026,44887.58778753
2025-06-09 00:00:00,4.025,4.041,4.01,4.024,59600.33407549
2025-06-09 01:00:00,4.023,4.025,4.0,4.005,30949.75666122
2025-06-09 02:00:00,4.004,4.022,3.995,4.001,47059.09501735
2025-06-09 03:00:00,3.999,4.013,3.987,4.008,44282.96259965
2025-06-09 04:00:00,4.006,4.012,3.987,3.993,64495.31436352
2025-06-09 05:00:00,3.992,3.994,3.971,3.972,50173.80999479
2025-06-09 06:00:00,3.972,3.995,3.965,3.993,43922.47805735
2025-06-09 07:00:00,3.992,4.003,3.981,3.988,36955.38843724
2025-06-09 08:00:00,3.987,4.013,3.974,4.012,63280.17789939
2025-06-09 09:00:00,4.012,4.056,4.003,4.041,143644.56006505
2025-06-09 10:00:00,4.041,4.079,4.035,4.052,190633.20712111
2025-06-09 11:00:00,4.053,4.075,4.045,4.057,81976.11508991
2025-06-09 12:00:00,4.058,4.059,4.024,4.041,143231.14373173
2025-06-09 13:00:00,4.04,4.045,3.983,3.991,233403.22094672
2025-06-09 14:00:00,3.991,4.026,3.991,4.014,91078.70968997
2025-06-09 15:00:00,4.016,4.043,4.013,4.023,65551.32099163
2025-06-09 16:00:00,4.023,4.068,4.022,4.047,104414.98706387
2025-06-09 17:00:00,4.05,4.078,4.049,4.074,48665.98010922
2025-06-09 18:00:00,4.074,4.096,4.063,4.08,93621.9508658
2025-06-09 19:00:00,4.08,4.086,4.054,4.066,25961.0595258
2025-06-09 20:00:00,4.068,4.088,4.065,4.087,28097.77981313
2025-06-09 21:00:00,4.086,4.145,4.086,4.138,118376.4673381
2025-06-09 22:00:00,4.14,4.159,4.132,4.156,70239.00709486
2025-06-09 23:00:00,4.158,4.163,4.131,4.154,78340.22896329
2025-06-10 00:00:00,4.154,4.196,4.149,4.179,87097.37783403
2025-06-10 01:00:00,4.179,4.216,4.167,4.203,67025.33732903
2025-06-10 02:00:00,4.203,4.205,4.167,4.174,70411.83098288
2025-06-10 03:00:00,4.174,4.174,4.146,4.151,70772.45208066
2025-06-10 04:00:00,4.152,4.156,4.125,4.145,59150.6130686
2025-06-10 05:00:00,4.145,4.157,4.105,4.119,101536.20722758
2025-06-10 06:00:00,4.119,4.14,4.097,4.127,45070.10050329
2025-06-10 07:00:00,4.128,4.14,4.107,4.127,55451.04335706
2025-06-10 08:00:00,4.128,4.138,4.104,4.106,53420.06000644
2025-06-10 09:00:00,4.107,4.145,4.105,4.145,86854.86777195
2025-06-10 10:00:00,4.143,4.148,4.11,4.131,107410.77654701
2025-06-10 11:00:00,4.131,4.24,4.112,4.233,363057.5061852
2025-06-10 12:00:00,4.233,4.31,4.219,4.29,374189.7131092
2025-06-10 13:00:00,4.289,4.297,4.211,4.248,308529.41093295
2025-06-10 14:00:00,4.248,4.263,4.192,4.214,183112.97624744
2025-06-10 15:00:00,4.21,4.255,4.19,4.239,210230.62192013
2025-06-10 16:00:00,4.24,4.284,4.232,4.232,175989.69636478
2025-06-10 17:00:00,4.233,4.27,4.231,4.24,83740.63421044
2025-06-10 18:00:00,4.24,4.288,4.225,4.276,118944.78328114
2025-06-10 19:00:00,4.277,4.315,4.256,4.275,100841.94358633
2025-06-10 20:00:00,4.274,4.275,4.233,4.258,111896.83825429
2025-06-10 21:00:00,4.259,4.272,4.232,4.259,127157.1455234
2025-06-10 22:00:00,4.26,4.319,4.26,4.294,104676.04704275
2025-06-10 23:00:00,4.294,4.298,4.264,4.293,83146.23646059
2025-06-11 00:00:00,4.293,4.312,4.263,4.265,107340.8931071
2025-06-11 01:00:00,4.266,4.268,4.238,4.252,69728.50818694
2025-06-11 02:00:00,4.251,4.268,4.244,4.256,62831.89512376
2025-06-11 03:00:00,4.255,4.282,4.249,4.276,71446.68414031
2025-06-11 04:00:00,4.274,4.278,4.259,4.265,101868.29234424
2025-06-11 05:00:00,4.266,4.278,4.251,4.278,41057.54705027
2025-06-11 06:00:00,4.278,4.298,4.27,4.294,90414.90037063
2025-06-11 07:00:00,4.294,4.333,4.286,4.314,120255.31938112
2025-06-11 08:00:00,4.313,4.323,4.269,4.282,120191.0602297
2025-06-11 09:00:00,4.282,4.29,4.243,4.247,103502.97149271
2025-06-11 10:00:00,4.248,4.261,4.234,4.259,67198.92925765
2025-06-11 11:00:00,4.262,4.264,4.21,4.228,168184.98482337
2025-06-11 12:00:00,4.23,4.308,4.214,4.283,394440.25631934
2025-06-11 13:00:00,4.283,4.3,4.26,4.273,95709.72012133
2025-06-11 14:00:00,4.272,4.343,4.267,4.306,191061.10987686
2025-06-11 15:00:00,4.306,4.342,4.288,4.331,184223.36282419
2025-06-11 16:00:00,4.333,4.339,4.303,4.314,78417.34868064
2025-06-11 17:00:00,4.313,4.313,4.253,4.253,130725.18861721
2025-06-11 18:00:00,4.253,4.261,4.222,4.234,121846.913361
2025-06-11 19:00:00,4.234,4.259,4.218,4.243,125818.27725316
2025-06-11 20:00:00,4.242,4.257,4.208,4.236,132781.72884467
2025-06-11 21:00:00,4.238,4.266,4.162,4.174,185782.0827196
2025-06-11 22:00:00,4.172,4.195,4.145,4.166,90337.3523456
2025-06-11 23:00:00,4.166,4.195,4.163,4.188,43765.8705998
2025-06-12 00:00:00,4.187,4.203,4.149,4.174,89425.56518172
2025-06-12 01:00:00,4.172,4.187,4.137,4.184,169050.03142866
2025-06-12 02:00:00,4.185,4.199,4.152,4.16,47141.00313197
2025-06-12 03:00:00,4.16,4.164,4.123,4.14,73927.88591054
2025-06-12 04:00:00,4.139,4.145,4.117,4.136,75537.14899136
2025-06-12 05:00:00,4.135,4.146,4.11,4.131,40921.84426381
2025-06-12 06:00:00,4.129,4.138,4.095,4.111,167229.66953105
2025-06-12 07:00:00,4.11,4.119,4.056,4.057,150138.65777106
2025-06-12 08:00:00,4.056,4.064,4.001,4.058,271512.33638756
2025-06-12 09:00:00,4.058,4.079,4.042,4.079,52456.25839684
2025-06-12 10:00:00,4.08,4.082,4.042,4.054,88871.34709751
2025-06-12 11:00:00,4.052,4.056,4.01,4.012,88744.77601538
2025-06-12 12:00:00,4.015,4.073,4.006,4.063,83286.95370285
2025-06-12 13:00:00,4.062,4.096,4.061,4.078,108043.02628473
2025-06-12 14:00:00,4.081,4.103,4.081,4.09,57701.28491355
2025-06-12 15:00:00,4.091,4.101,4.016,4.026,168169.01140422
2025-06-12 16:00:00,4.025,4.069,4.02,4.061,104157.67570912
2025-06-12 17:00:00,4.06,4.096,4.054,4.079,98024.68734335
2025-06-12 18:00:00,4.079,4.082,4.021,4.039,95551.17565913
2025-06-12 19:00:00,4.038,4.048,3.967,3.979,169737.703399
2025-06-12 20:00:00,3.977,3.994,3.905,3.932,293305.37900315
2025-06-12 21:00:00,3.928,3.973,3.924,3.926,153558.44033516
2025-06-12 22:00:00,3.926,3.94,3.912,3.921,183015.9902851
2025-06-12 23:00:00,3.92,3.934,3.908,3.918,75772.61533086
2025-06-13 00:00:00,3.918,3.918,3.701,3.757,1523904.64016355
2025-06-13 01:00:00,3.756,3.756,3.661,3.723,887162.14779841
2025-06-13 02:00:00,3.722,3.738,3.681,3.718,365324.04745944
2025-06-13 03:00:00,3.718,3.796,3.71,3.778,322777.2298831
2025-06-13 04:00:00,3.779,3.79,3.753,3.786,136249.92693066
2025-06-13 05:00:00,3.784,3.805,3.773,3.792,224623.99346071
2025-06-13 06:00:00,3.791,3.827,3.761,3.826,302159.04840306
2025-06-13 07:00:00,3.826,3.833,3.799,3.823,279710.59911474
2025-06-13 08:00:00,3.823,3.853,3.796,3.809,324967.55858351
2025-06-13 09:00:00,3.808,3.818,3.785,3.807,193488.97763209
2025-06-13 10:00:00,3.808,3.855,3.793,3.836,362410.62629182
2025-06-13 11:00:00,3.838,3.849,3.81,3.842,115557.59046685
2025-06-13 12:00:00,3.844,3.857,3.81,3.821,203811.97142785
2025-06-13 13:00:00,3.821,3.85,3.808,3.819,203110.52642492
2025-06-13 14:00:00,3.819,3.838,3.782,3.812,418092.32313366
2025-06-13 15:00:00,3.813,3.85,3.804,3.823,152739.55041205
2025-06-13 16:00:00,3.825,3.859,3.812,3.842,142730.56286288
2025-06-13 17:00:00,3.842,3.842,3.809,3.841,91215.39833524
2025-06-13 18:00:00,3.841,3.847,3.757,3.773,376720.92588336
2025-06-13 19:00:00,3.773,3.786,3.75,3.768,226047.03231901
2025-06-13 20:00:00,3.767,3.823,3.759,3.813,372931.87408947
2025-06-13 21:00:00,3.813,3.832,3.793,3.814,90258.52372961
2025-06-13 22:00:00,3.816,3.837,3.811,3.827,106331.28078077
2025-06-13 23:00:00,3.828,3.85,3.825,3.837,174592.01523376
2025-06-14 00:00:00,3.836,3.846,3.816,3.823,178770.60172806
2025-06-14 01:00:00,3.825,3.825,3.798,3.805,100913.33500494
2025-06-14 02:00:00,3.805,3.814,3.796,3.807,62797.66275434
2025-06-14 03:00:00,3.809,3.823,3.807,3.819,42366.94206814
2025-06-14 04:00:00,3.818,3.83,3.812,3.822,26141.71597984
2025-06-14 05:00:00,3.822,3.829,3.811,3.826,31082.15498119
2025-06-14 06:00:00,3.825,3.827,3.808,3.811,59547.54633315
2025-06-14 07:00:00,3.811,3.818,3.786,3.812,78537.77258441
2025-06-14 08:00:00,3.811,3.811,3.791,3.8,30541.35130998
2025-06-14 09:00:00,3.802,3.803,3.783,3.785,56000.5928568
2025-06-14 10:00:00,3.786,3.803,3.778,3.795,36640.97438586
2025-06-14 11:00:00,3.796,3.81,3.792,3.805,21753.19294437
2025-06-14 12:00:00,3.804,3.809,3.783,3.805,42260.41902425
2025-06-14 13:00:00,3.805,3.816,3.783,3.797,104063.4909223
2025-06-14 14:00:00,3.795,3.795,3.77,3.777,140043.00837944
2025-06-14 15:00:00,3.777,3.784,3.749,3.764,80098.02001255
2025-06-14 16:00:00,3.762,3.768,3.715,3.728,250882.78270245
2025-06-14 17:00:00,3.727,3.764,3.721,3.752,148313.87475045
2025-06-14 18:00:00,3.753,3.768,3.719,3.748,45670.95297049
2025-06-14 19:00:00,3.747,3.766,3.741,3.742,45040.8085762
2025-06-14 20:00:00,3.741,3.747,3.718,3.74,40127.19915282
2025-06-14 21:00:00,3.742,3.784,3.742,3.777,59088.59358563
2025-06-14 22:00:00,3.777,3.792,3.769,3.781,42234.42388819
2025-06-14 23:00:00,3.78,3.792,3.779,3.781,21572.23564262
2025-06-15 00:00:00,3.78,3.796,3.775,3.794,39436.21527054
2025-06-15 01:00:00,3.792,3.796,3.769,3.772,52438.84550638
2025-06-15 02:00:00,3.772,3.792,3.772,3.781,17302.00879164
2025-06-15 03:00:00,3.782,3.793,3.781,3.786,12033.60131537
2025-06-15 04:00:00,3.786,3.801,3.785,3.801,50739.90673227
2025-06-15 05:00:00,3.801,3.816,3.783,3.812,39328.1259166
2025-06-15 06:00:00,3.813,3.817,3.782,3.783,34464.56146244
2025-06-15 07:00:00,3.782,3.782,3.768,3.775,36794.38711543
2025-06-15 08:00:00,3.775,3.78,3.765,3.771,20060.70939334
2025-06-15 09:00:00,3.771,3.771,3.753,3.759,26017.68922101
2025-06-15 10:00:00,3.76,3.79,3.759,3.785,88122.48240192
2025-06-15 11:00:00,3.784,3.788,3.769,3.781,38196.34933526
2025-06-15 12:00:00,3.782,3.797,3.773,3.797,38374.57113316
2025-06-15 13:00:00,3.797,3.812,3.788,3.812,80592.85267091
2025-06-15 14:00:00,3.813,3.832,3.793,3.824,91713.38322328
2025-06-15 15:00:00,3.826,3.829,3.8,3.803,50605.8036685
2025-06-15 16:00:00,3.803,3.81,3.778,3.792,38301.34631166
2025-06-15 17:00:00,3.792,3.794,3.774,3.784,93515.42249616
2025-06-15 18:00:00,3.783,3.786,3.764,3.784,56286.30972631
2025-06-15 19:00:00,3.784,3.797,3.77,3.782,54637.64630995
2025-06-15 20:00:00,3.784,3.785,3.733,3.75,168893.20334128
2025-06-15 21:00:00,3.749,3.77,3.734,3.77,109346.61715292
2025-06-15 22:00:00,3.77,3.822,3.769,3.814,167213.91225245
2025-06-15 23:00:00,3.815,3.828,3.806,3.819,80886.88009275
2025-06-16 00:00:00,3.819,3.825,3.8,3.816,34543.18036068
2025-06-16 01:00:00,3.817,3.838,3.784,3.834,92907.31805606
2025-06-16 02:00:00,3.833,3.857,3.833,3.848,82159.78072713
2025-06-16 03:00:00,3.848,3.852,3.838,3.841,55831.81650307
2025-06-16 04:00:00,3.841,3.866,3.84,3.853,54389.46469176
2025-06-16 05:00:00,3.853,3.887,3.842,3.883,89682.02441466
2025-06-16 06:00:00,3.884,3.9,3.881,3.886,91757.35365523
2025-06-16 07:00:00,3.886,3.904,3.886,3.901,95612.77990457
2025-06-16 08:00:00,3.902,3.914,3.885,3.908,67256.79402667
2025-06-16 09:00:00,3.909,3.915,3.898,3.903,60765.60902658
2025-06-16 10:00:00,3.904,3.916,3.883,3.896,66221.51408419
2025-06-16 11:00:00,3.896,3.911,3.876,3.905,78423.41110222
2025-06-16 12:00:00,3.904,3.911,3.886,3.902,42452.67899423
2025-06-16 13:00:00,3.903,3.943,3.899,3.936,92293.53923321
2025-06-16 14:00:00,3.937,3.956,3.928,3.945,100944.14784461
2025-06-16 15:00:00,3.946,3.96,3.929,3.935,66274.92800937
2025-06-16 16:00:00,3.936,3.978,3.936,3.957,48591.72958562
2025-06-16 17:00:00,3.956,3.977,3.953,3.964,27953.0722801
2025-06-16 18:00:00,3.966,3.985,3.965,3.978,68889.15137405
2025-06-16 19:00:00,3.978,3.99,3.966,3.972,71247.36027766
2025-06-16 20:00:00,3.972,3.99,3.959,3.981,133877.47457895
2025-06-16 21:00:00,3.982,3.989,3.958,3.972,34666.29749744
2025-06-16 22:00:00,3.975,3.982,3.87,3.896,252264.39352052
2025-06-16 23:00:00,3.896,3.92,3.837,3.847,172512.97387478
2025-06-17 00:00:00,3.846,3.885,3.771,3.883,516581.83497893
2025-06-17 01:00:00,3.883,3.89,3.86,3.861,96822.03456435
2025-06-17 02:00:00,3.862,3.887,3.837,3.883,135397.45091449
2025-06-17 03:00:00,3.882,3.897,3.867,3.871,135731.87272653
2025-06-17 04:00:00,3.871,3.873,3.86,3.865,53096.65101445
2025-06-17 05:00:00,3.865,3.874,3.84,3.854,64212.78967105
2025-06-17 06:00:00,3.853,3.865,3.835,3.842,107153.29074061
2025-06-17 07:00:00,3.842,3.853,3.824,3.831,114624.90005923
2025-06-17 08:00:00,3.831,3.834,3.783,3.794,167782.36064594
2025-06-17 09:00:00,3.795,3.808,3.786,3.795,116050.98554961
2025-06-17 10:00:00,3.794,3.797,3.77,3.795,115852.43138619
2025-06-17 11:00:00,3.792,3.792,3.759,3.774,198175.6878993
2025-06-17 12:00:00,3.773,3.786,3.758,3.764,129783.18872856
2025-06-17 13:00:00,3.764,3.789,3.749,3.755,414724.03809131
2025-06-17 14:00:00,3.756,3.789,3.741,3.745,482340.36967685
2025-06-17 15:00:00,3.744,3.746,3.696,3.723,570696.90563888
2025-06-17 16:00:00,3.724,3.727,3.666,3.666,302146.83041943
2025-06-17 17:00:00,3.666,3.719,3.662,3.687,475109.63534667
2025-06-17 18:00:00,3.686,3.725,3.68,3.724,89950.93707041
2025-06-17 19:00:00,3.724,3.767,3.722,3.746,265294.81035368
2025-06-17 20:00:00,3.746,3.754,3.726,3.73,105061.63550359
2025-06-17 21:00:00,3.73,3.736,3.705,3.717,72694.82855895
2025-06-17 22:00:00,3.718,3.719,3.695,3.7,33898.11608547
2025-06-17 23:00:00,3.699,3.734,3.698,3.717,49377.86271417
2025-06-18 00:00:00,3.717,3.749,3.715,3.743,110556.02993006
2025-06-18 01:00:00,3.743,3.758,3.73,3.731,37456.47883333
2025-06-18 02:00:00,3.732,3.745,3.725,3.731,43355.48643953
2025-06-18 03:00:00,3.729,3.757,3.729,3.75,66564.96823055
2025-06-18 04:00:00,3.749,3.778,3.747,3.773,52342.34076772
2025-06-18 05:00:00,3.773,3.784,3.767,3.771,42399.36600494
2025-06-18 06:00:00,3.772,3.775,3.74,3.75,91743.8561952
2025-06-18 07:00:00,3.75,3.753,3.74,3.748,37367.47389682
2025-06-18 08:00:00,3.749,3.758,3.714,3.728,70762.98374136
2025-06-18 09:00:00,3.728,3.733,3.701,3.708,61604.28632728
2025-06-18 10:00:00,3.708,3.709,3.633,3.644,405451.1819498
2025-06-18 11:00:00,3.644,3.696,3.634,3.688,273777.62737303
2025-06-18 12:00:00,3.688,3.696,3.642,3.648,115071.96332337
2025-06-18 13:00:00,3.649,3.65,3.584,3.639,858346.08789933
2025-06-18 14:00:00,3.639,3.69,3.625,3.644,302517.75649007
2025-06-18 15:00:00,3.643,3.657,3.614,3.636,242547.09164246
2025-06-18 16:00:00,3.635,3.639,3.592,3.608,629573.86962958
2025-06-18 17:00:00,3.607,3.628,3.567,3.618,810345.61826519
2025-06-18 18:00:00,3.617,3.645,3.586,3.59,328062.60545194
2025-06-18 19:00:00,3.586,3.635,3.58,3.597,116744.44251625
2025-06-18 20:00:00,3.598,3.672,3.586,3.663,293094.01980028
2025-06-18 21:00:00,3.662,3.672,3.642,3.661,146979.56160636
2025-06-18 22:00:00,3.661,3.668,3.631,3.633,200656.7738494
2025-06-18 23:00:00,3.632,3.647,3.597,3.623,700037.3124408
2025-06-19 00:00:00,3.622,3.657,3.603,3.627,142449.1834618
2025-06-19 01:00:00,3.628,3.628,3.583,3.59,427015.34401643
2025-06-19 02:00:00,3.591,3.61,3.575,3.59,437933.29697433
2025-06-19 03:00:00,3.59,3.608,3.589,3.605,57503.00854436
2025-06-19 04:00:00,3.605,3.607,3.583,3.603,67849.43838778
2025-06-19 05:00:00,3.603,3.616,3.584,3.586,134109.60667128
2025-06-19 06:00:00,3.586,3.595,3.56,3.568,198756.82770212
2025-06-19 07:00:00,3.568,3.58,3.567,3.57,69858.60492913
2025-06-19 08:00:00,3.57,3.585,3.557,3.558,73714.68072108
2025-06-19 09:00:00,3.557,3.588,3.554,3.577,124870.92232759
2025-06-19 10:00:00,3.577,3.584,3.564,3.57,54353.69201582
2025-06-19 11:00:00,3.569,3.58,3.558,3.577,67732.24122281
2025-06-19 12:00:00,3.578,3.59,3.568,3.583,67748.63355637
2025-06-19 13:00:00,3.584,3.594,3.557,3.563,70469.80573365
2025-06-19 14:00:00,3.563,3.579,3.533,3.537,244592.98492785
2025-06-19 15:00:00,3.537,3.559,3.523,3.524,121376.35359903
2025-06-19 16:00:00,3.526,3.537,3.493,3.5,196397.63128373
2025-06-19 17:00:00,3.502,3.568,3.498,3.555,267353.25265424
2025-06-19 18:00:00,3.554,3.579,3.548,3.567,61788.85445518
2025-06-19 19:00:00,3.569,3.576,3.547,3.554,39749.21218372
2025-06-19 20:00:00,3.554,3.57,3.542,3.55,80497.57145032
2025-06-19 21:00:00,3.55,3.566,3.543,3.549,134008.11406098
2025-06-19 22:00:00,3.55,3.571,3.55,3.557,99370.89191031
2025-06-19 23:00:00,3.556,3.557,3.535,3.546,65070.80119043
2025-06-20 00:00:00,3.547,3.562,3.539,3.55,44244.97006797
2025-06-20 01:00:00,3.549,3.552,3.529,3.551,73805.29169132
2025-06-20 02:00:00,3.551,3.552,3.521,3.525,31620.67291406
2025-06-20 03:00:00,3.526,3.526,3.503,3.51,105728.1650885
2025-06-20 04:00:00,3.509,3.513,3.466,3.472,379868.18554731
2025-06-20 05:00:00,3.472,3.49,3.457,3.486,420675.92965788
2025-06-20 06:00:00,3.487,3.498,3.47,3.477,106755.500927
2025-06-20 07:00:00,3.476,3.541,3.47,3.538,190219.0930957
2025-06-20 08:00:00,3.539,3.563,3.528,3.536,190215.30588232
2025-06-20 09:00:00,3.536,3.543,3.515,3.515,95037.17042228
2025-06-20 10:00:00,3.516,3.533,3.497,3.528,117292.54596393
2025-06-20 11:00:00,3.528,3.545,3.522,3.543,41284.30276844
2025-06-20 12:00:00,3.544,3.568,3.544,3.56,105690.27783925
2025-06-20 13:00:00,3.56,3.575,3.536,3.559,148957.76312908
2025-06-20 14:00:00,3.559,3.572,3.474,3.477,218160.66203015
2025-06-20 15:00:00,3.478,3.499,3.462,3.472,244313.85390944
2025-06-20 16:00:00,3.471,3.474,3.42,3.425,381467.14338847
2025-06-20 17:00:00,3.426,3.442,3.328,3.422,1145560.27206644
2025-06-20 18:00:00,3.421,3.443,3.41,3.411,220794.76844167
2025-06-20 19:00:00,3.412,3.427,3.394,3.422,110071.12365722
2025-06-20 20:00:00,3.421,3.454,3.421,3.446,139891.94225201
2025-06-20 21:00:00,3.446,3.451,3.428,3.432,84396.91118651
2025-06-20 22:00:00,3.432,3.433,3.396,3.415,111269.17333645
2025-06-20 23:00:00,3.415,3.439,3.409,3.436,57174.33549576
2025-06-21 00:00:00,3.436,3.452,3.43,3.435,116741.94812404
2025-06-21 01:00:00,3.435,3.461,3.434,3.461,81961.86502554
2025-06-21 02:00:00,3.462,3.463,3.443,3.449,67144.34381289
2025-06-21 03:00:00,3.449,3.461,3.444,3.458,37517.80145882
2025-06-21 04:00:00,3.458,3.461,3.444,3.448,31012.77838095
2025-06-21 05:00:00,3.45,3.484,3.449,3.484,70035.86963279
2025-06-21 06:00:00,3.484,3.494,3.476,3.489,64525.68618133
2025-06-21 07:00:00,3.489,3.494,3.476,3.481,92279.17420003
2025-06-21 08:00:00,3.483,3.506,3.472,3.504,49801.77742054
2025-06-21 09:00:00,3.505,3.505,3.486,3.49,44748.3513751
2025-06-21 10:00:00,3.491,3.496,3.471,3.479,101845.87360618
2025-06-21 11:00:00,3.481,3.481,3.458,3.461,49960.41372554
2025-06-21 12:00:00,3.461,3.466,3.431,3.433,102263.92806554
2025-06-21 13:00:00,3.433,3.443,3.401,3.406,185435.90802544
2025-06-21 14:00:00,3.405,3.418,3.388,3.406,164429.13467154
2025-06-21 15:00:00,3.406,3.414,3.39,3.409,126892.77914437
2025-06-21 16:00:00,3.408,3.416,3.39,3.405,72065.95881547
2025-06-21 17:00:00,3.406,3.423,3.373,3.384,141486.7111055
2025-06-21 18:00:00,3.384,3.414,3.367,3.371,113294.65535047
2025-06-21 19:00:00,3.371,3.376,3.344,3.347,201491.12914068
2025-06-21 20:00:00,3.346,3.381,3.341,3.373,170403.47522685
2025-06-21 21:00:00,3.372,3.375,3.2,3.274,711164.06740523
2025-06-21 22:00:00,3.274,3.317,3.27,3.314,327115.99091134
2025-06-21 23:00:00,3.315,3.329,3.258,3.322,528532.22121723
2025-06-22 00:00:00,3.323,3.361,3.298,3.339,229686.48874834
2025-06-22 01:00:00,3.338,3.348,3.291,3.291,121091.49241399
2025-06-22 02:00:00,3.293,3.309,3.251,3.27,232094.54933508
2025-06-22 03:00:00,3.269,3.277,3.235,3.258,164245.93589523
2025-06-22 04:00:00,3.258,3.287,3.248,3.276,95969.04044567
2025-06-22 05:00:00,3.276,3.292,3.27,3.291,103030.79740028
2025-06-22 06:00:00,3.29,3.321,3.284,3.317,93442.8194831
2025-06-22 07:00:00,3.315,3.324,3.277,3.283,180832.99229194
2025-06-22 08:00:00,3.284,3.299,3.268,3.288,151072.89929474
2025-06-22 09:00:00,3.288,3.303,3.245,3.254,206642.82862744
2025-06-22 10:00:00,3.254,3.294,3.248,3.274,160275.18338677
2025-06-22 11:00:00,3.273,3.296,3.265,3.282,81871.33924385
2025-06-22 12:00:00,3.281,3.296,3.251,3.285,149333.60724222
2025-06-22 13:00:00,3.285,3.293,3.123,3.183,1849312.9505086
2025-06-22 14:00:00,3.182,3.231,3.129,3.227,962406.25238598
2025-06-22 15:00:00,3.227,3.23,3.167,3.173,361374.24075377
2025-06-22 16:00:00,3.172,3.18,3.145,3.164,238598.10615723
2025-06-22 17:00:00,3.164,3.203,3.147,3.182,248876.72792803
2025-06-22 18:00:00,3.183,3.191,3.161,3.165,257444.42681236
2025-06-22 19:00:00,3.165,3.175,3.132,3.145,213285.52081087
2025-06-22 20:00:00,3.145,3.149,3.008,3.106,1684551.65093865
2025-06-22 21:00:00,3.106,3.135,3.064,3.07,243611.00179011
2025-06-22 22:00:00,3.07,3.147,3.068,3.147,328780.09357023
2025-06-22 23:00:00,3.148,3.159,3.13,3.153,214787.53370293
2025-06-23 00:00:00,3.152,3.182,3.135,3.149,404594.8100127
2025-06-23 01:00:00,3.15,3.158,3.122,3.158,103899.80026289
2025-06-23 02:00:00,3.159,3.171,3.148,3.163,130137.81567117
2025-06-23 03:00:00,3.163,3.18,3.154,3.177,93457.32476963
2025-06-23 04:00:00,3.178,3.205,3.165,3.193,80347.10437528
2025-06-23 05:00:00,3.194,3.237,3.194,3.226,262030.55545009
2025-06-23 06:00:00,3.227,3.244,3.209,3.228,207612.83033452
2025-06-23 07:00:00,3.229,3.246,3.197,3.212,105474.63139237
2025-06-23 08:00:00,3.214,3.227,3.198,3.207,94750.43554622
2025-06-23 09:00:00,3.206,3.209,3.187,3.2,213164.50296583
2025-06-23 10:00:00,3.2,3.202,3.174,3.184,89367.63648964
2025-06-23 11:00:00,3.183,3.199,3.169,3.191,104946.24621589
2025-06-23 12:00:00,3.192,3.227,3.178,3.227,98420.88507767
2025-06-23 13:00:00,3.227,3.287,3.187,3.278,434338.3316231
2025-06-23 14:00:00,3.279,3.298,3.24,3.248,393967.45914178
2025-06-23 15:00:00,3.249,3.27,3.203,3.207,207426.80984529
2025-06-23 16:00:00,3.206,3.211,3.111,3.13,523956.49397082
2025-06-23 17:00:00,3.129,3.245,3.119,3.231,486609.53129479
2025-06-23 18:00:00,3.232,3.291,3.231,3.272,311710.28653656
2025-06-23 19:00:00,3.271,3.296,3.254,3.284,111644.39012836
2025-06-23 20:00:00,3.285,3.36,3.278,3.32,344425.94078955
2025-06-23 21:00:00,3.321,3.337,3.298,3.306,237684.21118891
2025-06-23 22:00:00,3.307,3.421,3.306,3.403,641057.71670515
2025-06-23 23:00:00,3.404,3.422,3.389,3.417,300497.66011819
2025-06-24 00:00:00,3.417,3.432,3.396,3.414,158820.01052738
2025-06-24 01:00:00,3.415,3.427,3.403,3.419,108630.52452885
2025-06-24 02:00:00,3.419,3.426,3.389,3.393,164359.46726336
2025-06-24 03:00:00,3.394,3.407,3.387,3.402,70080.85141119
2025-06-24 04:00:00,3.401,3.407,3.387,3.398,40348.17867342
2025-06-24 05:00:00,3.399,3.471,3.395,3.468,167091.63745921
2025-06-24 06:00:00,3.468,3.483,3.451,3.474,104132.12802213
2025-06-24 07:00:00,3.471,3.485,3.411,3.416,220170.52743091
2025-06-24 08:00:00,3.416,3.422,3.386,3.405,183877.40260261
2025-06-24 09:00:00,3.405,3.452,3.401,3.416,133795.96651462
2025-06-24 10:00:00,3.415,3.432,3.411,3.425,64895.90071868
2025-06-24 11:00:00,3.425,3.436,3.406,3.427,105640.17894867
2025-06-24 12:00:00,3.429,3.441,3.415,3.43,87323.68997186
2025-06-24 13:00:00,3.429,3.45,3.417,3.438,183480.86043022
2025-06-24 14:00:00,3.438,3.478,3.434,3.463,157117.17967179
2025-06-24 15:00:00,3.463,3.474,3.433,3.447,124868.83224688
2025-06-24 16:00:00,3.45,3.519,3.447,3.517,149048.69573751
2025-06-24 17:00:00,3.516,3.523,3.46,3.466,180289.75226106
2025-06-24 18:00:00,3.467,3.472,3.434,3.446,55830.46743689
2025-06-24 19:00:00,3.445,3.448,3.415,3.433,62968.09904242
2025-06-24 20:00:00,3.433,3.463,3.423,3.461,58964.1612372
2025-06-24 21:00:00,3.46,3.462,3.435,3.457,91211.05728817
2025-06-24 22:00:00,3.455,3.457,3.437,3.452,49489.78698987
2025-06-24 23:00:00,3.451,3.452,3.42,3.437,198702.41631299
2025-06-25 00:00:00,3.439,3.449,3.408,3.445,122465.40791717
2025-06-25 01:00:00,3.445,3.452,3.413,3.432,84515.43814075
2025-06-25 02:00:00,3.433,3.46,3.428,3.439,102803.80581399
2025-06-25 03:00:00,3.441,3.456,3.424,3.426,83354.74917339
2025-06-25 04:00:00,3.427,3.431,3.41,3.416,36629.71571786
2025-06-25 05:00:00,3.416,3.422,3.399,3.409,77305.56594594
2025-06-25 06:00:00,3.404,3.421,3.398,3.42,36881.47459598
2025-06-25 07:00:00,3.42,3.442,3.411,3.431,59601.30903549
2025-06-25 08:00:00,3.431,3.443,3.391,3.409,77679.12944731
2025-06-25 09:00:00,3.408,3.42,3.373,3.39,142142.83783701
2025-06-25 10:00:00,3.39,3.404,3.38,3.397,98783.1980351
2025-06-25 11:00:00,3.396,3.424,3.386,3.422,58355.75290858
2025-06-25 12:00:00,3.423,3.423,3.404,3.415,70498.0619383
2025-06-25 13:00:00,3.412,3.46,3.411,3.448,134254.76605306
2025-06-25 14:00:00,3.448,3.449,3.376,3.41,193205.50360027
2025-06-25 15:00:00,3.41,3.41,3.35,3.361,200077.76595835
2025-06-25 16:00:00,3.361,3.383,3.345,3.357,192908.41575244
2025-06-25 17:00:00,3.358,3.41,3.355,3.389,165040.4954239
2025-06-25 18:00:00,3.389,3.4,3.376,3.386,180655.22403199
2025-06-25 19:00:00,3.386,3.415,3.386,3.396,138088.60110886
2025-06-25 20:00:00,3.396,3.41,3.386,3.406,39115.5456292
2025-06-25 21:00:00,3.404,3.418,3.374,3.38,90096.33823947
2025-06-25 22:00:00,3.381,3.381,3.349,3.359,54171.91945705
2025-06-25 23:00:00,3.358,3.359,3.339,3.352,45593.58280415
2025-06-26 00:00:00,3.35,3.373,3.344,3.356,44925.83011135
2025-06-26 01:00:00,3.355,3.399,3.334,3.379,111572.9485435
2025-06-26 02:00:00,3.379,3.407,3.365,3.403,113018.23442656
2025-06-26 03:00:00,3.403,3.434,3.376,3.381,135407.98265216
2025-06-26 04:00:00,3.382,3.384,3.333,3.357,185062.92367171
2025-06-26 05:00:00,3.357,3.357,3.333,3.343,39001.68120072
2025-06-26 06:00:00,3.345,3.366,3.341,3.365,61310.51373555
2025-06-26 07:00:00,3.364,3.396,3.36,3.375,207310.24367535
2025-06-26 08:00:00,3.374,3.383,3.35,3.355,104491.67724578
2025-06-26 09:00:00,3.355,3.361,3.323,3.33,163797.62219774
2025-06-26 10:00:00,3.328,3.341,3.322,3.338,63649.31039262
2025-06-26 11:00:00,3.337,3.338,3.312,3.328,176386.24573712
2025-06-26 12:00:00,3.327,3.331,3.289,3.298,186723.63491248
2025-06-26 13:00:00,3.298,3.306,3.271,3.281,213300.50271874
2025-06-26 14:00:00,3.281,3.331,3.271,3.31,139001.1806352
2025-06-26 15:00:00,3.311,3.325,3.28,3.311,136834.28690662
2025-06-26 16:00:00,3.311,3.315,3.286,3.295,83198.82309293
2025-06-26 17:00:00,3.296,3.321,3.286,3.288,68586.81023398
2025-06-26 18:00:00,3.288,3.313,3.285,3.297,75924.35755605
2025-06-26 19:00:00,3.297,3.331,3.293,3.321,79725.72596817
2025-06-26 20:00:00,3.321,3.356,3.314,3.343,77719.7777338
2025-06-26 21:00:00,3.343,3.343,3.295,3.315,89636.32669938
2025-06-26 22:00:00,3.313,3.327,3.296,3.299,38407.79475958
2025-06-26 23:00:00,3.3,3.305,3.291,3.298,26185.71057051
2025-06-27 00:00:00,3.298,3.32,3.282,3.288,66070.00095722
2025-06-27 01:00:00,3.286,3.346,3.274,3.338,147115.06908411
2025-06-27 02:00:00,3.339,3.35,3.333,3.344,48935.87894844
2025-06-27 03:00:00,3.345,3.354,3.339,3.345,46146.54809866
2025-06-27 04:00:00,3.344,3.365,3.333,3.356,147732.57353897
2025-06-27 05:00:00,3.356,3.378,3.31,3.312,88310.31643405
2025-06-27 06:00:00,3.311,3.32,3.291,3.312,107413.72366731
2025-06-27 07:00:00,3.314,3.326,3.285,3.296,72674.97952635
2025-06-27 08:00:00,3.296,3.332,3.295,3.324,193571.2777183
2025-06-27 09:00:00,3.324,3.329,3.31,3.323,61659.89124477
2025-06-27 10:00:00,3.324,3.325,3.304,3.304,29642.05805667
2025-06-27 11:00:00,3.306,3.318,3.301,3.311,23874.28524806
2025-06-27 12:00:00,3.312,3.326,3.294,3.297,92785.46938505
2025-06-27 13:00:00,3.294,3.329,3.294,3.324,89526.81248672
2025-06-27 14:00:00,3.324,3.344,3.315,3.325,114871.47571819
2025-06-27 15:00:00,3.324,3.362,3.318,3.357,96468.63746851
2025-06-27 16:00:00,3.358,3.395,3.348,3.377,128784.07624064
2025-06-27 17:00:00,3.374,3.377,3.321,3.331,110491.15818822
2025-06-27 18:00:00,3.33,3.332,3.293,3.3,103208.7687643
2025-06-27 19:00:00,3.3,3.33,3.297,3.326,56974.23690645
2025-06-27 20:00:00,3.325,3.345,3.318,3.343,45176.26338976
2025-06-27 21:00:00,3.345,3.362,3.338,3.355,36995.25601327
2025-06-27 22:00:00,3.356,3.377,3.356,3.369,32866.90657168
2025-06-27 23:00:00,3.367,3.367,3.347,3.359,41272.21486
2025-06-28 00:00:00,3.36,3.369,3.355,3.357,74008.14268247
2025-06-28 01:00:00,3.356,3.375,3.347,3.371,37890.79571594
2025-06-28 02:00:00,3.374,3.387,3.363,3.363,43432.23458188
2025-06-28 03:00:00,3.363,3.368,3.359,3.361,46143.73163887
2025-06-28 04:00:00,3.36,3.36,3.346,3.35,33573.23008147
2025-06-28 05:00:00,3.351,3.36,3.345,3.347,12584.84416745
2025-06-28 06:00:00,3.347,3.357,3.339,3.35,23370.84240592
2025-06-28 07:00:00,3.35,3.355,3.341,3.353,31972.24854324
2025-06-28 08:00:00,3.354,3.357,3.333,3.336,27452.6206154
2025-06-28 09:00:00,3.335,3.355,3.331,3.348,24058.60797076
2025-06-28 10:00:00,3.348,3.361,3.343,3.352,21719.61127139
2025-06-28 11:00:00,3.353,3.363,3.353,3.356,24127.76043774
2025-06-28 12:00:00,3.356,3.359,3.349,3.353,26872.50165716
2025-06-28 13:00:00,3.353,3.358,3.339,3.341,21507.69898091
2025-06-28 14:00:00,3.342,3.357,3.341,3.354,30034.37679364
2025-06-28 15:00:00,3.354,3.376,3.348,3.373,46454.98088577
2025-06-28 16:00:00,3.374,3.391,3.365,3.369,91141.12093358
2025-06-28 17:00:00,3.37,3.397,3.365,3.391,53976.33728396
2025-06-28 18:00:00,3.392,3.397,3.38,3.397,40656.10628152
2025-06-28 19:00:00,3.397,3.418,3.395,3.402,50329.36512668
2025-06-28 20:00:00,3.403,3.414,3.398,3.403,47989.54239261
2025-06-28 21:00:00,3.401,3.415,3.391,3.414,37589.13960939
2025-06-28 22:00:00,3.414,3.425,3.406,3.415,30103.34433943
2025-06-28 23:00:00,3.415,3.416,3.4,3.407,34743.29941468
2025-06-29 00:00:00,3.407,3.424,3.402,3.411,82224.80415707
2025-06-29 01:00:00,3.411,3.411,3.391,3.391,29855.24433838
2025-06-29 02:00:00,3.391,3.395,3.383,3.392,24244.83216366
2025-06-29 03:00:00,3.392,3.397,3.38,3.382,15102.36138695
2025-06-29 04:00:00,3.381,3.39,3.379,3.385,19001.32467108
2025-06-29 05:00:00,3.385,3.397,3.378,3.396,29531.07534967
2025-06-29 06:00:00,3.396,3.411,3.396,3.41,95134.95510237
2025-06-29 07:00:00,3.409,3.41,3.395,3.41,21104.37105798
2025-06-29 08:00:00,3.411,3.423,3.408,3.423,51286.24887259
2025-06-29 09:00:00,3.423,3.43,3.413,3.421,62359.38376459
2025-06-29 10:00:00,3.422,3.437,3.415,3.426,35575.77969167
2025-06-29 11:00:00,3.426,3.435,3.42,3.432,18916.04563941
2025-06-29 12:00:00,3.432,3.438,3.421,3.434,50429.39883327
2025-06-29 13:00:00,3.436,3.44,3.416,3.418,39810.31069753
2025-06-29 14:00:00,3.418,3.426,3.402,3.406,64920.72003218
2025-06-29 15:00:00,3.405,3.409,3.394,3.4,95571.20487334
2025-06-29 16:00:00,3.4,3.418,3.396,3.418,36315.2722613
2025-06-29 17:00:00,3.418,3.422,3.404,3.422,21492.29011292
2025-06-29 18:00:00,3.42,3.437,3.417,3.434,31152.28263662
2025-06-29 19:00:00,3.434,3.437,3.423,3.432,35836.84035119
2025-06-29 20:00:00,3.431,3.435,3.417,3.418,71755.22605808
2025-06-29 21:00:00,3.418,3.442,3.401,3.441,54919.92355208
2025-06-29 22:00:00,3.442,3.578,3.442,3.568,355099.48255688
2025-06-29 23:00:00,3.569,3.582,3.541,3.543,231110.34101343
2025-06-30 00:00:00,3.542,3.56,3.532,3.54,212070.4017494
2025-06-30 01:00:00,3.541,3.541,3.508,3.509,136149.31342882
2025-06-30 02:00:00,3.51,3.513,3.485,3.486,111255.20252171
2025-06-30 03:00:00,3.487,3.491,3.471,3.478,106106.74176302
2025-06-30 04:00:00,3.477,3.48,3.448,3.452,100528.55767694
2025-06-30 05:00:00,3.452,3.462,3.446,3.459,70066.46274096
2025-06-30 06:00:00,3.46,3.466,3.408,3.43,190973.62312094
2025-06-30 07:00:00,3.43,3.462,3.421,3.457,70932.59104298
2025-06-30 08:00:00,3.457,3.463,3.426,3.428,59611.44473556
2025-06-30 09:00:00,3.428,3.439,3.413,3.415,65490.02700159
2025-06-30 10:00:00,3.414,3.423,3.409,3.415,39090.95421404
2025-06-30 11:00:00,3.414,3.435,3.41,3.42,49950.72160836
2025-06-30 12:00:00,3.419,3.43,3.391,3.402,144701.55947903
2025-06-30 13:00:00,3.401,3.425,3.395,3.399,78997.07852726
2025-06-30 14:00:00,3.401,3.414,3.38,3.387,179366.22720392
2025-06-30 15:00:00,3.387,3.423,3.35,3.394,399842.62270353
2025-06-30 16:00:00,3.394,3.411,3.381,3.402,101935.72769585
2025-06-30 17:00:00,3.402,3.421,3.395,3.398,98203.74800952
2025-06-30 18:00:00,3.397,3.409,3.381,3.387,143022.06612233
2025-06-30 19:00:00,3.387,3.459,3.387,3.456,138139.02855551
2025-06-30 20:00:00,3.456,3.462,3.425,3.427,174673.33269632
2025-06-30 21:00:00,3.429,3.432,3.399,3.409,80199.40568137
2025-06-30 22:00:00,3.41,3.418,3.4,3.402,65950.01326691
2025-06-30 23:00:00,3.403,3.416,3.394,3.396,74612.5892904
2025-07-01 00:00:00,3.396,3.418,3.384,3.398,55722.32231878
2025-07-01 01:00:00,3.398,3.417,3.387,3.392,91649.41980335
2025-07-01 02:00:00,3.388,3.406,3.377,3.379,99763.28903209
2025-07-01 03:00:00,3.379,3.389,3.372,3.384,44694.37486244
2025-07-01 04:00:00,3.383,3.383,3.336,3.341,295874.32798826
2025-07-01 05:00:00,3.341,3.347,3.327,3.337,97036.99675694
2025-07-01 06:00:00,3.336,3.342,3.325,3.337,57068.14250623
2025-07-01 07:00:00,3.336,3.358,3.312,3.353,161339.04239581
2025-07-01 08:00:00,3.353,3.353,3.327,3.331,57478.17368031
2025-07-01 09:00:00,3.331,3.341,3.324,3.336,88342.81725077
2025-07-01 10:00:00,3.335,3.351,3.322,3.334,97115.46921171
2025-07-01 11:00:00,3.334,3.337,3.32,3.332,50738.67133874
2025-07-01 12:00:00,3.333,3.339,3.322,3.327,58418.3086917
2025-07-01 13:00:00,3.326,3.345,3.307,3.342,109554.93139264
2025-07-01 14:00:00,3.341,3.361,3.319,3.347,224455.21488903
2025-07-01 15:00:00,3.346,3.353,3.324,3.331,72227.37675448
2025-07-01 16:00:00,3.33,3.348,3.326,3.334,63555.9244495
2025-07-01 17:00:00,3.335,3.336,3.315,3.326,72264.40189493
2025-07-01 18:00:00,3.326,3.326,3.284,3.291,139406.31004559
2025-07-01 19:00:00,3.291,3.304,3.278,3.28,106852.2907132
2025-07-01 20:00:00,3.281,3.297,3.262,3.286,274457.4592227
2025-07-01 21:00:00,3.284,3.3,3.268,3.286,61774.18237862
2025-07-01 22:00:00,3.287,3.295,3.272,3.276,66666.88831605
2025-07-01 23:00:00,3.276,3.281,3.253,3.279,200313.67424924
2025-07-02 00:00:00,3.278,3.281,3.261,3.266,90435.62966276
2025-07-02 01:00:00,3.267,3.293,3.242,3.287,170920.8373508
2025-07-02 02:00:00,3.288,3.294,3.274,3.284,51768.95350672
2025-07-02 03:00:00,3.285,3.313,3.284,3.3,62044.3294336
2025-07-02 04:00:00,3.299,3.329,3.294,3.327,57017.07829848
2025-07-02 05:00:00,3.328,3.338,3.321,3.336,61063.76580653
2025-07-02 06:00:00,3.333,3.338,3.32,3.336,99716.6532153
2025-07-02 07:00:00,3.336,3.337,3.31,3.312,76423.66769897
2025-07-02 08:00:00,3.316,3.319,3.3,3.305,105736.63423032
2025-07-02 09:00:00,3.307,3.312,3.299,3.304,43268.96526034
2025-07-02 10:00:00,3.304,3.324,3.294,3.321,48045.98350717
2025-07-02 11:00:00,3.321,3.334,3.317,3.324,76897.05891674
2025-07-02 12:00:00,3.325,3.328,3.317,3.328,97071.86043354
2025-07-02 13:00:00,3.328,3.362,3.325,3.354,85832.84510204
2025-07-02 14:00:00,3.355,3.393,3.351,3.392,132199.37039941
2025-07-02 15:00:00,3.392,3.432,3.386,3.432,298666.25338216
2025-07-02 16:00:00,3.433,3.564,3.432,3.552,626427.30588791
2025-07-02 17:00:00,3.553,3.591,3.521,3.561,719314.75030677
2025-07-02 18:00:00,3.562,3.591,3.562,3.576,317532.94993903
2025-07-02 19:00:00,3.578,3.586,3.558,3.58,207125.60921275
2025-07-02 20:00:00,3.581,3.609,3.569,3.583,323376.22043833
2025-07-02 21:00:00,3.586,3.613,3.578,3.606,127521.1983611
2025-07-02 22:00:00,3.606,3.624,3.59,3.593,78490.46018453
2025-07-02 23:00:00,3.594,3.596,3.538,3.546,96213.15144618
2025-07-03 00:00:00,3.546,3.564,3.535,3.548,72023.85333981
2025-07-03 01:00:00,3.55,3.572,3.539,3.569,87329.52019294
2025-07-03 02:00:00,3.568,3.571,3.532,3.553,89175.15874351
2025-07-03 03:00:00,3.554,3.559,3.534,3.535,79143.08814697
2025-07-03 04:00:00,3.534,3.563,3.533,3.563,49489.0524921
2025-07-03 05:00:00,3.564,3.618,3.561,3.615,194424.74230114
2025-07-03 06:00:00,3.614,3.649,3.602,3.638,188993.28379464
2025-07-03 07:00:00,3.637,3.663,3.623,3.653,144183.90276094
2025-07-03 08:00:00,3.655,3.659,3.621,3.621,144885.51479029
2025-07-03 09:00:00,3.621,3.644,3.619,3.633,136519.53659807
2025-07-03 10:00:00,3.632,3.635,3.593,3.606,226647.13830179
2025-07-03 11:00:00,3.605,3.606,3.578,3.588,60959.67612852
2025-07-03 12:00:00,3.588,3.623,3.539,3.576,453166.87238824
2025-07-03 13:00:00,3.575,3.622,3.564,3.608,533464.80313328
2025-07-03 14:00:00,3.607,3.626,3.558,3.563,226168.85636346
2025-07-03 15:00:00,3.563,3.572,3.491,3.506,440941.41987405
2025-07-03 16:00:00,3.506,3.535,3.503,3.525,159619.05355525
2025-07-03 17:00:00,3.525,3.543,3.525,3.541,64159.06439533
2025-07-03 18:00:00,3.542,3.55,3.527,3.536,72012.5588581
2025-07-03 19:00:00,3.536,3.549,3.533,3.544,23167.95811695
2025-07-03 20:00:00,3.545,3.566,3.544,3.56,134406.27833342
2025-07-03 21:00:00,3.561,3.566,3.54,3.551,70654.51180338
2025-07-03 22:00:00,3.55,3.553,3.54,3.551,28467.51088437
2025-07-03 23:00:00,3.551,3.551,3.531,3.539,56733.86437321
2025-07-04 00:00:00,3.54,3.556,3.53,3.544,62716.5324244
2025-07-04 01:00:00,3.544,3.561,3.538,3.54,50584.02746274
2025-07-04 02:00:00,3.539,3.54,3.503,3.508,222133.00928003
2025-07-04 03:00:00,3.509,3.525,3.505,3.515,42534.59409482
2025-07-04 04:00:00,3.514,3.524,3.49,3.491,95170.2441196
2025-07-04 05:00:00,3.492,3.512,3.489,3.495,88021.49442906
2025-07-04 06:00:00,3.495,3.495,3.469,3.479,231844.68975759
2025-07-04 07:00:00,3.479,3.486,3.442,3.444,290776.04387834
2025-07-04 08:00:00,3.444,3.461,3.409,3.449,271806.32276954
2025-07-04 09:00:00,3.449,3.458,3.44,3.445,80412.47475546
2025-07-04 10:00:00,3.445,3.452,3.427,3.431,45189.19478349
2025-07-04 11:00:00,3.431,3.445,3.425,3.437,88396.22555187
2025-07-04 12:00:00,3.437,3.443,3.423,3.429,35906.82201956
2025-07-04 13:00:00,3.428,3.437,3.396,3.401,159880.48234667
2025-07-04 14:00:00,3.401,3.404,3.362,3.382,459924.35429719
2025-07-04 15:00:00,3.38,3.384,3.347,3.352,133130.39864216
2025-07-04 16:00:00,3.351,3.356,3.311,3.336,225940.23383869
2025-07-04 17:00:00,3.335,3.341,3.318,3.336,80411.71151245
2025-07-04 18:00:00,3.335,3.343,3.318,3.338,100365.70008175
2025-07-04 19:00:00,3.337,3.35,3.324,3.329,106588.81124527
2025-07-04 20:00:00,3.328,3.394,3.322,3.344,458065.86197837
2025-07-04 21:00:00,3.345,3.356,3.334,3.353,47277.10505228
2025-07-04 22:00:00,3.352,3.373,3.348,3.373,74477.00734447
2025-07-04 23:00:00,3.373,3.373,3.351,3.356,54365.20514392
2025-07-05 00:00:00,3.357,3.382,3.357,3.38,50588.56745165
2025-07-05 01:00:00,3.38,3.38,3.349,3.358,63379.96393637
2025-07-05 02:00:00,3.359,3.368,3.336,3.36,55581.61196273
2025-07-05 03:00:00,3.361,3.373,3.361,3.367,27152.85672441
2025-07-05 04:00:00,3.367,3.375,3.348,3.348,45462.8757557
2025-07-05 05:00:00,3.347,3.369,3.343,3.369,45965.20633792
2025-07-05 06:00:00,3.369,3.387,3.363,3.386,66846.77300286
2025-07-05 07:00:00,3.387,3.389,3.367,3.373,33609.91346045
2025-07-05 08:00:00,3.372,3.382,3.354,3.364,57244.54680699
2025-07-05 09:00:00,3.363,3.364,3.345,3.363,72954.5510817
2025-07-05 10:00:00,3.363,3.371,3.357,3.358,31886.17898999
2025-07-05 11:00:00,3.359,3.376,3.359,3.362,42453.26453699
2025-07-05 12:00:00,3.363,3.365,3.341,3.357,49423.50366806
2025-07-05 13:00:00,3.359,3.362,3.345,3.346,21910.9683143
2025-07-05 14:00:00,3.347,3.353,3.337,3.352,57818.53239771
2025-07-05 15:00:00,3.351,3.354,3.339,3.344,66076.87750978
2025-07-05 16:00:00,3.344,3.349,3.323,3.344,123775.73685442
2025-07-05 17:00:00,3.344,3.35,3.325,3.337,76777.98583231
2025-07-05 18:00:00,3.337,3.337,3.308,3.312,106663.42002527
2025-07-05 19:00:00,3.312,3.34,3.308,3.338,68281.09869011
2025-07-05 20:00:00,3.337,3.348,3.33,3.348,45135.83520997
2025-07-05 21:00:00,3.348,3.358,3.342,3.35,36680.08670235
2025-07-05 22:00:00,3.35,3.36,3.341,3.359,21124.25212006
2025-07-05 23:00:00,3.359,3.363,3.349,3.355,28869.63666921
2025-07-06 00:00:00,3.355,3.358,3.347,3.357,29340.03582559
2025-07-06 01:00:00,3.356,3.357,3.343,3.349,19742.5919658
2025-07-06 02:00:00,3.348,3.353,3.337,3.337,24216.44182085
2025-07-06 03:00:00,3.338,3.346,3.337,3.345,17288.23421378
2025-07-06 04:00:00,3.344,3.352,3.34,3.341,18049.32680205
2025-07-06 05:00:00,3.342,3.343,3.329,3.33,46808.37144045
2025-07-06 06:00:00,3.331,3.347,3.328,3.346,42557.20656841
2025-07-06 07:00:00,3.346,3.355,3.344,3.346,26183.0397636
2025-07-06 08:00:00,3.346,3.363,3.336,3.354,53206.38467789
2025-07-06 09:00:00,3.354,3.36,3.343,3.343,22133.83789362
2025-07-06 10:00:00,3.343,3.359,3.341,3.352,50218.73292818
2025-07-06 11:00:00,3.352,3.369,3.349,3.368,46682.41735097
2025-07-06 12:00:00,3.369,3.376,3.347,3.376,85989.44091263
2025-07-06 13:00:00,3.376,3.422,3.369,3.409,204471.61782874
2025-07-06 14:00:00,3.409,3.414,3.378,3.395,158699.49186556
2025-07-06 15:00:00,3.396,3.397,3.381,3.388,66679.24767304
2025-07-06 16:00:00,3.389,3.403,3.383,3.402,83366.21395721
2025-07-06 17:00:00,3.402,3.405,3.383,3.4,53941.58897335
2025-07-06 18:00:00,3.4,3.4,3.369,3.383,68461.09781351
2025-07-06 19:00:00,3.384,3.393,3.379,3.391,29065.92274352
2025-07-06 20:00:00,3.391,3.405,3.358,3.38,380929.28371614
2025-07-06 21:00:00,3.379,3.439,3.379,3.421,154221.71309767
2025-07-06 22:00:00,3.42,3.447,3.416,3.417,135269.63627858
2025-07-06 23:00:00,3.418,3.422,3.384,3.393,141972.95386798
2025-07-07 00:00:00,3.394,3.4,3.379,3.39,76549.6133848
2025-07-07 01:00:00,3.39,3.395,3.377,3.392,50730.63283329
2025-07-07 02:00:00,3.393,3.427,3.393,3.417,52631.20094253
2025-07-07 03:00:00,3.418,3.436,3.41,3.413,68614.74428445
2025-07-07 04:00:00,3.415,3.428,3.409,3.41,77686.68706958
2025-07-07 05:00:00,3.409,3.415,3.399,3.403,54933.8474584
2025-07-07 06:00:00,3.402,3.405,3.386,3.387,36840.05119792
2025-07-07 07:00:00,3.388,3.41,3.379,3.409,66610.56260271
2025-07-07 08:00:00,3.409,3.414,3.402,3.409,39555.57569033
2025-07-07 09:00:00,3.409,3.41,3.389,3.391,43054.93956574
2025-07-07 10:00:00,3.392,3.392,3.38,3.381,56156.26898046
2025-07-07 11:00:00,3.381,3.391,3.37,3.382,82922.32233579
2025-07-07 12:00:00,3.382,3.385,3.365,3.375,114219.54591109
2025-07-07 13:00:00,3.375,3.417,3.371,3.417,115443.93393639
2025-07-07 14:00:00,3.416,3.425,3.372,3.38,187862.59530098
2025-07-07 15:00:00,3.383,3.402,3.38,3.391,41066.40666485
2025-07-07 16:00:00,3.391,3.404,3.367,3.374,139869.15910297
2025-07-07 17:00:00,3.375,3.396,3.368,3.377,101201.64735644
2025-07-07 18:00:00,3.376,3.381,3.346,3.367,136967.67535006
2025-07-07 19:00:00,3.366,3.393,3.365,3.38,76150.7237865
2025-07-07 20:00:00,3.38,3.38,3.343,3.35,84122.48682405
2025-07-07 21:00:00,3.351,3.364,3.323,3.354,140949.11326495
2025-07-07 22:00:00,3.356,3.361,3.34,3.348,35480.4954486
2025-07-07 23:00:00,3.349,3.37,3.347,3.368,34529.6312298
2025-07-08 00:00:00,3.367,3.386,3.358,3.363,218557.39500782
2025-07-08 01:00:00,3.362,3.362,3.337,3.339,91934.45360441
2025-07-08 02:00:00,3.339,3.355,3.331,3.335,179954.56095525
2025-07-08 03:00:00,3.336,3.353,3.335,3.347,38515.51494743
2025-07-08 04:00:00,3.346,3.348,3.331,3.347,30514.45563901
2025-07-08 05:00:00,3.347,3.354,3.342,3.354,41904.48318746
2025-07-08 06:00:00,3.353,3.355,3.34,3.348,74211.76843302
2025-07-08 07:00:00,3.346,3.354,3.333,3.353,42368.64740399
2025-07-08 08:00:00,3.353,3.355,3.325,3.328,98703.73781986
2025-07-08 09:00:00,3.328,3.344,3.327,3.339,85674.11152889
2025-07-08 10:00:00,3.338,3.376,3.336,3.374,125766.9271252
2025-07-08 11:00:00,3.375,3.398,3.371,3.382,117272.65155617
2025-07-08 12:00:00,3.384,3.405,3.378,3.402,57611.80500102
2025-07-08 13:00:00,3.403,3.415,3.383,3.404,125952.63781598
2025-07-08 14:00:00,3.404,3.409,3.365,3.37,228056.66249031
2025-07-08 15:00:00,3.371,3.377,3.362,3.369,91256.40345587
2025-07-08 16:00:00,3.37,3.395,3.358,3.394,75549.36843749
2025-07-08 17:00:00,3.394,3.464,3.394,3.451,294004.94656414
2025-07-08 18:00:00,3.452,3.466,3.446,3.463,79949.33046803
2025-07-08 19:00:00,3.463,3.465,3.428,3.438,100273.65244922
2025-07-08 20:00:00,3.438,3.449,3.428,3.432,50057.24714209
2025-07-08 21:00:00,3.434,3.468,3.432,3.462,49281.89691788
2025-07-08 22:00:00,3.462,3.474,3.448,3.45,69695.60582974
2025-07-08 23:00:00,3.45,3.451,3.436,3.446,54357.26253657
2025-07-09 00:00:00,3.447,3.452,3.43,3.437,50151.2874381
2025-07-09 01:00:00,3.436,3.453,3.417,3.425,65521.95361252
2025-07-09 02:00:00,3.425,3.432,3.419,3.425,45985.29284979
2025-07-09 03:00:00,3.426,3.434,3.415,3.417,46519.30183532
2025-07-09 04:00:00,3.417,3.444,3.416,3.443,29699.69477052
2025-07-09 05:00:00,3.444,3.483,3.433,3.471,205227.90760496
2025-07-09 06:00:00,3.476,3.48,3.461,3.479,46322.72008217
2025-07-09 07:00:00,3.48,3.486,3.468,3.481,53248.40881676
2025-07-09 08:00:00,3.482,3.498,3.473,3.489,58868.24566515
2025-07-09 09:00:00,3.491,3.492,3.474,3.478,79537.92159466
2025-07-09 10:00:00,3.478,3.505,3.471,3.502,133239.00423715
2025-07-09 11:00:00,3.503,3.528,3.501,3.519,77253.12982299
2025-07-09 12:00:00,3.521,3.551,3.518,3.544,167455.32295042
2025-07-09 13:00:00,3.546,3.564,3.53,3.536,172522.23764272
2025-07-09 14:00:00,3.536,3.546,3.49,3.51,319227.35766483
2025-07-09 15:00:00,3.509,3.528,3.502,3.522,64793.18609789
2025-07-09 16:00:00,3.522,3.543,3.522,3.535,69438.99425961
2025-07-09 17:00:00,3.535,3.535,3.497,3.509,167082.48825245
2025-07-09 18:00:00,3.509,3.556,3.508,3.539,224365.74954227
2025-07-09 19:00:00,3.539,3.636,3.537,3.623,348475.94578108
2025-07-09 20:00:00,3.623,3.636,3.584,3.617,372933.71056246
2025-07-09 21:00:00,3.616,3.657,3.612,3.634,123375.64090701
2025-07-09 22:00:00,3.633,3.656,3.632,3.648,121631.29790694
2025-07-09 23:00:00,3.648,3.648,3.612,3.618,62138.50615339
2025-07-10 00:00:00,3.62,3.631,3.589,3.59,120640.11120117
2025-07-10 01:00:00,3.592,3.621,3.592,3.612,70644.79133051
2025-07-10 02:00:00,3.613,3.643,3.613,3.64,100552.37631136
2025-07-10 03:00:00,3.641,3.647,3.631,3.639,77674.63453286
2025-07-10 04:00:00,3.639,3.652,3.622,3.65,98909.32483883
2025-07-10 05:00:00,3.65,3.655,3.634,3.639,139495.0004036
2025-07-10 06:00:00,3.64,3.661,3.628,3.659,172201.04755011
2025-07-10 07:00:00,3.659,3.682,3.653,3.659,371236.34787335
2025-07-10 08:00:00,3.658,3.673,3.646,3.67,110443.77020781
2025-07-10 09:00:00,3.67,3.682,3.661,3.672,71624.82883744
2025-07-10 10:00:00,3.671,3.698,3.657,3.695,100397.81392688
2025-07-10 11:00:00,3.695,3.695,3.667,3.669,125267.66747398
2025-07-10 12:00:00,3.669,3.669,3.629,3.654,365744.83741814
2025-07-10 13:00:00,3.654,3.683,3.639,3.648,197262.27105834
2025-07-10 14:00:00,3.648,3.656,3.616,3.643,202197.22902478
2025-07-10 15:00:00,3.644,3.644,3.616,3.628,132543.07030283
2025-07-10 16:00:00,3.629,3.696,3.623,3.692,244975.84153339
2025-07-10 17:00:00,3.691,3.75,3.68,3.746,212379.85208833
2025-07-10 18:00:00,3.746,3.757,3.702,3.721,223158.00745193
2025-07-10 19:00:00,3.721,3.736,3.704,3.714,94713.34394144
2025-07-10 20:00:00,3.713,3.744,3.711,3.74,128555.61899639
2025-07-10 21:00:00,3.738,3.855,3.732,3.836,416724.75282235
2025-07-10 22:00:00,3.835,3.882,3.835,3.877,233779.48062509
2025-07-10 23:00:00,3.876,3.891,3.853,3.879,240553.70755739
2025-07-11 00:00:00,3.881,3.886,3.811,3.842,338862.58856344
2025-07-11 01:00:00,3.842,3.906,3.839,3.906,132282.8151296
2025-07-11 02:00:00,3.904,3.931,3.888,3.923,162161.72427146
2025-07-11 03:00:00,3.922,3.928,3.903,3.916,89288.64052336
2025-07-11 04:00:00,3.915,3.956,3.895,3.954,151259.61309222
2025-07-11 05:00:00,3.955,4.015,3.95,3.977,265376.92580378
2025-07-11 06:00:00,3.977,4.003,3.908,3.92,525082.45284399
2025-07-11 07:00:00,3.92,3.941,3.89,3.909,262854.78771531
2025-07-11 08:00:00,3.911,3.954,3.91,3.954,90354.96340557
2025-07-11 09:00:00,3.955,3.999,3.945,3.979,267622.46023434
2025-07-11 10:00:00,3.98,3.999,3.962,3.968,104452.33765719
2025-07-11 11:00:00,3.969,3.973,3.927,3.937,202326.59758669
2025-07-11 12:00:00,3.938,4.002,3.932,3.996,177887.18339344
2025-07-11 13:00:00,3.996,4.06,3.964,4.045,421241.72653365
2025-07-11 14:00:00,4.044,4.087,4.01,4.06,393730.92739527
2025-07-11 15:00:00,4.057,4.109,3.961,3.977,668282.79552105
2025-07-11 16:00:00,3.978,4.027,3.959,4.009,302019.16330078
2025-07-11 17:00:00,4.009,4.056,4.006,4.046,124773.63437288
2025-07-11 18:00:00,4.045,4.077,4.029,4.061,115854.42771302
2025-07-11 19:00:00,4.062,4.085,4.033,4.077,80356.34070078
2025-07-11 20:00:00,4.077,4.077,3.988,3.989,167578.84352444
2025-07-11 21:00:00,3.991,4.006,3.917,3.944,212655.25883629
2025-07-11 22:00:00,3.945,3.954,3.828,3.897,479245.03146128
2025-07-11 23:00:00,3.896,3.93,3.891,3.907,129818.97660183
2025-07-12 00:00:00,3.906,3.93,3.851,3.893,215201.75022575
2025-07-12 01:00:00,3.894,3.988,3.894,3.981,236326.55913944
2025-07-12 02:00:00,3.981,4.012,3.971,3.974,178802.4127014
2025-07-12 03:00:00,3.974,4.014,3.974,4.014,120994.44618958
2025-07-12 04:00:00,4.015,4.066,3.932,3.939,693026.37301702
2025-07-12 05:00:00,3.941,3.968,3.908,3.956,174391.30411308
2025-07-12 06:00:00,3.956,4.004,3.945,4.001,119202.0653206
2025-07-12 07:00:00,4.0,4.02,3.973,3.987,169006.25318643
2025-07-12 08:00:00,3.988,4.005,3.96,3.974,96695.36243481
2025-07-12 09:00:00,3.973,4.024,3.967,4.015,155318.65112585
2025-07-12 10:00:00,4.013,4.018,3.985,4.003,156510.08928459
2025-07-12 11:00:00,4.003,4.014,3.984,3.99,98901.32696173
2025-07-12 12:00:00,3.99,4.004,3.892,3.934,357464.22403408
2025-07-12 13:00:00,3.933,3.933,3.854,3.907,273984.19337771
2025-07-12 14:00:00,3.907,3.931,3.869,3.874,236250.2315731
2025-07-12 15:00:00,3.873,3.879,3.793,3.823,659289.90496033
2025-07-12 16:00:00,3.823,3.88,3.807,3.848,234025.12773351
2025-07-12 17:00:00,3.849,3.91,3.843,3.903,148298.96711131
2025-07-12 18:00:00,3.903,3.909,3.873,3.898,113528.73211832
2025-07-12 19:00:00,3.899,3.906,3.881,3.9,40884.95375469
2025-07-12 20:00:00,3.9,3.901,3.833,3.834,120755.19178605
2025-07-12 21:00:00,3.834,3.892,3.833,3.89,179332.1462272
2025-07-12 22:00:00,3.891,3.893,3.851,3.883,97915.74665697
2025-07-12 23:00:00,3.883,3.906,3.869,3.892,89911.77853754
2025-07-13 00:00:00,3.892,3.908,3.877,3.89,114565.29982335
2025-07-13 01:00:00,3.889,3.921,3.885,3.911,77112.96264319
2025-07-13 02:00:00,3.91,3.929,3.883,3.919,116132.28505073
2025-07-13 03:00:00,3.919,3.928,3.902,3.918,49636.48091261
2025-07-13 04:00:00,3.92,3.957,3.896,3.952,102671.10820276
2025-07-13 05:00:00,3.952,3.958,3.931,3.932,109727.13289751
2025-07-13 06:00:00,3.932,3.994,3.929,3.963,126543.77128191
2025-07-13 07:00:00,3.962,4.001,3.96,3.999,122506.23098204
2025-07-13 08:00:00,3.999,4.012,3.964,3.987,158827.43634939
2025-07-13 09:00:00,3.987,3.998,3.942,3.947,99007.48548807
2025-07-13 10:00:00,3.948,3.977,3.935,3.953,245786.75773346
2025-07-13 11:00:00,3.953,3.971,3.943,3.969,222954.39428318
2025-07-13 12:00:00,3.968,4.012,3.956,4.002,118436.92145904
2025-07-13 13:00:00,4.002,4.022,3.966,4.005,136650.52759896
2025-07-13 14:00:00,4.006,4.065,3.989,4.003,510048.98488316
2025-07-13 15:00:00,4.004,4.062,4.0,4.008,198431.79669555
2025-07-13 16:00:00,4.009,4.04,3.984,3.988,94348.77968991
2025-07-13 17:00:00,3.987,4.02,3.972,4.014,164300.45658432
2025-07-13 18:00:00,4.015,4.057,4.004,4.034,62212.80518763
2025-07-13 19:00:00,4.034,4.057,4.017,4.018,46322.98207935
2025-07-13 20:00:00,4.019,4.041,3.998,4.038,39517.08154567
2025-07-13 21:00:00,4.037,4.038,3.94,3.972,367181.97424127
2025-07-13 22:00:00,3.971,3.99,3.938,3.962,189665.81669732
2025-07-13 23:00:00,3.96,3.993,3.951,3.983,92550.08764088
2025-07-14 00:00:00,3.984,4.029,3.972,4.003,108561.59138091
2025-07-14 01:00:00,4.004,4.054,3.992,4.051,114048.11864774
2025-07-14 02:00:00,4.05,4.104,4.037,4.079,191173.37087602
2025-07-14 03:00:00,4.079,4.16,4.069,4.14,283071.02992474
2025-07-14 04:00:00,4.14,4.195,4.137,4.192,280617.66919269
2025-07-14 05:00:00,4.192,4.194,4.072,4.114,775630.11684
2025-07-14 06:00:00,4.115,4.131,4.083,4.108,255976.94152938
2025-07-14 07:00:00,4.108,4.165,4.105,4.15,318747.93943677
2025-07-14 08:00:00,4.151,4.152,4.081,4.121,252579.07242186
2025-07-14 09:00:00,4.121,4.154,4.104,4.123,190028.42341126
2025-07-14 10:00:00,4.122,4.146,4.09,4.137,164843.81712545
2025-07-14 11:00:00,4.136,4.136,4.079,4.087,196753.11664423
2025-07-14 12:00:00,4.085,4.105,4.068,4.093,117957.08980216
2025-07-14 13:00:00,4.092,4.12,4.061,4.103,208788.0725997
2025-07-14 14:00:00,4.103,4.132,4.017,4.055,386555.5046509
2025-07-14 15:00:00,4.055,4.055,3.968,4.003,379256.9492102
2025-07-14 16:00:00,4.003,4.038,3.977,4.026,213872.19508087
2025-07-14 17:00:00,4.027,4.028,3.98,4.001,178327.11848991
2025-07-14 18:00:00,4.001,4.002,3.946,3.953,204378.52181655
2025-07-14 19:00:00,3.952,3.968,3.931,3.944,195844.94868605
2025-07-14 20:00:00,3.945,3.976,3.9,3.957,235509.00467255
2025-07-14 21:00:00,3.955,3.974,3.949,3.959,115874.92319637
2025-07-14 22:00:00,3.959,3.967,3.94,3.953,79754.59190859
2025-07-14 23:00:00,3.953,3.957,3.927,3.949,71188.97867894
2025-07-15 00:00:00,3.949,3.983,3.909,3.914,154730.73260232
2025-07-15 01:00:00,3.913,3.931,3.868,3.896,272481.49631967
2025-07-15 02:00:00,3.896,3.914,3.856,3.868,185350.45854661
2025-07-15 03:00:00,3.866,3.868,3.804,3.832,375942.00207315
2025-07-15 04:00:00,3.832,3.877,3.801,3.866,205448.08635145
2025-07-15 05:00:00,3.865,3.884,3.858,3.875,106532.9378622
2025-07-15 06:00:00,3.874,3.896,3.86,3.879,140074.88724927
2025-07-15 07:00:00,3.881,3.896,3.857,3.864,85253.21744607
2025-07-15 08:00:00,3.864,3.876,3.833,3.857,113817.37185199
2025-07-15 09:00:00,3.857,3.889,3.857,3.865,60409.95907813
2025-07-15 10:00:00,3.865,3.896,3.865,3.888,81393.52110383
2025-07-15 11:00:00,3.887,3.9,3.851,3.881,125301.68328445
2025-07-15 12:00:00,3.882,3.923,3.839,3.896,247722.20480671
2025-07-15 13:00:00,3.896,3.959,3.892,3.94,268323.50633289
2025-07-15 14:00:00,3.94,3.964,3.836,3.851,312276.52132988
2025-07-15 15:00:00,3.852,3.955,3.845,3.945,208477.22033195
2025-07-15 16:00:00,3.945,4.014,3.944,3.988,283565.79768381
2025-07-15 17:00:00,3.988,4.091,3.971,4.091,238329.62127447
2025-07-15 18:00:00,4.091,4.097,3.989,4.01,348143.17540956
2025-07-15 19:00:00,4.01,4.043,3.948,3.95,212516.51686597
2025-07-15 20:00:00,3.95,3.989,3.935,3.967,259092.68000874
2025-07-15 21:00:00,3.966,4.044,3.964,4.039,91177.0605132
2025-07-15 22:00:00,4.04,4.042,4.006,4.033,66914.7058343
2025-07-15 23:00:00,4.031,4.099,4.031,4.083,206886.56494479
2025-07-16 00:00:00,4.085,4.12,4.058,4.114,160033.66220713
2025-07-16 01:00:00,4.114,4.125,4.095,4.101,140712.16286773
2025-07-16 02:00:00,4.099,4.101,4.012,4.033,196069.98571985
2025-07-16 03:00:00,4.034,4.056,4.029,4.043,59220.69986469
2025-07-16 04:00:00,4.045,4.063,4.014,4.062,58247.38254396
2025-07-16 05:00:00,4.062,4.081,4.06,4.069,108828.02585962
2025-07-16 06:00:00,4.069,4.103,4.056,4.101,104863.58257904
2025-07-16 07:00:00,4.103,4.143,4.095,4.126,128618.9569312
2025-07-16 08:00:00,4.126,4.139,4.113,4.118,185286.22995528
2025-07-16 09:00:00,4.117,4.139,4.096,4.108,157251.19838694
2025-07-16 10:00:00,4.108,4.125,4.093,4.097,103799.69083962
2025-07-16 11:00:00,4.097,4.127,4.097,4.115,58648.98707333
2025-07-16 12:00:00,4.117,4.143,4.106,4.11,136577.87927799
2025-07-16 13:00:00,4.111,4.138,4.094,4.119,131492.86209695
2025-07-16 14:00:00,4.118,4.173,4.082,4.169,286957.1018627
2025-07-16 15:00:00,4.171,4.187,4.091,4.134,305369.26868559
2025-07-16 16:00:00,4.134,4.189,4.113,4.187,136163.96618495
2025-07-16 17:00:00,4.187,4.205,4.16,4.192,135950.94482874
2025-07-16 18:00:00,4.191,4.235,4.182,4.186,221345.70426682
2025-07-16 19:00:00,4.187,4.192,4.146,4.173,99486.06483681
2025-07-16 20:00:00,4.173,4.238,4.173,4.206,217761.81579154
2025-07-16 21:00:00,4.206,4.269,4.195,4.241,180251.25400848
2025-07-16 22:00:00,4.242,4.267,4.178,4.19,171497.33937107
2025-07-16 23:00:00,4.191,4.195,4.139,4.16,154966.1323629
2025-07-17 00:00:00,4.158,4.219,4.154,4.166,91182.44829194
2025-07-17 01:00:00,4.167,4.186,4.066,4.113,669568.5890441
2025-07-17 02:00:00,4.113,4.153,4.108,4.144,132300.28610996
2025-07-17 03:00:00,4.144,4.148,4.07,4.097,141904.31055632
2025-07-17 04:00:00,4.096,4.145,4.082,4.145,68359.62322211
2025-07-17 05:00:00,4.143,4.177,4.123,4.177,129733.42718318
2025-07-17 06:00:00,4.177,4.226,4.159,4.213,217041.230257
2025-07-17 07:00:00,4.213,4.213,4.159,4.188,154654.94802077
2025-07-17 08:00:00,4.19,4.229,4.182,4.228,192668.89520849
2025-07-17 09:00:00,4.227,4.28,4.218,4.255,206187.13762685
2025-07-17 10:00:00,4.257,4.268,4.212,4.231,217907.99459079
2025-07-17 11:00:00,4.232,4.244,4.207,4.224,121390.42061746
2025-07-17 12:00:00,4.224,4.269,4.183,4.256,194193.37292587
2025-07-17 13:00:00,4.254,4.268,4.14,4.202,337645.69662148
2025-07-17 14:00:00,4.201,4.234,4.181,4.211,126573.35236057
2025-07-17 15:00:00,4.212,4.216,4.156,4.191,102275.21305275
2025-07-17 16:00:00,4.19,4.201,4.102,4.142,278589.61438163
2025-07-17 17:00:00,4.141,4.195,4.124,4.191,181622.25862838
2025-07-17 18:00:00,4.191,4.201,4.174,4.196,97956.82167087
2025-07-17 19:00:00,4.198,4.21,4.121,4.124,127578.78683937
2025-07-17 20:00:00,4.124,4.144,4.076,4.135,251501.1060545
2025-07-17 21:00:00,4.135,4.229,4.134,4.21,313333.24620299
2025-07-17 22:00:00,4.211,4.292,4.2,4.262,159844.95859932
2025-07-17 23:00:00,4.263,4.307,4.239,4.262,166463.11353025
2025-07-18 00:00:00,4.263,4.354,4.238,4.354,165036.90920414
2025-07-18 01:00:00,4.355,4.426,4.343,4.417,348944.2382064
2025-07-18 02:00:00,4.418,4.418,4.371,4.4,250376.38763878
2025-07-18 03:00:00,4.399,4.442,4.382,4.439,146748.24254713
2025-07-18 04:00:00,4.439,4.513,4.412,4.511,265378.85367425
2025-07-18 05:00:00,4.512,4.63,4.492,4.623,1095316.4156241
2025-07-18 06:00:00,4.622,4.622,4.518,4.568,346878.06501256
2025-07-18 07:00:00,4.571,4.594,4.486,4.492,435579.31014857
2025-07-18 08:00:00,4.492,4.547,4.428,4.443,530799.00107673
2025-07-18 09:00:00,4.442,4.46,4.405,4.459,295212.69564906
2025-07-18 10:00:00,4.457,4.473,4.395,4.473,200158.81697368
2025-07-18 11:00:00,4.473,4.49,4.385,4.431,207840.81694022
2025-07-18 12:00:00,4.432,4.472,4.41,4.472,206333.56840644
2025-07-18 13:00:00,4.471,4.499,4.422,4.451,364978.18986044
2025-07-18 14:00:00,4.452,4.482,4.324,4.37,477714.94835144
2025-07-18 15:00:00,4.368,4.377,4.255,4.298,470430.68294375
2025-07-18 16:00:00,4.298,4.364,4.28,4.331,218931.24054201
2025-07-18 17:00:00,4.332,4.358,4.3,4.342,105117.50790538
2025-07-18 18:00:00,4.341,4.343,4.274,4.279,141784.17604625
2025-07-18 19:00:00,4.278,4.297,4.228,4.261,158773.61862111
2025-07-18 20:00:00,4.262,4.267,4.142,4.208,488651.82426918
2025-07-18 21:00:00,4.208,4.274,4.204,4.237,129638.95983863
2025-07-18 22:00:00,4.238,4.267,4.192,4.199,216340.68084731
2025-07-18 23:00:00,4.2,4.237,4.164,4.232,270274.40694876
2025-07-19 00:00:00,4.232,4.261,4.169,4.169,168664.10765005
2025-07-19 01:00:00,4.17,4.216,4.137,4.207,173648.30639352
2025-07-19 02:00:00,4.208,4.249,4.179,4.244,130173.12791977
2025-07-19 03:00:00,4.244,4.304,4.243,4.3,130716.5274945
2025-07-19 04:00:00,4.3,4.339,4.299,4.316,108463.70622157
2025-07-19 05:00:00,4.317,4.324,4.282,4.299,54541.86860609
2025-07-19 06:00:00,4.297,4.317,4.276,4.306,91527.94788574
2025-07-19 07:00:00,4.306,4.323,4.284,4.288,80597.09767317
2025-07-19 08:00:00,4.289,4.299,4.254,4.278,96123.59306846
2025-07-19 09:00:00,4.276,4.307,4.272,4.28,77514.92012987
2025-07-19 10:00:00,4.28,4.306,4.264,4.276,43788.50538369
2025-07-19 11:00:00,4.277,4.288,4.229,4.234,104137.77574941
2025-07-19 12:00:00,4.233,4.256,4.21,4.252,84201.00209989
2025-07-19 13:00:00,4.252,4.254,4.21,4.223,70177.45026483
2025-07-19 14:00:00,4.224,4.232,4.167,4.177,161862.14639487
2025-07-19 15:00:00,4.176,4.242,4.176,4.225,107210.26393482
2025-07-19 16:00:00,4.223,4.274,4.207,4.263,82494.03547724
2025-07-19 17:00:00,4.264,4.268,4.229,4.251,63107.19941603
2025-07-19 18:00:00,4.251,4.306,4.247,4.287,89071.13939564
2025-07-19 19:00:00,4.288,4.408,4.284,4.39,201584.12890448
2025-07-19 20:00:00,4.391,4.455,4.374,4.422,216256.20091217
2025-07-19 21:00:00,4.422,4.431,4.312,4.368,289524.25336261
2025-07-19 22:00:00,4.366,4.391,4.342,4.365,116604.32284148
2025-07-19 23:00:00,4.364,4.421,4.357,4.411,113733.83415598
2025-07-20 00:00:00,4.412,4.419,4.36,4.384,72322.95336963
2025-07-20 01:00:00,4.383,4.418,4.379,4.385,131588.28702893
2025-07-20 02:00:00,4.385,4.402,4.366,4.384,45903.22942128
2025-07-20 03:00:00,4.384,4.438,4.37,4.392,92092.7382169
2025-07-20 04:00:00,4.393,4.402,4.352,4.364,257631.97053368
2025-07-20 05:00:00,4.365,4.418,4.354,4.41,74622.19995235
2025-07-20 06:00:00,4.411,4.426,4.388,4.39,66265.85329777
2025-07-20 07:00:00,4.392,4.445,4.389,4.418,99515.85000082
2025-07-20 08:00:00,4.418,4.469,4.418,4.468,139623.57837739
2025-07-20 09:00:00,4.468,4.493,4.439,4.47,263325.2046527
2025-07-20 10:00:00,4.469,4.483,4.449,4.455,136409.25703593
2025-07-20 11:00:00,4.456,4.512,4.454,4.492,136569.90754463
2025-07-20 12:00:00,4.492,4.499,4.464,4.496,107318.45721685
2025-07-20 13:00:00,4.496,4.543,4.49,4.538,132230.78889635
2025-07-20 14:00:00,4.538,4.538,4.483,4.504,195904.43364354
2025-07-20 15:00:00,4.505,4.558,4.494,4.542,188735.88551064
2025-07-20 16:00:00,4.543,4.59,4.534,4.562,203804.6414511
2025-07-20 17:00:00,4.561,4.573,4.496,4.499,220964.25374278
2025-07-20 18:00:00,4.502,4.532,4.475,4.529,159779.63071657
2025-07-20 19:00:00,4.529,4.556,4.528,4.529,84464.90551075
2025-07-20 20:00:00,4.531,4.542,4.483,4.513,135670.21503697
2025-07-20 21:00:00,4.514,4.536,4.475,4.535,76445.98069483
2025-07-20 22:00:00,4.536,4.539,4.384,4.491,419838.91871669
2025-07-20 23:00:00,4.491,4.511,4.448,4.484,171313.78174984
2025-07-21 00:00:00,4.485,4.493,4.398,4.468,239275.07263732
2025-07-21 01:00:00,4.468,4.474,4.405,4.463,139757.29339465
2025-07-21 02:00:00,4.463,4.521,4.459,4.521,171109.62644762
2025-07-21 03:00:00,4.521,4.553,4.518,4.543,154257.76976593
2025-07-21 04:00:00,4.542,4.562,4.521,4.532,156238.48062405
2025-07-21 05:00:00,4.533,4.55,4.507,4.547,170403.05007418
2025-07-21 06:00:00,4.547,4.587,4.541,4.566,153384.49086611
2025-07-21 07:00:00,4.565,4.609,4.565,4.585,291125.84247593
2025-07-21 08:00:00,4.586,4.621,4.565,4.578,188645.70439136
2025-07-21 09:00:00,4.58,4.584,4.524,4.553,159679.63141424
2025-07-21 10:00:00,4.554,4.584,4.518,4.584,114179.31346665
2025-07-21 11:00:00,4.582,4.627,4.574,4.589,164865.76978009
2025-07-21 12:00:00,4.589,4.607,4.556,4.596,143379.69861696
2025-07-21 13:00:00,4.596,4.644,4.558,4.63,204852.39621733
2025-07-21 14:00:00,4.63,4.679,4.596,4.656,222657.47539642
2025-07-21 15:00:00,4.656,4.678,4.586,4.601,296502.95702485
2025-07-21 16:00:00,4.601,4.605,4.46,4.521,585210.59235002
2025-07-21 17:00:00,4.521,4.554,4.502,4.541,253947.97370213
2025-07-21 18:00:00,4.541,4.583,4.472,4.482,260453.43426114
2025-07-21 19:00:00,4.481,4.513,4.432,4.449,279618.72939495
2025-07-21 20:00:00,4.45,4.49,4.433,4.446,191819.61731615
2025-07-21 21:00:00,4.445,4.498,4.432,4.486,139684.77334381
2025-07-21 22:00:00,4.487,4.519,4.484,4.503,86313.57553428
2025-07-21 23:00:00,4.503,4.523,4.482,4.503,41989.80137467
2025-07-22 00:00:00,4.503,4.534,4.453,4.46,81990.85615399
2025-07-22 01:00:00,4.461,4.547,4.364,4.527,560613.12612808
2025-07-22 02:00:00,4.528,4.536,4.425,4.443,224965.46594673
2025-07-22 03:00:00,4.443,4.454,4.378,4.423,323888.26632403
2025-07-22 04:00:00,4.423,4.432,4.312,4.317,408749.30618411
2025-07-22 05:00:00,4.316,4.427,4.312,4.396,446744.6378033
2025-07-22 06:00:00,4.397,4.422,4.376,4.393,231428.58369099
2025-07-22 07:00:00,4.394,4.444,4.383,4.393,241151.42511827
2025-07-22 08:00:00,4.392,4.393,4.297,4.35,383669.33265649
2025-07-22 09:00:00,4.35,4.359,4.282,4.344,558726.35676403
2025-07-22 10:00:00,4.344,4.404,4.336,4.404,132757.58840166
2025-07-22 11:00:00,4.404,4.42,4.365,4.413,188046.33502574
2025-07-22 12:00:00,4.413,4.426,4.398,4.41,136456.21900217
2025-07-22 13:00:00,4.411,4.457,4.357,4.379,441912.81971694
2025-07-22 14:00:00,4.378,4.46,4.336,4.458,427834.01999042
2025-07-22 15:00:00,4.458,4.504,4.417,4.426,529204.0474886
2025-07-22 16:00:00,4.426,4.478,4.407,4.432,228402.81973166
2025-07-22 17:00:00,4.431,4.443,4.374,4.396,235589.62275773
2025-07-22 18:00:00,4.396,4.476,4.373,4.452,374484.2795851
2025-07-22 19:00:00,4.45,4.46,4.361,4.374,202800.27068985
2025-07-22 20:00:00,4.374,4.45,4.36,4.443,217862.22309198
2025-07-22 21:00:00,4.444,4.495,4.434,4.485,137726.27875616
2025-07-22 22:00:00,4.486,4.498,4.469,4.492,91731.82628559
2025-07-22 23:00:00,4.491,4.558,4.483,4.555,107167.43111169
2025-07-23 00:00:00,4.556,4.556,4.475,4.476,186663.25946842
2025-07-23 01:00:00,4.478,4.498,4.452,4.485,104091.81201383
2025-07-23 02:00:00,4.486,4.502,4.462,4.49,167145.19378138
2025-07-23 03:00:00,4.491,4.513,4.467,4.481,84369.39868411
2025-07-23 04:00:00,4.482,4.548,4.469,4.534,122937.29798319
2025-07-23 05:00:00,4.533,4.536,4.502,4.509,72529.78772626
2025-07-23 06:00:00,4.509,4.515,4.449,4.47,159105.22915326
2025-07-23 07:00:00,4.469,4.496,4.434,4.451,112125.57856882
2025-07-23 08:00:00,4.452,4.468,4.427,4.456,144186.27414165
2025-07-23 09:00:00,4.455,4.455,4.365,4.369,205505.70026691
2025-07-23 10:00:00,4.368,4.374,4.331,4.369,218905.40293282
2025-07-23 11:00:00,4.369,4.373,4.342,4.371,91241.33640416
2025-07-23 12:00:00,4.371,4.381,4.232,4.247,420473.13666559
2025-07-23 13:00:00,4.248,4.282,4.126,4.179,1520529.64145188
2025-07-23 14:00:00,4.179,4.279,4.171,4.234,876436.45933018
2025-07-23 15:00:00,4.234,4.258,4.188,4.244,252902.51117049
2025-07-23 16:00:00,4.244,4.244,4.137,4.146,618813.66055864
2025-07-23 17:00:00,4.146,4.167,4.078,4.143,961514.23492482
2025-07-23 18:00:00,4.144,4.188,4.141,4.181,321035.79740685
2025-07-23 19:00:00,4.18,4.183,4.139,4.142,183298.71724265
2025-07-23 20:00:00,4.14,4.168,4.026,4.097,909733.05479437
2025-07-23 21:00:00,4.099,4.121,4.0,4.102,526432.65245171
2025-07-23 22:00:00,4.1,4.151,4.072,4.129,127235.24401303
2025-07-23 23:00:00,4.131,4.149,4.108,4.116,94581.8910461
2025-07-24 00:00:00,4.116,4.179,4.089,4.179,201981.23959433
2025-07-24 01:00:00,4.177,4.185,4.131,4.183,253858.39535684
2025-07-24 02:00:00,4.183,4.195,4.155,4.17,87943.85478795
2025-07-24 03:00:00,4.171,4.203,4.14,4.144,70137.08902907
2025-07-24 04:00:00,4.145,4.157,4.06,4.07,299237.71150217
2025-07-24 05:00:00,4.071,4.076,3.941,3.952,626080.80304647
2025-07-24 06:00:00,3.953,4.042,3.891,3.946,658170.04232482
2025-07-24 07:00:00,3.945,4.018,3.896,4.011,397658.51541708
2025-07-24 08:00:00,4.01,4.045,3.986,4.01,350273.49943732
2025-07-24 09:00:00,4.011,4.022,3.96,3.975,226313.99259204
2025-07-24 10:00:00,3.976,4.001,3.918,3.966,249623.33251936
2025-07-24 11:00:00,3.967,4.039,3.963,4.024,166898.12802618
2025-07-24 12:00:00,4.023,4.033,3.977,3.997,147495.65769659
2025-07-24 13:00:00,3.997,4.038,3.972,3.977,185991.4324531
2025-07-24 14:00:00,3.978,4.108,3.942,4.102,323825.42575663
2025-07-24 15:00:00,4.102,4.14,4.062,4.085,335413.47810833
2025-07-24 16:00:00,4.086,4.091,3.987,4.016,239760.68044835
2025-07-24 17:00:00,4.016,4.105,4.01,4.081,118953.22639305
2025-07-24 18:00:00,4.081,4.106,4.055,4.094,194033.65200601
2025-07-24 19:00:00,4.093,4.116,4.061,4.063,201322.16904565
2025-07-24 20:00:00,4.063,4.101,4.058,4.092,75144.91268431
2025-07-24 21:00:00,4.092,4.096,4.028,4.04,91561.94316412
2025-07-24 22:00:00,4.041,4.064,4.013,4.036,109791.38493547
2025-07-24 23:00:00,4.035,4.035,3.985,4.003,171608.44321444
2025-07-25 00:00:00,4.004,4.009,3.935,3.956,172756.10090914
2025-07-25 01:00:00,3.956,4.013,3.933,4.002,106536.59907056
2025-07-25 02:00:00,4.001,4.018,3.924,3.934,144883.76481268
2025-07-25 03:00:00,3.933,3.963,3.864,3.93,335308.05508388
2025-07-25 04:00:00,3.927,3.966,3.883,3.96,251123.74349365
2025-07-25 05:00:00,3.96,3.97,3.916,3.921,139257.65837392
2025-07-25 06:00:00,3.92,3.958,3.893,3.94,164924.33728781
2025-07-25 07:00:00,3.941,3.986,3.893,3.938,331447.36956097
2025-07-25 08:00:00,3.938,3.984,3.927,3.952,326821.93906447
2025-07-25 09:00:00,3.952,4.029,3.941,4.026,255755.4775199
2025-07-25 10:00:00,4.026,4.053,4.011,4.042,144866.97732408
2025-07-25 11:00:00,4.043,4.063,4.034,4.05,162901.42508107
2025-07-25 12:00:00,4.051,4.079,4.023,4.045,256784.2323332
2025-07-25 13:00:00,4.046,4.06,4.005,4.038,176599.22640898
2025-07-25 14:00:00,4.04,4.044,3.925,3.933,290834.51837922
2025-07-25 15:00:00,3.93,3.971,3.902,3.958,227601.45783752
2025-07-25 16:00:00,3.957,4.001,3.933,3.994,177506.89025659
2025-07-25 17:00:00,3.993,4.017,3.976,3.983,130267.74994243
2025-07-25 18:00:00,3.984,4.002,3.98,3.992,51094.48120543
2025-07-25 19:00:00,3.991,4.024,3.981,3.999,61421.02260429
2025-07-25 20:00:00,3.998,4.077,3.997,4.065,134281.83283613
2025-07-25 21:00:00,4.066,4.095,4.066,4.089,95800.9362668
2025-07-25 22:00:00,4.09,4.104,4.083,4.098,34294.61327655
2025-07-25 23:00:00,4.098,4.099,4.082,4.091,26763.43733352
2025-07-26 00:00:00,4.092,4.097,4.073,4.094,47850.11744234
2025-07-26 01:00:00,4.095,4.1,4.078,4.08,63629.5289274
2025-07-26 02:00:00,4.079,4.132,4.079,4.124,127450.18637107
2025-07-26 03:00:00,4.123,4.137,4.104,4.126,60190.2074746
2025-07-26 04:00:00,4.125,4.13,4.109,4.111,40478.13081662
2025-07-26 05:00:00,4.112,4.115,4.1,4.109,48445.51807324
2025-07-26 06:00:00,4.109,4.11,4.092,4.096,93122.58150393
2025-07-26 07:00:00,4.095,4.105,4.092,4.098,18654.50729325
2025-07-26 08:00:00,4.099,4.119,4.091,4.095,167113.47317552
2025-07-26 09:00:00,4.096,4.105,4.087,4.102,47821.76076996
2025-07-26 10:00:00,4.102,4.117,4.095,4.103,82828.29435664
2025-07-26 11:00:00,4.105,4.122,4.094,4.108,51608.98834726
2025-07-26 12:00:00,4.109,4.116,4.092,4.112,62251.67892894
2025-07-26 13:00:00,4.11,4.132,4.102,4.123,48285.83517655
2025-07-26 14:00:00,4.124,4.15,4.11,4.127,146830.04757156
2025-07-26 15:00:00,4.127,4.148,4.114,4.148,128506.58541374
2025-07-26 16:00:00,4.148,4.159,4.132,4.147,75701.36573187
2025-07-26 17:00:00,4.146,4.148,4.113,4.126,59067.0464216
2025-07-26 18:00:00,4.126,4.177,4.108,4.174,61088.74358727
2025-07-26 19:00:00,4.174,4.2,4.163,4.196,70275.27385083
2025-07-26 20:00:00,4.196,4.198,4.172,4.177,57001.27417991
2025-07-26 21:00:00,4.176,4.184,4.164,4.178,26408.70057035
2025-07-26 22:00:00,4.18,4.199,4.149,4.152,61724.43050633
2025-07-26 23:00:00,4.151,4.152,4.124,4.127,30234.14989781
2025-07-27 00:00:00,4.129,4.135,4.117,4.135,26597.62166066
2025-07-27 01:00:00,4.135,4.168,4.125,4.155,24971.82426214
2025-07-27 02:00:00,4.154,4.195,4.15,4.181,53822.82912109
2025-07-27 03:00:00,4.182,4.189,4.163,4.166,47293.26448894
2025-07-27 04:00:00,4.167,4.179,4.16,4.175,28029.46271333
2025-07-27 05:00:00,4.176,4.208,4.173,4.184,56096.45624165
2025-07-27 06:00:00,4.182,4.182,4.164,4.171,44274.55285312
2025-07-27 07:00:00,4.172,4.181,4.157,4.165,87191.16782617
2025-07-27 08:00:00,4.165,4.171,4.138,4.145,56331.50109322
2025-07-27 09:00:00,4.144,4.144,4.118,4.127,53536.96427921
2025-07-27 10:00:00,4.127,4.191,4.127,4.18,54201.02426027
2025-07-27 11:00:00,4.181,4.186,4.144,4.153,62646.86472732
2025-07-27 12:00:00,4.153,4.18,4.14,4.179,68418.18132495
2025-07-27 13:00:00,4.176,4.187,4.156,4.161,27609.55762076
2025-07-27 14:00:00,4.16,4.181,4.143,4.157,53911.82399375
2025-07-27 15:00:00,4.157,4.172,4.138,4.171,33326.29432075
2025-07-27 16:00:00,4.173,4.221,4.165,4.177,246603.03945017
2025-07-27 17:00:00,4.175,4.196,4.165,4.194,112436.5863331
2025-07-27 18:00:00,4.194,4.214,4.184,4.193,133856.95593686
2025-07-27 19:00:00,4.194,4.2,4.175,4.182,21694.26291082
2025-07-27 20:00:00,4.186,4.202,4.171,4.177,26857.71205297
2025-07-27 21:00:00,4.177,4.209,4.167,4.207,52270.77815593
2025-07-27 22:00:00,4.207,4.256,4.205,4.241,85775.01768895
2025-07-27 23:00:00,4.24,4.245,4.21,4.242,75181.37959985
2025-07-28 00:00:00,4.243,4.268,4.224,4.224,98236.08302129
2025-07-28 01:00:00,4.224,4.225,4.185,4.195,142102.01656198
2025-07-28 02:00:00,4.196,4.272,4.187,4.254,130677.85884514
2025-07-28 03:00:00,4.255,4.264,4.237,4.251,51491.68103567
2025-07-28 04:00:00,4.251,4.28,4.229,4.276,138544.60362274
2025-07-28 05:00:00,4.276,4.316,4.271,4.305,169670.82082539
2025-07-28 06:00:00,4.306,4.314,4.283,4.305,78999.40141598
2025-07-28 07:00:00,4.303,4.305,4.257,4.275,101883.42230066
2025-07-28 08:00:00,4.275,4.285,4.243,4.261,78085.07100058
2025-07-28 09:00:00,4.259,4.288,4.247,4.279,68684.50769844
2025-07-28 10:00:00,4.279,4.282,4.236,4.248,95016.64239278
2025-07-28 11:00:00,4.251,4.253,4.209,4.226,152032.24132857
2025-07-28 12:00:00,4.228,4.24,4.203,4.21,75667.25863459
2025-07-28 13:00:00,4.21,4.211,4.145,4.161,221612.86162953
2025-07-28 14:00:00,4.16,4.173,4.076,4.095,280435.74991887
2025-07-28 15:00:00,4.095,4.121,4.05,4.073,259621.36481822
2025-07-28 16:00:00,4.073,4.096,4.036,4.066,223921.03792263
2025-07-28 17:00:00,4.064,4.075,4.04,4.045,135674.64257396
2025-07-28 18:00:00,4.046,4.049,3.987,4.007,373225.79654019
2025-07-28 19:00:00,4.007,4.036,3.977,4.008,215060.16055785
2025-07-28 20:00:00,4.009,4.015,3.961,3.978,114848.17138967
2025-07-28 21:00:00,3.977,4.004,3.944,3.974,306618.39130698
2025-07-28 22:00:00,3.974,3.991,3.929,3.955,98858.13002619
2025-07-28 23:00:00,3.956,3.973,3.938,3.964,153456.70604915
2025-07-29 00:00:00,3.965,4.003,3.9,3.956,370046.46338291
2025-07-29 01:00:00,3.957,3.986,3.941,3.945,81322.59896807
2025-07-29 02:00:00,3.944,3.954,3.911,3.929,166819.36422407
2025-07-29 03:00:00,3.928,3.995,3.928,3.992,114132.04214101
2025-07-29 04:00:00,3.992,4.005,3.966,3.97,138498.7458891
2025-07-29 05:00:00,3.969,4.034,3.969,4.034,51601.58538859
2025-07-29 06:00:00,4.034,4.061,4.023,4.052,87735.888513
2025-07-29 07:00:00,4.053,4.082,4.039,4.074,114748.23724446
2025-07-29 08:00:00,4.073,4.075,4.037,4.049,90785.44150535
2025-07-29 09:00:00,4.05,4.054,4.015,4.019,74202.66761595
2025-07-29 10:00:00,4.02,4.023,3.96,3.968,176604.4839756
2025-07-29 11:00:00,3.966,4.0,3.964,3.994,103714.80115395
2025-07-29 12:00:00,3.995,4.038,3.986,4.026,119751.33107477
2025-07-29 13:00:00,4.026,4.042,3.974,3.982,141763.28169946
2025-07-29 14:00:00,3.983,3.985,3.898,3.929,319375.48300539
2025-07-29 15:00:00,3.928,3.941,3.891,3.917,213291.43496101
2025-07-29 16:00:00,3.917,3.924,3.838,3.894,386895.47368675
2025-07-29 17:00:00,3.894,3.923,3.879,3.897,187561.32183043
2025-07-29 18:00:00,3.897,3.912,3.875,3.893,90604.03441413
2025-07-29 19:00:00,3.893,3.92,3.851,3.855,256006.16354617
2025-07-29 20:00:00,3.853,3.885,3.817,3.856,256893.25909996
2025-07-29 21:00:00,3.856,3.914,3.838,3.901,68691.27702927
2025-07-29 22:00:00,3.9,3.907,3.869,3.895,70455.2940517
2025-07-29 23:00:00,3.896,3.907,3.883,3.904,52557.38411662
2025-07-30 00:00:00,3.904,3.904,3.847,3.876,64754.80588663
2025-07-30 01:00:00,3.876,3.911,3.835,3.894,98333.36446423
2025-07-30 02:00:00,3.894,3.92,3.885,3.902,81285.08607451
2025-07-30 03:00:00,3.902,3.919,3.888,3.896,50092.5310601
2025-07-30 04:00:00,3.896,3.909,3.863,3.868,37092.18133413
2025-07-30 05:00:00,3.868,3.906,3.855,3.893,93518.02735306
2025-07-30 06:00:00,3.893,3.901,3.869,3.891,109831.83611559
2025-07-30 07:00:00,3.889,3.903,3.858,3.871,74709.65109399
2025-07-30 08:00:00,3.87,3.889,3.842,3.87,115798.08918121
2025-07-30 09:00:00,3.87,3.879,3.818,3.826,125926.95680459
2025-07-30 10:00:00,3.826,3.854,3.799,3.811,116018.442424
2025-07-30 11:00:00,3.81,3.831,3.735,3.756,616972.90199857
2025-07-30 12:00:00,3.759,3.792,3.73,3.772,231265.91433985
2025-07-30 13:00:00,3.772,3.794,3.751,3.786,178098.03187848
2025-07-30 14:00:00,3.786,3.857,3.765,3.845,151787.73609593
2025-07-30 15:00:00,3.846,3.851,3.806,3.819,119353.3873053
2025-07-30 16:00:00,3.82,3.857,3.806,3.831,167468.67793426
2025-07-30 17:00:00,3.832,3.84,3.815,3.839,41190.50837637
2025-07-30 18:00:00,3.838,3.857,3.745,3.747,312565.12606539
2025-07-30 19:00:00,3.746,3.789,3.621,3.778,1032384.85632364
2025-07-30 20:00:00,3.777,3.809,3.764,3.774,134745.57626251
2025-07-30 21:00:00,3.773,3.794,3.735,3.765,56649.94252936
2025-07-30 22:00:00,3.764,3.776,3.746,3.763,57657.53987768
2025-07-30 23:00:00,3.762,3.811,3.762,3.804,70287.86620274
2025-07-31 00:00:00,3.804,3.848,3.799,3.844,49913.69990864
2025-07-31 01:00:00,3.843,3.852,3.828,3.834,40742.52717578
2025-07-31 02:00:00,3.835,3.856,3.827,3.856,51951.55902797
2025-07-31 03:00:00,3.856,3.881,3.851,3.874,59384.63000042
2025-07-31 04:00:00,3.874,3.884,3.863,3.881,40513.37347153
2025-07-31 05:00:00,3.881,3.888,3.875,3.878,28967.02586442
2025-07-31 06:00:00,3.878,3.903,3.867,3.897,84698.9596044
2025-07-31 07:00:00,3.897,3.9,3.882,3.886,91927.91528353
2025-07-31 08:00:00,3.887,3.905,3.886,3.893,66874.90671091
2025-07-31 09:00:00,3.893,3.909,3.886,3.903,37362.02905991
2025-07-31 10:00:00,3.902,3.92,3.898,3.914,47825.13104411
2025-07-31 11:00:00,3.914,3.917,3.878,3.887,90011.01984297
2025-07-31 12:00:00,3.888,3.89,3.841,3.853,129507.68208055
2025-07-31 13:00:00,3.852,3.852,3.782,3.808,382329.81800965
2025-07-31 14:00:00,3.808,3.818,3.741,3.755,252278.26947901
2025-07-31 15:00:00,3.756,3.802,3.751,3.787,126918.48477389
2025-07-31 16:00:00,3.787,3.867,3.782,3.842,148099.18134903
2025-07-31 17:00:00,3.842,3.842,3.77,3.782,138945.45877346
2025-07-31 18:00:00,3.782,3.806,3.748,3.78,118396.68398461
2025-07-31 19:00:00,3.781,3.785,3.734,3.75,142848.09464906
2025-07-31 20:00:00,3.749,3.757,3.715,3.737,144517.50530735
2025-07-31 21:00:00,3.736,3.762,3.684,3.728,153476.68965715
2025-07-31 22:00:00,3.727,3.727,3.673,3.688,201181.21086396
2025-07-31 23:00:00,3.688,3.714,3.663,3.681,143984.17947543
2025-08-01 00:00:00,3.68,3.688,3.585,3.671,667485.9819545
2025-08-01 01:00:00,3.67,3.685,3.621,3.667,377817.61545885
2025-08-01 02:00:00,3.665,3.716,3.658,3.707,113216.76891881
2025-08-01 03:00:00,3.707,3.722,3.687,3.692,55549.38085306
2025-08-01 04:00:00,3.692,3.692,3.656,3.665,75664.20737587
2025-08-01 05:00:00,3.665,3.686,3.634,3.651,78375.77208236
2025-08-01 06:00:00,3.65,3.658,3.617,3.655,103169.69555356
2025-08-01 07:00:00,3.657,3.67,3.638,3.657,90875.3029063
2025-08-01 08:00:00,3.654,3.654,3.566,3.609,419829.19132895
2025-08-01 09:00:00,3.609,3.657,3.606,3.608,183121.67601167
2025-08-01 10:00:00,3.608,3.639,3.604,3.627,75760.97222195
2025-08-01 11:00:00,3.628,3.654,3.608,3.65,59768.63261556
2025-08-01 12:00:00,3.65,3.691,3.636,3.665,192516.60319464
2025-08-01 13:00:00,3.668,3.68,3.543,3.569,415028.43912391
2025-08-01 14:00:00,3.567,3.666,3.544,3.654,227989.12606106
2025-08-01 15:00:00,3.655,3.658,3.6,3.642,173499.29794848
2025-08-01 16:00:00,3.641,3.67,3.595,3.604,126059.13238827
2025-08-01 17:00:00,3.603,3.62,3.568,3.577,171222.39692541
2025-08-01 18:00:00,3.578,3.61,3.534,3.578,276634.54633519
2025-08-01 19:00:00,3.577,3.63,3.572,3.624,169349.06942915
2025-08-01 20:00:00,3.623,3.631,3.536,3.598,297719.57637179
2025-08-01 21:00:00,3.598,3.624,3.591,3.596,89617.47252728
2025-08-01 22:00:00,3.597,3.599,3.443,3.505,606252.31963903
2025-08-01 23:00:00,3.505,3.558,3.499,3.545,195934.54613528
2025-08-02 00:00:00,3.544,3.587,3.536,3.584,140037.93319824
2025-08-02 01:00:00,3.585,3.591,3.561,3.587,73793.40527552
2025-08-02 02:00:00,3.586,3.592,3.58,3.587,27433.22518139
2025-08-02 03:00:00,3.588,3.597,3.583,3.596,26952.41299624
2025-08-02 04:00:00,3.595,3.626,3.59,3.624,49818.33697222
2025-08-02 05:00:00,3.625,3.628,3.606,3.607,82438.79320415
2025-08-02 06:00:00,3.607,3.609,3.511,3.536,153703.28415077
2025-08-02 07:00:00,3.534,3.588,3.508,3.585,105140.58567865
2025-08-02 08:00:00,3.585,3.592,3.535,3.541,68471.65729323
2025-08-02 09:00:00,3.54,3.56,3.527,3.547,61891.114256
2025-08-02 10:00:00,3.547,3.55,3.515,3.54,68277.76840164
2025-08-02 11:00:00,3.539,3.574,3.518,3.552,59792.01060835
2025-08-02 12:00:00,3.551,3.561,3.528,3.555,35086.76409604
2025-08-02 13:00:00,3.555,3.572,3.532,3.563,73025.1501693
2025-08-02 14:00:00,3.565,3.568,3.492,3.514,166243.42201117
2025-08-02 15:00:00,3.513,3.547,3.483,3.495,139953.32566877
2025-08-02 16:00:00,3.496,3.527,3.461,3.509,181421.32898136
2025-08-02 17:00:00,3.508,3.534,3.448,3.464,170291.24382942
2025-08-02 18:00:00,3.464,3.48,3.426,3.445,310026.75479112
2025-08-02 19:00:00,3.445,3.512,3.431,3.479,154994.94853932
2025-08-02 20:00:00,3.478,3.509,3.476,3.506,72836.22599563
2025-08-02 21:00:00,3.506,3.525,3.489,3.507,56684.02149369
2025-08-02 22:00:00,3.506,3.528,3.483,3.519,39498.50593505
2025-08-02 23:00:00,3.518,3.524,3.473,3.506,48295.52112733
2025-08-03 00:00:00,3.507,3.527,3.458,3.526,107876.95403456
2025-08-03 01:00:00,3.526,3.534,3.512,3.527,47553.52383531
2025-08-03 02:00:00,3.527,3.555,3.527,3.554,62812.64757469
2025-08-03 03:00:00,3.554,3.555,3.539,3.539,21634.244931
2025-08-03 04:00:00,3.539,3.547,3.528,3.544,27230.69154575
2025-08-03 05:00:00,3.545,3.559,3.544,3.555,51281.66100836
2025-08-03 06:00:00,3.556,3.573,3.544,3.573,55564.09302424
2025-08-03 07:00:00,3.573,3.581,3.566,3.574,46527.84601015
2025-08-03 08:00:00,3.574,3.584,3.57,3.583,64323.0284364
2025-08-03 09:00:00,3.583,3.585,3.57,3.582,41907.51236858
2025-08-03 10:00:00,3.583,3.595,3.581,3.592,68393.45393301
2025-08-03 11:00:00,3.592,3.619,3.589,3.604,187247.38429875
2025-08-03 12:00:00,3.604,3.616,3.588,3.609,91998.11808489
2025-08-03 13:00:00,3.609,3.612,3.586,3.596,25305.7275292
2025-08-03 14:00:00,3.597,3.602,3.566,3.585,115440.28144198
2025-08-03 15:00:00,3.585,3.598,3.574,3.59,100690.88445219
2025-08-03 16:00:00,3.589,3.599,3.572,3.597,54267.99924114
2025-08-03 17:00:00,3.598,3.604,3.581,3.596,69407.64464741
2025-08-03 18:00:00,3.597,3.602,3.586,3.601,38891.59311059
2025-08-03 19:00:00,3.602,3.616,3.591,3.597,93066.43395293
2025-08-03 20:00:00,3.597,3.606,3.587,3.601,77783.99578848
2025-08-03 21:00:00,3.6,3.62,3.599,3.616,41080.00807881
2025-08-03 22:00:00,3.616,3.626,3.593,3.608,42748.32308034
2025-08-03 23:00:00,3.608,3.625,3.601,3.603,35924.57600784
2025-08-04 00:00:00,3.603,3.663,3.598,3.661,123412.89994757
2025-08-04 01:00:00,3.66,3.667,3.622,3.625,75455.68604201
2025-08-04 02:00:00,3.626,3.647,3.612,3.647,55381.04300796
2025-08-04 03:00:00,3.647,3.648,3.622,3.623,124589.88048004
2025-08-04 04:00:00,3.623,3.633,3.607,3.614,53577.84031292
2025-08-04 05:00:00,3.615,3.628,3.607,3.626,28223.17007697
2025-08-04 06:00:00,3.624,3.641,3.608,3.636,48091.94891346
2025-08-04 07:00:00,3.636,3.653,3.632,3.636,65591.07848985
2025-08-04 08:00:00,3.637,3.647,3.617,3.623,171625.41570104
2025-08-04 09:00:00,3.623,3.639,3.621,3.625,123029.74507779
2025-08-04 10:00:00,3.626,3.642,3.62,3.628,77783.54266148
2025-08-04 11:00:00,3.627,3.63,3.612,3.621,23178.40872862
2025-08-04 12:00:00,3.621,3.638,3.615,3.636,72912.74619746
2025-08-04 13:00:00,3.636,3.683,3.629,3.682,128735.6189819
2025-08-04 14:00:00,3.682,3.71,3.671,3.681,152283.21841277
2025-08-04 15:00:00,3.681,3.704,3.675,3.693,93810.69428596
2025-08-04 16:00:00,3.693,3.732,3.691,3.732,107617.70428601
2025-08-04 17:00:00,3.733,3.758,3.72,3.724,172000.67899438
2025-08-04 18:00:00,3.723,3.727,3.688,3.696,96960.73312695
2025-08-04 19:00:00,3.696,3.697,3.67,3.68,42454.13246127
2025-08-04 20:00:00,3.681,3.7,3.673,3.695,43534.11609721
2025-08-04 21:00:00,3.694,3.735,3.694,3.718,57421.46047338
2025-08-04 22:00:00,3.719,3.735,3.719,3.735,40800.10409169
2025-08-04 23:00:00,3.733,3.733,3.715,3.721,31281.95168665
2025-08-05 00:00:00,3.721,3.725,3.704,3.712,82138.6493192
2025-08-05 01:00:00,3.712,3.721,3.69,3.696,66802.15665515
2025-08-05 02:00:00,3.694,3.709,3.686,3.698,52318.53673713
2025-08-05 03:00:00,3.698,3.698,3.661,3.663,41951.14603621
2025-08-05 04:00:00,3.662,3.676,3.649,3.656,137181.15992508
2025-08-05 05:00:00,3.656,3.673,3.651,3.673,20327.94993896
2025-08-05 06:00:00,3.673,3.678,3.634,3.645,161822.45045423
2025-08-05 07:00:00,3.644,3.645,3.585,3.599,304759.54283454
2025-08-05 08:00:00,3.598,3.625,3.591,3.625,93071.06311401
2025-08-05 09:00:00,3.625,3.662,3.625,3.657,94849.97659408
2025-08-05 10:00:00,3.657,3.691,3.648,3.681,80585.86510368
2025-08-05 11:00:00,3.682,3.703,3.675,3.699,92773.11374718
2025-08-05 12:00:00,3.7,3.704,3.629,3.653,199545.60003726
2025-08-05 13:00:00,3.652,3.677,3.647,3.671,101774.61832309
2025-08-05 14:00:00,3.67,3.676,3.59,3.609,373389.00159399
2025-08-05 15:00:00,3.607,3.623,3.558,3.578,398970.03271598
2025-08-05 16:00:00,3.578,3.611,3.569,3.587,187204.94232015
2025-08-05 17:00:00,3.587,3.616,3.582,3.612,83109.38010421
2025-08-05 18:00:00,3.61,3.616,3.574,3.593,88149.02914793
2025-08-05 19:00:00,3.594,3.607,3.569,3.581,79109.69136772
2025-08-05 20:00:00,3.582,3.611,3.582,3.585,85108.04532188
2025-08-05 21:00:00,3.585,3.599,3.561,3.567,62716.12705818
2025-08-05 22:00:00,3.567,3.595,3.535,3.593,153023.93634789
2025-08-05 23:00:00,3.592,3.623,3.59,3.617,111595.34927435
2025-08-06 00:00:00,3.617,3.618,3.582,3.586,111399.06249467
2025-08-06 01:00:00,3.585,3.601,3.572,3.601,92550.47752184
2025-08-06 02:00:00,3.6,3.6,3.572,3.585,37936.55858227
2025-08-06 03:00:00,3.585,3.586,3.559,3.571,76546.09602246
2025-08-06 04:00:00,3.571,3.572,3.551,3.564,62980.26433855
2025-08-06 05:00:00,3.562,3.643,3.555,3.617,138754.13432234
2025-08-06 06:00:00,3.617,3.626,3.595,3.621,56696.14662186
2025-08-06 07:00:00,3.621,3.645,3.615,3.631,87047.01359445
2025-08-06 08:00:00,3.632,3.64,3.594,3.608,119741.5087035
2025-08-06 09:00:00,3.608,3.635,3.6,3.614,61627.95323655
2025-08-06 10:00:00,3.614,3.618,3.593,3.594,92165.68336824
2025-08-06 11:00:00,3.596,3.626,3.594,3.604,58469.156947
2025-08-06 12:00:00,3.605,3.613,3.57,3.58,125139.58201059
2025-08-06 13:00:00,3.58,3.61,3.574,3.6,164699.91725303
2025-08-06 14:00:00,3.6,3.652,3.587,3.649,184436.22003215
2025-08-06 15:00:00,3.649,3.68,3.635,3.676,206882.6518549
2025-08-06 16:00:00,3.676,3.687,3.645,3.652,164033.07569308
2025-08-06 17:00:00,3.651,3.678,3.64,3.676,86459.59148026
2025-08-06 18:00:00,3.676,3.696,3.666,3.669,69384.28221832
2025-08-06 19:00:00,3.67,3.678,3.661,3.673,57085.96600943
2025-08-06 20:00:00,3.673,3.674,3.657,3.665,32744.48378487
2025-08-06 21:00:00,3.665,3.677,3.662,3.676,76417.70953855
2025-08-06 22:00:00,3.676,3.684,3.672,3.681,40763.82070724
2025-08-06 23:00:00,3.68,3.681,3.669,3.673,28306.23017565
2025-08-07 00:00:00,3.672,3.681,3.661,3.671,74251.59663515
2025-08-07 01:00:00,3.671,3.696,3.656,3.662,119717.34776381
2025-08-07 02:00:00,3.661,3.669,3.648,3.652,54314.56865376
2025-08-07 03:00:00,3.651,3.655,3.643,3.645,28705.39583655
2025-08-07 04:00:00,3.645,3.668,3.644,3.653,26685.56143735
2025-08-07 05:00:00,3.653,3.672,3.646,3.669,64433.98619759
2025-08-07 06:00:00,3.67,3.688,3.666,3.674,80103.54831186
2025-08-07 07:00:00,3.676,3.691,3.675,3.68,47855.56196598
2025-08-07 08:00:00,3.682,3.699,3.675,3.679,97793.51598267
2025-08-07 09:00:00,3.68,3.688,3.671,3.68,45526.47044595
2025-08-07 10:00:00,3.68,3.767,3.679,3.76,515076.39639076
2025-08-07 11:00:00,3.761,3.789,3.759,3.786,148935.53636626
2025-08-07 12:00:00,3.787,3.799,3.767,3.79,167237.6501841
2025-08-07 13:00:00,3.791,3.803,3.779,3.783,196365.75648673
2025-08-07 14:00:00,3.784,3.786,3.748,3.757,137867.16965261
2025-08-07 15:00:00,3.757,3.772,3.742,3.766,158636.26153716
2025-08-07 16:00:00,3.765,3.771,3.69,3.736,269975.80268183
2025-08-07 17:00:00,3.735,3.742,3.722,3.736,83602.86975111
2025-08-07 18:00:00,3.736,3.74,3.721,3.738,61070.23842974
2025-08-07 19:00:00,3.738,3.787,3.733,3.786,152171.49924764
2025-08-07 20:00:00,3.787,3.814,3.783,3.808,111086.51490773
2025-08-07 21:00:00,3.809,3.831,3.798,3.819,150752.55308194
2025-08-07 22:00:00,3.819,3.872,3.81,3.864,163478.41421086
2025-08-07 23:00:00,3.864,3.866,3.844,3.866,98740.24741444
2025-08-08 00:00:00,3.866,3.928,3.807,3.872,921508.71240797
2025-08-08 01:00:00,3.87,3.889,3.813,3.863,923577.33973613
2025-08-08 02:00:00,3.861,3.876,3.844,3.861,91956.9694197
2025-08-08 03:00:00,3.861,3.906,3.855,3.876,255529.34295365
2025-08-08 04:00:00,3.875,3.882,3.859,3.862,137167.24084471
2025-08-08 05:00:00,3.862,3.872,3.842,3.842,85305.662636
2025-08-08 06:00:00,3.844,3.905,3.837,3.903,111385.74068394
2025-08-08 07:00:00,3.903,3.948,3.88,3.919,308974.51552983
2025-08-08 08:00:00,3.919,3.943,3.887,3.902,201505.8504346
2025-08-08 09:00:00,3.901,3.921,3.886,3.915,103766.27626656
2025-08-08 10:00:00,3.915,3.927,3.897,3.912,136035.01644079
2025-08-08 11:00:00,3.912,3.93,3.908,3.915,113417.05108585
2025-08-08 12:00:00,3.914,3.914,3.869,3.873,193685.62687064
2025-08-08 13:00:00,3.874,3.95,3.874,3.95,231411.73847653
2025-08-08 14:00:00,3.95,3.965,3.896,3.916,323870.55721352
2025-08-08 15:00:00,3.917,3.92,3.855,3.882,216651.78900533
2025-08-08 16:00:00,3.882,3.908,3.879,3.906,108813.1125653
2025-08-08 17:00:00,3.905,3.975,3.904,3.974,298898.21390581
2025-08-08 18:00:00,3.975,3.987,3.953,3.961,231691.57289092
2025-08-08 19:00:00,3.961,3.986,3.951,3.986,213610.58035098
2025-08-08 20:00:00,3.986,3.993,3.96,3.971,77039.88801703
2025-08-08 21:00:00,3.971,3.98,3.955,3.972,65536.50132003
2025-08-08 22:00:00,3.971,3.993,3.965,3.989,109149.39842887
2025-08-08 23:00:00,3.989,3.995,3.97,3.975,38225.45951313
2025-08-09 00:00:00,3.977,3.987,3.968,3.985,70684.76936129
2025-08-09 01:00:00,3.986,4.009,3.977,4.005,60601.15529393
2025-08-09 02:00:00,4.006,4.021,3.994,4.002,148054.40084066
2025-08-09 03:00:00,4.001,4.011,3.99,3.998,99281.75750715
2025-08-09 04:00:00,3.998,4.028,3.988,4.019,73721.30068206
2025-08-09 05:00:00,4.019,4.091,4.014,4.072,392420.14954154
2025-08-09 06:00:00,4.073,4.076,4.041,4.049,164086.26338552
2025-08-09 07:00:00,4.05,4.074,4.044,4.071,94666.74914914
2025-08-09 08:00:00,4.072,4.098,4.068,4.071,132738.18468291
2025-08-09 09:00:00,4.071,4.099,4.069,4.088,97198.71916547
2025-08-09 10:00:00,4.088,4.109,4.084,4.087,222597.8824961
2025-08-09 11:00:00,4.088,4.103,4.08,4.097,104516.96304092
2025-08-09 12:00:00,4.099,4.14,4.089,4.133,192212.97275296
2025-08-09 13:00:00,4.132,4.134,4.077,4.079,237710.17459252
2025-08-09 14:00:00,4.079,4.091,4.047,4.089,240359.22667568
2025-08-09 15:00:00,4.089,4.1,4.057,4.074,140904.3531859
2025-08-09 16:00:00,4.074,4.11,4.074,4.093,210107.13943941
2025-08-09 17:00:00,4.093,4.126,4.084,4.117,131282.35917078
2025-08-09 18:00:00,4.117,4.124,4.104,4.122,106077.6986026
2025-08-09 19:00:00,4.12,4.138,4.118,4.127,86397.37017953
2025-08-09 20:00:00,4.128,4.162,4.113,4.155,258584.7332491
2025-08-09 21:00:00,4.154,4.157,4.107,4.13,136852.58418989
2025-08-09 22:00:00,4.13,4.164,4.114,4.123,132167.40803263
2025-08-09 23:00:00,4.123,4.145,4.109,4.135,78897.11384811
2025-08-10 00:00:00,4.136,4.181,4.133,4.167,136797.06372007
2025-08-10 01:00:00,4.167,4.182,4.134,4.143,178040.46544133
2025-08-10 02:00:00,4.141,4.147,4.104,4.105,152551.35053253
2025-08-10 03:00:00,4.105,4.145,4.087,4.135,211963.03949357
2025-08-10 04:00:00,4.136,4.17,4.118,4.156,137843.15977521
2025-08-10 05:00:00,4.156,4.156,4.099,4.101,228708.82022684
2025-08-10 06:00:00,4.101,4.104,4.055,4.076,144329.00562334
2025-08-10 07:00:00,4.076,4.089,4.005,4.009,326415.86700437
2025-08-10 08:00:00,4.009,4.042,3.963,4.036,338965.02376363
2025-08-10 09:00:00,4.037,4.055,4.03,4.033,109126.00736558
2025-08-10 10:00:00,4.033,4.039,3.984,3.999,159891.43290486
2025-08-10 11:00:00,3.999,4.021,3.99,3.991,222741.09933417
2025-08-10 12:00:00,3.992,4.018,3.981,4.016,199192.94091188
2025-08-10 13:00:00,4.015,4.033,3.978,3.983,233180.71965677
2025-08-10 14:00:00,3.983,4.062,3.974,4.046,283199.49059428
2025-08-10 15:00:00,4.044,4.082,4.033,4.056,489686.95228629
2025-08-10 16:00:00,4.055,4.073,4.046,4.056,153771.89576847
2025-08-10 17:00:00,4.056,4.061,4.034,4.054,56898.75032084
2025-08-10 18:00:00,4.055,4.086,4.053,4.081,155897.56997877
2025-08-10 19:00:00,4.082,4.089,4.068,4.073,80429.5567994
2025-08-10 20:00:00,4.073,4.08,4.043,4.044,227478.01373109
2025-08-10 21:00:00,4.045,4.045,4.011,4.04,69949.09146549
2025-08-10 22:00:00,4.041,4.05,4.025,4.049,41807.76930903
2025-08-10 23:00:00,4.049,4.07,4.032,4.047,83417.00363255
2025-08-11 00:00:00,4.048,4.076,4.032,4.041,77694.63179371
2025-08-11 01:00:00,4.04,4.114,4.036,4.088,147345.22895808
2025-08-11 02:00:00,4.088,4.157,4.087,4.151,329766.27313538
2025-08-11 03:00:00,4.151,4.151,4.112,4.128,134747.75103968
2025-08-11 04:00:00,4.129,4.158,4.127,4.127,121801.46154937
2025-08-11 05:00:00,4.126,4.136,4.118,4.127,160198.00952233
2025-08-11 06:00:00,4.128,4.135,4.105,4.115,92429.64568454
2025-08-11 07:00:00,4.114,4.116,4.038,4.047,144430.34850168
2025-08-11 08:00:00,4.045,4.072,4.025,4.056,137250.13314465
2025-08-11 09:00:00,4.057,4.071,4.034,4.045,73508.39288402
2025-08-11 10:00:00,4.045,4.045,4.007,4.015,173330.52619088
2025-08-11 11:00:00,4.015,4.015,3.908,3.93,544057.19300859
2025-08-11 12:00:00,3.929,3.942,3.898,3.919,268059.82966545
2025-08-11 13:00:00,3.919,3.958,3.881,3.941,484449.03905844
2025-08-11 14:00:00,3.942,3.985,3.928,3.94,337754.27887807
2025-08-11 15:00:00,3.94,3.964,3.917,3.964,113485.86057546
2025-08-11 16:00:00,3.963,4.022,3.947,3.96,226056.3964039
2025-08-11 17:00:00,3.96,3.973,3.927,3.942,97995.77812634
2025-08-11 18:00:00,3.942,3.95,3.907,3.94,181753.43886892
2025-08-11 19:00:00,3.939,3.942,3.878,3.909,141710.57153958
2025-08-11 20:00:00,3.909,3.916,3.888,3.907,96145.53448178
2025-08-11 21:00:00,3.905,3.925,3.831,3.864,306209.85962614
2025-08-11 22:00:00,3.864,3.866,3.818,3.856,223537.41532205
2025-08-11 23:00:00,3.854,3.87,3.848,3.854,55577.76923932
2025-08-12 00:00:00,3.854,3.9,3.847,3.891,82183.73533455
2025-08-12 01:00:00,3.891,3.905,3.879,3.899,76318.71611599
2025-08-12 02:00:00,3.9,3.935,3.895,3.917,75157.90879492
2025-08-12 03:00:00,3.916,3.917,3.891,3.896,72533.45945897
2025-08-12 04:00:00,3.895,3.923,3.892,3.922,85975.48501873
2025-08-12 05:00:00,3.921,3.921,3.86,3.881,168813.12383468
2025-08-12 06:00:00,3.881,3.905,3.852,3.889,132005.32473029
2025-08-12 07:00:00,3.889,3.934,3.889,3.92,193046.97626821
2025-08-12 08:00:00,3.921,3.921,3.883,3.885,85700.31805932
2025-08-12 09:00:00,3.885,3.891,3.863,3.865,95218.2291191
2025-08-12 10:00:00,3.867,3.885,3.856,3.862,60439.24073166
2025-08-12 11:00:00,3.863,3.888,3.834,3.883,213983.88933787
2025-08-12 12:00:00,3.881,4.002,3.869,3.983,576821.60980419
2025-08-12 13:00:00,3.984,4.006,3.934,3.954,410141.64839187
2025-08-12 14:00:00,3.954,4.027,3.946,4.019,219201.84215826
2025-08-12 15:00:00,4.018,4.095,4.016,4.093,395950.54580592
2025-08-12 16:00:00,4.093,4.193,4.072,4.186,539572.27239423
2025-08-12 17:00:00,4.188,4.232,4.159,4.166,470594.27195634
2025-08-12 18:00:00,4.166,4.213,4.141,4.157,283621.3203515
2025-08-12 19:00:00,4.157,4.18,4.145,4.174,127675.97926607
2025-08-12 20:00:00,4.173,4.211,4.166,4.193,183492.52474936
2025-08-12 21:00:00,4.192,4.196,4.157,4.166,221100.3611876
2025-08-12 22:00:00,4.166,4.174,4.141,4.154,176096.27257373
2025-08-12 23:00:00,4.153,4.161,4.126,4.154,178133.79882911
2025-08-13 00:00:00,4.154,4.189,4.154,4.171,183014.57138389
2025-08-13 01:00:00,4.172,4.172,4.104,4.121,283362.84824727
2025-08-13 02:00:00,4.121,4.177,4.097,4.172,188663.57124186
2025-08-13 03:00:00,4.171,4.198,4.152,4.187,212909.2658636
2025-08-13 04:00:00,4.186,4.224,4.178,4.198,260416.90500089
2025-08-13 05:00:00,4.197,4.198,4.147,4.149,165538.8221675
2025-08-13 06:00:00,4.151,4.177,4.133,4.166,114196.6300613
2025-08-13 07:00:00,4.166,4.204,4.163,4.201,114175.47902522
2025-08-13 08:00:00,4.201,4.243,4.199,4.216,195113.1432961
2025-08-13 09:00:00,4.216,4.262,4.214,4.258,259302.69038195
2025-08-13 10:00:00,4.257,4.29,4.254,4.283,458174.14324449
2025-08-13 11:00:00,4.282,4.285,4.25,4.26,148942.75379491
2025-08-13 12:00:00,4.26,4.277,4.232,4.235,203544.17971496
2025-08-13 13:00:00,4.236,4.316,4.227,4.265,570361.26648194
2025-08-13 14:00:00,4.266,4.284,4.205,4.226,531308.49527763
2025-08-13 15:00:00,4.227,4.243,4.185,4.221,567511.92687154
2025-08-13 16:00:00,4.222,4.254,4.207,4.219,203512.66375012
2025-08-13 17:00:00,4.217,4.25,4.214,4.232,96406.95718948
2025-08-13 18:00:00,4.231,4.242,4.177,4.208,142567.80706184
2025-08-13 19:00:00,4.207,4.253,4.199,4.251,151970.45963968
2025-08-13 20:00:00,4.251,4.256,4.223,4.243,80326.6357925
2025-08-13 21:00:00,4.243,4.274,4.229,4.248,122411.10440537
2025-08-13 22:00:00,4.248,4.315,4.238,4.29,218097.03652209
2025-08-13 23:00:00,4.289,4.319,4.273,4.277,294597.56014589
2025-08-14 00:00:00,4.278,4.323,4.271,4.284,376673.29583992
2025-08-14 01:00:00,4.284,4.331,4.247,4.319,435635.39718413
2025-08-14 02:00:00,4.318,4.37,4.292,4.367,274170.7928656
2025-08-14 03:00:00,4.367,4.37,4.332,4.336,242677.97856504
2025-08-14 04:00:00,4.336,4.351,4.302,4.305,132482.60849344
2025-08-14 05:00:00,4.304,4.322,4.258,4.274,453143.49517411
2025-08-14 06:00:00,4.273,4.3,4.219,4.296,523597.18263404
2025-08-14 07:00:00,4.295,4.299,4.24,4.258,215233.6616895
2025-08-14 08:00:00,4.259,4.259,4.186,4.202,350774.61181286
2025-08-14 09:00:00,4.203,4.248,4.182,4.24,184163.95220891
2025-08-14 10:00:00,4.239,4.239,4.166,4.203,262316.36595694
2025-08-14 11:00:00,4.202,4.215,4.185,4.198,170757.6713825
2025-08-14 12:00:00,4.198,4.229,3.912,4.006,2649707.73012898
2025-08-14 13:00:00,4.005,4.075,3.926,4.045,1276781.20973242
2025-08-14 14:00:00,4.046,4.087,4.023,4.057,428773.7475825
2025-08-14 15:00:00,4.058,4.077,4.014,4.027,481155.8643761
2025-08-14 16:00:00,4.026,4.026,3.945,3.975,647568.24646589
2025-08-14 17:00:00,3.974,4.004,3.941,3.994,288316.91025218
2025-08-14 18:00:00,3.992,4.008,3.938,3.996,273029.17412887
2025-08-14 19:00:00,3.997,4.027,3.991,3.995,108437.89443854
2025-08-14 20:00:00,3.994,4.003,3.964,3.986,200690.65017223
2025-08-14 21:00:00,3.986,3.99,3.903,3.95,375799.71342103
2025-08-14 22:00:00,3.949,3.98,3.925,3.974,231138.72341627
2025-08-14 23:00:00,3.974,3.997,3.972,3.987,124052.37997932
2025-08-15 00:00:00,3.987,4.01,3.965,3.98,301357.09661633
2025-08-15 01:00:00,3.979,4.008,3.968,4.001,188721.68849771
2025-08-15 02:00:00,4.0,4.017,3.989,4.002,129197.32799467
2025-08-15 03:00:00,4.004,4.053,3.993,4.039,132982.15606642
2025-08-15 04:00:00,4.038,4.051,4.01,4.012,145281.24977791
2025-08-15 05:00:00,4.012,4.042,3.998,4.04,175611.33857115
2025-08-15 06:00:00,4.039,4.106,4.038,4.076,360629.12950087
2025-08-15 07:00:00,4.075,4.075,4.018,4.033,173419.91384522
2025-08-15 08:00:00,4.033,4.044,4.017,4.018,133787.06422729
2025-08-15 09:00:00,4.018,4.031,3.976,3.992,225234.28642496
2025-08-15 10:00:00,3.993,4.024,3.988,3.993,284371.54834633
2025-08-15 11:00:00,3.993,4.004,3.979,3.99,72113.4452985
2025-08-15 12:00:00,3.991,4.037,3.956,3.989,579646.78184975
2025-08-15 13:00:00,3.988,4.002,3.938,3.958,536312.71880004
2025-08-15 14:00:00,3.957,3.987,3.907,3.923,862152.39442538
2025-08-15 15:00:00,3.923,3.927,3.83,3.859,854744.60288354
2025-08-15 16:00:00,3.859,3.895,3.816,3.884,450671.19278067
2025-08-15 17:00:00,3.883,3.913,3.848,3.881,426517.99588767
2025-08-15 18:00:00,3.879,3.885,3.839,3.848,222090.70671744
2025-08-15 19:00:00,3.848,3.872,3.83,3.832,166976.16075933
2025-08-15 20:00:00,3.832,3.878,3.819,3.878,143786.8899518
2025-08-15 21:00:00,3.877,3.891,3.86,3.885,141177.94557271
2025-08-15 22:00:00,3.884,3.937,3.875,3.933,155472.19421598
2025-08-15 23:00:00,3.933,3.94,3.875,3.896,150618.20055139
2025-08-16 00:00:00,3.895,3.956,3.891,3.945,434149.76666609
2025-08-16 01:00:00,3.946,3.948,3.928,3.937,156267.70471609
2025-08-16 02:00:00,3.936,3.937,3.915,3.922,212667.77518931
2025-08-16 03:00:00,3.922,3.937,3.908,3.911,256002.17455721
2025-08-16 04:00:00,3.912,3.938,3.906,3.931,116737.46789661
2025-08-16 05:00:00,3.932,3.933,3.897,3.905,150155.48795609
2025-08-16 06:00:00,3.906,3.912,3.891,3.901,258101.07008078
2025-08-16 07:00:00,3.902,3.94,3.899,3.935,100867.59847337
2025-08-16 08:00:00,3.936,3.955,3.933,3.942,166052.57806116
2025-08-16 09:00:00,3.943,3.967,3.906,3.907,199351.83976971
2025-08-16 10:00:00,3.907,3.929,3.895,3.913,233654.15394653
2025-08-16 11:00:00,3.913,3.939,3.896,3.899,74643.24710934
2025-08-16 12:00:00,3.9,3.94,3.894,3.939,165743.83338638
2025-08-16 13:00:00,3.938,3.956,3.917,3.917,150529.28646119
2025-08-16 14:00:00,3.919,3.962,3.914,3.958,161336.49468013
2025-08-16 15:00:00,3.959,3.998,3.956,3.982,180032.0538544
2025-08-16 16:00:00,3.98,3.991,3.955,3.965,192986.5757006
2025-08-16 17:00:00,3.963,3.966,3.937,3.946,76270.18086615
2025-08-16 18:00:00,3.945,3.966,3.939,3.948,84157.14445236
2025-08-16 19:00:00,3.947,3.969,3.946,3.948,76272.57323254
2025-08-16 20:00:00,3.948,3.971,3.945,3.962,29930.97536651
2025-08-16 21:00:00,3.963,3.964,3.946,3.949,88232.92184657
2025-08-16 22:00:00,3.95,3.983,3.942,3.977,70874.54506507
2025-08-16 23:00:00,3.979,3.98,3.954,3.967,61849.0381668
2025-08-17 00:00:00,3.965,3.966,3.94,3.943,76032.64819718
2025-08-17 01:00:00,3.943,3.949,3.926,3.943,124529.07951546
2025-08-17 02:00:00,3.944,3.971,3.929,3.968,88764.07754608
2025-08-17 03:00:00,3.969,3.991,3.956,3.982,196008.83684398
2025-08-17 04:00:00,3.982,4.026,3.981,4.022,297317.64194886
2025-08-17 05:00:00,4.022,4.038,4.015,4.017,151415.33571127
2025-08-17 06:00:00,4.02,4.029,3.998,3.999,111066.16085472
2025-08-17 07:00:00,4.001,4.028,3.998,4.024,159543.86830786
2025-08-17 08:00:00,4.025,4.061,4.021,4.06,158721.02755964
2025-08-17 09:00:00,4.059,4.067,4.038,4.066,200357.09633159
2025-08-17 10:00:00,4.066,4.083,4.049,4.08,265692.98156555
2025-08-17 11:00:00,4.08,4.097,4.061,4.09,161762.07845135
2025-08-17 12:00:00,4.09,4.09,4.054,4.058,85771.90809992
2025-08-17 13:00:00,4.058,4.084,4.051,4.069,148409.89126071
2025-08-17 14:00:00,4.069,4.107,4.061,4.098,154922.62677469
2025-08-17 15:00:00,4.098,4.172,4.096,4.172,263329.70305241
2025-08-17 16:00:00,4.171,4.194,4.116,4.136,474603.49888079
2025-08-17 17:00:00,4.136,4.147,4.111,4.112,253044.83657863
2025-08-17 18:00:00,4.112,4.129,4.045,4.087,352083.60315137
2025-08-17 19:00:00,4.086,4.096,4.058,4.063,200315.71148364
2025-08-17 20:00:00,4.064,4.092,4.061,4.072,169603.55188471
2025-08-17 21:00:00,4.073,4.081,4.061,4.066,102205.07387403
2025-08-17 22:00:00,4.064,4.104,4.061,4.091,236194.0495105
2025-08-17 23:00:00,4.091,4.092,4.05,4.053,238987.93936816
2025-08-18 00:00:00,4.052,4.062,4.023,4.047,357635.36316223
2025-08-18 01:00:00,4.044,4.05,3.969,3.979,635357.79108706
2025-08-18 02:00:00,3.978,3.986,3.883,3.89,847892.47748458
2025-08-18 03:00:00,3.888,3.908,3.848,3.897,568722.55696763
2025-08-18 04:00:00,3.897,3.929,3.874,3.922,197949.99466522
2025-08-18 05:00:00,3.921,3.932,3.869,3.913,226019.16351096
2025-08-18 06:00:00,3.912,3.912,3.836,3.864,282646.25134476
2025-08-18 07:00:00,3.864,3.885,3.86,3.865,152716.55008027
2025-08-18 08:00:00,3.865,3.88,3.85,3.852,128914.54187973
2025-08-18 09:00:00,3.852,3.895,3.833,3.885,379239.48541196
2025-08-18 10:00:00,3.884,3.911,3.875,3.904,254258.67963068
2025-08-18 11:00:00,3.905,3.928,3.894,3.921,151583.02260589
2025-08-18 12:00:00,3.92,3.97,3.91,3.97,165454.95353672
2025-08-18 13:00:00,3.97,3.982,3.891,3.893,370335.61281133
2025-08-18 14:00:00,3.894,3.92,3.866,3.914,285372.82165406
2025-08-18 15:00:00,3.914,3.924,3.875,3.919,251425.62401283
2025-08-18 16:00:00,3.918,3.935,3.878,3.886,114705.00386586
2025-08-18 17:00:00,3.886,3.954,3.882,3.914,146417.91812765
2025-08-18 18:00:00,3.916,3.945,3.898,3.944,116898.34428817
2025-08-18 19:00:00,3.944,3.957,3.925,3.931,154933.57509345
2025-08-18 20:00:00,3.929,3.939,3.898,3.919,113594.24494537
2025-08-18 21:00:00,3.918,3.954,3.914,3.941,131176.07371814
2025-08-18 22:00:00,3.942,3.976,3.938,3.939,106770.4065869
2025-08-18 23:00:00,3.939,3.945,3.908,3.914,56750.86880814
2025-08-19 00:00:00,3.915,3.949,3.862,3.947,317864.2401716
2025-08-19 01:00:00,3.945,3.963,3.894,3.904,156149.34080885
2025-08-19 02:00:00,3.906,3.915,3.886,3.89,101349.90147543
2025-08-19 03:00:00,3.89,3.894,3.813,3.823,460559.82990634
2025-08-19 04:00:00,3.823,3.844,3.781,3.844,445776.82748607
2025-08-19 05:00:00,3.843,3.853,3.818,3.833,171034.88429098
2025-08-19 06:00:00,3.833,3.849,3.82,3.834,77338.05628304
2025-08-19 07:00:00,3.835,3.838,3.808,3.838,100238.75472038
2025-08-19 08:00:00,3.838,3.858,3.81,3.843,216278.06948406
2025-08-19 09:00:00,3.844,3.884,3.841,3.861,135909.88979429
2025-08-19 10:00:00,3.862,3.9,3.856,3.886,162012.93593103
2025-08-19 11:00:00,3.886,3.896,3.87,3.889,87823.49186222
2025-08-19 12:00:00,3.888,3.888,3.857,3.876,50666.84789887
2025-08-19 13:00:00,3.875,3.909,3.833,3.861,321058.28906246
2025-08-19 14:00:00,3.863,3.874,3.786,3.805,524559.80263864
2025-08-19 15:00:00,3.806,3.827,3.771,3.774,478902.95095457
2025-08-19 16:00:00,3.775,3.794,3.762,3.778,338659.37154532
2025-08-19 17:00:00,3.779,3.803,3.75,3.802,284380.27737909
2025-08-19 18:00:00,3.801,3.804,3.743,3.756,257156.91131069
2025-08-19 19:00:00,3.756,3.779,3.72,3.74,316747.25566312
2025-08-19 20:00:00,3.739,3.776,3.723,3.776,157615.31556414
2025-08-19 21:00:00,3.775,3.784,3.764,3.782,75596.22997907
2025-08-19 22:00:00,3.781,3.781,3.753,3.758,100011.23903164
2025-08-19 23:00:00,3.757,3.758,3.711,3.72,226372.86302458
2025-08-20 00:00:00,3.719,3.753,3.718,3.742,126291.04037308
2025-08-20 01:00:00,3.741,3.755,3.696,3.748,354772.88897101
2025-08-20 02:00:00,3.748,3.766,3.735,3.74,220062.80070315
2025-08-20 03:00:00,3.74,3.778,3.732,3.755,103210.32770584
2025-08-20 04:00:00,3.754,3.787,3.754,3.779,141863.35190494
2025-08-20 05:00:00,3.78,3.786,3.763,3.786,56703.21254295
2025-08-20 06:00:00,3.786,3.787,3.753,3.769,51205.43432075
2025-08-20 07:00:00,3.771,3.789,3.768,3.77,95504.93998879
2025-08-20 08:00:00,3.771,3.817,3.766,3.816,187364.63070964
2025-08-20 09:00:00,3.815,3.816,3.796,3.807,71601.63078117
2025-08-20 10:00:00,3.806,3.813,3.791,3.794,44822.10065633
2025-08-20 11:00:00,3.795,3.797,3.734,3.778,178820.73966677
2025-08-20 12:00:00,3.778,3.811,3.775,3.794,184381.66000844
2025-08-20 13:00:00,3.794,3.8,3.724,3.734,494196.66519655
2025-08-20 14:00:00,3.733,3.818,3.71,3.789,611137.49171229
2025-08-20 15:00:00,3.789,3.865,3.784,3.82,433967.26126382
2025-08-20 16:00:00,3.821,3.878,3.821,3.849,265018.50503325
2025-08-20 17:00:00,3.849,3.89,3.843,3.878,190664.97543141
2025-08-20 18:00:00,3.878,3.879,3.816,3.847,211193.69653315
2025-08-20 19:00:00,3.847,3.903,3.843,3.9,90329.44902359
2025-08-20 20:00:00,3.901,3.903,3.884,3.894,61633.35927319
2025-08-20 21:00:00,3.893,3.903,3.876,3.889,92836.14552969
2025-08-20 22:00:00,3.889,3.904,3.884,3.899,50998.0570706
2025-08-20 23:00:00,3.898,3.898,3.877,3.883,36963.94741595
2025-08-21 00:00:00,3.883,3.889,3.864,3.884,52739.00370526
2025-08-21 01:00:00,3.884,3.91,3.869,3.91,142245.59868786
2025-08-21 02:00:00,3.909,3.918,3.856,3.875,157610.43394521
2025-08-21 03:00:00,3.875,3.923,3.875,3.879,167871.05628235
2025-08-21 04:00:00,3.879,3.893,3.866,3.881,45801.06173593
2025-08-21 05:00:00,3.882,3.896,3.866,3.896,81660.19281757
2025-08-21 06:00:00,3.896,3.896,3.862,3.869,57770.03745864
2025-08-21 07:00:00,3.868,3.874,3.84,3.869,44041.15010656
2025-08-21 08:00:00,3.87,3.873,3.842,3.842,56891.23416544
2025-08-21 09:00:00,3.842,3.85,3.82,3.83,161530.07236013
2025-08-21 10:00:00,3.831,3.842,3.82,3.832,58990.34335434
2025-08-21 11:00:00,3.833,3.85,3.818,3.829,126963.45905961
2025-08-21 12:00:00,3.828,3.845,3.798,3.814,262378.91419092
2025-08-21 13:00:00,3.813,3.863,3.806,3.83,190658.28777802
2025-08-21 14:00:00,3.831,3.871,3.805,3.824,199762.26131808
2025-08-21 15:00:00,3.825,3.83,3.783,3.791,213680.27486579
2025-08-21 16:00:00,3.793,3.819,3.778,3.783,119076.90732243
2025-08-21 17:00:00,3.784,3.809,3.772,3.804,98035.44568613
2025-08-21 18:00:00,3.805,3.84,3.799,3.837,96855.13622806
2025-08-21 19:00:00,3.836,3.847,3.792,3.798,95777.83778252
2025-08-21 20:00:00,3.797,3.829,3.78,3.815,81925.89619838
2025-08-21 21:00:00,3.815,3.832,3.793,3.823,75282.56171125
2025-08-21 22:00:00,3.823,3.838,3.817,3.82,20791.26846983
2025-08-21 23:00:00,3.819,3.819,3.778,3.794,79797.89687574
2025-08-22 00:00:00,3.794,3.818,3.787,3.793,89083.05238472
2025-08-22 01:00:00,3.794,3.818,3.768,3.812,83046.65812019
2025-08-22 02:00:00,3.812,3.851,3.807,3.826,100398.13538256
2025-08-22 03:00:00,3.826,3.835,3.789,3.795,114958.13447013
2025-08-22 04:00:00,3.796,3.834,3.795,3.806,93839.09087724
2025-08-22 05:00:00,3.806,3.823,3.794,3.816,65772.70656953
2025-08-22 06:00:00,3.815,3.835,3.801,3.809,196767.59138176
2025-08-22 07:00:00,3.81,3.848,3.805,3.837,89732.50398772
2025-08-22 08:00:00,3.838,3.85,3.821,3.822,72408.30696864
2025-08-22 09:00:00,3.823,3.829,3.802,3.817,123550.34622124
2025-08-22 10:00:00,3.816,3.816,3.783,3.791,116656.66287629
2025-08-22 11:00:00,3.791,3.792,3.75,3.75,143938.88650071
2025-08-22 12:00:00,3.751,3.753,3.686,3.726,661275.18733457
2025-08-22 13:00:00,3.724,3.768,3.696,3.733,524879.77004659
2025-08-22 14:00:00,3.733,3.957,3.733,3.926,2297660.80770589
2025-08-22 15:00:00,3.925,4.0,3.925,3.956,435811.53548727
2025-08-22 16:00:00,3.959,4.068,3.959,4.038,563045.82692415
2025-08-22 17:00:00,4.039,4.106,4.039,4.064,519577.11346711
2025-08-22 18:00:00,4.065,4.09,4.049,4.075,246560.70575118
2025-08-22 19:00:00,4.076,4.113,4.072,4.095,213935.94263787
2025-08-22 20:00:00,4.096,4.131,4.096,4.131,136870.6450495
2025-08-22 21:00:00,4.131,4.202,4.13,4.195,258178.64496419
2025-08-22 22:00:00,4.194,4.197,4.158,4.179,142238.44037229
2025-08-22 23:00:00,4.177,4.197,4.169,4.178,56680.31030936
2025-08-23 00:00:00,4.179,4.189,4.136,4.142,169880.65987196
2025-08-23 01:00:00,4.142,4.148,4.072,4.109,235819.08801747
2025-08-23 02:00:00,4.109,4.121,4.022,4.059,276082.91807746
2025-08-23 03:00:00,4.059,4.068,4.036,4.045,105458.21074141
2025-08-23 04:00:00,4.045,4.125,4.045,4.125,211056.9748621
2025-08-23 05:00:00,4.125,4.175,4.119,4.175,184044.39421201
2025-08-23 06:00:00,4.174,4.181,4.145,4.159,147716.73558773
2025-08-23 07:00:00,4.158,4.18,4.133,4.142,113203.05817153
2025-08-23 08:00:00,4.143,4.16,4.129,4.141,96369.13722962
2025-08-23 09:00:00,4.143,4.159,4.125,4.151,59398.78714837
2025-08-23 10:00:00,4.149,4.156,4.121,4.123,58989.81006676
2025-08-23 11:00:00,4.123,4.146,4.119,4.139,221509.21583874
2025-08-23 12:00:00,4.139,4.164,4.119,4.145,96834.62177535
2025-08-23 13:00:00,4.146,4.156,4.122,4.13,222488.82158668
2025-08-23 14:00:00,4.131,4.17,4.121,4.144,148576.7460898
2025-08-23 15:00:00,4.146,4.163,4.146,4.154,147486.77856413
2025-08-23 16:00:00,4.154,4.159,4.132,4.146,144227.76550518
2025-08-23 17:00:00,4.146,4.16,4.143,4.144,101876.68335349
2025-08-23 18:00:00,4.146,4.166,4.146,4.166,47465.63614782
2025-08-23 19:00:00,4.165,4.238,4.164,4.232,227722.33555222
2025-08-23 20:00:00,4.233,4.263,4.187,4.207,480846.95094287
2025-08-23 21:00:00,4.207,4.211,4.179,4.2,101104.66209349
2025-08-23 22:00:00,4.199,4.236,4.199,4.233,66135.72690456
2025-08-23 23:00:00,4.233,4.24,4.213,4.224,66044.397125
2025-08-24 00:00:00,4.223,4.236,4.213,4.217,105988.5041664
2025-08-24 01:00:00,4.217,4.217,4.178,4.184,112941.24386067
2025-08-24 02:00:00,4.185,4.185,4.157,4.162,133465.71545699
2025-08-24 03:00:00,4.161,4.165,4.136,4.16,92051.85403068
2025-08-24 04:00:00,4.16,4.169,4.144,4.155,89792.704486
2025-08-24 05:00:00,4.155,4.155,4.124,4.131,67540.92403192
2025-08-24 06:00:00,4.131,4.131,4.077,4.077,189847.01136476
2025-08-24 07:00:00,4.077,4.111,4.074,4.086,114997.08231026
2025-08-24 08:00:00,4.086,4.109,4.077,4.099,69201.61784953
2025-08-24 09:00:00,4.1,4.106,4.071,4.071,85338.88838227
2025-08-24 10:00:00,4.07,4.072,4.027,4.038,249981.3551741
2025-08-24 11:00:00,4.037,4.05,4.012,4.033,218605.67152107
2025-08-24 12:00:00,4.032,4.052,4.029,4.052,46597.00482126
2025-08-24 13:00:00,4.052,4.06,4.031,4.032,76381.69579012
2025-08-24 14:00:00,4.032,4.06,4.019,4.059,121424.1480731
2025-08-24 15:00:00,4.058,4.103,4.051,4.058,131656.63973454
2025-08-24 16:00:00,4.058,4.079,4.041,4.073,70703.14275119
2025-08-24 17:00:00,4.072,4.148,4.071,4.143,196581.39365697
2025-08-24 18:00:00,4.142,4.264,4.128,4.249,443013.0819191
2025-08-24 19:00:00,4.249,4.282,4.051,4.131,1840256.34665434
2025-08-24 20:00:00,4.132,4.153,4.034,4.118,819840.09834919
2025-08-24 21:00:00,4.12,4.157,4.092,4.119,213072.07991339
2025-08-24 22:00:00,4.121,4.127,4.059,4.113,167502.34873461
2025-08-24 23:00:00,4.113,4.133,4.103,4.107,96231.40539714
2025-08-25 00:00:00,4.108,4.136,4.03,4.061,397232.12992218
2025-08-25 01:00:00,4.062,4.109,4.049,4.085,169113.69230462
2025-08-25 02:00:00,4.085,4.143,4.085,4.127,214697.05950569
2025-08-25 03:00:00,4.126,4.145,4.092,4.098,207119.19768189
2025-08-25 04:00:00,4.099,4.107,4.057,4.058,272996.09666756
2025-08-25 05:00:00,4.06,4.077,4.027,4.028,359442.68694958
2025-08-25 06:00:00,4.028,4.035,3.965,3.965,634964.94329517
2025-08-25 07:00:00,3.965,3.988,3.893,3.909,713169.90040919
2025-08-25 08:00:00,3.909,3.934,3.874,3.925,324804.28978639
2025-08-25 09:00:00,3.924,3.93,3.894,3.919,184824.34926316
2025-08-25 10:00:00,3.918,3.918,3.849,3.865,517031.19930906
2025-08-25 11:00:00,3.865,3.897,3.86,3.897,164267.09804589
2025-08-25 12:00:00,3.896,3.908,3.879,3.908,173025.69909529
2025-08-25 13:00:00,3.907,3.91,3.86,3.888,274020.82447795
2025-08-25 14:00:00,3.89,3.929,3.88,3.907,211745.25332639
2025-08-25 15:00:00,3.907,3.913,3.862,3.868,162995.43020829
2025-08-25 16:00:00,3.869,3.893,3.846,3.864,177474.74928022
2025-08-25 17:00:00,3.863,3.865,3.834,3.845,322333.62130547
2025-08-25 18:00:00,3.847,3.858,3.831,3.843,172797.54409474
2025-08-25 19:00:00,3.842,3.849,3.769,3.776,671244.34283848
2025-08-25 20:00:00,3.776,3.794,3.702,3.703,1667483.75135637
2025-08-25 21:00:00,3.701,3.74,3.687,3.711,733629.6081585
2025-08-25 22:00:00,3.711,3.762,3.707,3.743,261277.36633397
2025-08-25 23:00:00,3.743,3.743,3.712,3.732,183365.16729931
2025-08-26 00:00:00,3.733,3.75,3.707,3.73,287117.88401778
2025-08-26 01:00:00,3.731,3.791,3.717,3.791,251071.3938417
2025-08-26 02:00:00,3.79,3.81,3.767,3.779,131217.29466871
2025-08-26 03:00:00,3.777,3.799,3.762,3.787,54905.1458133
2025-08-26 04:00:00,3.788,3.813,3.788,3.803,77279.5676428
2025-08-26 05:00:00,3.802,3.814,3.793,3.793,41546.20572972
2025-08-26 06:00:00,3.792,3.803,3.762,3.768,144703.55066912
2025-08-26 07:00:00,3.769,3.813,3.756,3.794,288171.96259127
2025-08-26 08:00:00,3.792,3.798,3.764,3.776,86703.88627589
2025-08-26 09:00:00,3.775,3.793,3.77,3.783,57526.03019538
2025-08-26 10:00:00,3.784,3.812,3.783,3.799,59082.01640517
2025-08-26 11:00:00,3.799,3.803,3.761,3.78,152645.96679975
2025-08-26 12:00:00,3.78,3.854,3.759,3.827,428208.27298814
2025-08-26 13:00:00,3.825,3.837,3.762,3.807,483256.59560015
2025-08-26 14:00:00,3.808,3.85,3.785,3.838,444838.5895782
2025-08-26 15:00:00,3.837,3.852,3.802,3.812,179026.31852761
2025-08-26 16:00:00,3.812,3.85,3.806,3.85,170067.41421463
2025-08-26 17:00:00,3.849,3.85,3.813,3.83,80111.70591227
2025-08-26 18:00:00,3.831,3.867,3.83,3.858,97258.16808556
2025-08-26 19:00:00,3.857,3.915,3.847,3.908,151567.54962786
2025-08-26 20:00:00,3.909,3.924,3.886,3.895,194399.23523561
2025-08-26 21:00:00,3.897,3.907,3.881,3.905,115977.31880305
2025-08-26 22:00:00,3.906,3.912,3.884,3.897,95773.83189166
2025-08-26 23:00:00,3.897,3.911,3.884,3.887,108595.69291533
2025-08-27 00:00:00,3.888,3.89,3.864,3.869,82932.1036592
2025-08-27 01:00:00,3.87,3.873,3.85,3.872,102677.31554425
2025-08-27 02:00:00,3.872,3.887,3.848,3.874,75713.76313718
2025-08-27 03:00:00,3.873,3.911,3.855,3.893,136573.20279481
2025-08-27 04:00:00,3.893,3.925,3.888,3.922,227639.85569618
2025-08-27 05:00:00,3.92,3.924,3.893,3.897,70825.80871073
2025-08-27 06:00:00,3.896,3.902,3.877,3.879,54058.09814705
2025-08-27 07:00:00,3.878,3.879,3.847,3.851,134806.98226579
2025-08-27 08:00:00,3.852,3.868,3.833,3.868,179902.47930722
2025-08-27 09:00:00,3.868,3.886,3.864,3.866,58429.29034904
2025-08-27 10:00:00,3.866,3.878,3.855,3.865,62696.88823887
2025-08-27 11:00:00,3.866,3.889,3.866,3.884,55298.48606542
2025-08-27 12:00:00,3.883,3.893,3.861,3.878,105661.24674546
2025-08-27 13:00:00,3.878,3.911,3.856,3.874,256913.41602967
2025-08-27 14:00:00,3.875,3.934,3.863,3.903,284500.5391477
2025-08-27 15:00:00,3.903,3.932,3.898,3.912,148789.80160809
2025-08-27 16:00:00,3.913,3.913,3.87,3.895,96602.33041247
2025-08-27 17:00:00,3.895,3.911,3.879,3.908,75526.78610532
2025-08-27 18:00:00,3.908,3.917,3.883,3.883,78321.09870961
2025-08-27 19:00:00,3.884,3.89,3.841,3.867,224363.66188534
2025-08-27 20:00:00,3.867,3.91,3.823,3.904,1175020.90151249
2025-08-27 21:00:00,3.904,3.912,3.858,3.866,114703.05650785
2025-08-27 22:00:00,3.866,3.876,3.832,3.86,166064.21880784
2025-08-27 23:00:00,3.859,3.862,3.829,3.837,93191.68775454
2025-08-28 00:00:00,3.837,3.855,3.806,3.837,386059.62810398
2025-08-28 01:00:00,3.836,3.873,3.836,3.862,82050.11045253
2025-08-28 02:00:00,3.861,3.874,3.843,3.848,48934.14391873
2025-08-28 03:00:00,3.849,3.878,3.843,3.873,68405.01517112
2025-08-28 04:00:00,3.874,3.93,3.867,3.915,275492.55623707
2025-08-28 05:00:00,3.915,3.94,3.911,3.934,197218.10551443
2025-08-28 06:00:00,3.934,3.934,3.912,3.928,73643.63797339
2025-08-28 07:00:00,3.929,3.936,3.902,3.933,93376.16769913
2025-08-28 08:00:00,3.935,3.99,3.935,3.976,350983.93653785
2025-08-28 09:00:00,3.975,3.983,3.931,3.936,72619.66237474
2025-08-28 10:00:00,3.935,3.964,3.931,3.963,102692.97926483
2025-08-28 11:00:00,3.962,3.963,3.941,3.963,65422.67028986
2025-08-28 12:00:00,3.964,3.985,3.959,3.969,212020.47336467
2025-08-28 13:00:00,3.97,3.985,3.948,3.969,153225.7997746
2025-08-28 14:00:00,3.97,4.015,3.96,4.007,333933.49801981
2025-08-28 15:00:00,4.008,4.02,3.947,3.956,376112.06668869
2025-08-28 16:00:00,3.956,3.985,3.896,3.897,199528.16447543
2025-08-28 17:00:00,3.899,3.938,3.892,3.929,146016.42934225
2025-08-28 18:00:00,3.929,3.946,3.913,3.924,97035.52153834
2025-08-28 19:00:00,3.925,3.943,3.88,3.88,165672.77590913
2025-08-28 20:00:00,3.879,3.919,3.873,3.91,152099.44323364
2025-08-28 21:00:00,3.911,3.942,3.91,3.942,51949.76049051
2025-08-28 22:00:00,3.943,4.0,3.942,3.999,127897.52629233
2025-08-28 23:00:00,4.0,4.004,3.968,3.981,136652.78500182
2025-08-29 00:00:00,3.98,4.002,3.961,3.974,146134.0502969
2025-08-29 01:00:00,3.975,3.977,3.923,3.933,168308.21543307
2025-08-29 02:00:00,3.932,3.976,3.925,3.945,78724.86114807
2025-08-29 03:00:00,3.945,3.963,3.932,3.952,66882.45434348
2025-08-29 04:00:00,3.951,3.959,3.921,3.926,44238.3768994
2025-08-29 05:00:00,3.927,3.941,3.903,3.922,226215.93317244
2025-08-29 06:00:00,3.922,3.929,3.884,3.905,221802.81662505
2025-08-29 07:00:00,3.905,3.905,3.808,3.814,404353.53911425
2025-08-29 08:00:00,3.815,3.825,3.769,3.775,308145.45574182
2025-08-29 09:00:00,3.774,3.807,3.75,3.803,234233.75042035
2025-08-29 10:00:00,3.802,3.821,3.792,3.805,121847.17720501
2025-08-29 11:00:00,3.806,3.832,3.793,3.826,172593.22772491
2025-08-29 12:00:00,3.826,3.914,3.823,3.856,455286.97976938
2025-08-29 13:00:00,3.856,3.859,3.781,3.807,437032.2309931
2025-08-29 14:00:00,3.807,3.831,3.754,3.766,917732.26000391
2025-08-29 15:00:00,3.766,3.798,3.762,3.77,226055.88627091
2025-08-29 16:00:00,3.77,3.788,3.738,3.774,344947.87835567
2025-08-29 17:00:00,3.773,3.774,3.735,3.752,151581.2756536
2025-08-29 18:00:00,3.751,3.762,3.725,3.731,145194.90319718
2025-08-29 19:00:00,3.731,3.778,3.723,3.762,122128.54007305
2025-08-29 20:00:00,3.762,3.774,3.733,3.74,373599.87991379
2025-08-29 21:00:00,3.741,3.786,3.724,3.781,107628.29970633
2025-08-29 22:00:00,3.78,3.78,3.753,3.773,53360.89615922
2025-08-29 23:00:00,3.773,3.786,3.771,3.773,37203.86211528
2025-08-30 00:00:00,3.774,3.787,3.756,3.763,45096.78373959
2025-08-30 01:00:00,3.763,3.771,3.71,3.717,130002.91867959
2025-08-30 02:00:00,3.717,3.776,3.712,3.769,123282.94590961
2025-08-30 03:00:00,3.769,3.824,3.769,3.817,133823.58514896
2025-08-30 04:00:00,3.817,3.819,3.793,3.796,75368.09992733
2025-08-30 05:00:00,3.796,3.817,3.79,3.802,93620.64825229
2025-08-30 06:00:00,3.802,3.815,3.794,3.801,107986.71437916
2025-08-30 07:00:00,3.801,3.814,3.797,3.812,71080.47648977
2025-08-30 08:00:00,3.813,3.813,3.792,3.792,80867.61306883
2025-08-30 09:00:00,3.793,3.797,3.776,3.784,104699.91854206
2025-08-30 10:00:00,3.785,3.801,3.781,3.791,29759.9454136
2025-08-30 11:00:00,3.791,3.798,3.775,3.796,56396.10306307
2025-08-30 12:00:00,3.796,3.796,3.754,3.765,119219.11106201
2025-08-30 13:00:00,3.765,3.766,3.732,3.76,219767.52112773
2025-08-30 14:00:00,3.759,3.769,3.736,3.765,250280.92219046
2025-08-30 15:00:00,3.765,3.791,3.758,3.786,85745.12330097
2025-08-30 16:00:00,3.786,3.786,3.758,3.76,36246.24871297
2025-08-30 17:00:00,3.76,3.776,3.758,3.774,59971.49475184
2025-08-30 18:00:00,3.774,3.783,3.758,3.767,69642.35229389
2025-08-30 19:00:00,3.767,3.792,3.764,3.791,40250.04635811
2025-08-30 20:00:00,3.791,3.794,3.774,3.79,52961.48641022
2025-08-30 21:00:00,3.79,3.797,3.781,3.794,76775.91599182
2025-08-30 22:00:00,3.792,3.802,3.782,3.8,26033.6312753
2025-08-30 23:00:00,3.801,3.81,3.801,3.808,32733.54985629
2025-08-31 00:00:00,3.808,3.855,3.808,3.853,139039.5677485
2025-08-31 01:00:00,3.854,3.872,3.839,3.867,99874.07851847
2025-08-31 02:00:00,3.866,3.873,3.851,3.854,67072.81985636
2025-08-31 03:00:00,3.855,3.861,3.847,3.858,96813.299134
2025-08-31 04:00:00,3.859,3.861,3.824,3.832,107045.70155044
2025-08-31 05:00:00,3.831,3.831,3.808,3.817,99780.77448391
2025-08-31 06:00:00,3.818,3.821,3.797,3.801,83688.06007264
2025-08-31 07:00:00,3.801,3.815,3.8,3.801,71986.61131701
2025-08-31 08:00:00,3.802,3.832,3.802,3.832,49613.87316431
2025-08-31 09:00:00,3.83,3.843,3.815,3.815,130359.90844633
2025-08-31 10:00:00,3.818,3.82,3.784,3.795,90270.23142192
2025-08-31 11:00:00,3.795,3.814,3.789,3.814,69095.29187936
2025-08-31 12:00:00,3.814,3.824,3.799,3.819,48856.42129727
2025-08-31 13:00:00,3.818,3.826,3.79,3.798,91055.18545478
2025-08-31 14:00:00,3.799,3.803,3.777,3.79,121824.97448203
2025-08-31 15:00:00,3.79,3.816,3.789,3.815,68884.51810169
2025-08-31 16:00:00,3.815,3.815,3.795,3.801,81096.27422925
2025-08-31 17:00:00,3.8,3.805,3.787,3.796,103149.21271983
2025-08-31 18:00:00,3.796,3.829,3.795,3.825,81419.38754868
2025-08-31 19:00:00,3.824,3.826,3.796,3.797,76683.80225766
2025-08-31 20:00:00,3.797,3.808,3.778,3.801,146663.02180998
2025-08-31 21:00:00,3.799,3.815,3.794,3.806,50531.04050981
2025-08-31 22:00:00,3.807,3.807,3.767,3.774,194085.11802182
2025-08-31 23:00:00,3.774,3.774,3.733,3.74,262620.30268392
2025-09-01 00:00:00,3.739,3.746,3.704,3.727,441448.37551147
2025-09-01 01:00:00,3.726,3.75,3.71,3.734,233456.05300366
2025-09-01 02:00:00,3.733,3.735,3.674,3.684,347468.82113705
2025-09-01 03:00:00,3.686,3.697,3.672,3.686,173870.40167278
2025-09-01 04:00:00,3.685,3.69,3.652,3.669,316430.04302564
2025-09-01 05:00:00,3.668,3.694,3.654,3.688,176045.85055095
2025-09-01 06:00:00,3.689,3.711,3.666,3.7,277882.92883497
2025-09-01 07:00:00,3.702,3.82,3.682,3.819,617071.3104199
2025-09-01 08:00:00,3.82,3.85,3.794,3.849,576963.34604369
2025-09-01 09:00:00,3.848,3.885,3.833,3.842,454513.42902254
2025-09-01 10:00:00,3.843,3.843,3.775,3.796,304386.73030809
2025-09-01 11:00:00,3.796,3.797,3.758,3.768,199180.54140677
2025-09-01 12:00:00,3.769,3.795,3.761,3.775,164900.59674445
2025-09-01 13:00:00,3.775,3.777,3.738,3.748,252504.99365071
2025-09-01 14:00:00,3.748,3.77,3.734,3.756,183175.45937894
2025-09-01 15:00:00,3.756,3.769,3.718,3.731,195744.82283273
2025-09-01 16:00:00,3.73,3.742,3.711,3.719,166200.32831437
2025-09-01 17:00:00,3.719,3.726,3.692,3.706,216860.77442972
2025-09-01 18:00:00,3.706,3.732,3.706,3.723,149579.92466012
2025-09-01 19:00:00,3.723,3.741,3.719,3.74,97402.06002683
2025-09-01 20:00:00,3.74,3.74,3.641,3.676,876113.43241573
2025-09-01 21:00:00,3.674,3.677,3.61,3.638,539963.77819534
2025-09-01 22:00:00,3.638,3.662,3.629,3.652,198959.96305444
2025-09-01 23:00:00,3.651,3.699,3.651,3.691,95730.00834347
2025-09-02 00:00:00,3.692,3.701,3.674,3.683,79199.29466424
2025-09-02 01:00:00,3.683,3.729,3.677,3.71,163386.72400975
2025-09-02 02:00:00,3.71,3.76,3.705,3.76,100720.33467871
2025-09-02 03:00:00,3.758,3.785,3.75,3.77,192716.30733522
2025-09-02 04:00:00,3.771,3.783,3.761,3.78,148655.12768237
2025-09-02 05:00:00,3.782,3.786,3.768,3.777,82198.36662869
2025-09-02 06:00:00,3.777,3.788,3.771,3.784,146647.59537792
2025-09-02 07:00:00,3.784,3.786,3.746,3.754,151343.40649167
2025-09-02 08:00:00,3.755,3.777,3.751,3.763,109967.15320713
2025-09-02 09:00:00,3.762,3.783,3.759,3.78,61968.16862416
2025-09-02 10:00:00,3.781,3.782,3.768,3.776,47903.38492629
2025-09-02 11:00:00,3.777,3.777,3.751,3.754,87969.65602349
2025-09-02 12:00:00,3.754,3.759,3.692,3.697,399532.47933358
2025-09-02 13:00:00,3.697,3.808,3.696,3.795,741635.6634696
2025-09-02 14:00:00,3.797,3.816,3.769,3.791,458753.3259442
2025-09-02 15:00:00,3.79,3.793,3.729,3.734,236337.00631957
2025-09-02 16:00:00,3.735,3.765,3.735,3.761,168498.3898798
2025-09-02 17:00:00,3.762,3.788,3.761,3.774,144243.73098445
2025-09-02 18:00:00,3.774,3.778,3.737,3.767,106670.06865828
2025-09-02 19:00:00,3.767,3.78,3.741,3.75,140024.75063641
2025-09-02 20:00:00,3.751,3.799,3.745,3.792,144326.13868781
2025-09-02 21:00:00,3.793,3.814,3.788,3.811,86249.90612625
2025-09-02 22:00:00,3.812,3.822,3.796,3.82,141003.37183798
2025-09-02 23:00:00,3.821,3.825,3.807,3.821,76527.74453498
2025-09-03 00:00:00,3.82,3.833,3.812,3.817,76418.86770775
2025-09-03 01:00:00,3.818,3.826,3.793,3.826,103812.17005256
2025-09-03 02:00:00,3.826,3.844,3.816,3.83,136779.64580279
2025-09-03 03:00:00,3.829,3.832,3.809,3.821,36730.64929966
2025-09-03 04:00:00,3.82,3.828,3.808,3.815,59315.68085954
2025-09-03 05:00:00,3.816,3.816,3.797,3.801,49334.42372766
2025-09-03 06:00:00,3.801,3.815,3.785,3.802,74526.52959324
2025-09-03 07:00:00,3.803,3.81,3.792,3.81,62472.89721785
2025-09-03 08:00:00,3.809,3.838,3.807,3.82,114234.37454845
2025-09-03 09:00:00,3.821,3.835,3.807,3.835,49037.03244095
2025-09-03 10:00:00,3.836,3.851,3.829,3.832,154463.40383106
2025-09-03 11:00:00,3.832,3.845,3.824,3.827,74573.30740179
2025-09-03 12:00:00,3.827,3.839,3.811,3.819,109627.31463485
2025-09-03 13:00:00,3.819,3.869,3.817,3.851,318077.68699624
2025-09-03 14:00:00,3.851,3.888,3.851,3.879,233499.37245947
2025-09-03 15:00:00,3.879,3.905,3.87,3.891,153125.44077842
2025-09-03 16:00:00,3.892,3.903,3.863,3.87,107418.57523412
2025-09-03 17:00:00,3.871,3.889,3.871,3.879,49215.20751527
2025-09-03 18:00:00,3.879,3.885,3.874,3.882,32289.7352592
2025-09-03 19:00:00,3.882,3.894,3.873,3.894,35824.58710529
2025-09-03 20:00:00,3.893,3.898,3.882,3.895,63128.32637169
2025-09-03 21:00:00,3.895,3.896,3.876,3.886,49435.67783235
2025-09-03 22:00:00,3.885,3.895,3.871,3.876,40848.09051734
2025-09-03 23:00:00,3.877,3.878,3.86,3.865,32857.3585792
2025-09-04 00:00:00,3.866,3.876,3.862,3.873,61148.97458094
2025-09-04 01:00:00,3.87,3.87,3.852,3.86,42480.79000519
2025-09-04 02:00:00,3.862,3.862,3.833,3.835,99358.27683368
2025-09-04 03:00:00,3.835,3.838,3.807,3.81,162357.06950116
2025-09-04 04:00:00,3.811,3.82,3.802,3.803,213808.60383273
2025-09-04 05:00:00,3.804,3.804,3.77,3.78,175720.82996638
2025-09-04 06:00:00,3.78,3.78,3.763,3.768,94318.60463533
2025-09-04 07:00:00,3.767,3.788,3.767,3.787,90997.73567525
2025-09-04 08:00:00,3.785,3.8,3.777,3.778,92999.66791743
2025-09-04 09:00:00,3.78,3.786,3.768,3.778,114704.86362868
2025-09-04 10:00:00,3.778,3.796,3.773,3.787,65327.37290921
2025-09-04 11:00:00,3.786,3.807,3.781,3.783,70126.95446861
2025-09-04 12:00:00,3.783,3.8,3.767,3.793,136294.14439909
2025-09-04 13:00:00,3.793,3.801,3.772,3.783,75160.98110368
2025-09-04 14:00:00,3.782,3.784,3.74,3.765,299676.74111485
2025-09-04 15:00:00,3.766,3.768,3.743,3.756,171218.63921862
2025-09-04 16:00:00,3.756,3.772,3.753,3.766,101893.89136002
2025-09-04 17:00:00,3.766,3.776,3.756,3.756,102769.74933546
2025-09-04 18:00:00,3.754,3.764,3.726,3.741,152552.72198924
2025-09-04 19:00:00,3.741,3.753,3.733,3.739,79814.3026776
2025-09-04 20:00:00,3.739,3.773,3.736,3.77,65561.12963689
2025-09-04 21:00:00,3.77,3.782,3.767,3.779,43094.063833
2025-09-04 22:00:00,3.779,3.799,3.775,3.798,79394.59234345
2025-09-04 23:00:00,3.798,3.805,3.763,3.763,106798.0889311
2025-09-05 00:00:00,3.762,3.778,3.757,3.76,105253.22886277
2025-09-05 01:00:00,3.759,3.786,3.756,3.784,53142.61840396
2025-09-05 02:00:00,3.784,3.791,3.771,3.782,133112.46444017
2025-09-05 03:00:00,3.783,3.785,3.77,3.785,52498.92583312
2025-09-05 04:00:00,3.784,3.791,3.775,3.79,26207.54006497
2025-09-05 05:00:00,3.789,3.793,3.787,3.79,36708.08157382
2025-09-05 06:00:00,3.79,3.794,3.779,3.792,63160.20788706
2025-09-05 07:00:00,3.793,3.846,3.793,3.839,311719.24221708
2025-09-05 08:00:00,3.839,3.841,3.82,3.824,91237.20659224
2025-09-05 09:00:00,3.824,3.828,3.809,3.828,60237.85756178
2025-09-05 10:00:00,3.827,3.84,3.826,3.826,59220.66174445
2025-09-05 11:00:00,3.826,3.834,3.821,3.829,46968.33920493
2025-09-05 12:00:00,3.83,3.892,3.813,3.886,686905.37009601
2025-09-05 13:00:00,3.887,3.894,3.865,3.88,291813.65284908
2025-09-05 14:00:00,3.88,3.881,3.773,3.794,1162722.47206712
2025-09-05 15:00:00,3.793,3.825,3.779,3.808,212108.47708245
2025-09-05 16:00:00,3.808,3.821,3.797,3.814,87470.45731204
2025-09-05 17:00:00,3.814,3.816,3.793,3.803,79861.52441954
2025-09-05 18:00:00,3.804,3.826,3.786,3.815,129109.84059391
2025-09-05 19:00:00,3.816,3.827,3.813,3.826,73465.34162065
2025-09-05 20:00:00,3.827,3.846,3.823,3.846,113656.29687268
2025-09-05 21:00:00,3.846,3.846,3.807,3.815,151830.44124575
2025-09-05 22:00:00,3.815,3.833,3.81,3.83,22591.49658298
2025-09-05 23:00:00,3.83,3.833,3.823,3.826,23169.51076247
2025-09-06 00:00:00,3.827,3.847,3.824,3.84,57366.95018397
2025-09-06 01:00:00,3.84,3.847,3.834,3.847,18856.27282303
2025-09-06 02:00:00,3.847,3.864,3.845,3.864,59205.47896954
2025-09-06 03:00:00,3.864,3.882,3.861,3.881,61561.12623422
2025-09-06 04:00:00,3.88,3.88,3.845,3.855,281980.85130955
2025-09-06 05:00:00,3.854,3.854,3.828,3.83,45917.04611421
2025-09-06 06:00:00,3.829,3.835,3.824,3.829,32762.43825711
2025-09-06 07:00:00,3.829,3.832,3.818,3.824,27000.70562208
2025-09-06 08:00:00,3.825,3.827,3.81,3.811,24170.81763101
2025-09-06 09:00:00,3.811,3.811,3.796,3.801,72516.61977226
2025-09-06 10:00:00,3.8,3.819,3.795,3.817,56997.52653251
2025-09-06 11:00:00,3.816,3.818,3.804,3.813,42511.25287045
2025-09-06 12:00:00,3.812,3.819,3.806,3.808,36947.80411236
2025-09-06 13:00:00,3.808,3.813,3.799,3.809,45628.23563276
2025-09-06 14:00:00,3.809,3.823,3.806,3.817,31397.15290581
2025-09-06 15:00:00,3.816,3.816,3.788,3.791,73563.62761371
2025-09-06 16:00:00,3.791,3.821,3.78,3.81,127055.94984364
2025-09-06 17:00:00,3.811,3.814,3.79,3.798,51780.38880466
2025-09-06 18:00:00,3.798,3.81,3.796,3.807,28269.3474706
2025-09-06 19:00:00,3.806,3.808,3.788,3.791,43046.52956555
2025-09-06 20:00:00,3.791,3.813,3.79,3.813,30172.77308261
2025-09-06 21:00:00,3.814,3.817,3.805,3.817,27510.17156097
2025-09-06 22:00:00,3.817,3.821,3.811,3.816,19527.4915316
2025-09-06 23:00:00,3.817,3.835,3.812,3.823,28751.16870714
2025-09-07 00:00:00,3.824,3.835,3.82,3.833,31223.04571925
2025-09-07 01:00:00,3.832,3.855,3.832,3.848,61072.84843181
2025-09-07 02:00:00,3.849,3.857,3.842,3.856,79107.59785638
2025-09-07 03:00:00,3.857,3.862,3.846,3.85,54711.77537498
2025-09-07 04:00:00,3.851,3.852,3.844,3.85,55267.18866066
2025-09-07 05:00:00,3.851,3.868,3.846,3.866,119394.87914116
2025-09-07 06:00:00,3.867,3.869,3.849,3.85,50379.63189813
2025-09-07 07:00:00,3.851,3.864,3.845,3.851,78455.60792304
2025-09-07 08:00:00,3.852,3.865,3.852,3.861,34716.38378926
2025-09-07 09:00:00,3.86,3.86,3.846,3.854,73034.22888819
2025-09-07 10:00:00,3.854,3.861,3.854,3.857,26366.95352092
2025-09-07 11:00:00,3.859,3.865,3.852,3.865,19455.03691529
2025-09-07 12:00:00,3.865,3.967,3.863,3.961,519002.82125464
2025-09-07 13:00:00,3.961,4.085,3.961,4.073,723279.20858945
2025-09-07 14:00:00,4.073,4.074,4.004,4.014,388176.35490713
2025-09-07 15:00:00,4.014,4.025,3.961,3.966,367287.84382819
2025-09-07 16:00:00,3.967,3.993,3.967,3.979,159701.80674772
2025-09-07 17:00:00,3.978,3.982,3.951,3.954,117665.2982914
2025-09-07 18:00:00,3.956,3.98,3.953,3.964,120448.83469176
2025-09-07 19:00:00,3.963,4.011,3.958,3.987,133251.24646155
2025-09-07 20:00:00,3.988,3.995,3.976,3.987,62907.96847311
2025-09-07 21:00:00,3.988,3.989,3.973,3.979,51333.37952335
2025-09-07 22:00:00,3.978,4.011,3.978,4.011,127041.26662744
2025-09-07 23:00:00,4.012,4.015,3.988,3.993,81473.33411478
2025-09-08 00:00:00,3.993,4.017,3.979,3.998,174612.04383804
2025-09-08 01:00:00,3.997,4.024,3.993,4.016,74618.49299179
2025-09-08 02:00:00,4.016,4.056,3.995,4.046,188252.29959424
2025-09-08 03:00:00,4.047,4.071,4.039,4.048,167337.43861503
2025-09-08 04:00:00,4.048,4.053,4.02,4.027,177920.70579594
2025-09-08 05:00:00,4.028,4.047,4.021,4.033,59131.19533095
2025-09-08 06:00:00,4.033,4.034,4.0,4.001,98252.21844862
2025-09-08 07:00:00,4.001,4.013,3.984,3.996,105018.2087308
2025-09-08 08:00:00,3.996,4.017,3.994,4.001,125202.79168202
2025-09-08 09:00:00,4.002,4.035,3.997,4.033,109181.48908121
2025-09-08 10:00:00,4.032,4.051,4.022,4.028,187581.74722552
2025-09-08 11:00:00,4.028,4.032,4.006,4.02,190524.03857055
2025-09-08 12:00:00,4.021,4.03,4.006,4.024,94394.70255823
2025-09-08 13:00:00,4.026,4.05,4.005,4.006,219786.59971693
2025-09-08 14:00:00,4.005,4.055,4.001,4.045,157851.1034568
2025-09-08 15:00:00,4.047,4.074,4.033,4.067,223367.60563841
2025-09-08 16:00:00,4.067,4.078,4.044,4.05,135877.23374324
2025-09-08 17:00:00,4.05,4.066,4.028,4.029,75701.00658141
2025-09-08 18:00:00,4.03,4.055,4.024,4.052,47163.90209921
2025-09-08 19:00:00,4.052,4.052,4.014,4.02,70011.0632094
2025-09-08 20:00:00,4.021,4.029,4.001,4.015,81697.68180065
2025-09-08 21:00:00,4.013,4.061,4.007,4.057,72065.1919905
2025-09-08 22:00:00,4.056,4.068,4.047,4.047,58422.07603296
2025-09-08 23:00:00,4.047,4.059,4.029,4.045,109122.71510607
2025-09-09 00:00:00,4.044,4.084,4.044,4.081,172442.4773458
2025-09-09 01:00:00,4.081,4.098,4.048,4.056,175301.59498825
2025-09-09 02:00:00,4.056,4.06,4.018,4.027,124527.747638
2025-09-09 03:00:00,4.026,4.046,4.003,4.045,168037.06641008
2025-09-09 04:00:00,4.044,4.056,4.029,4.052,106564.98954286
2025-09-09 05:00:00,4.052,4.056,4.031,4.055,88297.28034234
2025-09-09 06:00:00,4.057,4.125,4.051,4.11,298716.32922433
2025-09-09 07:00:00,4.111,4.173,4.11,4.125,372628.4018512
2025-09-09 08:00:00,4.126,4.145,4.119,4.135,86520.05446244
2025-09-09 09:00:00,4.136,4.15,4.126,4.141,75628.81010729
2025-09-09 10:00:00,4.141,4.16,4.126,4.152,205277.59733246
2025-09-09 11:00:00,4.152,4.184,4.141,4.147,360837.4465471
2025-09-09 12:00:00,4.148,4.179,4.133,4.135,192803.3826398
2025-09-09 13:00:00,4.134,4.18,4.117,4.171,185529.16649132
2025-09-09 14:00:00,4.172,4.182,4.06,4.109,942046.11601498
2025-09-09 15:00:00,4.11,4.12,4.044,4.07,586968.46014738
2025-09-09 16:00:00,4.07,4.081,4.027,4.046,167467.44277428
2025-09-09 17:00:00,4.049,4.079,4.047,4.058,89615.99513606
2025-09-09 18:00:00,4.059,4.083,4.054,4.083,63682.77108103
2025-09-09 19:00:00,4.083,4.114,4.079,4.105,72526.80452592
2025-09-09 20:00:00,4.104,4.126,4.088,4.126,95024.35982823
2025-09-09 21:00:00,4.125,4.14,4.099,4.104,141299.02813202
2025-09-09 22:00:00,4.103,4.14,4.097,4.14,58729.13956395
2025-09-09 23:00:00,4.141,4.144,4.119,4.138,67737.74791125
2025-09-10 00:00:00,4.139,4.148,4.098,4.101,290841.99903689
2025-09-10 01:00:00,4.1,4.153,4.097,4.126,107114.47881733
2025-09-10 02:00:00,4.128,4.141,4.122,4.135,144387.26663934
2025-09-10 03:00:00,4.135,4.138,4.119,4.133,53600.88245502
2025-09-10 04:00:00,4.132,4.133,4.104,4.121,51089.76973382
2025-09-10 05:00:00,4.12,4.12,4.075,4.091,138390.45284436
2025-09-10 06:00:00,4.091,4.114,4.082,4.104,57275.65643228
2025-09-10 07:00:00,4.104,4.121,4.099,4.114,125241.34061616
2025-09-10 08:00:00,4.114,4.125,4.082,4.086,84021.85761363
2025-09-10 09:00:00,4.086,4.095,4.068,4.089,92099.51604298
2025-09-10 10:00:00,4.09,4.097,4.054,4.057,92676.42864241
2025-09-10 11:00:00,4.057,4.086,4.057,4.081,100695.96911388
2025-09-10 12:00:00,4.081,4.171,4.076,4.171,409843.26408844
2025-09-10 13:00:00,4.171,4.207,4.146,4.185,644082.73595112
2025-09-10 14:00:00,4.186,4.203,4.156,4.162,174359.27458898
2025-09-10 15:00:00,4.165,4.183,4.157,4.171,110050.16857177
2025-09-10 16:00:00,4.173,4.192,4.145,4.192,139296.1363489
2025-09-10 17:00:00,4.193,4.196,4.159,4.188,91462.85255973
2025-09-10 18:00:00,4.187,4.198,4.168,4.193,70525.45848749
2025-09-10 19:00:00,4.194,4.194,4.142,4.16,102342.81149957
2025-09-10 20:00:00,4.161,4.188,4.16,4.171,53285.18389433
2025-09-10 21:00:00,4.17,4.196,4.17,4.195,43129.20501936
2025-09-10 22:00:00,4.194,4.224,4.19,4.201,167731.69819015
2025-09-10 23:00:00,4.203,4.215,4.19,4.215,134854.84486549
2025-09-11 00:00:00,4.215,4.244,4.196,4.239,61745.11163934
2025-09-11 01:00:00,4.24,4.248,4.224,4.239,159639.70782246
2025-09-11 02:00:00,4.239,4.256,4.208,4.211,111649.86684809
2025-09-11 03:00:00,4.213,4.246,4.209,4.24,63686.73685432
2025-09-11 04:00:00,4.24,4.242,4.217,4.223,71059.14903538
2025-09-11 05:00:00,4.223,4.224,4.194,4.218,149381.41734113
2025-09-11 06:00:00,4.216,4.229,4.206,4.222,59669.98531676
2025-09-11 07:00:00,4.223,4.23,4.209,4.225,62792.862735
2025-09-11 08:00:00,4.224,4.224,4.202,4.206,75635.37584766
2025-09-11 09:00:00,4.205,4.205,4.173,4.188,153041.35668258
2025-09-11 10:00:00,4.187,4.209,4.184,4.203,52469.00107043
2025-09-11 11:00:00,4.203,4.216,4.188,4.19,53985.70866612
2025-09-11 12:00:00,4.193,4.243,4.129,4.188,541859.9026971
2025-09-11 13:00:00,4.189,4.205,4.141,4.205,257509.11341229
2025-09-11 14:00:00,4.206,4.207,4.149,4.182,175952.24718753
2025-09-11 15:00:00,4.182,4.182,4.156,4.162,97881.04998968
2025-09-11 16:00:00,4.161,4.19,4.16,4.18,80874.79558615
2025-09-11 17:00:00,4.179,4.195,4.167,4.189,75851.56791199
2025-09-11 18:00:00,4.188,4.188,4.173,4.185,53995.2884465
2025-09-11 19:00:00,4.184,4.228,4.183,4.211,170360.48895084
2025-09-11 20:00:00,4.211,4.223,4.2,4.215,56332.1395684
2025-09-11 21:00:00,4.216,4.236,4.215,4.232,80781.97741653
2025-09-11 22:00:00,4.233,4.248,4.228,4.237,87547.31160691
2025-09-11 23:00:00,4.236,4.255,4.233,4.24,119080.80125074
2025-09-12 00:00:00,4.241,4.279,4.225,4.264,157850.51101775
2025-09-12 01:00:00,4.264,4.274,4.241,4.243,145124.69952024
2025-09-12 02:00:00,4.245,4.256,4.204,4.225,322562.02422328
2025-09-12 03:00:00,4.225,4.23,4.199,4.216,157670.44906863
2025-09-12 04:00:00,4.216,4.225,4.204,4.22,103830.1296472
2025-09-12 05:00:00,4.219,4.25,4.214,4.249,90068.36801039
2025-09-12 06:00:00,4.249,4.269,4.247,4.253,130258.10762439
2025-09-12 07:00:00,4.252,4.259,4.229,4.23,128305.64976566
2025-09-12 08:00:00,4.231,4.232,4.205,4.212,115491.54009964
2025-09-12 09:00:00,4.213,4.218,4.183,4.194,104630.00375411
2025-09-12 10:00:00,4.193,4.2,4.171,4.198,84590.28196497
2025-09-12 11:00:00,4.195,4.205,4.168,4.173,174605.15116756
2025-09-12 12:00:00,4.173,4.2,4.153,4.195,280239.94032451
2025-09-12 13:00:00,4.196,4.223,4.19,4.22,116439.82502308
2025-09-12 14:00:00,4.22,4.244,4.207,4.218,538029.12526614
2025-09-12 15:00:00,4.217,4.218,4.188,4.195,133914.82522981
2025-09-12 16:00:00,4.196,4.232,4.194,4.219,147717.81158151
2025-09-12 17:00:00,4.22,4.266,4.212,4.25,219763.39180697
2025-09-12 18:00:00,4.251,4.291,4.245,4.291,143481.38743617
2025-09-12 19:00:00,4.292,4.297,4.274,4.294,85513.64790145
2025-09-12 20:00:00,4.294,4.297,4.253,4.271,199064.82850011
2025-09-12 21:00:00,4.27,4.278,4.259,4.275,109367.41750851
2025-09-12 22:00:00,4.275,4.321,4.275,4.316,183028.27341911
2025-09-12 23:00:00,4.316,4.322,4.308,4.318,114501.34505956
2025-09-13 00:00:00,4.318,4.34,4.305,4.339,140842.7964997
2025-09-13 01:00:00,4.338,4.353,4.311,4.314,190644.86754595
2025-09-13 02:00:00,4.313,4.341,4.303,4.337,196288.80176888
2025-09-13 03:00:00,4.338,4.379,4.338,4.376,166914.75673194
2025-09-13 04:00:00,4.376,4.397,4.364,4.387,159214.8610289
2025-09-13 05:00:00,4.387,4.418,4.361,4.415,332312.86481046
2025-09-13 06:00:00,4.416,4.503,4.411,4.449,623000.77121229
2025-09-13 07:00:00,4.45,4.487,4.43,4.456,195001.04102487
2025-09-13 08:00:00,4.457,4.53,4.452,4.503,328214.60499477
2025-09-13 09:00:00,4.503,4.52,4.492,4.513,275014.93988381
2025-09-13 10:00:00,4.514,4.594,4.505,4.575,317720.09696251
2025-09-13 11:00:00,4.575,4.587,4.506,4.586,603783.10606965
2025-09-13 12:00:00,4.586,4.624,4.556,4.615,360012.45112114
2025-09-13 13:00:00,4.613,4.622,4.484,4.539,649882.76269364
2025-09-13 14:00:00,4.539,4.574,4.491,4.533,620222.52441853
2025-09-13 15:00:00,4.533,4.553,4.494,4.512,322646.54275102
2025-09-13 16:00:00,4.512,4.541,4.444,4.465,458577.62664238
2025-09-13 17:00:00,4.466,4.493,4.417,4.486,402770.34105367
2025-09-13 18:00:00,4.485,4.485,4.455,4.474,160220.1893158
2025-09-13 19:00:00,4.475,4.475,4.456,4.465,84774.8948487
2025-09-13 20:00:00,4.464,4.496,4.462,4.485,78503.87503501
2025-09-13 21:00:00,4.484,4.515,4.484,4.492,112647.68796884
2025-09-13 22:00:00,4.493,4.514,4.484,4.492,45247.12485534
2025-09-13 23:00:00,4.491,4.507,4.488,4.492,28501.1137543
2025-09-14 00:00:00,4.491,4.497,4.437,4.449,115210.83648093
2025-09-14 01:00:00,4.448,4.459,4.407,4.458,183260.09531245
2025-09-14 02:00:00,4.458,4.483,4.441,4.45,146435.41492541
2025-09-14 03:00:00,4.451,4.455,4.394,4.399,143803.65267391
2025-09-14 04:00:00,4.4,4.413,4.363,4.399,161111.70881076
2025-09-14 05:00:00,4.4,4.443,4.396,4.442,175563.9485808
2025-09-14 06:00:00,4.443,4.447,4.409,4.42,64730.73329587
2025-09-14 07:00:00,4.42,4.441,4.406,4.422,62809.0234298
2025-09-14 08:00:00,4.42,4.442,4.4,4.422,116349.52116661
2025-09-14 09:00:00,4.421,4.467,4.41,4.455,139009.46910924
2025-09-14 10:00:00,4.452,4.464,4.436,4.448,68251.3000613
2025-09-14 11:00:00,4.448,4.453,4.367,4.374,308572.98978022
2025-09-14 12:00:00,4.374,4.395,4.327,4.349,231702.4056044
2025-09-14 13:00:00,4.349,4.365,4.306,4.328,247688.89934988
2025-09-14 14:00:00,4.329,4.36,4.279,4.317,416165.70111026
2025-09-14 15:00:00,4.316,4.336,4.286,4.329,192909.06911021
2025-09-14 16:00:00,4.328,4.365,4.322,4.345,131794.4044805
2025-09-14 17:00:00,4.346,4.377,4.332,4.363,136951.11297715
2025-09-14 18:00:00,4.363,4.363,4.329,4.334,66990.28969421
2025-09-14 19:00:00,4.333,4.351,4.317,4.331,73235.65659469
2025-09-14 20:00:00,4.331,4.35,4.328,4.331,40529.91131013
2025-09-14 21:00:00,4.332,4.361,4.312,4.349,58559.95547688
2025-09-14 22:00:00,4.35,4.374,4.333,4.365,97940.19220021
2025-09-14 23:00:00,4.365,4.366,4.309,4.318,66436.03733393
2025-09-15 00:00:00,4.317,4.36,4.317,4.343,71531.56562245
2025-09-15 01:00:00,4.343,4.352,4.29,4.332,151332.08314026
2025-09-15 02:00:00,4.332,4.367,4.328,4.335,87179.88688722
2025-09-15 03:00:00,4.334,4.378,4.333,4.369,97115.89315063
2025-09-15 04:00:00,4.368,4.388,4.355,4.365,114353.42922108
2025-09-15 05:00:00,4.362,4.403,4.356,4.4,136678.21380071
2025-09-15 06:00:00,4.4,4.404,4.304,4.318,303892.68867017
2025-09-15 07:00:00,4.318,4.352,4.238,4.251,511870.3609392
2025-09-15 08:00:00,4.25,4.251,4.134,4.145,997172.86018905
2025-09-15 09:00:00,4.144,4.201,4.139,4.195,321031.64030378
2025-09-15 10:00:00,4.193,4.208,4.152,4.2,124071.33683819
2025-09-15 11:00:00,4.199,4.21,4.174,4.191,78222.72105954
2025-09-15 12:00:00,4.19,4.204,4.158,4.165,90852.26998784
2025-09-15 13:00:00,4.164,4.205,4.158,4.185,211487.94156065
2025-09-15 14:00:00,4.185,4.187,4.147,4.149,131500.19277167
2025-09-15 15:00:00,4.15,4.165,4.116,4.144,228908.32385189
2025-09-15 16:00:00,4.143,4.151,4.105,4.115,396813.92114479
2025-09-15 17:00:00,4.115,4.145,4.109,4.145,117317.0813269
2025-09-15 18:00:00,4.145,4.149,4.119,4.144,45833.43555891
2025-09-15 19:00:00,4.144,4.161,4.126,4.143,153764.30688931
2025-09-15 20:00:00,4.143,4.169,4.14,4.166,78167.2240835
2025-09-15 21:00:00,4.165,4.179,4.154,4.173,75084.33904874
2025-09-15 22:00:00,4.173,4.179,4.149,4.154,51382.07935127
2025-09-15 23:00:00,4.155,4.163,4.137,4.151,103840.25684572
2025-09-16 00:00:00,4.151,4.151,4.123,4.139,113098.28160776
2025-09-16 01:00:00,4.139,4.163,4.126,4.127,73606.84647613
2025-09-16 02:00:00,4.129,4.147,4.123,4.124,17482.67590691
2025-09-16 03:00:00,4.123,4.161,4.123,4.154,70780.60767368
2025-09-16 04:00:00,4.155,4.163,4.111,4.153,125038.34626121
2025-09-16 05:00:00,4.152,4.207,4.149,4.207,153268.90629244
2025-09-16 06:00:00,4.207,4.211,4.144,4.155,212080.97217168
2025-09-16 07:00:00,4.156,4.176,4.147,4.172,69771.82035296
2025-09-16 08:00:00,4.173,4.224,4.171,4.22,283713.25664535
2025-09-16 09:00:00,4.221,4.252,4.211,4.244,231335.13442819
2025-09-16 10:00:00,4.245,4.249,4.214,4.216,118630.96615402
2025-09-16 11:00:00,4.216,4.222,4.196,4.21,161294.02905328
2025-09-16 12:00:00,4.21,4.223,4.204,4.208,70869.86035175
2025-09-16 13:00:00,4.21,4.246,4.167,4.204,442635.94417731
2025-09-16 14:00:00,4.204,4.204,4.152,4.183,280790.6874356
2025-09-16 15:00:00,4.183,4.23,4.163,4.227,224433.77935645
2025-09-16 16:00:00,4.229,4.232,4.194,4.216,197971.14364789
2025-09-16 17:00:00,4.215,4.288,4.214,4.27,447576.49763404
2025-09-16 18:00:00,4.266,4.284,4.252,4.267,206141.34498363
2025-09-16 19:00:00,4.267,4.279,4.254,4.275,71469.6981919
2025-09-16 20:00:00,4.275,4.287,4.258,4.263,83571.70460691
2025-09-16 21:00:00,4.264,4.284,4.262,4.282,52117.37702881
2025-09-16 22:00:00,4.283,4.295,4.272,4.276,89446.86127327
2025-09-16 23:00:00,4.276,4.276,4.246,4.253,54337.75855399
2025-09-17 00:00:00,4.252,4.257,4.237,4.244,47466.9853371
2025-09-17 01:00:00,4.245,4.253,4.226,4.237,50854.82567997
2025-09-17 02:00:00,4.237,4.264,4.229,4.246,106173.70719971
2025-09-17 03:00:00,4.245,4.254,4.211,4.211,94212.55949929
2025-09-17 04:00:00,4.212,4.225,4.177,4.188,179568.56824497
2025-09-17 05:00:00,4.189,4.212,4.173,4.21,191496.72482539
2025-09-17 06:00:00,4.211,4.234,4.199,4.233,134061.79121623
2025-09-17 07:00:00,4.231,4.24,4.223,4.23,73599.07562986
2025-09-17 08:00:00,4.231,4.231,4.183,4.191,198107.88523902
2025-09-17 09:00:00,4.19,4.193,4.176,4.179,51717.40849833
2025-09-17 10:00:00,4.178,4.186,4.16,4.167,116766.71409473
2025-09-17 11:00:00,4.169,4.192,4.167,4.18,35187.35022256
2025-09-17 12:00:00,4.18,4.2,4.17,4.191,50605.80253788
2025-09-17 13:00:00,4.19,4.201,4.173,4.19,108235.17719591
2025-09-17 14:00:00,4.187,4.198,4.157,4.158,110118.60139519
2025-09-17 15:00:00,4.161,4.175,4.154,4.168,75824.03651729
2025-09-17 16:00:00,4.166,4.195,4.135,4.19,169536.75810916
2025-09-17 17:00:00,4.19,4.233,4.143,4.152,194495.53290895
2025-09-17 18:00:00,4.153,4.247,4.14,4.179,781098.58034113
2025-09-17 19:00:00,4.179,4.284,4.177,4.281,230222.9601605
2025-09-17 20:00:00,4.284,4.339,4.242,4.25,257931.52078821
2025-09-17 21:00:00,4.249,4.318,4.222,4.314,215435.39034051
2025-09-17 22:00:00,4.314,4.424,4.314,4.407,272519.7965623
2025-09-17 23:00:00,4.408,4.432,4.388,4.403,395433.64537212
2025-09-18 00:00:00,4.403,4.422,4.373,4.383,106762.54784589
2025-09-18 01:00:00,4.382,4.468,4.377,4.445,227132.61940792
2025-09-18 02:00:00,4.446,4.453,4.414,4.451,120218.92899371
2025-09-18 03:00:00,4.45,4.489,4.442,4.475,189966.78417589
2025-09-18 04:00:00,4.475,4.486,4.46,4.476,114624.69115564
2025-09-18 05:00:00,4.476,4.495,4.449,4.456,136407.69008308
2025-09-18 06:00:00,4.458,4.477,4.416,4.455,522587.6870633
2025-09-18 07:00:00,4.457,4.516,4.443,4.489,259840.06521734
2025-09-18 08:00:00,4.489,4.525,4.474,4.515,317414.33216959
2025-09-18 09:00:00,4.513,4.54,4.497,4.536,270943.96838345
2025-09-18 10:00:00,4.537,4.569,4.51,4.538,270091.50820539
2025-09-18 11:00:00,4.538,4.549,4.514,4.525,105702.41556395
2025-09-18 12:00:00,4.525,4.542,4.509,4.538,110939.41715503
2025-09-18 13:00:00,4.538,4.577,4.522,4.569,236089.28882726
2025-09-18 14:00:00,4.57,4.575,4.537,4.563,380326.40140123
2025-09-18 15:00:00,4.564,4.567,4.537,4.549,162591.12972119
2025-09-18 16:00:00,4.549,4.564,4.543,4.553,213004.32913177
2025-09-18 17:00:00,4.551,4.591,4.542,4.585,178116.17564603
2025-09-18 18:00:00,4.584,4.592,4.554,4.586,268684.35812851
2025-09-18 19:00:00,4.586,4.592,4.526,4.56,174499.03099854
2025-09-18 20:00:00,4.561,4.572,4.548,4.569,63370.04332319
2025-09-18 21:00:00,4.569,4.571,4.545,4.548,78434.16858253
2025-09-18 22:00:00,4.547,4.563,4.532,4.543,67441.70092589
2025-09-18 23:00:00,4.542,4.546,4.51,4.531,151000.92316263
2025-09-19 00:00:00,4.531,4.806,4.531,4.799,775887.62505941
2025-09-19 01:00:00,4.799,4.879,4.707,4.721,995437.18509396
2025-09-19 02:00:00,4.72,4.74,4.645,4.683,680499.15047408
2025-09-19 03:00:00,4.684,4.71,4.614,4.63,506690.63006144
2025-09-19 04:00:00,4.63,4.671,4.567,4.663,459020.06443046
2025-09-19 05:00:00,4.663,4.674,4.615,4.65,255609.92097131
2025-09-19 06:00:00,4.65,4.653,4.577,4.582,265769.03076015
2025-09-19 07:00:00,4.582,4.625,4.571,4.604,198534.43969504
2025-09-19 08:00:00,4.603,4.638,4.59,4.593,175127.64929076
2025-09-19 09:00:00,4.592,4.628,4.53,4.549,304976.60745486
2025-09-19 10:00:00,4.55,4.567,4.531,4.551,142529.8691343
2025-09-19 11:00:00,4.552,4.554,4.46,4.496,782587.58050407
2025-09-19 12:00:00,4.495,4.527,4.484,4.488,176796.8978342
2025-09-19 13:00:00,4.488,4.541,4.482,4.52,267367.19578956
2025-09-19 14:00:00,4.52,4.527,4.466,4.487,293038.50695545
2025-09-19 15:00:00,4.486,4.494,4.412,4.443,782322.21947643
2025-09-19 16:00:00,4.442,4.458,4.423,4.449,144356.87228037
2025-09-19 17:00:00,4.449,4.45,4.371,4.377,273507.35481768
2025-09-19 18:00:00,4.377,4.416,4.352,4.397,258362.41564291
2025-09-19 19:00:00,4.397,4.419,4.384,4.389,104354.20419331
2025-09-19 20:00:00,4.388,4.408,4.381,4.389,110539.68513909
2025-09-19 21:00:00,4.389,4.413,4.377,4.41,94217.19518585
2025-09-19 22:00:00,4.409,4.416,4.391,4.391,48279.89238156
2025-09-19 23:00:00,4.39,4.391,4.318,4.359,250385.51798199
2025-09-20 00:00:00,4.358,4.389,4.343,4.389,108701.07974096
2025-09-20 01:00:00,4.388,4.389,4.352,4.36,90154.74341728
2025-09-20 02:00:00,4.36,4.361,4.289,4.338,349721.87563273
2025-09-20 03:00:00,4.338,4.34,4.313,4.335,76893.92319212
2025-09-20 04:00:00,4.335,4.352,4.323,4.343,82700.47668898
2025-09-20 05:00:00,4.343,4.378,4.334,4.374,100276.53352882
2025-09-20 06:00:00,4.373,4.398,4.352,4.397,95163.99418239
2025-09-20 07:00:00,4.396,4.414,4.383,4.414,96380.69066722
2025-09-20 08:00:00,4.413,4.413,4.358,4.36,82689.3016283
2025-09-20 09:00:00,4.36,4.371,4.336,4.344,137083.92039094
2025-09-20 10:00:00,4.344,4.363,4.334,4.336,69114.15328124
2025-09-20 11:00:00,4.336,4.361,4.333,4.358,45048.61786225
2025-09-20 12:00:00,4.357,4.364,4.342,4.354,47395.67326645
2025-09-20 13:00:00,4.352,4.353,4.322,4.342,157809.16578855
2025-09-20 14:00:00,4.341,4.403,4.32,4.4,299387.56414344
2025-09-20 15:00:00,4.4,4.459,4.39,4.401,339098.66872465
2025-09-20 16:00:00,4.402,4.418,4.376,4.418,103712.86829736
2025-09-20 17:00:00,4.418,4.419,4.384,4.4,138730.72895133
2025-09-20 18:00:00,4.399,4.399,4.353,4.362,141392.69085354
2025-09-20 19:00:00,4.361,4.371,4.344,4.356,151421.01184662
2025-09-20 20:00:00,4.356,4.383,4.35,4.38,60409.36769502
2025-09-20 21:00:00,4.379,4.392,4.361,4.363,163355.41275047
2025-09-20 22:00:00,4.364,4.369,4.348,4.365,50802.53629921
2025-09-20 23:00:00,4.366,4.367,4.342,4.355,62576.05568663
2025-09-21 00:00:00,4.354,4.373,4.339,4.368,51730.54208097
2025-09-21 01:00:00,4.367,4.369,4.326,4.332,65194.00354068
2025-09-21 02:00:00,4.333,4.356,4.318,4.354,214874.65999482
2025-09-21 03:00:00,4.352,4.359,4.346,4.355,42401.25637164
2025-09-21 04:00:00,4.357,4.359,4.331,4.341,71434.93265689
2025-09-21 05:00:00,4.342,4.374,4.334,4.374,61585.49704446
2025-09-21 06:00:00,4.374,4.385,4.368,4.37,64888.65346087
2025-09-21 07:00:00,4.368,4.381,4.358,4.367,88351.34005123
2025-09-21 08:00:00,4.368,4.378,4.348,4.35,68630.49480855
2025-09-21 09:00:00,4.35,4.356,4.285,4.322,244514.3147099
2025-09-21 10:00:00,4.321,4.326,4.293,4.295,173536.40815558
2025-09-21 11:00:00,4.294,4.322,4.289,4.306,82260.19231039
2025-09-21 12:00:00,4.306,4.338,4.303,4.319,105519.19219947
2025-09-21 13:00:00,4.318,4.333,4.308,4.324,66957.14381234
2025-09-21 14:00:00,4.323,4.327,4.3,4.301,91784.84466741
2025-09-21 15:00:00,4.3,4.312,4.274,4.282,149487.03037731
2025-09-21 16:00:00,4.282,4.291,4.247,4.267,258388.00893652
2025-09-21 17:00:00,4.267,4.285,4.237,4.284,135777.94985945
2025-09-21 18:00:00,4.284,4.299,4.276,4.299,65107.85028648
2025-09-21 19:00:00,4.299,4.299,4.264,4.288,77293.09954776
2025-09-21 20:00:00,4.288,4.29,4.264,4.265,52177.2923168
2025-09-21 21:00:00,4.266,4.289,4.262,4.278,36037.78924391
2025-09-21 22:00:00,4.277,4.292,4.253,4.287,58506.73544629
2025-09-21 23:00:00,4.287,4.288,4.255,4.262,58939.38110128
2025-09-22 00:00:00,4.261,4.279,4.157,4.176,745943.31157647
2025-09-22 01:00:00,4.175,4.212,4.159,4.18,396795.82445426
2025-09-22 02:00:00,4.182,4.197,4.082,4.122,608574.43352037
2025-09-22 03:00:00,4.122,4.153,4.122,4.136,176740.35038085
2025-09-22 04:00:00,4.135,4.149,4.124,4.131,106693.40958824
2025-09-22 05:00:00,4.13,4.138,4.045,4.049,213717.02721377
2025-09-22 06:00:00,4.05,4.053,3.797,4.008,2085635.69466171
2025-09-22 07:00:00,4.007,4.015,3.977,3.978,315964.89800284
2025-09-22 08:00:00,3.98,4.0,3.937,3.982,274160.8742212
2025-09-22 09:00:00,3.981,3.983,3.941,3.946,323552.86634492
2025-09-22 10:00:00,3.947,4.001,3.939,3.998,183079.33085895
2025-09-22 11:00:00,3.997,4.004,3.968,3.975,246984.91954614
2025-09-22 12:00:00,3.976,4.001,3.966,3.995,102384.00000703
2025-09-22 13:00:00,3.99,4.027,3.975,4.021,155708.60960024
2025-09-22 14:00:00,4.024,4.028,3.982,3.992,255824.11322359
2025-09-22 15:00:00,3.991,3.998,3.97,3.977,218915.32315141
2025-09-22 16:00:00,3.977,3.998,3.964,3.976,166237.43979829
2025-09-22 17:00:00,3.977,3.992,3.956,3.985,230087.00539392
2025-09-22 18:00:00,3.985,3.993,3.965,3.965,145657.46659627
2025-09-22 19:00:00,3.965,3.97,3.929,3.947,241246.91651073
2025-09-22 20:00:00,3.946,3.995,3.94,3.992,133272.3106725
2025-09-22 21:00:00,3.994,4.034,3.987,4.032,80130.36458759
2025-09-22 22:00:00,4.032,4.032,4.007,4.017,102335.88009581
2025-09-22 23:00:00,4.018,4.04,4.011,4.037,92995.86742165
2025-09-23 00:00:00,4.037,4.059,4.017,4.018,180724.9730346
2025-09-23 01:00:00,4.02,4.02,3.983,3.984,119367.54845702
2025-09-23 02:00:00,3.986,3.999,3.955,3.957,93940.75998655
2025-09-23 03:00:00,3.956,4.032,3.937,4.019,264323.19629853
2025-09-23 04:00:00,4.02,4.043,3.991,4.002,137608.93954371
2025-09-23 05:00:00,4.002,4.023,3.988,3.996,81394.98590493
2025-09-23 06:00:00,3.995,4.041,3.988,4.029,127103.91258725
2025-09-23 07:00:00,4.029,4.046,4.013,4.014,104204.41113137
2025-09-23 08:00:00,4.015,4.044,4.011,4.033,94852.0054467
2025-09-23 09:00:00,4.032,4.044,4.0,4.009,138595.81672853
2025-09-23 10:00:00,4.008,4.033,4.004,4.028,129011.76618204
2025-09-23 11:00:00,4.028,4.029,4.002,4.023,45592.76988058
2025-09-23 12:00:00,4.02,4.042,4.014,4.032,101015.75137095
2025-09-23 13:00:00,4.031,4.043,4.011,4.019,58387.85320225
2025-09-23 14:00:00,4.019,4.051,4.011,4.014,167546.72596266
2025-09-23 15:00:00,4.013,4.048,3.997,4.033,183770.30195921
2025-09-23 16:00:00,4.034,4.054,4.004,4.041,118747.83492083
2025-09-23 17:00:00,4.039,4.04,3.978,3.985,158080.30126469
2025-09-23 18:00:00,3.984,3.998,3.961,3.97,135274.49679253
2025-09-23 19:00:00,3.969,4.001,3.959,3.966,117427.11279523
2025-09-23 20:00:00,3.965,3.994,3.959,3.994,38732.52619155
2025-09-23 21:00:00,3.994,4.015,3.977,4.007,28478.34574285
2025-09-23 22:00:00,4.006,4.011,3.984,3.992,20682.34333744
2025-09-23 23:00:00,3.992,4.0,3.963,3.965,106266.24132747
2025-09-24 00:00:00,3.965,4.004,3.958,3.979,143578.8214028
2025-09-24 01:00:00,3.978,4.021,3.97,4.018,115037.05840212
2025-09-24 02:00:00,4.018,4.021,3.981,4.001,92066.66714074
2025-09-24 03:00:00,4.001,4.005,3.931,3.94,325017.23387965
2025-09-24 04:00:00,3.94,4.002,3.886,3.971,551824.61795027
2025-09-24 05:00:00,3.972,4.034,3.97,4.032,187454.267955
2025-09-24 06:00:00,4.033,4.043,4.016,4.034,344168.89845779
2025-09-24 07:00:00,4.036,4.039,4.013,4.031,130183.56624415
2025-09-24 08:00:00,4.032,4.041,4.025,4.038,67110.70117627
2025-09-24 09:00:00,4.037,4.053,4.027,4.042,55570.86008551
2025-09-24 10:00:00,4.042,4.058,4.038,4.054,87817.71791227
2025-09-24 11:00:00,4.053,4.081,4.051,4.066,114736.15853089
2025-09-24 12:00:00,4.068,4.076,4.051,4.061,68839.22632063
2025-09-24 13:00:00,4.062,4.079,4.053,4.053,157447.79959589
2025-09-24 14:00:00,4.053,4.115,4.052,4.094,183640.89679493
2025-09-24 15:00:00,4.094,4.098,4.06,4.062,208512.03829264
2025-09-24 16:00:00,4.062,4.072,4.047,4.062,84582.51342349
2025-09-24 17:00:00,4.064,4.068,4.047,4.053,64238.60681526
2025-09-24 18:00:00,4.053,4.059,4.033,4.042,76223.35174382
2025-09-24 19:00:00,4.042,4.048,4.022,4.039,61918.33892802
2025-09-24 20:00:00,4.041,4.05,4.013,4.031,93263.20379659
2025-09-24 21:00:00,4.031,4.041,3.988,3.997,60768.77434537
2025-09-24 22:00:00,3.996,4.017,3.993,4.003,77769.5671568
2025-09-24 23:00:00,4.004,4.01,3.978,3.992,80472.65036276
2025-09-25 00:00:00,3.992,4.005,3.955,3.968,210727.77742167
2025-09-25 01:00:00,3.967,3.978,3.943,3.954,322387.51843792
2025-09-25 02:00:00,3.955,4.003,3.936,3.983,317539.84395592
2025-09-25 03:00:00,3.982,3.984,3.926,3.953,217276.51483683
2025-09-25 04:00:00,3.952,3.963,3.873,3.901,471033.70034982
2025-09-25 05:00:00,3.9,3.951,3.886,3.938,118816.04971477
2025-09-25 06:00:00,3.938,3.942,3.902,3.907,211072.92097359
2025-09-25 07:00:00,3.907,3.936,3.901,3.906,203028.6358411
2025-09-25 08:00:00,3.907,3.929,3.891,3.919,239579.06416554
2025-09-25 09:00:00,3.919,3.958,3.909,3.911,268805.31575873
2025-09-25 10:00:00,3.911,3.942,3.909,3.918,132207.40688562
2025-09-25 11:00:00,3.918,3.929,3.893,3.904,137265.0376872
2025-09-25 12:00:00,3.904,3.922,3.832,3.901,655844.23577697
2025-09-25 13:00:00,3.901,3.965,3.881,3.918,706414.20659069
2025-09-25 14:00:00,3.919,3.991,3.919,3.952,449243.91659383
2025-09-25 15:00:00,3.952,3.959,3.915,3.934,238505.20122184
2025-09-25 16:00:00,3.934,3.939,3.866,3.874,207403.559049
2025-09-25 17:00:00,3.873,3.878,3.775,3.793,1133247.27880657
2025-09-25 18:00:00,3.793,3.896,3.775,3.892,676723.22144876
2025-09-25 19:00:00,3.892,3.911,3.848,3.855,364989.61478057
2025-09-25 20:00:00,3.858,3.868,3.814,3.823,198958.51678544
2025-09-25 21:00:00,3.821,3.864,3.807,3.847,250539.10584358
2025-09-25 22:00:00,3.846,3.868,3.816,3.829,71057.22731734
2025-09-25 23:00:00,3.83,3.85,3.771,3.803,277363.80328207
2025-09-26 00:00:00,3.803,3.856,3.793,3.849,158462.63515843
2025-09-26 01:00:00,3.85,3.861,3.831,3.844,182187.02327112
2025-09-26 02:00:00,3.843,3.863,3.822,3.829,103842.1442874
2025-09-26 03:00:00,3.829,3.84,3.809,3.836,111038.46250939
2025-09-26 04:00:00,3.837,3.85,3.822,3.832,168292.42591661
2025-09-26 05:00:00,3.832,3.859,3.818,3.825,75731.75496329
2025-09-26 06:00:00,3.825,3.848,3.803,3.817,178735.47395583
2025-09-26 07:00:00,3.817,3.845,3.804,3.837,213442.27650638
2025-09-26 08:00:00,3.837,3.855,3.832,3.838,101391.98593376
2025-09-26 09:00:00,3.839,3.85,3.806,3.823,117196.05836164
2025-09-26 10:00:00,3.822,3.823,3.78,3.797,276293.04475574
2025-09-26 11:00:00,3.797,3.83,3.777,3.821,140758.10257335
2025-09-26 12:00:00,3.82,3.883,3.785,3.862,489255.36697013
2025-09-26 13:00:00,3.863,3.903,3.851,3.89,459998.80672973
2025-09-26 14:00:00,3.891,3.897,3.853,3.865,193471.41780953
2025-09-26 15:00:00,3.865,3.909,3.863,3.9,109975.64157326
2025-09-26 16:00:00,3.9,3.946,3.898,3.934,248207.2790488
2025-09-26 17:00:00,3.934,3.968,3.929,3.958,236045.37245944
2025-09-26 18:00:00,3.957,3.97,3.944,3.952,137917.86617641
2025-09-26 19:00:00,3.953,3.954,3.903,3.922,138066.60302026
2025-09-26 20:00:00,3.922,3.939,3.91,3.917,144026.40873481
2025-09-26 21:00:00,3.915,3.929,3.907,3.927,65884.63222059
2025-09-26 22:00:00,3.926,3.942,3.921,3.921,59346.37582585
2025-09-26 23:00:00,3.921,3.927,3.911,3.925,24248.39651325
2025-09-27 00:00:00,3.924,3.927,3.91,3.92,62426.71706091
2025-09-27 01:00:00,3.922,3.924,3.9,3.91,54965.33959812
2025-09-27 02:00:00,3.91,3.914,3.902,3.904,63271.19354956
2025-09-27 03:00:00,3.903,3.923,3.903,3.909,49749.42297773
2025-09-27 04:00:00,3.908,3.92,3.9,3.906,153276.21102737
2025-09-27 05:00:00,3.905,3.908,3.884,3.9,126121.3336224
2025-09-27 06:00:00,3.9,3.9,3.886,3.895,19494.58349198
2025-09-27 07:00:00,3.896,3.901,3.876,3.886,48530.72219207
2025-09-27 08:00:00,3.887,3.887,3.863,3.865,62517.71634138
2025-09-27 09:00:00,3.864,3.879,3.852,3.877,54835.25369078
2025-09-27 10:00:00,3.876,3.894,3.868,3.883,55679.31497132
2025-09-27 11:00:00,3.883,3.886,3.875,3.879,19125.2682423
2025-09-27 12:00:00,3.88,3.896,3.869,3.893,67863.00725769
2025-09-27 13:00:00,3.892,3.895,3.883,3.886,35657.93327073
2025-09-27 14:00:00,3.886,3.892,3.876,3.879,38274.81717929
2025-09-27 15:00:00,3.88,3.901,3.86,3.897,75545.22281895
2025-09-27 16:00:00,3.898,3.899,3.878,3.882,49020.98805016
2025-09-27 17:00:00,3.882,3.882,3.855,3.87,136201.96828421
2025-09-27 18:00:00,3.87,3.873,3.854,3.872,45974.59625993
2025-09-27 19:00:00,3.873,3.88,3.866,3.878,34551.38869148
2025-09-27 20:00:00,3.877,3.885,3.87,3.875,29819.33372802
2025-09-27 21:00:00,3.876,3.895,3.872,3.892,26994.00818284
2025-09-27 22:00:00,3.892,3.918,3.892,3.901,24420.65100249
2025-09-27 23:00:00,3.901,3.907,3.889,3.89,21741.60121717
2025-09-28 00:00:00,3.891,3.891,3.859,3.86,66253.30026045
2025-09-28 01:00:00,3.861,3.863,3.824,3.833,70538.57254784
2025-09-28 02:00:00,3.832,3.844,3.825,3.834,30797.70724893
2025-09-28 03:00:00,3.835,3.844,3.821,3.837,66233.90591808
2025-09-28 04:00:00,3.836,3.836,3.822,3.83,29419.79686004
2025-09-28 05:00:00,3.83,3.839,3.818,3.826,63247.37224387
2025-09-28 06:00:00,3.826,3.83,3.805,3.819,90844.46443682
2025-09-28 07:00:00,3.82,3.832,3.809,3.829,94630.14799343
2025-09-28 08:00:00,3.828,3.834,3.805,3.81,227320.5605841
2025-09-28 09:00:00,3.81,3.817,3.797,3.805,60101.96617868
2025-09-28 10:00:00,3.805,3.821,3.793,3.82,46050.80352965
2025-09-28 11:00:00,3.82,3.821,3.801,3.812,41826.64845417
2025-09-28 12:00:00,3.812,3.816,3.797,3.81,47864.74735567
2025-09-28 13:00:00,3.81,3.868,3.808,3.863,296675.98403524
2025-09-28 14:00:00,3.864,3.871,3.853,3.866,289633.52003901
2025-09-28 15:00:00,3.867,3.873,3.856,3.865,113234.5499824
2025-09-28 16:00:00,3.866,3.896,3.866,3.882,88431.23319594
2025-09-28 17:00:00,3.882,3.895,3.872,3.887,70087.2348846
2025-09-28 18:00:00,3.887,3.914,3.884,3.906,64613.09575387
2025-09-28 19:00:00,3.907,3.918,3.887,3.901,323533.51076177
2025-09-28 20:00:00,3.902,3.945,3.897,3.937,294025.71139989
2025-09-28 21:00:00,3.938,3.965,3.938,3.965,55891.66479315
2025-09-28 22:00:00,3.965,4.03,3.965,4.003,372432.38871577
2025-09-28 23:00:00,4.005,4.009,3.986,3.995,330895.09606465
2025-09-29 00:00:00,3.996,4.009,3.981,3.989,120755.34231607
2025-09-29 01:00:00,3.989,3.997,3.965,3.966,123678.32993785
2025-09-29 02:00:00,3.967,3.993,3.961,3.984,79235.20110626
2025-09-29 03:00:00,3.985,3.991,3.97,3.985,80649.84589207
2025-09-29 04:00:00,3.988,3.99,3.967,3.98,75552.01203325
2025-09-29 05:00:00,3.98,3.98,3.947,3.965,121329.12996791
2025-09-29 06:00:00,3.965,3.965,3.938,3.941,67421.42308317
2025-09-29 07:00:00,3.94,3.952,3.925,3.942,66495.48790749
2025-09-29 08:00:00,3.942,3.995,3.931,3.989,172579.44868157
2025-09-29 09:00:00,3.989,4.003,3.964,3.972,153446.73870178
2025-09-29 10:00:00,3.971,3.988,3.944,3.949,106953.35933418
2025-09-29 11:00:00,3.949,3.95,3.916,3.934,144451.50863745
2025-09-29 12:00:00,3.933,3.949,3.898,3.903,188120.63228886
2025-09-29 13:00:00,3.902,3.959,3.858,3.944,502612.0932683
2025-09-29 14:00:00,3.945,4.004,3.941,3.988,234771.13036611
2025-09-29 15:00:00,3.988,4.003,3.953,3.957,148622.74655842
2025-09-29 16:00:00,3.958,3.982,3.933,3.936,91547.16811872
2025-09-29 17:00:00,3.937,3.964,3.917,3.958,209692.67988751
2025-09-29 18:00:00,3.958,3.962,3.939,3.953,46929.39309159
2025-09-29 19:00:00,3.954,3.98,3.945,3.977,48026.42081938
2025-09-29 20:00:00,3.976,4.024,3.974,4.018,109525.27070239
2025-09-29 21:00:00,4.021,4.023,3.998,4.001,48775.27912611
2025-09-29 22:00:00,4.0,4.011,3.987,3.998,82653.24491114
2025-09-29 23:00:00,3.998,3.998,3.979,3.981,111423.17042669
2025-09-30 00:00:00,3.981,3.992,3.951,3.954,167601.84852807
2025-09-30 01:00:00,3.954,3.973,3.93,3.944,98738.27411732
2025-09-30 02:00:00,3.943,3.955,3.929,3.933,129308.0772676
2025-09-30 03:00:00,3.933,3.954,3.931,3.934,51518.13791762
2025-09-30 04:00:00,3.934,3.941,3.924,3.924,44795.92382487
2025-09-30 05:00:00,3.924,3.937,3.914,3.929,69405.30976384
2025-09-30 06:00:00,3.928,3.942,3.92,3.923,94884.51615679
2025-09-30 07:00:00,3.921,3.934,3.896,3.903,110733.40415426
2025-09-30 08:00:00,3.903,3.906,3.886,3.886,56102.96784282
2025-09-30 09:00:00,3.886,3.891,3.861,3.864,111869.20541887
2025-09-30 10:00:00,3.865,3.886,3.86,3.879,96298.70613921
2025-09-30 11:00:00,3.879,3.906,3.863,3.905,139315.19690891
2025-09-30 12:00:00,3.903,3.903,3.877,3.877,86202.25900054
2025-09-30 13:00:00,3.877,3.909,3.864,3.883,166588.81850455
2025-09-30 14:00:00,3.883,3.89,3.857,3.88,183960.48342433
2025-09-30 15:00:00,3.879,3.879,3.809,3.837,232999.06905276
2025-09-30 16:00:00,3.837,3.838,3.807,3.821,142674.10616615
2025-09-30 17:00:00,3.822,3.839,3.814,3.816,136739.81914319
2025-09-30 18:00:00,3.816,3.856,3.809,3.85,103375.88578423
2025-09-30 19:00:00,3.85,3.908,3.837,3.901,108611.78997011
2025-09-30 20:00:00,3.901,3.929,3.894,3.925,70127.75797612
2025-09-30 21:00:00,3.926,3.934,3.903,3.903,83149.77690072
2025-09-30 22:00:00,3.904,3.927,3.888,3.892,94728.18758608
2025-09-30 23:00:00,3.892,3.91,3.88,3.908,61059.35813599
2025-10-01 00:00:00,3.908,3.921,3.884,3.903,97794.52576417
2025-10-01 01:00:00,3.902,3.938,3.897,3.938,67799.22149564
2025-10-01 02:00:00,3.938,3.939,3.914,3.915,75789.3386023
2025-10-01 03:00:00,3.916,3.925,3.891,3.893,77105.78172053
2025-10-01 04:00:00,3.892,3.929,3.889,3.912,83184.32866831
2025-10-01 05:00:00,3.913,3.936,3.913,3.924,55705.57140501
2025-10-01 06:00:00,3.925,3.926,3.894,3.895,92690.6256303
2025-10-01 07:00:00,3.895,3.925,3.893,3.914,52903.7637745
2025-10-01 08:00:00,3.914,4.083,3.912,4.077,775204.37012295
2025-10-01 09:00:00,4.078,4.112,4.074,4.11,331923.99468028
2025-10-01 10:00:00,4.109,4.111,4.074,4.08,107564.39890498
2025-10-01 11:00:00,4.081,4.102,4.073,4.081,129530.56191873
2025-10-01 12:00:00,4.081,4.089,4.046,4.046,113274.16201211
2025-10-01 13:00:00,4.047,4.069,4.043,4.051,74981.56182184
2025-10-01 14:00:00,4.051,4.086,4.045,4.068,138478.76462831
2025-10-01 15:00:00,4.069,4.084,4.053,4.074,63911.39571621
2025-10-01 16:00:00,4.075,4.085,4.052,4.062,80138.65189941
2025-10-01 17:00:00,4.061,4.075,4.051,4.059,64128.51584811
2025-10-01 18:00:00,4.061,4.107,4.061,4.102,54540.64745592
2025-10-01 19:00:00,4.099,4.125,4.096,4.113,173366.24977465
2025-10-01 20:00:00,4.113,4.118,4.096,4.108,103036.9541848
2025-10-01 21:00:00,4.108,4.108,4.086,4.095,49618.05513264
2025-10-01 22:00:00,4.098,4.114,4.085,4.1,105865.82555099
2025-10-01 23:00:00,4.102,4.126,4.095,4.126,47875.9061167
2025-10-02 00:00:00,4.126,4.145,4.104,4.106,132728.56199874
2025-10-02 01:00:00,4.106,4.163,4.101,4.161,81467.60783731
2025-10-02 02:00:00,4.161,4.185,4.142,4.18,218341.99719463
2025-10-02 03:00:00,4.18,4.184,4.169,4.173,124385.75649387
2025-10-02 04:00:00,4.174,4.196,4.158,4.196,95598.26541862
2025-10-02 05:00:00,4.195,4.212,4.181,4.198,136691.70536012
2025-10-02 06:00:00,4.198,4.25,4.198,4.222,140539.63360767
2025-10-02 07:00:00,4.223,4.232,4.192,4.195,90067.65943867
2025-10-02 08:00:00,4.195,4.202,4.179,4.195,109850.02365644
2025-10-02 09:00:00,4.195,4.216,4.185,4.21,40326.66925966
2025-10-02 10:00:00,4.209,4.247,4.205,4.241,123148.76307375
2025-10-02 11:00:00,4.242,4.269,4.236,4.253,147780.88605187
2025-10-02 12:00:00,4.254,4.284,4.248,4.274,123920.83097433
2025-10-02 13:00:00,4.274,4.317,4.242,4.279,398901.10791647
2025-10-02 14:00:00,4.278,4.282,4.186,4.21,449483.18867908
2025-10-02 15:00:00,4.21,4.244,4.172,4.241,362511.70036066
2025-10-02 16:00:00,4.242,4.281,4.229,4.268,273304.47907211
2025-10-02 17:00:00,4.268,4.31,4.256,4.296,124368.83859748
2025-10-02 18:00:00,4.298,4.341,4.298,4.317,289989.37714901
2025-10-02 19:00:00,4.317,4.333,4.309,4.317,83352.46367714
2025-10-02 20:00:00,4.318,4.325,4.29,4.316,169230.52407578
2025-10-02 21:00:00,4.316,4.329,4.301,4.301,57685.6225525
2025-10-02 22:00:00,4.301,4.318,4.293,4.298,76633.52635616
2025-10-02 23:00:00,4.298,4.31,4.284,4.308,89128.20819458
2025-10-03 00:00:00,4.308,4.311,4.247,4.254,140040.98957432
2025-10-03 01:00:00,4.255,4.268,4.224,4.231,153640.30530741
2025-10-03 02:00:00,4.23,4.257,4.226,4.242,112053.00011566
2025-10-03 03:00:00,4.242,4.28,4.236,4.24,175546.60002166
2025-10-03 04:00:00,4.24,4.282,4.237,4.266,71376.90404552
2025-10-03 05:00:00,4.266,4.268,4.219,4.231,92463.63713611
2025-10-03 06:00:00,4.232,4.245,4.191,4.212,151972.84590426
2025-10-03 07:00:00,4.213,4.216,4.187,4.205,95776.33142827
2025-10-03 08:00:00,4.204,4.233,4.179,4.226,143375.86034396
2025-10-03 09:00:00,4.226,4.237,4.205,4.232,90105.83416154
2025-10-03 10:00:00,4.231,4.248,4.219,4.238,47051.43019149
2025-10-03 11:00:00,4.237,4.239,4.215,4.228,35268.48070351
2025-10-03 12:00:00,4.228,4.241,4.219,4.238,49250.71508441
2025-10-03 13:00:00,4.237,4.278,4.202,4.261,267092.7076461
2025-10-03 14:00:00,4.26,4.275,4.197,4.263,243298.07298094
2025-10-03 15:00:00,4.262,4.324,4.248,4.32,213199.64065828
2025-10-03 16:00:00,4.32,4.384,4.31,4.315,737753.32864764
2025-10-03 17:00:00,4.315,4.318,4.239,4.264,835019.79704954
2025-10-03 18:00:00,4.264,4.319,4.241,4.317,213787.87785454
2025-10-03 19:00:00,4.318,4.348,4.306,4.318,146794.79401571
2025-10-03 20:00:00,4.318,4.337,4.296,4.334,81859.43607313
2025-10-03 21:00:00,4.335,4.341,4.316,4.327,52658.99421505
2025-10-03 22:00:00,4.329,4.344,4.329,4.335,21756.70600929
2025-10-03 23:00:00,4.335,4.335,4.316,4.32,59918.30520082
2025-10-04 00:00:00,4.321,4.328,4.296,4.319,72956.29888262
2025-10-04 01:00:00,4.32,4.321,4.267,4.277,180480.06287204
2025-10-04 02:00:00,4.276,4.294,4.255,4.289,66662.10425089
2025-10-04 03:00:00,4.289,4.293,4.252,4.271,47223.76551973
2025-10-04 04:00:00,4.27,4.279,4.25,4.263,81495.92106506
2025-10-04 05:00:00,4.261,4.298,4.259,4.289,104665.955165
2025-10-04 06:00:00,4.288,4.31,4.279,4.296,84856.47578773
2025-10-04 07:00:00,4.296,4.296,4.269,4.279,101120.96905413
2025-10-04 08:00:00,4.281,4.284,4.228,4.234,187808.72593723
2025-10-04 09:00:00,4.235,4.252,4.207,4.211,163413.52360013
2025-10-04 10:00:00,4.207,4.229,4.195,4.2,106862.77720678
2025-10-04 11:00:00,4.201,4.217,4.19,4.206,93364.74109687
2025-10-04 12:00:00,4.206,4.221,4.196,4.198,33391.37332424
2025-10-04 13:00:00,4.197,4.248,4.196,4.222,113027.27085198
2025-10-04 14:00:00,4.222,4.235,4.177,4.178,109260.9885467
2025-10-04 15:00:00,4.177,4.192,4.14,4.152,337049.88396275
2025-10-04 16:00:00,4.152,4.174,4.135,4.17,90042.67045965
2025-10-04 17:00:00,4.169,4.185,4.16,4.173,62607.61964426
2025-10-04 18:00:00,4.173,4.178,4.153,4.157,50146.74166472
2025-10-04 19:00:00,4.158,4.181,4.158,4.176,83646.21925823
2025-10-04 20:00:00,4.176,4.19,4.171,4.171,43234.57110806
2025-10-04 21:00:00,4.171,4.196,4.171,4.184,29988.40169127
2025-10-04 22:00:00,4.184,4.209,4.178,4.2,83720.15019963
2025-10-04 23:00:00,4.199,4.205,4.189,4.19,25240.27704239
2025-10-05 00:00:00,4.19,4.213,4.164,4.168,100256.5072928
2025-10-05 01:00:00,4.168,4.198,4.168,4.195,21937.00795376
2025-10-05 02:00:00,4.195,4.267,4.188,4.265,363981.36782711
2025-10-05 03:00:00,4.266,4.277,4.244,4.249,165822.7557373
2025-10-05 04:00:00,4.248,4.304,4.24,4.291,312691.53085589
2025-10-05 05:00:00,4.292,4.315,4.283,4.307,154638.45154608
2025-10-05 06:00:00,4.307,4.308,4.276,4.281,137966.32941159
2025-10-05 07:00:00,4.281,4.356,4.281,4.355,146711.6497768
2025-10-05 08:00:00,4.356,4.378,4.311,4.322,329391.07552822
2025-10-05 09:00:00,4.323,4.325,4.272,4.274,268329.48742848
2025-10-05 10:00:00,4.276,4.283,4.244,4.26,168425.24160289
2025-10-05 11:00:00,4.259,4.266,4.23,4.263,118853.84023721
2025-10-05 12:00:00,4.262,4.262,4.229,4.23,128323.47283809
2025-10-05 13:00:00,4.228,4.255,4.227,4.243,73564.95117436
2025-10-05 14:00:00,4.243,4.265,4.212,4.229,110468.84915305
2025-10-05 15:00:00,4.229,4.251,4.225,4.241,45637.14251996
2025-10-05 16:00:00,4.241,4.252,4.203,4.239,176149.09000395
2025-10-05 17:00:00,4.24,4.247,4.161,4.174,246175.48101322
2025-10-05 18:00:00,4.174,4.193,4.16,4.184,92984.26849386
2025-10-05 19:00:00,4.183,4.184,4.077,4.098,409124.49744761
2025-10-05 20:00:00,4.097,4.134,4.077,4.118,135276.98602211
2025-10-05 21:00:00,4.118,4.132,4.112,4.128,29154.32129902
2025-10-05 22:00:00,4.128,4.145,4.118,4.139,50692.38372859
2025-10-05 23:00:00,4.139,4.147,4.131,4.133,31152.79021967
2025-10-06 00:00:00,4.134,4.184,4.11,4.125,235774.12328173
2025-10-06 01:00:00,4.123,4.171,4.112,4.148,126088.20571894
2025-10-06 02:00:00,4.147,4.176,4.126,4.161,108868.18159398
2025-10-06 03:00:00,4.16,4.168,4.151,4.158,55055.42261108
2025-10-06 04:00:00,4.158,4.168,4.143,4.145,45970.24341181
2025-10-06 05:00:00,4.145,4.17,4.135,4.168,45771.53319676
2025-10-06 06:00:00,4.167,4.197,4.164,4.18,77479.72911848
2025-10-06 07:00:00,4.179,4.191,4.147,4.164,70970.11148141
2025-10-06 08:00:00,4.164,4.194,4.164,4.184,50415.65045422
2025-10-06 09:00:00,4.185,4.198,4.17,4.195,147101.08813868
2025-10-06 10:00:00,4.195,4.218,4.184,4.218,98549.90398796
2025-10-06 11:00:00,4.219,4.238,4.204,4.215,86501.51184467
2025-10-06 12:00:00,4.216,4.26,4.214,4.258,162853.65347046
2025-10-06 13:00:00,4.258,4.436,4.258,4.392,723096.63157335
2025-10-06 14:00:00,4.392,4.41,4.348,4.364,577368.77727856
2025-10-06 15:00:00,4.365,4.411,4.365,4.379,168259.17590724
2025-10-06 16:00:00,4.378,4.392,4.349,4.37,101708.55983698
2025-10-06 17:00:00,4.368,4.4,4.359,4.386,110767.80133478
2025-10-06 18:00:00,4.385,4.396,4.37,4.392,106262.55771257
2025-10-06 19:00:00,4.391,4.407,4.377,4.39,69524.10214765
2025-10-06 20:00:00,4.389,4.399,4.373,4.381,83825.82005914
2025-10-06 21:00:00,4.379,4.398,4.353,4.388,130901.79688061
2025-10-06 22:00:00,4.388,4.409,4.381,4.394,126130.28356072
2025-10-06 23:00:00,4.395,4.403,4.379,4.397,89329.38020442
2025-10-07 00:00:00,4.397,4.413,4.376,4.41,121311.85697261
2025-10-07 01:00:00,4.41,4.436,4.386,4.397,178626.65301724
2025-10-07 02:00:00,4.399,4.403,4.372,4.375,79904.14725879
2025-10-07 03:00:00,4.375,4.393,4.361,4.367,103236.11955282
2025-10-07 04:00:00,4.366,4.389,4.33,4.381,216496.74522057
2025-10-07 05:00:00,4.381,4.382,4.36,4.363,87073.63028505
2025-10-07 06:00:00,4.362,4.366,4.292,4.294,250687.87999308
2025-10-07 07:00:00,4.294,4.317,4.282,4.292,118794.66671791
2025-10-07 08:00:00,4.292,4.307,4.25,4.298,266581.73131653
2025-10-07 09:00:00,4.297,4.318,4.295,4.306,118742.41848348
2025-10-07 10:00:00,4.305,4.338,4.291,4.323,95890.6383834
2025-10-07 11:00:00,4.321,4.337,4.314,4.331,85989.2637351
2025-10-07 12:00:00,4.331,4.363,4.319,4.362,75133.48516954
2025-10-07 13:00:00,4.363,4.366,4.269,4.314,465493.56011139
2025-10-07 14:00:00,4.313,4.319,4.208,4.209,657437.32034497
2025-10-07 15:00:00,4.21,4.224,4.129,4.155,1248912.25848665
2025-10-07 16:00:00,4.155,4.203,4.108,4.182,413277.44814207
2025-10-07 17:00:00,4.183,4.193,4.151,4.154,124622.51938521
2025-10-07 18:00:00,4.154,4.164,4.139,4.142,192576.60059347
2025-10-07 19:00:00,4.141,4.164,4.132,4.141,138692.48036041
2025-10-07 20:00:00,4.142,4.19,4.139,4.17,89729.22489382
2025-10-07 21:00:00,4.17,4.186,4.151,4.161,40923.54274297
2025-10-07 22:00:00,4.161,4.181,4.151,4.167,27880.15348431
2025-10-07 23:00:00,4.167,4.169,4.134,4.139,115436.43018881
2025-10-08 00:00:00,4.139,4.187,4.134,4.172,73745.07499221
2025-10-08 01:00:00,4.171,4.183,4.159,4.171,61219.9382731
2025-10-08 02:00:00,4.171,4.177,4.148,4.153,49805.85802898
2025-10-08 03:00:00,4.152,4.152,4.085,4.101,265870.80539338
2025-10-08 04:00:00,4.101,4.119,4.063,4.112,221451.6972724
2025-10-08 05:00:00,4.112,4.118,4.076,4.105,198695.64402077
2025-10-08 06:00:00,4.104,4.132,4.096,4.128,83571.39439666
2025-10-08 07:00:00,4.127,4.156,4.122,4.153,99517.23363104
2025-10-08 08:00:00,4.153,4.166,4.112,4.145,216768.59784596
2025-10-08 09:00:00,4.145,4.15,4.123,4.132,53270.56400997
2025-10-08 10:00:00,4.133,4.177,4.133,4.177,116494.98719235
2025-10-08 11:00:00,4.177,4.186,4.148,4.153,66147.31406335
2025-10-08 12:00:00,4.153,4.165,4.139,4.145,70933.32676923
2025-10-08 13:00:00,4.145,4.158,4.114,4.156,134073.99822638
2025-10-08 14:00:00,4.156,4.199,4.123,4.131,219192.83908602
2025-10-08 15:00:00,4.13,4.16,4.13,4.136,54924.03293996
2025-10-08 16:00:00,4.136,4.176,4.128,4.174,75787.17915681
2025-10-08 17:00:00,4.175,4.242,4.171,4.232,279750.92057003
2025-10-08 18:00:00,4.233,4.241,4.204,4.222,153384.2634705
2025-10-08 19:00:00,4.221,4.231,4.199,4.22,278922.08340758
2025-10-08 20:00:00,4.22,4.228,4.189,4.193,89227.55013254
2025-10-08 21:00:00,4.192,4.221,4.192,4.207,41542.59080898
2025-10-08 22:00:00,4.207,4.222,4.202,4.202,51320.66394363
2025-10-08 23:00:00,4.201,4.209,4.187,4.193,65211.84402947
2025-10-09 00:00:00,4.194,4.197,4.169,4.17,53029.95277819
2025-10-09 01:00:00,4.169,4.171,4.127,4.142,154344.1884512
2025-10-09 02:00:00,4.141,4.142,4.066,4.075,233357.30219702
2025-10-09 03:00:00,4.075,4.117,4.075,4.109,185351.20839048
2025-10-09 04:00:00,4.109,4.125,4.099,4.125,76868.55365279
2025-10-09 05:00:00,4.125,4.129,4.097,4.106,102940.46228368
2025-10-09 06:00:00,4.106,4.107,4.079,4.088,103614.54228862
2025-10-09 07:00:00,4.087,4.094,4.054,4.056,70962.87406635
2025-10-09 08:00:00,4.056,4.06,3.984,3.987,402440.47495427
2025-10-09 09:00:00,3.987,4.025,3.987,4.02,179700.64592682
2025-10-09 10:00:00,4.019,4.039,4.006,4.029,153036.73435449
2025-10-09 11:00:00,4.029,4.051,4.029,4.037,65710.59721833
2025-10-09 12:00:00,4.037,4.08,4.034,4.071,125278.69454902
2025-10-09 13:00:00,4.071,4.075,4.012,4.014,188622.3971674
2025-10-09 14:00:00,4.014,4.041,3.98,4.018,347811.8807602
2025-10-09 15:00:00,4.018,4.035,3.986,4.005,121274.79375213
2025-10-09 16:00:00,4.004,4.02,3.964,3.976,218879.91119327
2025-10-09 17:00:00,3.975,4.039,3.972,4.039,150856.05621347
2025-10-09 18:00:00,4.037,4.042,4.019,4.02,96989.45756955
2025-10-09 19:00:00,4.02,4.044,4.019,4.037,48520.61056423
2025-10-09 20:00:00,4.037,4.055,4.027,4.038,73465.0346154
2025-10-09 21:00:00,4.039,4.053,4.029,4.051,39673.86292598
2025-10-09 22:00:00,4.051,4.103,4.046,4.085,118635.26421153
2025-10-09 23:00:00,4.084,4.086,4.054,4.075,136861.93775022
2025-10-10 00:00:00,4.076,4.097,4.075,4.084,43194.61895804
2025-10-10 01:00:00,4.083,4.095,4.071,4.085,77149.6281566
2025-10-10 02:00:00,4.085,4.089,4.064,4.072,95929.14480696
2025-10-10 03:00:00,4.072,4.152,4.053,4.116,166602.90643908
2025-10-10 04:00:00,4.116,4.132,4.094,4.112,103006.66919754
2025-10-10 05:00:00,4.113,4.15,4.085,4.148,118550.32855237
2025-10-10 06:00:00,4.148,4.151,4.091,4.101,106744.62368763
2025-10-10 07:00:00,4.101,4.102,4.075,4.082,173359.25849988
2025-10-10 08:00:00,4.081,4.107,4.066,4.106,63115.12015708
2025-10-10 09:00:00,4.106,4.147,4.096,4.107,177518.50709492
2025-10-10 10:00:00,4.107,4.145,4.105,4.14,99658.39169609
2025-10-10 11:00:00,4.14,4.189,4.132,4.177,170456.07660272
2025-10-10 12:00:00,4.178,4.241,4.172,4.234,209450.17610626
2025-10-10 13:00:00,4.237,4.289,4.229,4.246,558963.7604095
2025-10-10 14:00:00,4.247,4.271,4.176,4.192,452057.84706691
2025-10-10 15:00:00,4.194,4.2,4.01,4.057,1571837.50640157
2025-10-10 16:00:00,4.057,4.087,4.02,4.024,305644.93667371
2025-10-10 17:00:00,4.023,4.036,3.98,3.993,348102.20617749
2025-10-10 18:00:00,3.995,4.02,3.971,3.978,212687.65250621
2025-10-10 19:00:00,3.977,3.986,3.876,3.928,964408.87470485
2025-10-10 20:00:00,3.927,3.966,3.654,3.702,1846105.67114798
2025-10-10 21:00:00,3.703,3.75,0.696,2.859,7809609.58164229
2025-10-10 22:00:00,2.872,2.973,2.459,2.737,5002335.63288808
2025-10-10 23:00:00,2.735,3.036,2.681,2.865,3828626.60466539
2025-10-11 00:00:00,2.864,2.981,2.822,2.93,1846683.09839391
2025-10-11 01:00:00,2.93,2.959,2.869,2.895,1250905.60726029
2025-10-11 02:00:00,2.894,3.186,2.892,3.147,1526240.493993
2025-10-11 03:00:00,3.147,3.16,3.054,3.127,1056434.22300779
2025-10-11 04:00:00,3.125,3.199,3.104,3.186,539362.50199845
2025-10-11 05:00:00,3.186,3.194,3.1,3.136,527379.53787856
2025-10-11 06:00:00,3.137,3.215,3.124,3.164,448036.22188374
2025-10-11 07:00:00,3.165,3.217,3.148,3.197,477382.97600448
2025-10-11 08:00:00,3.196,3.287,3.164,3.28,617117.60591115
2025-10-11 09:00:00,3.278,3.305,3.24,3.258,516407.93639402
2025-10-11 10:00:00,3.258,3.315,3.256,3.261,457145.37682732
2025-10-11 11:00:00,3.261,3.262,3.19,3.223,466776.52417866
2025-10-11 12:00:00,3.223,3.223,3.121,3.143,704649.45284995
2025-10-11 13:00:00,3.143,3.148,3.062,3.135,777133.4529276
2025-10-11 14:00:00,3.136,3.145,3.097,3.129,552127.10108557
2025-10-11 15:00:00,3.128,3.155,3.126,3.142,356598.64526235
2025-10-11 16:00:00,3.142,3.163,3.111,3.124,345388.01689525
2025-10-11 17:00:00,3.124,3.151,3.118,3.144,198994.67848485
2025-10-11 18:00:00,3.144,3.144,3.122,3.125,111377.53104702
2025-10-11 19:00:00,3.125,3.128,2.984,3.015,798408.62563327
2025-10-11 20:00:00,3.014,3.023,2.929,2.956,567788.95300871
2025-10-11 21:00:00,2.957,3.011,2.9,3.001,603159.91430429
2025-10-11 22:00:00,3.001,3.025,2.988,3.009,169485.34727553
2025-10-11 23:00:00,3.008,3.013,2.994,2.998,135057.17092794
2025-10-12 00:00:00,2.998,3.001,2.938,2.944,466240.36544473
2025-10-12 01:00:00,2.941,3.004,2.925,2.928,325277.5699971
2025-10-12 02:00:00,2.928,2.965,2.91,2.942,691746.25958148
2025-10-12 03:00:00,2.941,3.005,2.937,2.979,717202.95226403
2025-10-12 04:00:00,2.979,3.041,2.978,3.021,262038.73802603
2025-10-12 05:00:00,3.021,3.034,3.008,3.024,144124.10231057
2025-10-12 06:00:00,3.023,3.063,3.02,3.038,148067.47215873
2025-10-12 07:00:00,3.037,3.044,3.014,3.021,225242.47029982
2025-10-12 08:00:00,3.021,3.04,2.999,3.0,124452.40801427
2025-10-12 09:00:00,2.999,3.019,2.968,3.017,204548.37069794
2025-10-12 10:00:00,3.017,3.032,3.002,3.01,122579.10678329
2025-10-12 11:00:00,3.01,3.038,3.01,3.024,79506.87243866
2025-10-12 12:00:00,3.023,3.057,3.022,3.04,166520.57920063
2025-10-12 13:00:00,3.039,3.053,2.985,3.005,264661.4080926
2025-10-12 14:00:00,3.005,3.148,3.003,3.105,601275.49570283
2025-10-12 15:00:00,3.107,3.211,3.102,3.201,599033.31155542
2025-10-12 16:00:00,3.201,3.289,3.201,3.246,895558.96184849
2025-10-12 17:00:00,3.246,3.282,3.233,3.261,291779.07086943
2025-10-12 18:00:00,3.261,3.277,3.209,3.23,184877.15340034
2025-10-12 19:00:00,3.23,3.279,3.227,3.278,102180.78060508
2025-10-12 20:00:00,3.278,3.308,3.259,3.269,205116.88793577
2025-10-12 21:00:00,3.269,3.288,3.195,3.245,266133.81765707
2025-10-12 22:00:00,3.247,3.271,3.222,3.244,234866.55642264
2025-10-12 23:00:00,3.248,3.248,3.213,3.241,145568.81130073
2025-10-13 00:00:00,3.241,3.267,3.198,3.214,196222.32992673
2025-10-13 01:00:00,3.213,3.251,3.192,3.251,163177.93127875
2025-10-13 02:00:00,3.25,3.26,3.215,3.238,198367.48133684
2025-10-13 03:00:00,3.242,3.252,3.221,3.224,139919.6069335
2025-10-13 04:00:00,3.225,3.243,3.201,3.239,137010.66294489
2025-10-13 05:00:00,3.239,3.243,3.217,3.231,122457.66216305
2025-10-13 06:00:00,3.231,3.286,3.212,3.275,178908.18032872
2025-10-13 07:00:00,3.276,3.326,3.271,3.293,349397.51957022
2025-10-13 08:00:00,3.295,3.352,3.285,3.339,330878.26268727
2025-10-13 09:00:00,3.338,3.356,3.31,3.355,292289.26901482
2025-10-13 10:00:00,3.356,3.364,3.322,3.34,208246.3613319
2025-10-13 11:00:00,3.341,3.346,3.218,3.271,1311578.72469428
2025-10-13 12:00:00,3.271,3.306,3.245,3.256,276005.11814866
2025-10-13 13:00:00,3.256,3.35,3.239,3.336,1078672.46951628
2025-10-13 14:00:00,3.335,3.347,3.258,3.275,443765.05709982
2025-10-13 15:00:00,3.274,3.336,3.273,3.319,263970.34093626
2025-10-13 16:00:00,3.32,3.34,3.287,3.319,386532.0111243
2025-10-13 17:00:00,3.319,3.378,3.308,3.372,256635.85062404
2025-10-13 18:00:00,3.37,3.401,3.352,3.364,338746.27201227
2025-10-13 19:00:00,3.363,3.41,3.359,3.396,297142.69348829
2025-10-13 20:00:00,3.396,3.422,3.378,3.421,165481.92500986
2025-10-13 21:00:00,3.42,3.444,3.402,3.406,173511.83520366
2025-10-13 22:00:00,3.408,3.424,3.396,3.406,103726.48320974
2025-10-13 23:00:00,3.405,3.411,3.367,3.374,189610.33969208
2025-10-14 00:00:00,3.375,3.399,3.359,3.386,150769.74684142
2025-10-14 01:00:00,3.385,3.385,3.346,3.359,116613.59303496
2025-10-14 02:00:00,3.359,3.359,3.313,3.318,143679.51806888
2025-10-14 03:00:00,3.317,3.318,3.289,3.3,185964.65133084
2025-10-14 04:00:00,3.3,3.312,3.235,3.253,365543.50735294
2025-10-14 05:00:00,3.252,3.279,3.196,3.216,430327.38001556
2025-10-14 06:00:00,3.218,3.237,3.069,3.135,1155823.52637822
2025-10-14 07:00:00,3.133,3.158,3.098,3.115,598929.83385803
2025-10-14 08:00:00,3.114,3.168,3.091,3.145,444671.15860053
2025-10-14 09:00:00,3.145,3.173,3.142,3.156,229201.66679683
2025-10-14 10:00:00,3.155,3.155,3.075,3.116,336205.19531299
2025-10-14 11:00:00,3.118,3.164,3.116,3.14,269779.45272036
2025-10-14 12:00:00,3.139,3.142,3.092,3.098,260021.11688282
2025-10-14 13:00:00,3.098,3.152,3.061,3.135,527943.35054481
2025-10-14 14:00:00,3.133,3.195,3.121,3.158,455931.51181395
2025-10-14 15:00:00,3.159,3.239,3.143,3.236,366857.85729354
2025-10-14 16:00:00,3.237,3.284,3.21,3.226,404284.11430337
2025-10-14 17:00:00,3.227,3.264,3.184,3.238,337202.26152146
2025-10-14 18:00:00,3.239,3.277,3.238,3.251,145406.10866913
2025-10-14 19:00:00,3.253,3.279,3.189,3.235,469152.99393615
2025-10-14 20:00:00,3.236,3.248,3.21,3.241,118365.32392225
2025-10-14 21:00:00,3.241,3.251,3.215,3.245,42343.86550836
2025-10-14 22:00:00,3.245,3.265,3.233,3.244,90566.23622441
2025-10-14 23:00:00,3.244,3.258,3.243,3.247,59506.96251398
2025-10-15 00:00:00,3.246,3.252,3.217,3.238,107396.71219468
2025-10-15 01:00:00,3.238,3.241,3.207,3.229,101673.56226139
2025-10-15 02:00:00,3.229,3.264,3.222,3.241,88822.33852041
2025-10-15 03:00:00,3.241,3.249,3.2,3.223,120573.52304584
2025-10-15 04:00:00,3.223,3.257,3.207,3.251,142432.11556878
2025-10-15 05:00:00,3.254,3.275,3.246,3.255,91895.36591386
2025-10-15 06:00:00,3.256,3.275,3.23,3.272,143752.76069066
2025-10-15 07:00:00,3.271,3.285,3.26,3.279,91963.19236673
2025-10-15 08:00:00,3.278,3.341,3.274,3.301,271187.45858548
2025-10-15 09:00:00,3.301,3.309,3.256,3.267,169853.30120458
2025-10-15 10:00:00,3.266,3.277,3.235,3.248,109950.79332551
2025-10-15 11:00:00,3.247,3.256,3.215,3.225,191555.75560152
2025-10-15 12:00:00,3.224,3.238,3.181,3.2,191743.36981488
2025-10-15 13:00:00,3.2,3.212,3.117,3.185,646827.08689787
2025-10-15 14:00:00,3.185,3.222,3.143,3.165,389597.16342161
2025-10-15 15:00:00,3.166,3.188,3.124,3.145,309197.75198191
2025-10-15 16:00:00,3.144,3.167,3.128,3.15,194973.87492211
2025-10-15 17:00:00,3.15,3.164,3.121,3.164,186888.03926911
2025-10-15 18:00:00,3.164,3.186,3.149,3.183,205951.83541352
2025-10-15 19:00:00,3.182,3.182,3.132,3.146,201586.93386592
2025-10-15 20:00:00,3.147,3.165,3.086,3.122,556311.97376538
2025-10-15 21:00:00,3.122,3.151,3.095,3.121,288682.09555013
2025-10-15 22:00:00,3.121,3.146,3.114,3.123,80045.10492606
2025-10-15 23:00:00,3.123,3.142,3.112,3.135,103064.40447768
2025-10-16 00:00:00,3.135,3.149,3.123,3.124,111793.71580388
2025-10-16 01:00:00,3.124,3.168,3.124,3.165,150115.76136233
2025-10-16 02:00:00,3.166,3.176,3.131,3.145,100846.4776158
2025-10-16 03:00:00,3.146,3.15,3.118,3.121,63283.70855985
2025-10-16 04:00:00,3.122,3.149,3.115,3.124,56711.74453988
2025-10-16 05:00:00,3.125,3.152,3.113,3.133,52799.65107851
2025-10-16 06:00:00,3.134,3.178,3.132,3.17,87324.55885101
2025-10-16 07:00:00,3.17,3.172,3.132,3.145,116137.1966984
2025-10-16 08:00:00,3.147,3.149,3.117,3.131,107513.15124932
2025-10-16 09:00:00,3.131,3.178,3.028,3.159,815847.14466267
2025-10-16 10:00:00,3.159,3.198,3.156,3.173,250861.32770655
2025-10-16 11:00:00,3.173,3.186,3.152,3.182,120559.31116293
2025-10-16 12:00:00,3.182,3.205,3.172,3.177,157581.55674093
2025-10-16 13:00:00,3.176,3.189,3.141,3.152,212355.49563098
2025-10-16 14:00:00,3.152,3.177,3.099,3.139,370542.71789121
2025-10-16 15:00:00,3.139,3.152,3.041,3.056,647418.66053691
2025-10-16 16:00:00,3.056,3.127,3.017,3.124,630833.78653264
2025-10-16 17:00:00,3.126,3.126,3.065,3.072,204969.82334561
2025-10-16 18:00:00,3.073,3.076,3.035,3.064,224343.16475229
2025-10-16 19:00:00,3.064,3.069,2.988,3.018,446327.20084736
2025-10-16 20:00:00,3.018,3.029,2.966,2.986,490180.08784045
2025-10-16 21:00:00,2.988,3.032,2.983,3.03,126235.43315407
2025-10-16 22:00:00,3.03,3.035,2.986,2.987,152888.5202615
2025-10-16 23:00:00,2.987,3.021,2.981,3.014,143496.52833016
2025-10-17 00:00:00,3.016,3.04,3.011,3.035,150355.97156492
2025-10-17 01:00:00,3.036,3.059,3.017,3.028,133543.56389309
2025-10-17 02:00:00,3.029,3.038,3.006,3.029,130446.85611996
2025-10-17 03:00:00,3.03,3.044,3.023,3.042,143978.68580167
2025-10-17 04:00:00,3.042,3.047,3.026,3.029,100746.96436092
2025-10-17 05:00:00,3.029,3.035,3.0,3.008,123845.71437926
2025-10-17 06:00:00,3.009,3.015,2.889,2.902,964114.29847247
2025-10-17 07:00:00,2.902,2.908,2.807,2.818,1353784.43919681
2025-10-17 08:00:00,2.818,2.837,2.768,2.795,968945.23710079
2025-10-17 09:00:00,2.796,2.89,2.79,2.838,430340.31597634
2025-10-17 10:00:00,2.837,2.855,2.793,2.843,634104.02438649
2025-10-17 11:00:00,2.845,2.934,2.839,2.908,745408.00154947
2025-10-17 12:00:00,2.907,2.923,2.886,2.888,318090.26238751
2025-10-17 13:00:00,2.889,2.93,2.863,2.909,565048.11151721
2025-10-17 14:00:00,2.909,2.919,2.853,2.878,528769.62588794
2025-10-17 15:00:00,2.879,2.923,2.866,2.921,376939.66552324
2025-10-17 16:00:00,2.921,2.959,2.89,2.899,420453.01528406
2025-10-17 17:00:00,2.899,2.919,2.892,2.913,191557.80229452
2025-10-17 18:00:00,2.914,2.931,2.902,2.906,176441.20385215
2025-10-17 19:00:00,2.909,2.92,2.889,2.902,109694.77515347
2025-10-17 20:00:00,2.903,2.932,2.897,2.924,99328.20731178
2025-10-17 21:00:00,2.924,2.946,2.923,2.938,89124.5224565
2025-10-17 22:00:00,2.937,2.942,2.905,2.905,118333.2453254
2025-10-17 23:00:00,2.906,2.906,2.884,2.89,63496.29148245
2025-10-18 00:00:00,2.89,2.914,2.888,2.91,71015.84794495
2025-10-18 01:00:00,2.911,2.94,2.91,2.939,135589.95628051
2025-10-18 02:00:00,2.939,2.946,2.912,2.918,277229.22825753
2025-10-18 03:00:00,2.919,2.939,2.919,2.933,34186.07785596
2025-10-18 04:00:00,2.933,2.933,2.902,2.903,44605.67511396
2025-10-18 05:00:00,2.903,2.923,2.897,2.922,151784.55205698
2025-10-18 06:00:00,2.922,2.934,2.908,2.928,168383.11168696
2025-10-18 07:00:00,2.929,2.97,2.916,2.921,238082.86180946
2025-10-18 08:00:00,2.922,2.932,2.913,2.915,80764.64449836
2025-10-18 09:00:00,2.916,2.936,2.912,2.933,197381.30724739
2025-10-18 10:00:00,2.933,2.945,2.92,2.933,58241.07717267
2025-10-18 11:00:00,2.936,2.948,2.931,2.944,155235.11046555
2025-10-18 12:00:00,2.943,2.955,2.934,2.934,42011.91543324
2025-10-18 13:00:00,2.934,2.934,2.905,2.913,77261.01538402
2025-10-18 14:00:00,2.912,2.933,2.898,2.925,93176.23613748
2025-10-18 15:00:00,2.925,2.932,2.907,2.921,50255.66386593
2025-10-18 16:00:00,2.921,2.923,2.892,2.908,79106.14698845
2025-10-18 17:00:00,2.907,2.937,2.898,2.933,78188.31951111
2025-10-18 18:00:00,2.933,2.938,2.923,2.927,85417.42228383
2025-10-18 19:00:00,2.928,2.934,2.921,2.932,33666.95124166
2025-10-18 20:00:00,2.933,2.946,2.927,2.928,95368.45615144
2025-10-18 21:00:00,2.928,2.939,2.916,2.937,40695.14168743
2025-10-18 22:00:00,2.936,2.941,2.928,2.93,29837.43143366
2025-10-18 23:00:00,2.93,2.931,2.923,2.93,29000.57906499
2025-10-19 00:00:00,2.931,2.934,2.903,2.912,47927.00954191
2025-10-19 01:00:00,2.912,2.928,2.903,2.924,90750.64306074
2025-10-19 02:00:00,2.925,2.928,2.906,2.911,105449.82386022
2025-10-19 03:00:00,2.91,2.942,2.906,2.935,163899.86701656
2025-10-19 04:00:00,2.936,2.938,2.915,2.92,140896.36916536
2025-10-19 05:00:00,2.92,2.932,2.911,2.917,37238.58981203
2025-10-19 06:00:00,2.917,2.922,2.897,2.905,41562.16840062
2025-10-19 07:00:00,2.905,2.915,2.903,2.914,26673.96863109
2025-10-19 08:00:00,2.915,2.947,2.894,2.9,377040.89251459
2025-10-19 09:00:00,2.898,2.965,2.882,2.94,479356.95973848
2025-10-19 10:00:00,2.941,2.996,2.932,2.991,263529.86052207
2025-10-19 11:00:00,2.991,3.018,2.978,2.982,265398.14978548
2025-10-19 12:00:00,2.982,2.985,2.962,2.975,132038.35145808
2025-10-19 13:00:00,2.976,3.035,2.966,3.028,317645.80608614
2025-10-19 14:00:00,3.03,3.043,3.011,3.038,172280.53015816
2025-10-19 15:00:00,3.037,3.039,3.022,3.028,138104.4311718
2025-10-19 16:00:00,3.029,3.04,3.011,3.029,126037.69044847
2025-10-19 17:00:00,3.03,3.056,3.02,3.022,186060.70673387
2025-10-19 18:00:00,3.024,3.031,3.017,3.027,55635.90816314
2025-10-19 19:00:00,3.028,3.028,3.012,3.025,51801.2461373
2025-10-19 20:00:00,3.025,3.036,3.019,3.035,34388.53364824
2025-10-19 21:00:00,3.035,3.035,3.012,3.021,47016.90156077
2025-10-19 22:00:00,3.023,3.038,3.022,3.03,85076.49341519
2025-10-19 23:00:00,3.029,3.029,3.001,3.008,109441.80987872
2025-10-20 00:00:00,3.007,3.007,2.946,2.982,284789.41140849
2025-10-20 01:00:00,2.982,2.991,2.97,2.976,108592.23795029
2025-10-20 02:00:00,2.977,2.998,2.962,2.99,136445.55241836
2025-10-20 03:00:00,2.99,3.07,2.983,3.061,135106.9451654
2025-10-20 04:00:00,3.062,3.074,3.051,3.065,136409.5856824
2025-10-20 05:00:00,3.066,3.088,3.054,3.083,111500.67704037
2025-10-20 06:00:00,3.083,3.121,3.078,3.106,179477.9463081
2025-10-20 07:00:00,3.106,3.116,3.079,3.09,149791.59370075
2025-10-20 08:00:00,3.091,3.102,3.074,3.081,82149.57255911
2025-10-20 09:00:00,3.079,3.088,3.069,3.087,121624.23717646
2025-10-20 10:00:00,3.087,3.112,3.078,3.09,249641.83829392
2025-10-20 11:00:00,3.091,3.093,3.074,3.091,167179.47126483
2025-10-20 12:00:00,3.092,3.101,3.084,3.088,114260.79084732
2025-10-20 13:00:00,3.093,3.114,3.078,3.113,127138.61345983
2025-10-20 14:00:00,3.114,3.124,3.087,3.12,156872.04025015
2025-10-20 15:00:00,3.121,3.13,3.086,3.086,189935.60441965
2025-10-20 16:00:00,3.085,3.087,3.031,3.064,419443.31962124
2025-10-20 17:00:00,3.064,3.079,3.044,3.065,98588.34864014
2025-10-20 18:00:00,3.065,3.086,3.06,3.085,130978.45146599
2025-10-20 19:00:00,3.084,3.109,3.071,3.099,117478.92112756
2025-10-20 20:00:00,3.097,3.106,3.09,3.103,44261.65409203
2025-10-20 21:00:00,3.102,3.113,3.073,3.078,42289.83757185
2025-10-20 22:00:00,3.079,3.093,3.073,3.091,31415.29015346
2025-10-20 23:00:00,3.09,3.093,3.081,3.084,53428.7861608
2025-10-21 00:00:00,3.082,3.088,3.074,3.079,33122.24015382
2025-10-21 01:00:00,3.078,3.079,3.047,3.057,77521.76967593
2025-10-21 02:00:00,3.058,3.058,3.034,3.038,77294.99827952
2025-10-21 03:00:00,3.039,3.044,3.018,3.023,50766.30239454
2025-10-21 04:00:00,3.023,3.024,2.951,2.957,414417.94464058
2025-10-21 05:00:00,2.957,2.978,2.948,2.962,210264.04549441
2025-10-21 06:00:00,2.963,2.988,2.957,2.983,105366.94901382
2025-10-21 07:00:00,2.981,2.998,2.974,2.992,57305.62668547
2025-10-21 08:00:00,2.991,2.991,2.96,2.971,85906.76362621
2025-10-21 09:00:00,2.971,2.979,2.964,2.971,92052.78300353
2025-10-21 10:00:00,2.971,3.012,2.969,3.0,108988.07746271
2025-10-21 11:00:00,2.999,3.009,2.99,3.003,81163.68869818
2025-10-21 12:00:00,3.002,3.035,2.994,3.008,109488.07350067
2025-10-21 13:00:00,3.009,3.024,2.987,3.002,284126.90873824
2025-10-21 14:00:00,3.003,3.135,3.002,3.131,551035.29224034
2025-10-21 15:00:00,3.13,3.183,3.113,3.171,395258.58021431
2025-10-21 16:00:00,3.171,3.189,3.125,3.132,378600.08801939
2025-10-21 17:00:00,3.132,3.158,3.108,3.139,436397.82211995
2025-10-21 18:00:00,3.14,3.15,3.119,3.134,183779.61158268
2025-10-21 19:00:00,3.133,3.142,3.124,3.13,106922.3171277
2025-10-21 20:00:00,3.13,3.134,3.087,3.099,229141.09605251
2025-10-21 21:00:00,3.096,3.118,3.055,3.095,134997.93678606
2025-10-21 22:00:00,3.096,3.097,3.028,3.042,321202.32931837
2025-10-21 23:00:00,3.041,3.048,2.995,3.003,192296.75037728
2025-10-22 00:00:00,3.003,3.021,2.979,3.0,311197.36434018
2025-10-22 01:00:00,3.0,3.022,2.998,3.016,157151.4641213
2025-10-22 02:00:00,3.016,3.026,3.013,3.014,76796.74515662
2025-10-22 03:00:00,3.013,3.014,2.993,3.007,113449.7942097
2025-10-22 04:00:00,3.007,3.025,3.006,3.023,64585.22605265
2025-10-22 05:00:00,3.023,3.025,2.966,2.992,279836.51623577
2025-10-22 06:00:00,2.991,2.992,2.974,2.974,113234.8944942
2025-10-22 07:00:00,2.974,2.989,2.964,2.986,152867.39028113
2025-10-22 08:00:00,2.985,2.987,2.972,2.975,85407.12409539
2025-10-22 09:00:00,2.975,2.979,2.946,2.959,181634.66493622
2025-10-22 10:00:00,2.958,2.97,2.948,2.95,80622.97091629
2025-10-22 11:00:00,2.951,2.992,2.919,2.973,410870.38403529
2025-10-22 12:00:00,2.974,3.001,2.967,2.99,156338.21985679
2025-10-22 13:00:00,2.992,3.026,2.977,3.023,201540.12745733
2025-10-22 14:00:00,3.022,3.024,2.952,3.008,377870.5323235
2025-10-22 15:00:00,3.008,3.019,2.962,2.987,174176.34429556
2025-10-22 16:00:00,2.986,2.996,2.953,2.972,275305.35526993
2025-10-22 17:00:00,2.971,2.98,2.94,2.946,107788.74186716
2025-10-22 18:00:00,2.946,2.957,2.928,2.941,120329.82564474
2025-10-22 19:00:00,2.942,2.971,2.916,2.944,256682.83262948
2025-10-22 20:00:00,2.944,2.949,2.912,2.916,157548.61747357
2025-10-22 21:00:00,2.915,2.916,2.829,2.869,685265.68399846
2025-10-22 22:00:00,2.868,2.887,2.851,2.865,198136.05956156
2025-10-22 23:00:00,2.864,2.922,2.863,2.916,222983.24037036
2025-10-23 00:00:00,2.916,2.93,2.91,2.925,121980.98083043
2025-10-23 01:00:00,2.925,2.943,2.924,2.928,120277.31575639
2025-10-23 02:00:00,2.929,2.935,2.922,2.928,67709.88899843
2025-10-23 03:00:00,2.929,2.937,2.916,2.919,117211.75792409
2025-10-23 04:00:00,2.92,2.935,2.914,2.924,54427.91576716
2025-10-23 05:00:00,2.925,2.932,2.916,2.927,63010.24107467
2025-10-23 06:00:00,2.928,2.977,2.925,2.974,244075.18780364
2025-10-23 07:00:00,2.977,2.977,2.955,2.965,106292.3154848
2025-10-23 08:00:00,2.966,2.985,2.966,2.975,83886.79035114
2025-10-23 09:00:00,2.976,2.977,2.965,2.971,58558.56000246
2025-10-23 10:00:00,2.971,2.984,2.968,2.972,114039.38187367
2025-10-23 11:00:00,2.97,2.979,2.955,2.96,74077.71912222
2025-10-23 12:00:00,2.96,2.96,2.933,2.957,162319.5795047
2025-10-23 13:00:00,2.958,2.986,2.943,2.974,111642.93999503
2025-10-23 14:00:00,2.976,2.977,2.944,2.964,165347.53499974
2025-10-23 15:00:00,2.965,3.006,2.96,2.993,168216.2719712
2025-10-23 16:00:00,2.994,3.023,2.987,3.017,109721.63267071
2025-10-23 17:00:00,3.017,3.035,2.989,3.029,178552.53323195
2025-10-23 18:00:00,3.029,3.033,2.992,2.996,120702.75312159
2025-10-23 19:00:00,2.997,3.0,2.983,2.995,39715.61000408
2025-10-23 20:00:00,2.994,2.994,2.955,2.967,100720.94364441
2025-10-23 21:00:00,2.967,2.978,2.963,2.966,42192.9489077
2025-10-23 22:00:00,2.966,2.988,2.966,2.985,71148.27488129
2025-10-23 23:00:00,2.985,3.003,2.982,3.0,55119.31796249
2025-10-24 00:00:00,3.001,3.01,2.993,3.004,136879.92809482
2025-10-24 01:00:00,3.004,3.009,2.989,2.999,65353.81782735
2025-10-24 02:00:00,2.999,3.007,2.994,3.003,86540.78896922
2025-10-24 03:00:00,3.003,3.004,2.995,3.003,67380.55911141
2025-10-24 04:00:00,3.004,3.058,2.999,3.05,217937.44683314
2025-10-24 05:00:00,3.05,3.061,3.04,3.054,125714.88264518
2025-10-24 06:00:00,3.053,3.063,3.045,3.061,131668.27856887
2025-10-24 07:00:00,3.062,3.063,3.035,3.051,106257.96538595
2025-10-24 08:00:00,3.051,3.074,3.042,3.066,65310.7289332
2025-10-24 09:00:00,3.066,3.067,3.057,3.059,48009.99153809
2025-10-24 10:00:00,3.06,3.06,3.044,3.044,49627.60787563
2025-10-24 11:00:00,3.045,3.057,3.022,3.057,124891.15763668
2025-10-24 12:00:00,3.058,3.12,3.053,3.075,446856.4929209
2025-10-24 13:00:00,3.077,3.086,3.043,3.073,233837.34985278
2025-10-24 14:00:00,3.073,3.073,3.02,3.037,245741.02501238
2025-10-24 15:00:00,3.037,3.051,3.017,3.027,155446.98585453
2025-10-24 16:00:00,3.027,3.034,3.01,3.025,47350.53812448
2025-10-24 17:00:00,3.026,3.042,3.025,3.028,58270.91723053
2025-10-24 18:00:00,3.029,3.05,3.027,3.05,23820.34258345
2025-10-24 19:00:00,3.05,3.074,3.05,3.068,56758.75781828
2025-10-24 20:00:00,3.068,3.082,3.065,3.077,56425.23813719
2025-10-24 21:00:00,3.078,3.088,3.072,3.086,48368.04451482
2025-10-24 22:00:00,3.088,3.09,3.078,3.084,31280.48091776
2025-10-24 23:00:00,3.084,3.084,3.072,3.076,43443.30982192
2025-10-25 00:00:00,3.076,3.079,3.062,3.065,42451.36256651
2025-10-25 01:00:00,3.066,3.08,3.06,3.069,31029.80914379
2025-10-25 02:00:00,3.069,3.073,3.053,3.064,57505.70070067
2025-10-25 03:00:00,3.064,3.065,3.049,3.05,29345.94088596
2025-10-25 04:00:00,3.05,3.063,3.049,3.054,44053.27060402
2025-10-25 05:00:00,3.053,3.054,3.043,3.05,58625.18425157
2025-10-25 06:00:00,3.051,3.054,3.04,3.04,50185.86498566
2025-10-25 07:00:00,3.041,3.061,3.04,3.044,51749.32593556
2025-10-25 08:00:00,3.044,3.055,3.043,3.051,65283.60931566
2025-10-25 09:00:00,3.052,3.053,3.033,3.037,97675.54950251
2025-10-25 10:00:00,3.037,3.04,3.026,3.036,43371.53451799
2025-10-25 11:00:00,3.034,3.046,3.032,3.045,27189.199236
2025-10-25 12:00:00,3.045,3.074,3.043,3.061,109880.35433306
2025-10-25 13:00:00,3.061,3.062,3.048,3.055,30271.72204103
2025-10-25 14:00:00,3.055,3.075,3.054,3.075,71222.67534557
2025-10-25 15:00:00,3.074,3.075,3.057,3.063,63005.10074342
2025-10-25 16:00:00,3.066,3.067,3.056,3.061,34931.23746007
2025-10-25 17:00:00,3.062,3.073,3.059,3.062,34218.97138054
2025-10-25 18:00:00,3.061,3.087,3.058,3.083,68728.88541774
2025-10-25 19:00:00,3.082,3.09,3.078,3.089,22359.60880584
2025-10-25 20:00:00,3.09,3.094,3.079,3.086,34907.34553919
2025-10-25 21:00:00,3.086,3.091,3.076,3.085,43400.12418609
2025-10-25 22:00:00,3.086,3.104,3.079,3.098,25167.29793518
2025-10-25 23:00:00,3.098,3.098,3.087,3.088,20384.69173748
2025-10-26 00:00:00,3.089,3.096,3.074,3.09,56638.1594903
2025-10-26 01:00:00,3.09,3.092,3.064,3.072,66095.0874678
2025-10-26 02:00:00,3.071,3.076,3.06,3.066,45651.71711598
2025-10-26 03:00:00,3.065,3.071,3.056,3.062,38585.03197409
2025-10-26 04:00:00,3.062,3.087,3.059,3.083,40409.56081759
2025-10-26 05:00:00,3.083,3.091,3.078,3.088,25651.1450754
2025-10-26 06:00:00,3.087,3.092,3.081,3.089,16281.06086488
2025-10-26 07:00:00,3.089,3.098,3.085,3.098,26976.09193175
2025-10-26 08:00:00,3.099,3.111,3.095,3.107,35980.15642885
2025-10-26 09:00:00,3.108,3.145,3.102,3.135,163592.33837556
2025-10-26 10:00:00,3.135,3.135,3.107,3.108,100825.55733891
2025-10-26 11:00:00,3.109,3.146,3.1,3.14,190142.4870791
2025-10-26 12:00:00,3.141,3.157,3.136,3.153,140778.51045727
2025-10-26 13:00:00,3.153,3.184,3.146,3.176,131843.42841446
2025-10-26 14:00:00,3.176,3.182,3.164,3.172,84756.41052044
2025-10-26 15:00:00,3.174,3.18,3.161,3.178,57154.50592191
2025-10-26 16:00:00,3.178,3.179,3.156,3.159,56905.19048772
2025-10-26 17:00:00,3.161,3.17,3.154,3.166,51945.5096398
2025-10-26 18:00:00,3.167,3.177,3.167,3.171,50107.41360249
2025-10-26 19:00:00,3.171,3.175,3.164,3.173,25879.07405329
2025-10-26 20:00:00,3.173,3.173,3.154,3.161,52727.29746537
2025-10-26 21:00:00,3.162,3.175,3.144,3.17,36864.82124281
2025-10-26 22:00:00,3.171,3.237,3.171,3.212,305359.31994373
2025-10-26 23:00:00,3.213,3.217,3.192,3.193,106687.48239032
2025-10-27 00:00:00,3.195,3.211,3.185,3.203,118164.55476863
2025-10-27 01:00:00,3.202,3.227,3.194,3.222,86750.02358332
2025-10-27 02:00:00,3.221,3.229,3.201,3.211,98944.70924187
2025-10-27 03:00:00,3.211,3.223,3.2,3.206,86383.05487798
2025-10-27 04:00:00,3.206,3.216,3.197,3.215,37463.34642629
2025-10-27 05:00:00,3.215,3.245,3.213,3.22,86155.69897809
2025-10-27 06:00:00,3.22,3.238,3.206,3.228,73068.65023755
2025-10-27 07:00:00,3.228,3.24,3.183,3.2,135712.1562575
2025-10-27 08:00:00,3.199,3.209,3.162,3.175,238349.78702544
2025-10-27 09:00:00,3.175,3.175,3.145,3.155,126128.3999133
2025-10-27 10:00:00,3.154,3.167,3.151,3.158,80894.87415752
2025-10-27 11:00:00,3.159,3.172,3.14,3.172,85381.90893713
2025-10-27 12:00:00,3.17,3.174,3.142,3.143,55999.03536331
2025-10-27 13:00:00,3.143,3.16,3.116,3.154,157123.74150397
2025-10-27 14:00:00,3.155,3.159,3.123,3.133,131760.75252519
2025-10-27 15:00:00,3.133,3.16,3.133,3.149,98006.70779714
2025-10-27 16:00:00,3.15,3.199,3.15,3.197,151861.57776705
2025-10-27 17:00:00,3.196,3.214,3.186,3.206,88142.748984
2025-10-27 18:00:00,3.205,3.211,3.189,3.193,71569.23824866
2025-10-27 19:00:00,3.193,3.194,3.167,3.171,102324.27975944
2025-10-27 20:00:00,3.172,3.172,3.146,3.148,109866.51557609
2025-10-27 21:00:00,3.144,3.165,3.134,3.147,52855.8234022
2025-10-27 22:00:00,3.147,3.162,3.131,3.133,55376.02736678
2025-10-27 23:00:00,3.134,3.143,3.118,3.137,99784.64963365
2025-10-28 00:00:00,3.137,3.151,3.126,3.138,64801.73738206
2025-10-28 01:00:00,3.139,3.162,3.139,3.15,63222.75911719
2025-10-28 02:00:00,3.15,3.157,3.11,3.134,84584.96536178
2025-10-28 03:00:00,3.133,3.146,3.112,3.123,115056.4988776
2025-10-28 04:00:00,3.121,3.147,3.115,3.141,63720.04535145
2025-10-28 05:00:00,3.139,3.149,3.101,3.103,127564.48146292
2025-10-28 06:00:00,3.104,3.168,3.097,3.165,196507.44363082
2025-10-28 07:00:00,3.166,3.177,3.133,3.138,124883.33364951
2025-10-28 08:00:00,3.139,3.153,3.128,3.144,42253.22419891
2025-10-28 09:00:00,3.142,3.147,3.123,3.137,53530.90226891
2025-10-28 10:00:00,3.138,3.138,3.123,3.131,48120.01138828
2025-10-28 11:00:00,3.132,3.148,3.126,3.129,115779.46888513
2025-10-28 12:00:00,3.128,3.162,3.127,3.161,112590.00584648
2025-10-28 13:00:00,3.162,3.188,3.162,3.176,312824.3568474
2025-10-28 14:00:00,3.177,3.192,3.088,3.145,387370.44611221
2025-10-28 15:00:00,3.147,3.161,3.122,3.134,113397.34885602
2025-10-28 16:00:00,3.133,3.166,3.123,3.157,117750.06839894
2025-10-28 17:00:00,3.157,3.164,3.144,3.156,47384.83064567
2025-10-28 18:00:00,3.155,3.162,3.127,3.135,69540.31938428
2025-10-28 19:00:00,3.136,3.14,3.068,3.083,281828.72281952
2025-10-28 20:00:00,3.082,3.084,3.01,3.028,640197.82804893
2025-10-28 21:00:00,3.027,3.044,2.987,3.028,317166.99182734
2025-10-28 22:00:00,3.026,3.057,3.02,3.055,73597.50260078
2025-10-28 23:00:00,3.054,3.055,3.037,3.048,65945.86438067
2025-10-29 00:00:00,3.048,3.06,3.039,3.041,62166.74848226
2025-10-29 01:00:00,3.041,3.068,3.036,3.056,46637.26160923
2025-10-29 02:00:00,3.053,3.06,3.046,3.057,38037.4785206
2025-10-29 03:00:00,3.057,3.057,3.039,3.05,69255.26456073
2025-10-29 04:00:00,3.049,3.072,3.046,3.064,41993.76272107
2025-10-29 05:00:00,3.063,3.074,3.059,3.066,51103.77681146
2025-10-29 06:00:00,3.065,3.08,3.058,3.079,59645.05314685
2025-10-29 07:00:00,3.078,3.085,3.067,3.077,93670.91085059
2025-10-29 08:00:00,3.077,3.078,3.049,3.053,55722.32413061
2025-10-29 09:00:00,3.053,3.063,3.045,3.058,41162.59502229
2025-10-29 10:00:00,3.059,3.098,3.058,3.083,66395.32362191
2025-10-29 11:00:00,3.083,3.108,3.08,3.103,74179.60247302
2025-10-29 12:00:00,3.102,3.111,3.101,3.102,37079.77887095
2025-10-29 13:00:00,3.104,3.132,3.1,3.108,177740.04401874
2025-10-29 14:00:00,3.109,3.112,3.084,3.101,109117.83413572
2025-10-29 15:00:00,3.102,3.108,3.044,3.061,199011.11867899
2025-10-29 16:00:00,3.06,3.09,3.045,3.071,192787.4498042
2025-10-29 17:00:00,3.071,3.168,3.071,3.168,152602.84274596
2025-10-29 18:00:00,3.17,3.174,3.018,3.126,1413269.93850302
2025-10-29 19:00:00,3.127,3.168,3.11,3.14,361883.84564591
2025-10-29 20:00:00,3.14,3.175,3.123,3.154,253054.85179246
2025-10-29 21:00:00,3.155,3.159,3.139,3.144,75146.85836864
2025-10-29 22:00:00,3.145,3.148,3.122,3.125,39499.41112488
2025-10-29 23:00:00,3.125,3.125,3.064,3.076,243081.92658472
2025-10-30 00:00:00,3.076,3.104,3.058,3.101,123089.11944274
2025-10-30 01:00:00,3.101,3.11,3.08,3.095,101180.80988481
2025-10-30 02:00:00,3.096,3.117,3.089,3.11,119062.66303408
2025-10-30 03:00:00,3.111,3.111,3.078,3.086,126150.63691477
2025-10-30 04:00:00,3.085,3.085,2.959,3.0,883159.41629535
2025-10-30 05:00:00,3.001,3.058,2.994,3.053,227681.66520152
2025-10-30 06:00:00,3.052,3.074,3.032,3.062,137487.81796638
2025-10-30 07:00:00,3.061,3.1,3.058,3.089,86669.94300838
2025-10-30 08:00:00,3.089,3.089,3.029,3.035,216700.93220893
2025-10-30 09:00:00,3.033,3.036,3.009,3.015,180600.89366637
2025-10-30 10:00:00,3.013,3.026,2.999,3.009,147699.53270173
2025-10-30 11:00:00,3.01,3.015,2.993,2.993,98571.97766122
2025-10-30 12:00:00,2.993,2.999,2.906,2.937,822368.83731608
2025-10-30 13:00:00,2.936,2.938,2.854,2.872,986501.87026419
2025-10-30 14:00:00,2.874,2.899,2.87,2.886,281575.21774639
2025-10-30 15:00:00,2.884,2.89,2.85,2.86,346732.61849028
2025-10-30 16:00:00,2.86,2.877,2.84,2.871,294304.84991912
2025-10-30 17:00:00,2.871,2.871,2.798,2.837,907949.1521277
2025-10-30 18:00:00,2.839,2.845,2.802,2.809,180677.18722241
2025-10-30 19:00:00,2.81,2.821,2.778,2.795,360338.47520471
2025-10-30 20:00:00,2.796,2.835,2.787,2.83,367819.84105946
2025-10-30 21:00:00,2.829,2.843,2.816,2.836,88545.50590891
2025-10-30 22:00:00,2.837,2.848,2.831,2.848,77093.14968766
2025-10-30 23:00:00,2.849,2.873,2.839,2.868,183322.38619331
2025-10-31 00:00:00,2.868,2.901,2.865,2.894,187741.43764194
2025-10-31 01:00:00,2.894,2.914,2.888,2.912,151737.62230562
2025-10-31 02:00:00,2.913,2.913,2.879,2.893,214417.22467395
2025-10-31 03:00:00,2.893,2.903,2.884,2.894,100153.54529254
2025-10-31 04:00:00,2.897,2.924,2.895,2.92,161458.18349358
2025-10-31 05:00:00,2.919,2.919,2.904,2.906,46500.15671817
2025-10-31 06:00:00,2.908,2.912,2.889,2.892,91447.86130074
2025-10-31 07:00:00,2.892,2.9,2.884,2.893,82430.72850694
2025-10-31 08:00:00,2.892,2.904,2.88,2.901,89136.10989404
2025-10-31 09:00:00,2.901,2.906,2.889,2.894,68654.67300432
2025-10-31 10:00:00,2.894,2.898,2.867,2.876,149900.04532706
2025-10-31 11:00:00,2.876,2.912,2.87,2.91,81653.19646682
2025-10-31 12:00:00,2.909,2.922,2.887,2.887,120605.16946656
2025-10-31 13:00:00,2.888,2.91,2.879,2.905,186123.0200495
2025-10-31 14:00:00,2.905,2.913,2.888,2.909,234537.96203208
2025-10-31 15:00:00,2.907,2.921,2.892,2.898,152492.02523186
2025-10-31 16:00:00,2.897,2.904,2.837,2.844,167360.74536175
2025-10-31 17:00:00,2.843,2.855,2.823,2.842,273622.5740442
2025-10-31 18:00:00,2.841,2.87,2.832,2.861,254038.84631871
2025-10-31 19:00:00,2.86,2.906,2.843,2.893,291807.46178212
2025-10-31 20:00:00,2.892,2.895,2.864,2.868,100400.6411754
2025-10-31 21:00:00,2.867,2.875,2.857,2.869,45722.13158392
2025-10-31 22:00:00,2.87,2.882,2.868,2.873,43600.09944972
2025-10-31 23:00:00,2.873,2.882,2.87,2.879,101225.25751937
2025-11-01 00:00:00,2.879,2.884,2.863,2.882,145917.95480833
2025-11-01 01:00:00,2.881,2.893,2.876,2.876,70900.5200738
2025-11-01 02:00:00,2.875,2.892,2.863,2.892,110174.74189534
2025-11-01 03:00:00,2.893,2.91,2.893,2.906,52144.31217039
2025-11-01 04:00:00,2.907,2.914,2.893,2.895,93826.20168105
2025-11-01 05:00:00,2.897,2.898,2.879,2.88,49034.57174186
2025-11-01 06:00:00,2.88,2.89,2.874,2.889,48006.89552249
2025-11-01 07:00:00,2.89,2.903,2.883,2.9,117651.35390784
2025-11-01 08:00:00,2.9,2.921,2.9,2.92,99085.0457072
2025-11-01 09:00:00,2.92,2.928,2.903,2.91,62092.40432897
2025-11-01 10:00:00,2.91,2.934,2.909,2.927,83984.41087822
2025-11-01 11:00:00,2.928,2.941,2.927,2.938,76869.19454795
2025-11-01 12:00:00,2.941,2.949,2.933,2.937,70957.11426604
2025-11-01 13:00:00,2.938,2.953,2.923,2.939,118019.15090192
2025-11-01 14:00:00,2.94,2.944,2.904,2.921,266283.71809324
2025-11-01 15:00:00,2.92,2.948,2.918,2.948,106761.55558508
2025-11-01 16:00:00,2.947,2.966,2.941,2.957,106994.81321957
2025-11-01 17:00:00,2.956,2.961,2.948,2.953,86294.95239055
2025-11-01 18:00:00,2.952,2.956,2.942,2.95,53181.3033032
2025-11-01 19:00:00,2.948,2.948,2.939,2.946,34815.24975749
2025-11-01 20:00:00,2.947,2.962,2.947,2.956,47683.92553067
2025-11-01 21:00:00,2.956,2.959,2.927,2.928,42987.31929552
2025-11-01 22:00:00,2.93,2.951,2.93,2.95,53962.55210746
2025-11-01 23:00:00,2.949,2.97,2.947,2.968,39472.80941527
2025-11-02 00:00:00,2.966,2.966,2.952,2.953,43335.64896227
2025-11-02 01:00:00,2.952,2.962,2.944,2.957,66561.86994561
2025-11-02 02:00:00,2.956,2.966,2.948,2.954,51395.0077497
2025-11-02 03:00:00,2.954,2.96,2.946,2.949,35883.40592164
2025-11-02 04:00:00,2.949,2.985,2.947,2.982,64581.03858675
2025-11-02 05:00:00,2.982,2.998,2.973,2.998,47757.08447383
2025-11-02 06:00:00,2.997,3.005,2.988,2.998,90972.68286963
2025-11-02 07:00:00,2.998,3.011,2.992,3.006,68403.30677708
2025-11-02 08:00:00,3.006,3.008,2.984,2.991,43215.86045548
2025-11-02 09:00:00,2.992,3.01,2.983,2.987,74443.05325661
2025-11-02 10:00:00,2.987,2.995,2.959,2.967,150649.49087898
2025-11-02 11:00:00,2.967,3.0,2.966,2.998,75454.65996077
2025-11-02 12:00:00,2.998,2.998,2.977,2.981,124328.43836314
2025-11-02 13:00:00,2.98,2.981,2.948,2.962,157427.04028122
2025-11-02 14:00:00,2.961,2.968,2.899,2.914,288101.93597541
2025-11-02 15:00:00,2.914,2.928,2.897,2.905,159629.53112457
2025-11-02 16:00:00,2.904,2.916,2.862,2.916,301274.2342143
2025-11-02 17:00:00,2.916,2.92,2.905,2.92,72176.37029474
2025-11-02 18:00:00,2.92,2.921,2.902,2.903,32512.91428381
2025-11-02 19:00:00,2.904,2.907,2.884,2.9,60982.25368794
2025-11-02 20:00:00,2.9,2.915,2.893,2.91,83544.00580831
2025-11-02 21:00:00,2.911,2.926,2.907,2.916,41326.20652254
2025-11-02 22:00:00,2.917,2.928,2.905,2.919,51185.59266535
2025-11-02 23:00:00,2.92,2.99,2.92,2.983,132214.08004491
2025-11-03 00:00:00,2.984,2.99,2.93,2.931,145788.22472773
2025-11-03 01:00:00,2.93,2.937,2.897,2.906,177455.06758922
2025-11-03 02:00:00,2.906,2.908,2.858,2.876,273715.84034582
2025-11-03 03:00:00,2.876,2.881,2.777,2.787,625476.336507
2025-11-03 04:00:00,2.785,2.801,2.757,2.799,345769.87004184
2025-11-03 05:00:00,2.8,2.821,2.773,2.775,237316.5220992
2025-11-03 06:00:00,2.775,2.784,2.72,2.756,476426.59428248
2025-11-03 07:00:00,2.755,2.779,2.738,2.765,244528.99128531
2025-11-03 08:00:00,2.765,2.78,2.746,2.771,179994.4162827
2025-11-03 09:00:00,2.771,2.802,2.752,2.754,292069.54711048
2025-11-03 10:00:00,2.754,2.772,2.719,2.729,257245.31755249
2025-11-03 11:00:00,2.73,2.774,2.73,2.758,217731.69975519
2025-11-03 12:00:00,2.759,2.781,2.752,2.756,192398.44882604
2025-11-03 13:00:00,2.754,2.775,2.741,2.762,171125.07046283
2025-11-03 14:00:00,2.763,2.792,2.749,2.773,194396.55294632
2025-11-03 15:00:00,2.773,2.778,2.429,2.578,4157928.66245445
2025-11-03 16:00:00,2.578,2.636,2.557,2.616,799544.48767341
2025-11-03 17:00:00,2.615,2.664,2.611,2.651,364030.94246295
2025-11-03 18:00:00,2.65,2.651,2.598,2.599,211998.62312235
2025-11-03 19:00:00,2.599,2.612,2.572,2.574,249804.98189401
2025-11-03 20:00:00,2.575,2.578,2.517,2.532,392159.17349014
2025-11-03 21:00:00,2.532,2.572,2.517,2.567,391943.99019217
2025-11-03 22:00:00,2.567,2.579,2.528,2.56,162913.83401659
2025-11-03 23:00:00,2.558,2.582,2.537,2.579,131728.63169558
2025-11-04 00:00:00,2.581,2.625,2.561,2.608,238537.48750177
2025-11-04 01:00:00,2.609,2.625,2.598,2.615,140322.94928138
2025-11-04 02:00:00,2.614,2.625,2.609,2.616,84514.65056335
2025-11-04 03:00:00,2.617,2.649,2.612,2.647,119056.11000544
2025-11-04 04:00:00,2.647,2.659,2.633,2.635,128885.772229
2025-11-04 05:00:00,2.632,2.636,2.501,2.509,673916.40202096
2025-11-04 06:00:00,2.508,2.596,2.507,2.555,424522.97056407
2025-11-04 07:00:00,2.554,2.563,2.513,2.53,369942.11004732
2025-11-04 08:00:00,2.529,2.583,2.516,2.565,337183.99369131
2025-11-04 09:00:00,2.565,2.597,2.555,2.595,186307.18952216
2025-11-04 10:00:00,2.595,2.607,2.586,2.604,177798.34656267
2025-11-04 11:00:00,2.605,2.634,2.6,2.607,158657.0884059
2025-11-04 12:00:00,2.606,2.607,2.569,2.578,135722.9180962
2025-11-04 13:00:00,2.577,2.587,2.555,2.575,189261.28233488
2025-11-04 14:00:00,2.574,2.642,2.554,2.627,397597.34728943
2025-11-04 15:00:00,2.629,2.649,2.589,2.597,405502.54310442
2025-11-04 16:00:00,2.596,2.616,2.538,2.548,481033.5489223
2025-11-04 17:00:00,2.546,2.555,2.453,2.526,1249814.85369531
2025-11-04 18:00:00,2.525,2.526,2.411,2.494,1376713.47570516
2025-11-04 19:00:00,2.494,2.517,2.449,2.453,410219.80091604
2025-11-04 20:00:00,2.454,2.479,2.337,2.444,1964845.75220752
2025-11-04 21:00:00,2.445,2.458,2.339,2.441,1446004.75228362
2025-11-04 22:00:00,2.442,2.517,2.428,2.505,650845.18668494
2025-11-04 23:00:00,2.506,2.525,2.499,2.505,311809.26403398
2025-11-05 00:00:00,2.505,2.516,2.461,2.476,245284.52716039
2025-11-05 01:00:00,2.477,2.478,2.38,2.468,549841.71999086
2025-11-05 02:00:00,2.472,2.557,2.472,2.554,351238.15490154
2025-11-05 03:00:00,2.554,2.573,2.54,2.566,209878.64747758
2025-11-05 04:00:00,2.566,2.577,2.547,2.562,223991.42094083
2025-11-05 05:00:00,2.563,2.58,2.557,2.563,168689.48953441
2025-11-05 06:00:00,2.562,2.574,2.544,2.574,126347.32918882
2025-11-05 07:00:00,2.575,2.585,2.548,2.584,211332.93042599
2025-11-05 08:00:00,2.583,2.583,2.533,2.554,228267.13348541
2025-11-05 09:00:00,2.551,2.576,2.546,2.566,183324.41515537
2025-11-05 10:00:00,2.566,2.571,2.533,2.536,156185.16530825
2025-11-05 11:00:00,2.536,2.606,2.535,2.603,187874.5352055
2025-11-05 12:00:00,2.603,2.617,2.588,2.599,221543.89769694
2025-11-05 13:00:00,2.6,2.628,2.584,2.613,135743.60163328
2025-11-05 14:00:00,2.612,2.617,2.572,2.6,294285.88335779
2025-11-05 15:00:00,2.601,2.632,2.593,2.632,301782.35406361
2025-11-05 16:00:00,2.63,2.637,2.596,2.634,238744.37534513
2025-11-05 17:00:00,2.633,2.643,2.62,2.633,172342.4184099
2025-11-05 18:00:00,2.634,2.653,2.63,2.635,180507.64866516
2025-11-05 19:00:00,2.637,2.643,2.621,2.639,197006.80860611
2025-11-05 20:00:00,2.637,2.665,2.636,2.651,210856.75511682
2025-11-05 21:00:00,2.651,2.653,2.633,2.65,88807.87919184
2025-11-05 22:00:00,2.652,2.674,2.639,2.666,127716.28350101
2025-11-05 23:00:00,2.666,2.674,2.657,2.667,124333.51994158
2025-11-06 00:00:00,2.667,2.677,2.644,2.654,185273.97020083
2025-11-06 01:00:00,2.653,2.653,2.613,2.639,103002.21843753
2025-11-06 02:00:00,2.64,2.68,2.614,2.663,198661.471016
2025-11-06 03:00:00,2.663,2.672,2.654,2.655,138975.5340003
2025-11-06 04:00:00,2.655,2.664,2.643,2.659,101771.69592118
2025-11-06 05:00:00,2.658,2.658,2.606,2.61,127324.76926947
2025-11-06 06:00:00,2.611,2.626,2.605,2.605,100600.67454195
2025-11-06 07:00:00,2.604,2.623,2.59,2.601,153472.30383111
2025-11-06 08:00:00,2.6,2.613,2.594,2.603,108840.61123837
2025-11-06 09:00:00,2.604,2.617,2.592,2.599,128723.15338559
2025-11-06 10:00:00,2.6,2.61,2.582,2.603,273793.23101491
2025-11-06 11:00:00,2.604,2.617,2.589,2.611,110727.24789101
2025-11-06 12:00:00,2.611,2.615,2.568,2.575,204156.53755788
2025-11-06 13:00:00,2.575,2.634,2.573,2.623,311567.45320341
2025-11-06 14:00:00,2.623,2.647,2.582,2.624,496829.10699603
2025-11-06 15:00:00,2.625,2.64,2.558,2.574,699656.95452962
2025-11-06 16:00:00,2.574,2.591,2.526,2.566,542703.76367474
2025-11-06 17:00:00,2.566,2.608,2.556,2.604,292103.4222225
2025-11-06 18:00:00,2.602,2.646,2.574,2.627,256784.07084467
2025-11-06 19:00:00,2.626,2.659,2.621,2.654,306543.82355364
2025-11-06 20:00:00,2.655,2.668,2.621,2.645,321475.66763844
2025-11-06 21:00:00,2.644,2.652,2.623,2.64,229462.12191461
2025-11-06 22:00:00,2.64,2.668,2.631,2.666,141675.5288828
2025-11-06 23:00:00,2.665,2.665,2.629,2.663,161611.88797815
2025-11-07 00:00:00,2.664,2.798,2.661,2.786,770964.03684039
2025-11-07 01:00:00,2.786,2.817,2.732,2.769,572516.15051284
2025-11-07 02:00:00,2.768,2.78,2.718,2.778,230360.24489878
2025-11-07 03:00:00,2.779,2.814,2.773,2.791,225701.43369035
2025-11-07 04:00:00,2.792,2.81,2.737,2.757,155979.56644611
2025-11-07 05:00:00,2.757,2.828,2.755,2.827,179987.69574688
2025-11-07 06:00:00,2.826,2.858,2.798,2.803,228841.11742419
2025-11-07 07:00:00,2.804,2.853,2.784,2.849,195101.53390093
2025-11-07 08:00:00,2.85,2.853,2.823,2.831,202284.88618634
2025-11-07 09:00:00,2.833,2.838,2.772,2.828,204360.10162488
2025-11-07 10:00:00,2.826,2.855,2.799,2.815,269542.12500111
2025-11-07 11:00:00,2.813,2.813,2.742,2.781,363619.66276932
2025-11-07 12:00:00,2.783,2.788,2.702,2.732,277313.45309711
2025-11-07 13:00:00,2.732,2.782,2.719,2.769,247882.13840144
2025-11-07 14:00:00,2.765,2.83,2.72,2.819,461954.77713873
2025-11-07 15:00:00,2.82,2.906,2.789,2.886,630520.73871765
2025-11-07 16:00:00,2.887,3.116,2.875,3.102,1275500.660099
2025-11-07 17:00:00,3.103,3.205,3.071,3.195,870029.01228076
2025-11-07 18:00:00,3.2,3.337,3.179,3.248,1055093.6981137
2025-11-07 19:00:00,3.248,3.287,3.216,3.26,547258.49255842
2025-11-07 20:00:00,3.26,3.277,3.191,3.203,251836.54420676
2025-11-07 21:00:00,3.201,3.274,3.196,3.26,180532.86601809
2025-11-07 22:00:00,3.26,3.275,3.222,3.261,119627.52308653
2025-11-07 23:00:00,3.261,3.291,3.207,3.249,218306.00581523
2025-11-08 00:00:00,3.25,3.309,3.188,3.19,343241.29381463
2025-11-08 01:00:00,3.194,3.398,3.186,3.377,415993.32414076
2025-11-08 02:00:00,3.375,3.523,3.374,3.436,596840.26703523
2025-11-08 03:00:00,3.435,3.465,3.363,3.367,307350.6587418
2025-11-08 04:00:00,3.367,3.437,3.367,3.418,210401.34010322
2025-11-08 05:00:00,3.416,3.434,3.298,3.325,637216.32160345
2025-11-08 06:00:00,3.326,3.344,3.254,3.281,664490.7419075
2025-11-08 07:00:00,3.281,3.289,3.215,3.251,285447.3593415
2025-11-08 08:00:00,3.251,3.309,3.226,3.291,199692.29996676
2025-11-08 09:00:00,3.291,3.291,3.211,3.222,171730.24803064
2025-11-08 10:00:00,3.222,3.241,3.204,3.237,236846.64527237
2025-11-08 11:00:00,3.236,3.283,3.232,3.274,221650.08721011
2025-11-08 12:00:00,3.273,3.282,3.236,3.277,153765.08559467
2025-11-08 13:00:00,3.279,3.286,3.229,3.229,219052.67475262
2025-11-08 14:00:00,3.229,3.256,3.153,3.185,542618.23506131
2025-11-08 15:00:00,3.186,3.197,3.114,3.123,310754.91298699
2025-11-08 16:00:00,3.123,3.168,3.08,3.15,372820.74593337
2025-11-08 17:00:00,3.15,3.227,3.145,3.204,286288.60016898
2025-11-08 18:00:00,3.205,3.227,3.189,3.207,209908.07328974
2025-11-08 19:00:00,3.205,3.206,3.137,3.16,233701.92076579
2025-11-08 20:00:00,3.159,3.225,3.144,3.195,260181.25846037
2025-11-08 21:00:00,3.195,3.202,3.174,3.198,108105.32004166
2025-11-08 22:00:00,3.199,3.225,3.195,3.214,134644.08028777
2025-11-08 23:00:00,3.214,3.249,3.212,3.247,69098.03558064
2025-11-09 00:00:00,3.245,3.293,3.219,3.25,209114.69509248
2025-11-09 01:00:00,3.249,3.303,3.245,3.268,178666.03027427
2025-11-09 02:00:00,3.266,3.276,3.179,3.193,265111.43623609
2025-11-09 03:00:00,3.193,3.208,3.124,3.129,321771.9553071
2025-11-09 04:00:00,3.131,3.166,3.11,3.114,174972.1014613
2025-11-09 05:00:00,3.114,3.114,3.083,3.102,182702.26623667
2025-11-09 06:00:00,3.102,3.138,3.087,3.135,85544.09424562
2025-11-09 07:00:00,3.135,3.161,3.125,3.142,99172.24147511
2025-11-09 08:00:00,3.143,3.143,3.106,3.11,60974.89042284
2025-11-09 09:00:00,3.113,3.131,3.06,3.066,148781.16054424
2025-11-09 10:00:00,3.065,3.082,3.033,3.081,256697.71589619
2025-11-09 11:00:00,3.08,3.171,3.08,3.144,268395.07189111
2025-11-09 12:00:00,3.142,3.164,3.127,3.139,152039.65465678
2025-11-09 13:00:00,3.139,3.218,3.126,3.193,210823.32766199
2025-11-09 14:00:00,3.192,3.244,3.168,3.204,413704.99442738
2025-11-09 15:00:00,3.203,3.265,3.199,3.236,255686.2675406
2025-11-09 16:00:00,3.235,3.248,3.19,3.213,244353.3312011
2025-11-09 17:00:00,3.215,3.216,3.161,3.173,152769.32660606
2025-11-09 18:00:00,3.173,3.243,3.152,3.233,255733.4230123
2025-11-09 19:00:00,3.234,3.237,3.201,3.224,98831.56508298
2025-11-09 20:00:00,3.222,3.222,3.179,3.19,81744.48570832
2025-11-09 21:00:00,3.189,3.201,3.181,3.188,74279.72123624
2025-11-09 22:00:00,3.189,3.227,3.176,3.216,62540.38408122
2025-11-09 23:00:00,3.216,3.247,3.197,3.228,133174.78563032
2025-11-10 00:00:00,3.227,3.269,3.198,3.235,192960.03297399
2025-11-10 01:00:00,3.235,3.261,3.209,3.212,129136.00256614
2025-11-10 02:00:00,3.212,3.234,3.198,3.225,88642.74946975
2025-11-10 03:00:00,3.226,3.27,3.226,3.255,101223.17367321
2025-11-10 04:00:00,3.255,3.262,3.216,3.234,91874.81507078
2025-11-10 05:00:00,3.235,3.248,3.212,3.241,71656.27520393
2025-11-10 06:00:00,3.245,3.278,3.234,3.255,138680.6877646
2025-11-10 07:00:00,3.255,3.265,3.221,3.254,207242.63285224
2025-11-10 08:00:00,3.255,3.26,3.204,3.226,169784.14402575
2025-11-10 09:00:00,3.227,3.272,3.193,3.264,198697.10566075
2025-11-10 10:00:00,3.265,3.277,3.212,3.224,79242.60138389
2025-11-10 11:00:00,3.224,3.261,3.222,3.252,53669.9102583
2025-11-10 12:00:00,3.252,3.271,3.224,3.234,59340.86804382
2025-11-10 13:00:00,3.233,3.312,3.233,3.281,111671.08115943
2025-11-10 14:00:00,3.28,3.287,3.16,3.185,360756.98811699
2025-11-10 15:00:00,3.184,3.238,3.153,3.167,259674.80396839
2025-11-10 16:00:00,3.167,3.183,3.121,3.142,340834.31349315
2025-11-10 17:00:00,3.141,3.206,3.139,3.193,223040.06357613
2025-11-10 18:00:00,3.194,3.219,3.184,3.189,50198.10055778
2025-11-10 19:00:00,3.187,3.249,3.181,3.221,109186.83586484
2025-11-10 20:00:00,3.22,3.261,3.22,3.24,161801.35692709
2025-11-10 21:00:00,3.24,3.241,3.197,3.234,116840.19918957
2025-11-10 22:00:00,3.234,3.304,3.19,3.292,127456.73922564
2025-11-10 23:00:00,3.292,3.295,3.249,3.262,126911.65854018
2025-11-11 00:00:00,3.263,3.274,3.212,3.244,103238.84132497
2025-11-11 01:00:00,3.245,3.383,3.245,3.257,434098.61292765
2025-11-11 02:00:00,3.257,3.337,3.242,3.305,304273.87066131
2025-11-11 03:00:00,3.304,3.325,3.292,3.31,109508.38418155
2025-11-11 04:00:00,3.309,3.32,3.246,3.251,133246.59632183
2025-11-11 05:00:00,3.25,3.25,3.194,3.205,207915.0481546
2025-11-11 06:00:00,3.204,3.22,3.187,3.203,149681.68556159
2025-11-11 07:00:00,3.201,3.202,3.144,3.146,280646.32217042
2025-11-11 08:00:00,3.145,3.174,3.129,3.16,199721.51469836
2025-11-11 09:00:00,3.157,3.186,3.146,3.147,126739.88714194
2025-11-11 10:00:00,3.147,3.168,3.146,3.158,158607.11177085
2025-11-11 11:00:00,3.159,3.2,3.153,3.165,356289.99963296
2025-11-11 12:00:00,3.165,3.187,3.152,3.173,111768.7405501
2025-11-11 13:00:00,3.174,3.207,3.163,3.166,137420.9522385
2025-11-11 14:00:00,3.167,3.217,3.15,3.215,155540.99477002
2025-11-11 15:00:00,3.214,3.215,3.174,3.186,199205.32817329
2025-11-11 16:00:00,3.186,3.216,3.172,3.195,134344.2500595
2025-11-11 17:00:00,3.197,3.22,3.165,3.194,152374.36433247
2025-11-11 18:00:00,3.193,3.201,3.151,3.161,182344.12073742
2025-11-11 19:00:00,3.159,3.163,3.117,3.124,350503.47364265
2025-11-11 20:00:00,3.125,3.132,3.076,3.088,260326.54866678
2025-11-11 21:00:00,3.088,3.112,3.06,3.072,235025.31687857
2025-11-11 22:00:00,3.071,3.117,3.053,3.109,90780.45047951
2025-11-11 23:00:00,3.11,3.11,3.038,3.051,155786.07478841
2025-11-12 00:00:00,3.052,3.077,3.033,3.038,132328.25575861
2025-11-12 01:00:00,3.037,3.085,3.035,3.067,109328.79024682
2025-11-12 02:00:00,3.067,3.081,3.036,3.066,142713.7967826
2025-11-12 03:00:00,3.065,3.09,3.061,3.085,80582.91209306
2025-11-12 04:00:00,3.087,3.091,3.05,3.083,256444.62828691
2025-11-12 05:00:00,3.084,3.097,3.074,3.082,54693.54635876
2025-11-12 06:00:00,3.082,3.102,3.077,3.078,30321.10270051
2025-11-12 07:00:00,3.077,3.086,3.052,3.057,82992.59683118
2025-11-12 08:00:00,3.057,3.126,3.057,3.11,131269.46547592
2025-11-12 09:00:00,3.111,3.144,3.109,3.13,114925.56499491
2025-11-12 10:00:00,3.132,3.138,3.105,3.109,136183.36783085
2025-11-12 11:00:00,3.108,3.117,3.084,3.089,97971.54892924
2025-11-12 12:00:00,3.09,3.11,3.071,3.083,98777.21442234
2025-11-12 13:00:00,3.083,3.117,3.07,3.115,148403.49954462
2025-11-12 14:00:00,3.114,3.119,3.011,3.05,302369.64285168
2025-11-12 15:00:00,3.05,3.072,2.939,2.962,447725.95954118
2025-11-12 16:00:00,2.961,2.969,2.894,2.904,448076.59474065
2025-11-12 17:00:00,2.904,2.951,2.886,2.938,176394.48309424
2025-11-12 18:00:00,2.938,2.943,2.91,2.91,133812.76176671
2025-11-12 19:00:00,2.909,2.915,2.873,2.898,146317.66662028
2025-11-12 20:00:00,2.897,2.938,2.891,2.924,94344.99779547
2025-11-12 21:00:00,2.923,2.936,2.919,2.929,69502.97302079
2025-11-12 22:00:00,2.927,2.938,2.912,2.936,47994.07118641
2025-11-12 23:00:00,2.934,2.934,2.912,2.923,37489.78802121
2025-11-13 00:00:00,2.923,2.945,2.913,2.929,33819.20285358
2025-11-13 01:00:00,2.927,2.974,2.926,2.959,196132.81659825
2025-11-13 02:00:00,2.959,2.969,2.946,2.95,43045.97105669
2025-11-13 03:00:00,2.95,3.008,2.907,2.986,240091.73247165
2025-11-13 04:00:00,2.985,3.008,2.966,2.995,164232.45366165
2025-11-13 05:00:00,2.995,3.031,2.975,3.02,107730.31029363
2025-11-13 06:00:00,3.023,3.043,3.014,3.021,86045.08401537
2025-11-13 07:00:00,3.021,3.022,2.969,2.973,148032.1089473
2025-11-13 08:00:00,2.977,3.0,2.97,2.985,149086.35125039
2025-11-13 09:00:00,2.987,2.989,2.951,2.966,160115.63654213
2025-11-13 10:00:00,2.97,2.998,2.967,2.975,75257.91687726
2025-11-13 11:00:00,2.975,3.002,2.974,2.995,112575.92243147
2025-11-13 12:00:00,2.996,3.005,2.985,3.002,71813.07100413
2025-11-13 13:00:00,3.002,3.009,2.971,2.989,128962.16282184
2025-11-13 14:00:00,2.989,3.043,2.954,3.022,254842.21536139
2025-11-13 15:00:00,3.021,3.033,2.93,2.969,251546.22620294
2025-11-13 16:00:00,2.966,2.979,2.905,2.911,204820.15422607
2025-11-13 17:00:00,2.913,2.931,2.852,2.856,376351.78353024
2025-11-13 18:00:00,2.857,2.86,2.791,2.822,697320.37882729
2025-11-13 19:00:00,2.823,2.848,2.774,2.792,217908.83477147
2025-11-13 20:00:00,2.789,2.811,2.755,2.787,334058.64215074
2025-11-13 21:00:00,2.786,2.8,2.758,2.781,161643.25433015
2025-11-13 22:00:00,2.779,2.852,2.776,2.848,258601.11009469
2025-11-13 23:00:00,2.848,2.874,2.834,2.849,116656.70117911
2025-11-14 00:00:00,2.849,2.88,2.827,2.839,131199.26518559
2025-11-14 01:00:00,2.839,2.859,2.828,2.833,144567.98948581
2025-11-14 02:00:00,2.834,2.866,2.834,2.852,87279.41219449
2025-11-14 03:00:00,2.851,2.865,2.835,2.851,148438.96069451
2025-11-14 04:00:00,2.852,2.853,2.745,2.821,583037.7648292
2025-11-14 05:00:00,2.82,2.882,2.82,2.878,369190.85858705
2025-11-14 06:00:00,2.879,2.916,2.838,2.914,434686.33320921
2025-11-14 07:00:00,2.912,2.918,2.878,2.887,234746.64690525
2025-11-14 08:00:00,2.888,2.892,2.849,2.862,354012.10809649
2025-11-14 09:00:00,2.86,2.868,2.815,2.824,289980.34531857
2025-11-14 10:00:00,2.824,2.864,2.824,2.859,131977.01482353
2025-11-14 11:00:00,2.858,2.859,2.819,2.832,184713.60222585
2025-11-14 12:00:00,2.83,2.834,2.76,2.827,676940.58942083
2025-11-14 13:00:00,2.827,2.845,2.797,2.828,276424.6577597
2025-11-14 14:00:00,2.827,2.885,2.792,2.861,385268.06423596
2025-11-14 15:00:00,2.861,2.893,2.839,2.853,238092.50009316
2025-11-14 16:00:00,2.854,2.888,2.844,2.877,167478.88309524
2025-11-14 17:00:00,2.876,2.888,2.836,2.851,124477.12731305
2025-11-14 18:00:00,2.85,2.884,2.842,2.846,155067.1671405
2025-11-14 19:00:00,2.846,2.891,2.841,2.878,312677.49382686
2025-11-14 20:00:00,2.88,2.882,2.789,2.806,245729.04325384
2025-11-14 21:00:00,2.807,2.855,2.794,2.855,252703.50415564
2025-11-14 22:00:00,2.853,2.879,2.835,2.846,113865.86448995
2025-11-14 23:00:00,2.843,2.843,2.767,2.809,256320.52436792
2025-11-15 00:00:00,2.809,2.848,2.807,2.841,105940.70879025
2025-11-15 01:00:00,2.84,2.876,2.825,2.869,130600.83229162
2025-11-15 02:00:00,2.868,2.885,2.857,2.884,79463.01352007
2025-11-15 03:00:00,2.884,2.901,2.878,2.88,133083.46746012
2025-11-15 04:00:00,2.881,2.896,2.869,2.87,56746.81296825
2025-11-15 05:00:00,2.871,2.9,2.867,2.897,56001.25565786
2025-11-15 06:00:00,2.897,2.944,2.893,2.924,154651.21361679
2025-11-15 07:00:00,2.923,2.923,2.904,2.911,42709.84661053
2025-11-15 08:00:00,2.911,2.913,2.851,2.86,135083.32326989
2025-11-15 09:00:00,2.859,2.888,2.852,2.861,104028.58422921
2025-11-15 10:00:00,2.861,2.885,2.851,2.884,55956.70798851
2025-11-15 11:00:00,2.885,2.892,2.844,2.853,189477.46237196
2025-11-15 12:00:00,2.853,2.894,2.844,2.89,74786.70814281
2025-11-15 13:00:00,2.89,2.925,2.888,2.904,182526.22740401
2025-11-15 14:00:00,2.905,2.905,2.868,2.872,134482.23494471
2025-11-15 15:00:00,2.87,2.879,2.86,2.864,108623.66856448
2025-11-15 16:00:00,2.862,2.866,2.836,2.866,202331.43018869
2025-11-15 17:00:00,2.866,2.887,2.856,2.878,91916.68017122
2025-11-15 18:00:00,2.878,2.887,2.862,2.866,70085.91695052
2025-11-15 19:00:00,2.867,2.87,2.853,2.859,41025.86814539
2025-11-15 20:00:00,2.859,2.863,2.836,2.837,58395.38706467
2025-11-15 21:00:00,2.835,2.868,2.816,2.822,292847.24387694
2025-11-15 22:00:00,2.822,2.848,2.819,2.847,52115.80286557
2025-11-15 23:00:00,2.846,2.846,2.826,2.828,42637.88576879
2025-11-16 00:00:00,2.828,2.834,2.799,2.82,200531.03981185
2025-11-16 01:00:00,2.818,2.825,2.779,2.813,111534.80984444
2025-11-16 02:00:00,2.81,2.859,2.805,2.856,98561.76952751
2025-11-16 03:00:00,2.858,2.874,2.848,2.866,70803.00464863
2025-11-16 04:00:00,2.869,2.87,2.847,2.857,73003.93543443
2025-11-16 05:00:00,2.857,2.878,2.857,2.86,52968.99285344
2025-11-16 06:00:00,2.858,2.874,2.853,2.855,68287.09807228
2025-11-16 07:00:00,2.854,2.873,2.85,2.873,44496.66429041
2025-11-16 08:00:00,2.875,2.877,2.85,2.863,32296.65740125
2025-11-16 09:00:00,2.861,2.891,2.855,2.891,151545.82722694
2025-11-16 10:00:00,2.891,2.893,2.88,2.885,63512.35298563
2025-11-16 11:00:00,2.885,2.89,2.814,2.82,147554.91082574
2025-11-16 12:00:00,2.817,2.839,2.805,2.829,128849.69184951
2025-11-16 13:00:00,2.828,2.836,2.789,2.803,151512.5453384
2025-11-16 14:00:00,2.805,2.831,2.797,2.825,73235.00415317
2025-11-16 15:00:00,2.823,2.826,2.766,2.772,279931.18138706
2025-11-16 16:00:00,2.772,2.787,2.715,2.727,476000.35789129
2025-11-16 17:00:00,2.726,2.739,2.691,2.73,418071.11016258
2025-11-16 18:00:00,2.729,2.794,2.718,2.73,272757.94416546
2025-11-16 19:00:00,2.73,2.773,2.73,2.739,152895.23162692
2025-11-16 20:00:00,2.738,2.768,2.732,2.747,47263.19460788
2025-11-16 21:00:00,2.744,2.747,2.712,2.744,116735.89313092
2025-11-16 22:00:00,2.743,2.783,2.718,2.769,142087.47854802
2025-11-16 23:00:00,2.771,2.8,2.718,2.779,427619.81713513
2025-11-17 00:00:00,2.78,2.836,2.769,2.823,218719.98849796
2025-11-17 01:00:00,2.825,2.825,2.788,2.793,80189.96004485
2025-11-17 02:00:00,2.795,2.814,2.787,2.812,98821.40756548
2025-11-17 03:00:00,2.813,2.837,2.812,2.82,122211.16929605
2025-11-17 04:00:00,2.82,2.83,2.809,2.81,86706.56010136
2025-11-17 05:00:00,2.811,2.816,2.804,2.81,46705.30441801
2025-11-17 06:00:00,2.811,2.831,2.802,2.83,63199.14834813
2025-11-17 07:00:00,2.83,2.838,2.821,2.829,81909.05250674
2025-11-17 08:00:00,2.828,2.835,2.82,2.822,45428.29122112
2025-11-17 09:00:00,2.823,2.835,2.81,2.811,134448.89982828
2025-11-17 10:00:00,2.811,2.822,2.805,2.808,43292.48426723
2025-11-17 11:00:00,2.808,2.839,2.806,2.827,44270.84835889
2025-11-17 12:00:00,2.828,2.828,2.815,2.82,35878.87006986
2025-11-17 13:00:00,2.822,2.823,2.734,2.756,229315.72981437
2025-11-17 14:00:00,2.755,2.862,2.742,2.805,462954.45074767
2025-11-17 15:00:00,2.806,2.819,2.759,2.767,187009.71092002
2025-11-17 16:00:00,2.769,2.791,2.712,2.79,298914.70737327
2025-11-17 17:00:00,2.791,2.794,2.707,2.714,112837.6542718
2025-11-17 18:00:00,2.715,2.739,2.668,2.69,333307.87108531
2025-11-17 19:00:00,2.69,2.702,2.636,2.648,510382.58638284
2025-11-17 20:00:00,2.647,2.669,2.622,2.655,293992.31743581
2025-11-17 21:00:00,2.655,2.675,2.623,2.65,164917.7694604
2025-11-17 22:00:00,2.652,2.678,2.641,2.664,95537.74253422
2025-11-17 23:00:00,2.664,2.665,2.644,2.66,71943.29118708
2025-11-18 00:00:00,2.662,2.678,2.611,2.674,193052.45699909
2025-11-18 01:00:00,2.674,2.693,2.668,2.683,87513.82573665
2025-11-18 02:00:00,2.683,2.732,2.652,2.686,295525.4432995
2025-11-18 03:00:00,2.686,2.744,2.654,2.733,379255.50230558
2025-11-18 04:00:00,2.733,2.75,2.698,2.747,274782.50420194
2025-11-18 05:00:00,2.747,2.759,2.721,2.73,201985.19516386
2025-11-18 06:00:00,2.73,2.734,2.704,2.71,127498.47978735
2025-11-18 07:00:00,2.709,2.728,2.696,2.72,141589.46440377
2025-11-18 08:00:00,2.72,2.75,2.718,2.74,127863.90361774
2025-11-18 09:00:00,2.74,2.746,2.714,2.722,291603.46087908
2025-11-18 10:00:00,2.722,2.727,2.704,2.725,50813.77856629
2025-11-18 11:00:00,2.724,2.725,2.699,2.708,55220.28814317
2025-11-18 12:00:00,2.709,2.718,2.689,2.709,107847.90491705
2025-11-18 13:00:00,2.71,2.71,2.682,2.702,99417.53586731
2025-11-18 14:00:00,2.702,2.742,2.694,2.699,277974.77254564
2025-11-18 15:00:00,2.696,2.767,2.684,2.747,281192.51701818
2025-11-18 16:00:00,2.745,2.799,2.736,2.784,276198.91589428
2025-11-18 17:00:00,2.784,2.789,2.752,2.766,242050.91939473
2025-11-18 18:00:00,2.767,2.798,2.766,2.778,229471.65951908
2025-11-18 19:00:00,2.779,2.797,2.769,2.778,135034.69742674
2025-11-18 20:00:00,2.778,2.784,2.76,2.76,35643.84597979
2025-11-18 21:00:00,2.76,2.765,2.73,2.731,60319.98548103
2025-11-18 22:00:00,2.731,2.774,2.731,2.766,42860.72099555
2025-11-18 23:00:00,2.766,2.767,2.745,2.751,37715.8505823
2025-11-19 00:00:00,2.751,2.751,2.714,2.746,98558.93445252
2025-11-19 01:00:00,2.745,2.759,2.731,2.743,95397.52696677
2025-11-19 02:00:00,2.745,2.763,2.739,2.746,49662.1783111
2025-11-19 03:00:00,2.746,2.75,2.707,2.712,86381.76269102
2025-11-19 04:00:00,2.712,2.718,2.696,2.698,80238.43736208
2025-11-19 05:00:00,2.697,2.7,2.636,2.657,221270.06915524
2025-11-19 06:00:00,2.657,2.684,2.65,2.683,87504.74696324
2025-11-19 07:00:00,2.682,2.709,2.677,2.705,72124.69746881
2025-11-19 08:00:00,2.704,2.72,2.697,2.7,108118.25282713
2025-11-19 09:00:00,2.7,2.711,2.686,2.709,168032.85362762
2025-11-19 10:00:00,2.709,2.727,2.705,2.712,62731.83716182
2025-11-19 11:00:00,2.711,2.716,2.699,2.702,40255.72311382
2025-11-19 12:00:00,2.701,2.725,2.696,2.725,80239.90831318
2025-11-19 13:00:00,2.726,2.728,2.693,2.693,85374.13969598
2025-11-19 14:00:00,2.693,2.702,2.667,2.697,301697.48156752
2025-11-19 15:00:00,2.698,2.734,2.638,2.641,359277.93772133
2025-11-19 16:00:00,2.641,2.662,2.601,2.612,230121.83599122
2025-11-19 17:00:00,2.612,2.624,2.559,2.608,433704.23736518
2025-11-19 18:00:00,2.607,2.617,2.564,2.585,310320.07936652
2025-11-19 19:00:00,2.587,2.603,2.575,2.589,105744.31095528
2025-11-19 20:00:00,2.589,2.631,2.581,2.628,300206.46564475
2025-11-19 21:00:00,2.628,2.681,2.62,2.676,340298.67429816
2025-11-19 22:00:00,2.675,2.676,2.649,2.659,53222.09251083
2025-11-19 23:00:00,2.659,2.695,2.659,2.688,90998.48117877
2025-11-20 00:00:00,2.687,2.688,2.666,2.67,86903.53701777
2025-11-20 01:00:00,2.671,2.691,2.668,2.688,109786.70634679
2025-11-20 02:00:00,2.688,2.705,2.686,2.701,111180.72870447
2025-11-20 03:00:00,2.701,2.71,2.696,2.7,57481.31326814
2025-11-20 04:00:00,2.701,2.732,2.695,2.731,209101.95839503
2025-11-20 05:00:00,2.732,2.737,2.715,2.717,92068.02196432
2025-11-20 06:00:00,2.718,2.722,2.705,2.716,55345.61908544
2025-11-20 07:00:00,2.717,2.739,2.712,2.735,79235.11059438
2025-11-20 08:00:00,2.736,2.746,2.731,2.746,50775.80548947
2025-11-20 09:00:00,2.746,2.766,2.742,2.754,92693.84062928
2025-11-20 10:00:00,2.755,2.758,2.733,2.754,72698.28815404
2025-11-20 11:00:00,2.753,2.759,2.741,2.753,32182.57143486
2025-11-20 12:00:00,2.751,2.795,2.748,2.793,257078.0654866
2025-11-20 13:00:00,2.794,2.816,2.775,2.779,301880.61653264
2025-11-20 14:00:00,2.778,2.802,2.742,2.786,310369.20459891
2025-11-20 15:00:00,2.785,2.786,2.715,2.719,208989.25629485
2025-11-20 16:00:00,2.719,2.72,2.577,2.591,936226.00740142
2025-11-20 17:00:00,2.59,2.604,2.537,2.552,760222.3626222
2025-11-20 18:00:00,2.552,2.574,2.518,2.524,400233.41625319
2025-11-20 19:00:00,2.522,2.555,2.501,2.55,399059.10734559
2025-11-20 20:00:00,2.549,2.555,2.519,2.536,216139.82235519
2025-11-20 21:00:00,2.535,2.588,2.535,2.571,242274.74105739
2025-11-20 22:00:00,2.571,2.617,2.569,2.59,168438.89674017
2025-11-20 23:00:00,2.59,2.593,2.531,2.538,300970.29050166
2025-11-21 00:00:00,2.538,2.571,2.532,2.566,94816.04131676
2025-11-21 01:00:00,2.567,2.588,2.554,2.571,100800.67949313
2025-11-21 02:00:00,2.57,2.571,2.507,2.515,285325.65782247
2025-11-21 03:00:00,2.514,2.559,2.513,2.534,148579.37846427
2025-11-21 04:00:00,2.533,2.538,2.495,2.534,187479.15887726
2025-11-21 05:00:00,2.534,2.542,2.511,2.517,105348.05320906
2025-11-21 06:00:00,2.518,2.523,2.497,2.508,132147.99912558
2025-11-21 07:00:00,2.507,2.516,2.216,2.396,2541806.09955314
2025-11-21 08:00:00,2.395,2.439,2.386,2.418,408896.00225348
2025-11-21 09:00:00,2.418,2.435,2.352,2.36,486776.20665976
2025-11-21 10:00:00,2.36,2.395,2.347,2.371,474291.47616519
2025-11-21 11:00:00,2.37,2.391,2.333,2.34,328622.66928337
2025-11-21 12:00:00,2.341,2.398,2.288,2.376,702750.18679635
2025-11-21 13:00:00,2.376,2.411,2.367,2.397,397775.00795978
2025-11-21 14:00:00,2.396,2.428,2.37,2.413,663542.85881382
2025-11-21 15:00:00,2.41,2.415,2.344,2.353,501921.95354173
2025-11-21 16:00:00,2.354,2.408,2.323,2.408,431653.64547761
2025-11-21 17:00:00,2.409,2.43,2.395,2.399,285100.09100937
2025-11-21 18:00:00,2.401,2.423,2.351,2.404,322001.97402244
2025-11-21 19:00:00,2.403,2.41,2.366,2.373,120973.57725362
2025-11-21 20:00:00,2.373,2.373,2.318,2.336,250037.85991534
2025-11-21 21:00:00,2.338,2.38,2.324,2.368,166746.20370575
2025-11-21 22:00:00,2.37,2.374,2.291,2.291,178154.4460398
2025-11-21 23:00:00,2.29,2.352,2.27,2.345,177408.19957213
2025-11-22 00:00:00,2.343,2.352,2.314,2.332,128985.67678469
2025-11-22 01:00:00,2.333,2.352,2.332,2.351,94537.90450107
2025-11-22 02:00:00,2.352,2.352,2.312,2.324,69991.18487556
2025-11-22 03:00:00,2.324,2.337,2.314,2.321,99406.45689907
2025-11-22 04:00:00,2.321,2.322,2.267,2.299,194019.10996336
2025-11-22 05:00:00,2.3,2.303,2.262,2.283,113144.65057469
2025-11-22 06:00:00,2.284,2.313,2.264,2.313,109142.25402991
2025-11-22 07:00:00,2.312,2.32,2.292,2.311,124131.59492359
2025-11-22 08:00:00,2.309,2.311,2.271,2.274,222466.05553169
2025-11-22 09:00:00,2.274,2.315,2.273,2.302,187814.67981252
2025-11-22 10:00:00,2.302,2.312,2.282,2.293,85815.2423325
2025-11-22 11:00:00,2.293,2.317,2.287,2.311,85559.67079177
2025-11-22 12:00:00,2.309,2.31,2.276,2.284,84031.43800564
2025-11-22 13:00:00,2.284,2.287,2.253,2.267,128368.22663968
2025-11-22 14:00:00,2.267,2.31,2.267,2.301,214734.35021454
2025-11-22 15:00:00,2.301,2.307,2.272,2.284,122014.7987242
2025-11-22 16:00:00,2.284,2.311,2.275,2.303,127729.07316492
2025-11-22 17:00:00,2.303,2.303,2.283,2.287,58423.47360221
2025-11-22 18:00:00,2.288,2.297,2.279,2.294,111887.03075711
2025-11-22 19:00:00,2.294,2.302,2.282,2.287,37021.1276501
2025-11-22 20:00:00,2.288,2.304,2.277,2.287,60844.93182898
2025-11-22 21:00:00,2.287,2.306,2.284,2.303,33745.00409692
2025-11-22 22:00:00,2.305,2.344,2.293,2.33,92427.00869144
2025-11-22 23:00:00,2.33,2.332,2.303,2.307,43432.99588268
2025-11-23 00:00:00,2.307,2.323,2.301,2.305,51680.64700137
2025-11-23 01:00:00,2.307,2.346,2.307,2.336,154020.60362421
2025-11-23 02:00:00,2.337,2.353,2.331,2.342,77296.18330389
2025-11-23 03:00:00,2.341,2.344,2.326,2.34,34383.78373309
2025-11-23 04:00:00,2.341,2.366,2.339,2.352,179286.64799267
2025-11-23 05:00:00,2.351,2.356,2.342,2.351,74280.77274301
2025-11-23 06:00:00,2.35,2.36,2.337,2.348,120232.26265757
2025-11-23 07:00:00,2.346,2.348,2.319,2.336,112368.85872079
2025-11-23 08:00:00,2.337,2.348,2.337,2.345,49009.00438691
2025-11-23 09:00:00,2.346,2.355,2.343,2.345,45315.65321821
2025-11-23 10:00:00,2.344,2.345,2.331,2.339,43586.62580534
2025-11-23 11:00:00,2.338,2.338,2.315,2.333,60206.21683127
2025-11-23 12:00:00,2.333,2.356,2.332,2.341,172832.63729028
2025-11-23 13:00:00,2.34,2.346,2.329,2.341,125945.93725712
2025-11-23 14:00:00,2.34,2.354,2.31,2.311,210522.56777396
2025-11-23 15:00:00,2.313,2.331,2.307,2.325,148791.22371886
2025-11-23 16:00:00,2.324,2.33,2.296,2.296,187413.16031976
2025-11-23 17:00:00,2.298,2.299,2.273,2.281,212530.28235688
2025-11-23 18:00:00,2.281,2.306,2.281,2.291,95051.87581258
2025-11-23 19:00:00,2.291,2.32,2.289,2.306,100904.30002649
2025-11-23 20:00:00,2.305,2.309,2.296,2.3,77671.77739906
2025-11-23 21:00:00,2.3,2.324,2.288,2.319,102373.4299285
2025-11-23 22:00:00,2.319,2.321,2.299,2.308,53413.73564588
2025-11-23 23:00:00,2.31,2.313,2.243,2.254,287415.55072623
2025-11-24 00:00:00,2.254,2.294,2.241,2.279,215419.40614212
2025-11-24 01:00:00,2.278,2.287,2.262,2.285,98793.45955899
2025-11-24 02:00:00,2.286,2.336,2.283,2.311,217208.27059016
2025-11-24 03:00:00,2.313,2.329,2.299,2.312,60284.42900075
2025-11-24 04:00:00,2.312,2.323,2.272,2.274,259717.82715895
2025-11-24 05:00:00,2.273,2.329,2.27,2.299,262666.13684907
2025-11-24 06:00:00,2.3,2.301,2.271,2.286,171948.3011988
2025-11-24 07:00:00,2.285,2.296,2.272,2.283,53710.29247883
2025-11-24 08:00:00,2.281,2.296,2.275,2.291,92430.30540417
2025-11-24 09:00:00,2.291,2.291,2.239,2.246,167518.44326889
2025-11-24 10:00:00,2.245,2.258,2.243,2.256,41570.7722858
2025-11-24 11:00:00,2.254,2.278,2.248,2.275,67135.30573693
2025-11-24 12:00:00,2.273,2.279,2.248,2.256,87400.35391028
2025-11-24 13:00:00,2.256,2.293,2.253,2.273,178227.20445921
2025-11-24 14:00:00,2.272,2.307,2.247,2.289,278928.69369005
2025-11-24 15:00:00,2.29,2.309,2.267,2.297,235722.7355944
2025-11-24 16:00:00,2.297,2.317,2.295,2.303,239502.65758726
2025-11-24 17:00:00,2.303,2.36,2.3,2.355,418329.74224088
2025-11-24 18:00:00,2.356,2.369,2.342,2.35,228220.44551932
2025-11-24 19:00:00,2.351,2.367,2.349,2.357,129487.41447963
2025-11-24 20:00:00,2.36,2.394,2.357,2.383,162673.1757699
2025-11-24 21:00:00,2.382,2.388,2.357,2.361,101020.24119005
2025-11-24 22:00:00,2.36,2.375,2.351,2.361,63415.01321632
2025-11-24 23:00:00,2.359,2.361,2.335,2.338,32235.80461317
2025-11-25 00:00:00,2.337,2.343,2.326,2.338,125027.30007655
2025-11-25 01:00:00,2.339,2.347,2.322,2.323,55628.72252061
2025-11-25 02:00:00,2.322,2.326,2.302,2.321,125435.20894467
2025-11-25 03:00:00,2.322,2.331,2.308,2.312,59985.56668492
2025-11-25 04:00:00,2.311,2.326,2.308,2.323,86965.39439276
2025-11-25 05:00:00,2.323,2.324,2.305,2.308,41875.88156481
2025-11-25 06:00:00,2.308,2.308,2.281,2.289,71534.28827752
2025-11-25 07:00:00,2.288,2.296,2.262,2.263,124320.91272601
2025-11-25 08:00:00,2.263,2.276,2.252,2.254,138891.63562998
2025-11-25 09:00:00,2.254,2.271,2.243,2.27,157637.03651379
2025-11-25 10:00:00,2.27,2.271,2.259,2.27,78108.30246997
2025-11-25 11:00:00,2.269,2.269,2.25,2.253,88757.98162789
2025-11-25 12:00:00,2.254,2.278,2.25,2.263,146530.54640142
2025-11-25 13:00:00,2.262,2.272,2.218,2.235,300724.68073667
2025-11-25 14:00:00,2.235,2.237,2.181,2.202,490230.1779294
2025-11-25 15:00:00,2.202,2.235,2.174,2.22,250217.92883785
2025-11-25 16:00:00,2.219,2.256,2.215,2.251,169935.42004535
2025-11-25 17:00:00,2.251,2.288,2.245,2.265,573776.94788958
2025-11-25 18:00:00,2.265,2.284,2.258,2.262,218173.14427617
2025-11-25 19:00:00,2.262,2.269,2.23,2.26,91996.05135192
2025-11-25 20:00:00,2.261,2.286,2.258,2.278,67251.87150833
2025-11-25 21:00:00,2.279,2.288,2.273,2.275,53122.58453002
2025-11-25 22:00:00,2.273,2.3,2.244,2.292,94070.01908821
2025-11-25 23:00:00,2.294,2.312,2.284,2.293,105851.706506
2025-11-26 00:00:00,2.295,2.302,2.285,2.287,66127.79491406
2025-11-26 01:00:00,2.286,2.305,2.279,2.289,40035.14769961
2025-11-26 02:00:00,2.289,2.294,2.283,2.284,51042.90878721
2025-11-26 03:00:00,2.283,2.289,2.262,2.265,51321.76432612
2025-11-26 04:00:00,2.265,2.27,2.259,2.263,60906.55581427
2025-11-26 05:00:00,2.263,2.29,2.262,2.288,43180.84123567
2025-11-26 06:00:00,2.286,2.301,2.279,2.297,55449.89828822
2025-11-26 07:00:00,2.295,2.313,2.292,2.309,176263.24175054
2025-11-26 08:00:00,2.31,2.315,2.289,2.289,54609.25612395
2025-11-26 09:00:00,2.288,2.29,2.261,2.265,230075.83053721
2025-11-26 10:00:00,2.266,2.273,2.253,2.269,48235.08104526
2025-11-26 11:00:00,2.268,2.268,2.252,2.258,83152.23103709
2025-11-26 12:00:00,2.259,2.262,2.237,2.251,180966.37074543
2025-11-26 13:00:00,2.25,2.269,2.249,2.267,101682.45852138
2025-11-26 14:00:00,2.266,2.289,2.256,2.26,161120.4771034
2025-11-26 15:00:00,2.26,2.274,2.244,2.258,148922.12477714
2025-11-26 16:00:00,2.258,2.294,2.257,2.279,163685.22094883
2025-11-26 17:00:00,2.28,2.35,2.271,2.347,513671.18454307
2025-11-26 18:00:00,2.348,2.368,2.336,2.365,216945.16172223
2025-11-26 19:00:00,2.366,2.366,2.352,2.359,67949.61404486
2025-11-26 20:00:00,2.359,2.359,2.341,2.351,53844.44976306
2025-11-26 21:00:00,2.351,2.369,2.341,2.357,57482.24875887
2025-11-26 22:00:00,2.357,2.363,2.346,2.349,48700.03518801
2025-11-26 23:00:00,2.349,2.352,2.338,2.342,75551.07321481
2025-11-27 00:00:00,2.341,2.345,2.328,2.336,170856.3214462
2025-11-27 01:00:00,2.336,2.352,2.332,2.345,77646.66798933
2025-11-27 02:00:00,2.344,2.358,2.335,2.336,119461.4797117
2025-11-27 03:00:00,2.335,2.339,2.312,2.313,62328.98593135
2025-11-27 04:00:00,2.313,2.33,2.313,2.327,65591.19536006
2025-11-27 05:00:00,2.326,2.331,2.312,2.316,89062.92472227
2025-11-27 06:00:00,2.316,2.34,2.316,2.337,93181.25421248
2025-11-27 07:00:00,2.336,2.336,2.324,2.328,70850.98351012
2025-11-27 08:00:00,2.327,2.34,2.315,2.339,38389.0147056
2025-11-27 09:00:00,2.339,2.35,2.332,2.333,68738.89451971
2025-11-27 10:00:00,2.332,2.334,2.322,2.334,37848.80237783
2025-11-27 11:00:00,2.334,2.338,2.325,2.327,41132.02400213
2025-11-27 12:00:00,2.327,2.329,2.306,2.309,55145.14343247
2025-11-27 13:00:00,2.313,2.325,2.31,2.321,42849.21829556
2025-11-27 14:00:00,2.32,2.331,2.315,2.331,29225.20635242
2025-11-27 15:00:00,2.331,2.349,2.321,2.344,69497.75350749
2025-11-27 16:00:00,2.345,2.373,2.341,2.369,70861.05266586
2025-11-27 17:00:00,2.368,2.374,2.361,2.367,142230.82030725
2025-11-27 18:00:00,2.368,2.382,2.363,2.376,67955.27559649
2025-11-27 19:00:00,2.376,2.379,2.363,2.377,40179.59806799
2025-11-27 20:00:00,2.378,2.38,2.368,2.375,39938.86659968
2025-11-27 21:00:00,2.374,2.387,2.369,2.374,70404.54013661
2025-11-27 22:00:00,2.373,2.374,2.332,2.34,91835.41623907
2025-11-27 23:00:00,2.338,2.345,2.327,2.334,62115.25869503
2025-11-28 00:00:00,2.333,2.342,2.329,2.336,37806.03561819
2025-11-28 01:00:00,2.334,2.335,2.301,2.302,159481.77130178
2025-11-28 02:00:00,2.302,2.313,2.289,2.309,157420.4493637
2025-11-28 03:00:00,2.309,2.319,2.307,2.314,81441.03566793
2025-11-28 04:00:00,2.314,2.322,2.309,2.31,55779.26453065
2025-11-28 05:00:00,2.307,2.319,2.303,2.317,75816.90005501
2025-11-28 06:00:00,2.316,2.316,2.299,2.305,53993.40237499
2025-11-28 07:00:00,2.304,2.329,2.303,2.315,202518.6833575
2025-11-28 08:00:00,2.316,2.375,2.316,2.37,259437.3556818
2025-11-28 09:00:00,2.37,2.375,2.345,2.346,113443.00494441
2025-11-28 10:00:00,2.347,2.348,2.339,2.343,38498.42091416
2025-11-28 11:00:00,2.341,2.342,2.304,2.318,165799.52357795
2025-11-28 12:00:00,2.317,2.323,2.313,2.318,40252.71925553
2025-11-28 13:00:00,2.317,2.353,2.309,2.34,180094.95019346
2025-11-28 14:00:00,2.34,2.353,2.321,2.331,278360.46818234
2025-11-28 15:00:00,2.333,2.363,2.326,2.348,139410.58899091
2025-11-28 16:00:00,2.349,2.349,2.297,2.3,171299.36068708
2025-11-28 17:00:00,2.3,2.303,2.271,2.284,301659.05177611
2025-11-28 18:00:00,2.284,2.296,2.258,2.288,249324.3271857
2025-11-28 19:00:00,2.288,2.303,2.284,2.297,100160.71423526
2025-11-28 20:00:00,2.295,2.299,2.285,2.294,151495.29592405
2025-11-28 21:00:00,2.294,2.298,2.281,2.281,27656.8447998
2025-11-28 22:00:00,2.279,2.298,2.275,2.297,77384.46897139
2025-11-28 23:00:00,2.298,2.3,2.282,2.282,22349.06971465
2025-11-29 00:00:00,2.282,2.289,2.279,2.287,58781.33960243
2025-11-29 01:00:00,2.287,2.297,2.282,2.285,39100.25668739
2025-11-29 02:00:00,2.285,2.289,2.273,2.279,42861.00724819
2025-11-29 03:00:00,2.278,2.285,2.273,2.274,41451.07471322
2025-11-29 04:00:00,2.273,2.289,2.27,2.288,39446.20645863
2025-11-29 05:00:00,2.287,2.288,2.278,2.279,19627.26591134
2025-11-29 06:00:00,2.279,2.285,2.257,2.268,97618.8958807
2025-11-29 07:00:00,2.267,2.275,2.265,2.268,38727.22367223
2025-11-29 08:00:00,2.267,2.27,2.261,2.265,24202.01236125
2025-11-29 09:00:00,2.266,2.272,2.264,2.269,57470.68160969
2025-11-29 10:00:00,2.268,2.274,2.251,2.273,88201.26450561
2025-11-29 11:00:00,2.272,2.281,2.271,2.275,43490.66612388
2025-11-29 12:00:00,2.275,2.279,2.26,2.26,44468.26114113
2025-11-29 13:00:00,2.258,2.268,2.257,2.262,16785.14055464
2025-11-29 14:00:00,2.262,2.262,2.247,2.254,121729.77495545
2025-11-29 15:00:00,2.256,2.274,2.256,2.269,54502.78645403
2025-11-29 16:00:00,2.268,2.27,2.257,2.264,57790.69186564
2025-11-29 17:00:00,2.264,2.266,2.235,2.238,94605.22409029
2025-11-29 18:00:00,2.238,2.248,2.226,2.245,123466.43049004
2025-11-29 19:00:00,2.244,2.248,2.239,2.241,14879.60747951
2025-11-29 20:00:00,2.242,2.256,2.237,2.255,112933.95366136
2025-11-29 21:00:00,2.256,2.262,2.245,2.26,45014.57825348
2025-11-29 22:00:00,2.26,2.26,2.249,2.251,26393.50938025
2025-11-29 23:00:00,2.251,2.26,2.245,2.256,14973.3011421
2025-11-30 00:00:00,2.256,2.267,2.255,2.255,25243.5700581
2025-11-30 01:00:00,2.254,2.265,2.253,2.258,38916.81882632
2025-11-30 02:00:00,2.259,2.269,2.259,2.26,23717.76385037
2025-11-30 03:00:00,2.26,2.27,2.243,2.27,54441.03766297
2025-11-30 04:00:00,2.271,2.272,2.258,2.26,14230.76618156
2025-11-30 05:00:00,2.258,2.258,2.247,2.253,36410.42080572
2025-11-30 06:00:00,2.254,2.266,2.249,2.259,24229.4000874
2025-11-30 07:00:00,2.26,2.264,2.258,2.264,14343.01755883
2025-11-30 08:00:00,2.263,2.274,2.255,2.263,57018.74786338
2025-11-30 09:00:00,2.264,2.272,2.262,2.27,31817.22140871
2025-11-30 10:00:00,2.27,2.271,2.262,2.264,77930.86791822
2025-11-30 11:00:00,2.264,2.27,2.253,2.254,42667.8852057
2025-11-30 12:00:00,2.253,2.274,2.247,2.268,64717.3859176
2025-11-30 13:00:00,2.269,2.291,2.267,2.286,133379.98214748
2025-11-30 14:00:00,2.286,2.287,2.264,2.266,59770.40467255
2025-11-30 15:00:00,2.266,2.266,2.254,2.259,27970.29847072
2025-11-30 16:00:00,2.259,2.286,2.258,2.283,45237.09363375
2025-11-30 17:00:00,2.282,2.282,2.269,2.276,47197.8763273
2025-11-30 18:00:00,2.276,2.279,2.268,2.277,40140.32679324
2025-11-30 19:00:00,2.277,2.279,2.265,2.268,21100.51734709
2025-11-30 20:00:00,2.269,2.278,2.258,2.265,25751.42070346
2025-11-30 21:00:00,2.264,2.265,2.249,2.26,91733.650785
2025-11-30 22:00:00,2.261,2.273,2.254,2.266,26586.59583012
2025-11-30 23:00:00,2.265,2.265,2.192,2.207,326444.37487028
2025-12-01 00:00:00,2.206,2.207,2.046,2.052,2023451.93714443
2025-12-01 01:00:00,2.049,2.091,2.041,2.072,284980.86738592
2025-12-01 02:00:00,2.071,2.084,2.059,2.062,239641.51112082
2025-12-01 03:00:00,2.061,2.062,2.04,2.046,239718.49991801
2025-12-01 04:00:00,2.046,2.051,2.002,2.007,754965.23100922
2025-12-01 05:00:00,2.008,2.035,2.007,2.025,197586.12602628
2025-12-01 06:00:00,2.025,2.032,2.014,2.017,97064.31123771
2025-12-01 07:00:00,2.017,2.036,2.012,2.036,111284.44945056
2025-12-01 08:00:00,2.036,2.051,2.034,2.046,169768.43283423
2025-12-01 09:00:00,2.045,2.052,2.037,2.042,253280.69915512
2025-12-01 10:00:00,2.044,2.054,2.044,2.048,72483.24678595
2025-12-01 11:00:00,2.047,2.048,2.027,2.035,154697.62877437
2025-12-01 12:00:00,2.035,2.037,1.996,2.03,426543.01254838
2025-12-01 13:00:00,2.028,2.041,2.015,2.024,273230.29451069
2025-12-01 14:00:00,2.025,2.049,2.02,2.023,177095.53625109
2025-12-01 15:00:00,2.025,2.025,1.959,1.995,753723.64749367
2025-12-01 16:00:00,1.995,2.001,1.975,1.983,489325.30107991
2025-12-01 17:00:00,1.983,2.0,1.98,1.984,246578.18619358
2025-12-01 18:00:00,1.985,2.008,1.985,2.002,211115.30655949
2025-12-01 19:00:00,2.001,2.002,1.986,1.993,138123.08125245
2025-12-01 20:00:00,1.993,2.024,1.993,2.015,194868.6524825
2025-12-01 21:00:00,2.015,2.036,2.014,2.029,164711.48648605
2025-12-01 22:00:00,2.029,2.042,2.028,2.031,121109.63668882
2025-12-01 23:00:00,2.031,2.046,2.031,2.039,91752.44314923
2025-12-02 00:00:00,2.04,2.045,2.033,2.038,61727.69647465
2025-12-02 01:00:00,2.039,2.062,2.034,2.035,80833.88361498
2025-12-02 02:00:00,2.034,2.045,2.029,2.038,39396.67238568
2025-12-02 03:00:00,2.038,2.055,2.028,2.053,41457.74117373
2025-12-02 04:00:00,2.053,2.059,2.045,2.046,43368.51685502
2025-12-02 05:00:00,2.046,2.054,2.045,2.054,21549.94343945
2025-12-02 06:00:00,2.054,2.072,2.051,2.07,56317.73254747
2025-12-02 07:00:00,2.07,2.07,2.062,2.065,48686.93485683
2025-12-02 08:00:00,2.064,2.066,2.042,2.048,137589.32391415
2025-12-02 09:00:00,2.047,2.061,2.047,2.058,32931.54821093
2025-12-02 10:00:00,2.057,2.089,2.057,2.08,67382.99179384
2025-12-02 11:00:00,2.08,2.12,2.078,2.092,275154.16651764
2025-12-02 12:00:00,2.093,2.094,2.078,2.083,44385.00286066
2025-12-02 13:00:00,2.083,2.112,2.076,2.108,139221.53155525
2025-12-02 14:00:00,2.109,2.148,2.107,2.141,314178.44716026
2025-12-02 15:00:00,2.143,2.25,2.143,2.244,630032.42605537
2025-12-02 16:00:00,2.245,2.281,2.243,2.276,309248.93783579
2025-12-02 17:00:00,2.276,2.283,2.246,2.246,182531.03058053
2025-12-02 18:00:00,2.246,2.26,2.238,2.242,134308.69608117
2025-12-02 19:00:00,2.242,2.247,2.229,2.231,58200.82672246
2025-12-02 20:00:00,2.232,2.26,2.222,2.26,326685.80145194
2025-12-02 21:00:00,2.26,2.263,2.245,2.254,57609.69529812
2025-12-02 22:00:00,2.253,2.264,2.252,2.262,53635.67353129
2025-12-02 23:00:00,2.262,2.262,2.243,2.248,25136.8077944
2025-12-03 00:00:00,2.248,2.265,2.245,2.262,55996.59364605
2025-12-03 01:00:00,2.262,2.274,2.258,2.27,53740.85903026
2025-12-03 02:00:00,2.271,2.303,2.27,2.286,157941.69914166
2025-12-03 03:00:00,2.286,2.295,2.281,2.289,63674.21828178
2025-12-03 04:00:00,2.288,2.318,2.287,2.318,91577.67010767
2025-12-03 05:00:00,2.315,2.329,2.31,2.312,154175.13423352
2025-12-03 06:00:00,2.312,2.327,2.287,2.302,201145.15205804
2025-12-03 07:00:00,2.302,2.302,2.29,2.291,101050.76582751
2025-12-03 08:00:00,2.291,2.306,2.289,2.305,80161.24986437
2025-12-03 09:00:00,2.306,2.309,2.293,2.309,34510.69337503
2025-12-03 10:00:00,2.309,2.311,2.287,2.29,47487.52490658
2025-12-03 11:00:00,2.29,2.298,2.285,2.294,100269.35808769
2025-12-03 12:00:00,2.294,2.3,2.273,2.279,145987.2531951
2025-12-03 13:00:00,2.278,2.292,2.277,2.284,91059.25011805
2025-12-03 14:00:00,2.286,2.312,2.24,2.281,387580.35910163
2025-12-03 15:00:00,2.281,2.304,2.278,2.299,123141.68478154
2025-12-03 16:00:00,2.3,2.304,2.283,2.294,57944.00288314
2025-12-03 17:00:00,2.294,2.334,2.294,2.328,157128.66409694
2025-12-03 18:00:00,2.327,2.334,2.303,2.309,76769.2237364
2025-12-03 19:00:00,2.309,2.325,2.308,2.324,38062.56816099
2025-12-03 20:00:00,2.324,2.341,2.316,2.326,66661.9941836
2025-12-03 21:00:00,2.327,2.36,2.325,2.359,93005.27562022
2025-12-03 22:00:00,2.358,2.387,2.343,2.384,307569.97309334
2025-12-03 23:00:00,2.383,2.397,2.359,2.363,154899.98271855
2025-12-04 00:00:00,2.364,2.369,2.341,2.346,122883.99232744
2025-12-04 01:00:00,2.345,2.373,2.341,2.346,133219.16285641
2025-12-04 02:00:00,2.347,2.358,2.345,2.356,68950.58841017
2025-12-04 03:00:00,2.356,2.362,2.339,2.339,23303.21539064
2025-12-04 04:00:00,2.339,2.343,2.332,2.339,35268.58001307
2025-12-04 05:00:00,2.341,2.342,2.325,2.338,152758.334584
2025-12-04 06:00:00,2.34,2.351,2.335,2.347,48017.39455583
2025-12-04 07:00:00,2.347,2.348,2.325,2.337,149775.13012128
2025-12-04 08:00:00,2.336,2.344,2.332,2.336,30722.53674138
2025-12-04 09:00:00,2.339,2.35,2.335,2.336,65635.81919035
2025-12-04 10:00:00,2.337,2.338,2.324,2.324,60216.67641068
2025-12-04 11:00:00,2.324,2.326,2.318,2.325,38159.680932
2025-12-04 12:00:00,2.324,2.331,2.315,2.32,119788.05699285
2025-12-04 13:00:00,2.321,2.329,2.315,2.317,76759.07568015
2025-12-04 14:00:00,2.316,2.334,2.301,2.307,154999.7727895
2025-12-04 15:00:00,2.307,2.335,2.307,2.326,177011.30083178
2025-12-04 16:00:00,2.327,2.34,2.309,2.312,150763.72648471
2025-12-04 17:00:00,2.312,2.313,2.287,2.309,70117.06257142
2025-12-04 18:00:00,2.308,2.314,2.285,2.289,45448.39292481
2025-12-04 19:00:00,2.289,2.297,2.244,2.29,373037.66630489
2025-12-04 20:00:00,2.289,2.301,2.276,2.296,33112.89296465
2025-12-04 21:00:00,2.295,2.299,2.274,2.276,31596.32019056
2025-12-04 22:00:00,2.277,2.29,2.275,2.285,73732.48224444
2025-12-04 23:00:00,2.284,2.285,2.269,2.271,27761.46496588
2025-12-05 00:00:00,2.271,2.288,2.269,2.276,20956.74873459
2025-12-05 01:00:00,2.275,2.289,2.275,2.283,30771.31069362
2025-12-05 02:00:00,2.282,2.305,2.278,2.297,77228.01558882
2025-12-05 03:00:00,2.297,2.299,2.281,2.286,39717.70517255
2025-12-05 04:00:00,2.285,2.291,2.252,2.263,148078.66310537
2025-12-05 05:00:00,2.263,2.268,2.256,2.263,21510.9608905
2025-12-05 06:00:00,2.264,2.275,2.264,2.272,38806.25142815
2025-12-05 07:00:00,2.271,2.285,2.27,2.28,25308.86533692
2025-12-05 08:00:00,2.28,2.282,2.262,2.268,75988.52704484
2025-12-05 09:00:00,2.267,2.268,2.234,2.239,137630.78074732
2025-12-05 10:00:00,2.238,2.255,2.236,2.245,46751.67391157
2025-12-05 11:00:00,2.245,2.249,2.222,2.234,78516.17581608
2025-12-05 12:00:00,2.232,2.239,2.229,2.235,53676.85384238
2025-12-05 13:00:00,2.234,2.242,2.207,2.214,120144.96959544
2025-12-05 14:00:00,2.215,2.221,2.183,2.189,237567.14569416
2025-12-05 15:00:00,2.19,2.243,2.19,2.205,424828.66028709
2025-12-05 16:00:00,2.205,2.206,2.111,2.133,969088.8762721
2025-12-05 17:00:00,2.133,2.143,2.108,2.127,213435.90713147
2025-12-05 18:00:00,2.124,2.139,2.092,2.092,232164.5266325
2025-12-05 19:00:00,2.092,2.13,2.083,2.123,211344.89788276
2025-12-05 20:00:00,2.121,2.122,2.103,2.108,63733.83841185
2025-12-05 21:00:00,2.109,2.123,2.108,2.116,76626.29687801
2025-12-05 22:00:00,2.117,2.124,2.107,2.116,55558.04807967
2025-12-05 23:00:00,2.115,2.135,2.103,2.123,84114.04726657
2025-12-06 00:00:00,2.123,2.125,2.106,2.125,36261.93921706
2025-12-06 01:00:00,2.123,2.125,2.108,2.109,15212.33211538
2025-12-06 02:00:00,2.11,2.118,2.104,2.117,29514.73048157
2025-12-06 03:00:00,2.117,2.126,2.113,2.119,24105.28349869
2025-12-06 04:00:00,2.118,2.119,2.104,2.107,63891.27419181
2025-12-06 05:00:00,2.108,2.109,2.103,2.107,19624.80592272
2025-12-06 06:00:00,2.106,2.112,2.099,2.101,30454.73938784
2025-12-06 07:00:00,2.102,2.108,2.097,2.102,30272.37730131
2025-12-06 08:00:00,2.103,2.106,2.085,2.087,38670.61197177
2025-12-06 09:00:00,2.087,2.102,2.086,2.1,37591.93845973
2025-12-06 10:00:00,2.099,2.103,2.093,2.096,31262.21307864
2025-12-06 11:00:00,2.095,2.108,2.094,2.105,25021.40299448
2025-12-06 12:00:00,2.105,2.106,2.1,2.102,11161.89473224
2025-12-06 13:00:00,2.102,2.114,2.1,2.11,14555.82335833
2025-12-06 14:00:00,2.11,2.139,2.107,2.129,168229.15559721
2025-12-06 15:00:00,2.131,2.133,2.114,2.117,63597.61769147
2025-12-06 16:00:00,2.118,2.145,2.118,2.135,106103.80299951
2025-12-06 17:00:00,2.134,2.151,2.133,2.151,109786.45855968
2025-12-06 18:00:00,2.15,2.163,2.146,2.152,48782.47406453
2025-12-06 19:00:00,2.152,2.154,2.123,2.127,114653.855576
2025-12-06 20:00:00,2.13,2.138,2.127,2.137,14941.67770686
2025-12-06 21:00:00,2.137,2.15,2.134,2.139,81490.47489165
2025-12-06 22:00:00,2.138,2.144,2.129,2.131,73108.9062063
2025-12-06 23:00:00,2.131,2.134,2.117,2.126,28579.95522966
2025-12-07 00:00:00,2.126,2.143,2.125,2.134,32605.02433439
2025-12-07 01:00:00,2.133,2.134,2.125,2.128,27088.31199111
2025-12-07 02:00:00,2.128,2.141,2.128,2.14,11267.96637491
2025-12-07 03:00:00,2.139,2.141,2.133,2.139,14912.04247883
2025-12-07 04:00:00,2.139,2.143,2.126,2.129,34802.98638012
2025-12-07 05:00:00,2.129,2.146,2.126,2.142,82987.23287123
2025-12-07 06:00:00,2.14,2.154,2.14,2.153,18772.97341114
2025-12-07 07:00:00,2.152,2.152,2.124,2.127,115449.59390577
2025-12-07 08:00:00,2.128,2.131,2.115,2.119,61366.98271022
2025-12-07 09:00:00,2.119,2.122,2.098,2.098,59523.96499283
2025-12-07 10:00:00,2.098,2.106,2.084,2.087,122890.65126209
2025-12-07 11:00:00,2.087,2.099,2.087,2.092,126672.22946112
2025-12-07 12:00:00,2.09,2.109,2.089,2.104,43431.40334277
2025-12-07 13:00:00,2.104,2.108,2.08,2.09,92237.57525749
2025-12-07 14:00:00,2.09,2.092,2.037,2.053,562277.3027324
2025-12-07 15:00:00,2.053,2.118,2.049,2.117,345081.60819248
2025-12-07 16:00:00,2.116,2.116,2.093,2.114,125065.7023638
2025-12-07 17:00:00,2.113,2.159,2.1,2.142,354033.32023008
2025-12-07 18:00:00,2.144,2.152,2.138,2.143,87925.98484728
2025-12-07 19:00:00,2.143,2.147,2.135,2.14,80188.86137856
2025-12-07 20:00:00,2.141,2.148,2.138,2.145,42719.2397056
2025-12-07 21:00:00,2.145,2.146,2.091,2.103,132518.33894946
2025-12-07 22:00:00,2.102,2.102,2.048,2.078,330076.69638192
2025-12-07 23:00:00,2.078,2.094,2.068,2.091,48127.68222804
2025-12-08 00:00:00,2.092,2.102,2.082,2.087,35545.09701065
2025-12-08 01:00:00,2.088,2.138,2.087,2.112,211898.99332006
2025-12-08 02:00:00,2.111,2.127,2.109,2.124,47049.63494115
2025-12-08 03:00:00,2.124,2.129,2.116,2.118,44711.00027784
2025-12-08 04:00:00,2.12,2.137,2.12,2.125,114536.07619064
2025-12-08 05:00:00,2.125,2.129,2.116,2.125,82215.49513031
2025-12-08 06:00:00,2.126,2.146,2.123,2.139,178871.8269347
2025-12-08 07:00:00,2.139,2.147,2.133,2.136,103189.39483551
2025-12-08 08:00:00,2.136,2.153,2.132,2.153,62359.58693433
2025-12-08 09:00:00,2.152,2.178,2.152,2.155,133597.72407411
2025-12-08 10:00:00,2.155,2.156,2.147,2.151,47915.89636724
2025-12-08 11:00:00,2.151,2.151,2.126,2.13,95803.77316399
2025-12-08 12:00:00,2.13,2.13,2.116,2.129,92710.53597576
2025-12-08 13:00:00,2.129,2.142,2.128,2.134,93594.6819739
2025-12-08 14:00:00,2.135,2.167,2.132,2.141,313362.3889138
2025-12-08 15:00:00,2.141,2.15,2.116,2.13,353082.4070833
2025-12-08 16:00:00,2.129,2.152,2.117,2.135,240050.45455936
2025-12-08 17:00:00,2.135,2.147,2.12,2.142,164944.25974408
2025-12-08 18:00:00,2.142,2.149,2.109,2.119,116019.18308796
2025-12-08 19:00:00,2.121,2.131,2.108,2.122,125804.6107861
2025-12-08 20:00:00,2.122,2.144,2.122,2.14,122421.8990235
2025-12-08 21:00:00,2.141,2.153,2.135,2.153,56319.33481875
2025-12-08 22:00:00,2.154,2.155,2.129,2.137,28023.2484328
2025-12-08 23:00:00,2.138,2.14,2.121,2.128,18265.22537481
2025-12-09 00:00:00,2.128,2.138,2.122,2.126,24670.35209072
2025-12-09 01:00:00,2.124,2.129,2.103,2.106,110435.9931517
2025-12-09 02:00:00,2.106,2.116,2.104,2.105,47509.84252411
2025-12-09 03:00:00,2.104,2.129,2.094,2.127,142829.04336989
2025-12-09 04:00:00,2.125,2.129,2.101,2.104,89488.7224036
2025-12-09 05:00:00,2.104,2.109,2.092,2.097,68784.7155176
2025-12-09 06:00:00,2.098,2.103,2.087,2.101,50873.03242671
2025-12-09 07:00:00,2.102,2.118,2.1,2.114,57195.76995498
2025-12-09 08:00:00,2.114,2.117,2.105,2.108,14994.6266555
2025-12-09 09:00:00,2.108,2.109,2.093,2.098,33687.75442218
2025-12-09 10:00:00,2.099,2.105,2.088,2.1,47660.73858777
2025-12-09 11:00:00,2.099,2.108,2.099,2.107,41994.57395118
2025-12-09 12:00:00,2.107,2.128,2.105,2.124,33242.31144326
2025-12-09 13:00:00,2.124,2.135,2.115,2.121,103023.31790985
2025-12-09 14:00:00,2.122,2.131,2.104,2.117,140583.22594591
2025-12-09 15:00:00,2.117,2.22,2.115,2.215,426701.67862028
2025-12-09 16:00:00,2.217,2.39,2.217,2.336,791957.90847057
2025-12-09 17:00:00,2.336,2.376,2.311,2.327,432834.88717207
2025-12-09 18:00:00,2.328,2.353,2.318,2.328,229961.0147191
2025-12-09 19:00:00,2.328,2.333,2.304,2.312,99886.40528238
2025-12-09 20:00:00,2.311,2.32,2.275,2.287,229535.88974698
2025-12-09 21:00:00,2.289,2.296,2.257,2.275,127806.98579647
2025-12-09 22:00:00,2.274,2.301,2.274,2.291,53349.06843706
2025-12-09 23:00:00,2.289,2.297,2.279,2.291,43130.90409472
2025-12-10 00:00:00,2.291,2.295,2.256,2.257,85454.83048406
2025-12-10 01:00:00,2.257,2.263,2.242,2.254,60372.8086327
2025-12-10 02:00:00,2.251,2.254,2.239,2.247,74315.05714316
2025-12-10 03:00:00,2.246,2.249,2.233,2.242,31148.42278367
2025-12-10 04:00:00,2.243,2.248,2.229,2.231,48339.40808459
2025-12-10 05:00:00,2.23,2.243,2.225,2.23,51031.24934159
2025-12-10 06:00:00,2.229,2.23,2.219,2.227,19700.49514799
2025-12-10 07:00:00,2.225,2.226,2.203,2.22,65974.74719516
2025-12-10 08:00:00,2.22,2.223,2.21,2.215,40661.00341424
2025-12-10 09:00:00,2.215,2.243,2.203,2.224,216570.70007576
2025-12-10 10:00:00,2.221,2.246,2.188,2.196,215620.91152409
2025-12-10 11:00:00,2.196,2.2,2.189,2.2,87416.92133796
2025-12-10 12:00:00,2.199,2.206,2.187,2.2,85646.52415151
2025-12-10 13:00:00,2.199,2.213,2.198,2.205,65794.94384027
2025-12-10 14:00:00,2.206,2.206,2.187,2.2,61433.69015276
2025-12-10 15:00:00,2.198,2.213,2.194,2.201,156187.14987373
2025-12-10 16:00:00,2.201,2.228,2.198,2.221,87259.30122262
2025-12-10 17:00:00,2.22,2.24,2.219,2.229,77990.52452128
2025-12-10 18:00:00,2.229,2.269,2.223,2.24,150000.73740074
2025-12-10 19:00:00,2.24,2.278,2.216,2.267,765109.10818751
2025-12-10 20:00:00,2.267,2.315,2.233,2.241,612863.23207474
2025-12-10 21:00:00,2.241,2.256,2.212,2.214,184688.52484528
2025-12-10 22:00:00,2.214,2.226,2.181,2.217,167614.07611266
2025-12-10 23:00:00,2.216,2.219,2.186,2.188,57744.33051015
2025-12-11 00:00:00,2.188,2.191,2.134,2.138,163346.48379633
2025-12-11 01:00:00,2.138,2.138,2.096,2.097,161691.08180691
2025-12-11 02:00:00,2.096,2.096,2.063,2.082,211472.67815131
2025-12-11 03:00:00,2.082,2.082,2.054,2.059,201064.76924221
2025-12-11 04:00:00,2.057,2.078,2.048,2.075,110680.17326053
2025-12-11 05:00:00,2.074,2.078,2.065,2.075,63116.19570363
2025-12-11 06:00:00,2.075,2.086,2.066,2.076,51578.75431181
2025-12-11 07:00:00,2.076,2.076,2.064,2.066,42518.24331531
2025-12-11 08:00:00,2.066,2.066,2.044,2.058,157997.12137808
2025-12-11 09:00:00,2.058,2.062,2.042,2.045,143115.46588309
2025-12-11 10:00:00,2.047,2.048,2.034,2.044,90747.59112928
2025-12-11 11:00:00,2.043,2.046,2.038,2.042,45208.5440972
2025-12-11 12:00:00,2.041,2.045,2.035,2.038,57333.6581742
2025-12-11 13:00:00,2.038,2.052,2.038,2.047,46932.46371287
2025-12-11 14:00:00,2.049,2.056,2.018,2.033,592877.06007688
2025-12-11 15:00:00,2.032,2.049,2.014,2.026,221703.59337135
2025-12-11 16:00:00,2.025,2.038,2.009,2.018,249689.40105884
2025-12-11 17:00:00,2.019,2.031,2.012,2.012,102636.21651453
2025-12-11 18:00:00,2.012,2.048,2.007,2.025,230382.84355793
2025-12-11 19:00:00,2.026,2.058,2.022,2.031,255511.26639515
2025-12-11 20:00:00,2.03,2.056,2.025,2.053,177157.69502788
2025-12-11 21:00:00,2.054,2.092,2.052,2.075,378621.91185004
2025-12-11 22:00:00,2.075,2.081,2.051,2.067,113346.28113527
2025-12-11 23:00:00,2.067,2.072,2.056,2.064,50760.97467231
2025-12-12 00:00:00,2.065,2.069,2.027,2.029,87974.57477603
2025-12-12 01:00:00,2.03,2.062,2.029,2.049,87676.48668511
2025-12-12 02:00:00,2.05,2.077,2.047,2.074,85181.86097961
2025-12-12 03:00:00,2.074,2.081,2.058,2.065,32759.58784134
2025-12-12 04:00:00,2.064,2.065,2.053,2.054,32646.33380767
2025-12-12 05:00:00,2.054,2.075,2.048,2.075,43664.4211028
2025-12-12 06:00:00,2.076,2.094,2.063,2.065,76280.57348011
2025-12-12 07:00:00,2.064,2.066,2.055,2.055,54043.95473547
2025-12-12 08:00:00,2.056,2.058,2.036,2.041,71622.19420001
2025-12-12 09:00:00,2.042,2.046,2.025,2.044,99110.76182148
2025-12-12 10:00:00,2.043,2.057,2.04,2.044,68908.96909804
2025-12-12 11:00:00,2.043,2.049,2.035,2.046,92955.7226717
2025-12-12 12:00:00,2.045,2.06,2.041,2.056,46984.5547493
2025-12-12 13:00:00,2.057,2.064,2.053,2.063,161021.65387144
2025-12-12 14:00:00,2.063,2.068,2.049,2.06,133543.35608437
2025-12-12 15:00:00,2.059,2.059,1.951,1.967,931940.24227924
2025-12-12 16:00:00,1.966,1.975,1.942,1.955,817143.96074011
2025-12-12 17:00:00,1.955,1.984,1.952,1.968,176744.25967484
2025-12-12 18:00:00,1.97,2.006,1.967,1.989,255837.93249895
2025-12-12 19:00:00,1.989,1.989,1.976,1.98,146507.27975287
2025-12-12 20:00:00,1.983,1.992,1.976,1.989,111129.48581067
2025-12-12 21:00:00,1.989,2.007,1.989,1.999,54735.95606895
2025-12-12 22:00:00,1.999,2.016,1.999,2.011,71897.35234357
2025-12-12 23:00:00,2.011,2.016,2.008,2.01,22027.95074594
2025-12-13 00:00:00,2.011,2.021,2.007,2.017,60779.37696624
2025-12-13 01:00:00,2.017,2.02,2.013,2.018,24861.10985684
2025-12-13 02:00:00,2.019,2.026,2.019,2.022,19718.11765459
2025-12-13 03:00:00,2.022,2.039,2.021,2.029,31435.25539519
2025-12-13 04:00:00,2.03,2.04,2.027,2.034,65507.17576762
2025-12-13 05:00:00,2.033,2.037,2.029,2.033,37375.30705939
2025-12-13 06:00:00,2.031,2.032,2.022,2.026,32460.41754537
2025-12-13 07:00:00,2.027,2.038,2.027,2.037,43858.61650597
2025-12-13 08:00:00,2.037,2.049,2.036,2.037,41283.98636438
2025-12-13 09:00:00,2.039,2.042,2.034,2.037,30440.51791417
2025-12-13 10:00:00,2.037,2.054,2.037,2.049,100186.38797801
2025-12-13 11:00:00,2.048,2.05,2.036,2.037,49574.31657968
2025-12-13 12:00:00,2.037,2.046,2.034,2.042,72811.64628436
2025-12-13 13:00:00,2.043,2.046,2.038,2.038,49352.78908791
2025-12-13 14:00:00,2.039,2.042,2.025,2.032,121151.48353547
2025-12-13 15:00:00,2.032,2.044,2.032,2.044,77413.59490312
2025-12-13 16:00:00,2.043,2.055,2.043,2.045,94762.63792997
2025-12-13 17:00:00,2.045,2.046,2.031,2.032,70607.69409304
2025-12-13 18:00:00,2.032,2.032,2.026,2.029,31421.23915715
2025-12-13 19:00:00,2.029,2.04,2.029,2.038,84351.58282427
2025-12-13 20:00:00,2.038,2.042,2.035,2.039,36753.7820753
2025-12-13 21:00:00,2.039,2.039,2.022,2.036,82892.79870252
2025-12-13 22:00:00,2.037,2.04,2.026,2.035,52712.17420966
2025-12-13 23:00:00,2.034,2.04,2.031,2.036,18160.35396852
2025-12-14 00:00:00,2.035,2.039,2.029,2.033,56706.30711991
2025-12-14 01:00:00,2.034,2.04,2.031,2.033,55380.88127556
2025-12-14 02:00:00,2.034,2.044,2.034,2.038,15374.20913535
2025-12-14 03:00:00,2.038,2.039,2.024,2.025,32132.9199173
2025-12-14 04:00:00,2.024,2.029,2.017,2.017,45828.53862594
2025-12-14 05:00:00,2.018,2.018,2.0,2.008,91570.40329754
2025-12-14 06:00:00,2.008,2.008,1.999,2.004,25664.55842253
2025-12-14 07:00:00,2.004,2.011,2.004,2.007,46843.2001369
2025-12-14 08:00:00,2.008,2.014,2.004,2.005,49926.6029443
2025-12-14 09:00:00,2.005,2.007,2.001,2.002,42539.60083466
2025-12-14 10:00:00,2.003,2.007,1.985,1.995,249887.50293795
2025-12-14 11:00:00,1.994,1.995,1.961,1.983,273790.06758869
2025-12-14 12:00:00,1.982,1.989,1.975,1.986,55134.73005267
2025-12-14 13:00:00,1.985,1.985,1.973,1.984,116960.98048536
2025-12-14 14:00:00,1.984,1.987,1.96,1.967,97712.19505006
2025-12-14 15:00:00,1.967,1.972,1.961,1.972,56571.03437633
2025-12-14 16:00:00,1.971,1.989,1.969,1.978,109965.44954826
2025-12-14 17:00:00,1.977,1.98,1.946,1.948,145945.69946031
2025-12-14 18:00:00,1.948,1.973,1.947,1.971,114050.65903321
2025-12-14 19:00:00,1.972,1.973,1.951,1.961,55732.32309796
2025-12-14 20:00:00,1.96,1.97,1.949,1.959,188502.70987412
2025-12-14 21:00:00,1.957,1.965,1.946,1.952,38372.75009214
2025-12-14 22:00:00,1.952,1.96,1.938,1.955,84408.4897929
2025-12-14 23:00:00,1.956,1.965,1.93,1.951,262125.01550904
2025-12-15 00:00:00,1.951,1.971,1.951,1.963,123294.62197578
2025-12-15 01:00:00,1.963,1.994,1.961,1.988,124615.2601179
2025-12-15 02:00:00,1.988,2.008,1.983,1.984,116124.93068062
2025-12-15 03:00:00,1.984,1.992,1.981,1.986,58681.83359966
2025-12-15 04:00:00,1.987,2.0,1.987,1.998,43611.4569671
2025-12-15 05:00:00,1.998,2.006,1.995,2.001,34603.15583343
2025-12-15 06:00:00,2.003,2.009,1.995,2.001,46704.8727727
2025-12-15 07:00:00,2.001,2.003,1.984,1.991,97007.17368517
2025-12-15 08:00:00,1.992,2.0,1.99,1.993,38807.94594562
2025-12-15 09:00:00,1.992,2.001,1.992,1.999,30522.37588804
2025-12-15 10:00:00,1.999,2.006,1.992,1.996,59917.44317353
2025-12-15 11:00:00,1.996,2.0,1.989,1.994,48956.87842985
2025-12-15 12:00:00,1.994,2.006,1.988,2.005,80852.00715873
2025-12-15 13:00:00,2.006,2.006,1.984,1.991,175028.84683835
2025-12-15 14:00:00,1.991,2.006,1.939,1.954,316528.52878577
2025-12-15 15:00:00,1.954,1.954,1.868,1.883,1162735.8205828
2025-12-15 16:00:00,1.882,1.888,1.849,1.866,384649.86790895
2025-12-15 17:00:00,1.865,1.869,1.846,1.85,182698.7550778
2025-12-15 18:00:00,1.849,1.863,1.828,1.862,376093.72892531
2025-12-15 19:00:00,1.862,1.884,1.862,1.872,197075.40874487
2025-12-15 20:00:00,1.871,1.874,1.854,1.861,129620.7015419
2025-12-15 21:00:00,1.863,1.885,1.859,1.884,72237.5997941
2025-12-15 22:00:00,1.883,1.892,1.877,1.891,73456.76830005
2025-12-15 23:00:00,1.892,1.902,1.891,1.9,83363.0043383
2025-12-16 00:00:00,1.899,1.903,1.877,1.877,84940.83563408
2025-12-16 01:00:00,1.878,1.894,1.877,1.888,47233.73551819
2025-12-16 02:00:00,1.888,1.897,1.881,1.889,58051.41764829
2025-12-16 03:00:00,1.89,1.893,1.872,1.89,76423.35355876
2025-12-16 04:00:00,1.891,1.893,1.861,1.883,90845.49206933
2025-12-16 05:00:00,1.883,1.89,1.88,1.883,33053.16936337
2025-12-16 06:00:00,1.883,1.902,1.882,1.899,69436.20520682
2025-12-16 07:00:00,1.898,1.899,1.871,1.876,62067.49961404
2025-12-16 08:00:00,1.875,1.895,1.875,1.886,86087.17563946
2025-12-16 09:00:00,1.888,1.89,1.882,1.884,49712.76654302
2025-12-16 10:00:00,1.885,1.941,1.883,1.919,169769.57149137
2025-12-16 11:00:00,1.919,1.928,1.914,1.923,126487.74389172
2025-12-16 12:00:00,1.923,1.925,1.912,1.916,99202.06278992
2025-12-16 13:00:00,1.915,1.935,1.883,1.884,229967.15355774
2025-12-16 14:00:00,1.884,1.915,1.871,1.899,236096.13755233
2025-12-16 15:00:00,1.9,1.925,1.884,1.918,296765.81529636
2025-12-16 16:00:00,1.918,1.921,1.896,1.906,152094.59611918
2025-12-16 17:00:00,1.905,1.914,1.89,1.891,123281.99355296
2025-12-16 18:00:00,1.892,1.916,1.888,1.907,112175.35889907
2025-12-16 19:00:00,1.907,1.91,1.889,1.903,75320.054891
2025-12-16 20:00:00,1.904,1.908,1.898,1.898,76164.47849403
2025-12-16 21:00:00,1.899,1.905,1.894,1.899,23588.35417002
2025-12-16 22:00:00,1.9,1.905,1.894,1.897,48987.01693972
2025-12-16 23:00:00,1.897,1.897,1.889,1.896,17161.70700093
2025-12-17 00:00:00,1.895,1.895,1.884,1.887,22703.39523599
2025-12-17 01:00:00,1.888,1.907,1.888,1.89,22193.4892808
2025-12-17 02:00:00,1.891,1.898,1.879,1.895,62430.91734452
2025-12-17 03:00:00,1.896,1.9,1.885,1.887,18804.14429543
2025-12-17 04:00:00,1.887,1.89,1.857,1.869,174169.90629224
2025-12-17 05:00:00,1.869,1.877,1.859,1.873,81702.9073708
2025-12-17 06:00:00,1.873,1.882,1.871,1.874,38990.83627387
2025-12-17 07:00:00,1.874,1.885,1.872,1.875,52972.84181218
2025-12-17 08:00:00,1.874,1.874,1.862,1.865,25126.55465861
2025-12-17 09:00:00,1.865,1.868,1.855,1.861,44492.72804753
2025-12-17 10:00:00,1.861,1.869,1.854,1.861,42903.1069137
2025-12-17 11:00:00,1.861,1.874,1.86,1.867,83415.73986371
2025-12-17 12:00:00,1.866,1.875,1.864,1.87,52592.23522496
2025-12-17 13:00:00,1.871,1.893,1.864,1.889,160827.69797314
2025-12-17 14:00:00,1.89,1.929,1.858,1.929,675946.73954917
2025-12-17 15:00:00,1.928,1.952,1.859,1.868,711290.3923056
2025-12-17 16:00:00,1.866,1.884,1.811,1.833,570213.17924261
2025-12-17 17:00:00,1.834,1.843,1.812,1.815,329944.7789046
2025-12-17 18:00:00,1.816,1.832,1.795,1.801,256417.2398668
2025-12-17 19:00:00,1.802,1.815,1.789,1.814,326827.05767652
2025-12-17 20:00:00,1.815,1.827,1.806,1.81,77589.53049109
2025-12-17 21:00:00,1.809,1.816,1.792,1.797,59060.38508277
2025-12-17 22:00:00,1.796,1.818,1.789,1.815,53439.48141875
2025-12-17 23:00:00,1.815,1.815,1.803,1.812,46514.9222974
2025-12-18 00:00:00,1.812,1.815,1.805,1.808,36977.5763601
2025-12-18 01:00:00,1.808,1.808,1.789,1.794,70471.65976722
2025-12-18 02:00:00,1.795,1.815,1.79,1.803,66425.26736817
2025-12-18 03:00:00,1.804,1.804,1.777,1.789,115142.16213729
2025-12-18 04:00:00,1.79,1.798,1.789,1.79,55466.50740017
2025-12-18 05:00:00,1.79,1.791,1.765,1.773,260163.24606173
2025-12-18 06:00:00,1.772,1.784,1.77,1.783,56221.66481107
2025-12-18 07:00:00,1.784,1.792,1.781,1.786,82907.31128359
2025-12-18 08:00:00,1.787,1.803,1.785,1.798,34765.50122433
2025-12-18 09:00:00,1.798,1.808,1.792,1.8,170984.9954801
2025-12-18 10:00:00,1.799,1.805,1.796,1.802,106092.05963976
2025-12-18 11:00:00,1.803,1.807,1.795,1.805,100974.5546118
2025-12-18 12:00:00,1.804,1.815,1.799,1.812,61210.00291383
2025-12-18 13:00:00,1.813,1.872,1.813,1.871,395359.05352844
2025-12-18 14:00:00,1.872,1.886,1.833,1.847,231356.79070277
2025-12-18 15:00:00,1.848,1.879,1.836,1.859,235806.65828739
2025-12-18 16:00:00,1.86,1.861,1.842,1.853,92876.60251507
2025-12-18 17:00:00,1.852,1.852,1.754,1.794,727267.66841063
2025-12-18 18:00:00,1.793,1.814,1.762,1.766,320034.2818138
2025-12-18 19:00:00,1.766,1.772,1.717,1.724,642303.29824288
2025-12-18 20:00:00,1.723,1.749,1.722,1.733,311649.41027973
2025-12-18 21:00:00,1.734,1.771,1.734,1.771,246088.57971602
2025-12-18 22:00:00,1.771,1.777,1.763,1.766,61236.60884469
2025-12-18 23:00:00,1.765,1.765,1.754,1.757,36027.09895407
2025-12-19 00:00:00,1.758,1.764,1.75,1.757,38964.49864392
2025-12-19 01:00:00,1.758,1.758,1.737,1.746,61271.96461763
2025-12-19 02:00:00,1.745,1.751,1.736,1.739,269286.52994733
2025-12-19 03:00:00,1.739,1.802,1.737,1.782,334777.96514669
2025-12-19 04:00:00,1.783,1.791,1.779,1.782,90688.66254704
2025-12-19 05:00:00,1.782,1.782,1.771,1.772,79547.67136022
2025-12-19 06:00:00,1.771,1.78,1.767,1.776,47204.20271179
2025-12-19 07:00:00,1.778,1.807,1.777,1.794,133117.64667601
2025-12-19 08:00:00,1.795,1.806,1.787,1.803,113764.85710809
2025-12-19 09:00:00,1.803,1.803,1.79,1.797,52089.30725664
2025-12-19 10:00:00,1.798,1.801,1.792,1.797,47668.58370377
2025-12-19 11:00:00,1.796,1.807,1.794,1.805,54357.68377885
2025-12-19 12:00:00,1.805,1.812,1.797,1.808,112765.36156876
2025-12-19 13:00:00,1.808,1.818,1.806,1.812,60342.13824781
2025-12-19 14:00:00,1.812,1.841,1.803,1.831,182253.84316353
2025-12-19 15:00:00,1.83,1.865,1.822,1.831,302759.82068666
2025-12-19 16:00:00,1.832,1.872,1.83,1.848,153363.23937913
2025-12-19 17:00:00,1.849,1.867,1.818,1.82,239881.82229491
2025-12-19 18:00:00,1.82,1.84,1.816,1.835,105478.92706298
2025-12-19 19:00:00,1.836,1.876,1.836,1.866,190332.87867105
2025-12-19 20:00:00,1.867,1.879,1.862,1.87,128885.94623943
2025-12-19 21:00:00,1.867,1.867,1.848,1.85,58254.28453274
2025-12-19 22:00:00,1.85,1.864,1.849,1.858,28179.66120493
2025-12-19 23:00:00,1.858,1.858,1.847,1.847,110617.46324062
2025-12-20 00:00:00,1.847,1.848,1.837,1.841,107942.23376074
2025-12-20 01:00:00,1.84,1.845,1.834,1.834,21955.44800061
2025-12-20 02:00:00,1.834,1.836,1.828,1.831,43078.34507849
2025-12-20 03:00:00,1.831,1.845,1.83,1.839,24538.43319892
2025-12-20 04:00:00,1.839,1.839,1.825,1.827,57413.48974494
2025-12-20 05:00:00,1.827,1.839,1.827,1.832,26754.62784334
2025-12-20 06:00:00,1.832,1.837,1.831,1.835,7341.00430584
2025-12-20 07:00:00,1.836,1.855,1.834,1.854,59829.91613115
2025-12-20 08:00:00,1.855,1.867,1.852,1.854,22692.71525402
2025-12-20 09:00:00,1.855,1.864,1.854,1.858,24172.44528322
2025-12-20 10:00:00,1.858,1.86,1.846,1.848,41023.16843459
2025-12-20 11:00:00,1.848,1.859,1.844,1.859,38026.35361244
2025-12-20 12:00:00,1.859,1.859,1.843,1.845,61709.46748278
2025-12-20 13:00:00,1.845,1.848,1.832,1.839,108445.12144508
2025-12-20 14:00:00,1.84,1.84,1.827,1.837,39329.60938601
2025-12-20 15:00:00,1.837,1.837,1.826,1.831,28095.34891765
2025-12-20 16:00:00,1.831,1.834,1.826,1.828,19039.6836913
2025-12-20 17:00:00,1.829,1.835,1.827,1.828,23034.60571785
2025-12-20 18:00:00,1.828,1.835,1.824,1.832,21344.93178381
2025-12-20 19:00:00,1.831,1.835,1.83,1.832,8575.0962578
2025-12-20 20:00:00,1.83,1.833,1.827,1.831,26501.36834739
2025-12-20 21:00:00,1.832,1.837,1.831,1.831,16478.59220715
2025-12-20 22:00:00,1.83,1.838,1.826,1.836,9594.83016864
2025-12-20 23:00:00,1.834,1.837,1.829,1.831,14657.31603976
2025-12-21 00:00:00,1.83,1.834,1.825,1.828,14944.72439954
2025-12-21 01:00:00,1.828,1.828,1.809,1.81,58354.9275935
2025-12-21 02:00:00,1.809,1.814,1.797,1.801,36591.90311628
2025-12-21 03:00:00,1.8,1.813,1.8,1.806,13905.40676145
2025-12-21 04:00:00,1.806,1.809,1.801,1.803,9852.11559584
2025-12-21 05:00:00,1.804,1.813,1.803,1.809,9735.69785526
2025-12-21 06:00:00,1.809,1.82,1.808,1.82,66715.24556805
2025-12-21 07:00:00,1.819,1.828,1.818,1.828,25134.86914411
2025-12-21 08:00:00,1.828,1.839,1.822,1.837,25436.01783124
2025-12-21 09:00:00,1.838,1.85,1.833,1.842,26508.87896171
2025-12-21 10:00:00,1.843,1.846,1.825,1.827,15031.18200596
2025-12-21 11:00:00,1.827,1.831,1.823,1.823,7923.01412172
2025-12-21 12:00:00,1.822,1.828,1.806,1.811,32914.66024518
2025-12-21 13:00:00,1.811,1.811,1.748,1.753,396125.37082424
2025-12-21 14:00:00,1.75,1.773,1.75,1.763,107004.92983676
2025-12-21 15:00:00,1.763,1.772,1.753,1.768,87386.88908365
2025-12-21 16:00:00,1.767,1.779,1.759,1.779,59862.65305198
2025-12-21 17:00:00,1.78,1.789,1.775,1.775,25393.6049375
2025-12-21 18:00:00,1.776,1.781,1.764,1.781,37712.01167433
2025-12-21 19:00:00,1.78,1.794,1.776,1.791,49988.53708461
2025-12-21 20:00:00,1.791,1.792,1.78,1.78,17681.56507186
2025-12-21 21:00:00,1.78,1.783,1.764,1.766,49523.92648494
2025-12-21 22:00:00,1.765,1.79,1.765,1.79,41874.41956106
2025-12-21 23:00:00,1.792,1.81,1.788,1.8,74846.65085989
2025-12-22 00:00:00,1.8,1.842,1.8,1.808,273127.02989804
2025-12-22 01:00:00,1.807,1.825,1.801,1.804,103283.39531855
2025-12-22 02:00:00,1.804,1.804,1.776,1.802,114347.50387025
2025-12-22 03:00:00,1.802,1.818,1.797,1.811,48619.51432214
2025-12-22 04:00:00,1.812,1.821,1.811,1.814,37078.54396747
2025-12-22 05:00:00,1.816,1.82,1.804,1.807,82973.29250637
2025-12-22 06:00:00,1.806,1.815,1.804,1.809,33693.13117926
2025-12-22 07:00:00,1.808,1.817,1.806,1.81,40033.88951284
2025-12-22 08:00:00,1.81,1.835,1.808,1.811,84548.67240588
2025-12-22 09:00:00,1.812,1.821,1.808,1.815,96391.68485874
2025-12-22 10:00:00,1.816,1.823,1.81,1.815,152424.67096465
2025-12-22 11:00:00,1.816,1.827,1.81,1.821,99193.05051261
2025-12-22 12:00:00,1.822,1.839,1.82,1.826,144856.2976375
2025-12-22 13:00:00,1.826,1.83,1.818,1.829,58331.79185987
2025-12-22 14:00:00,1.829,1.847,1.822,1.839,163110.09445999
2025-12-22 15:00:00,1.84,1.851,1.812,1.833,119364.06085935
2025-12-22 16:00:00,1.834,1.847,1.829,1.831,56260.60250026
2025-12-22 17:00:00,1.83,1.83,1.812,1.815,82334.94767607
2025-12-22 18:00:00,1.815,1.819,1.796,1.801,152907.35644157
2025-12-22 19:00:00,1.801,1.801,1.763,1.768,162944.86784372
2025-12-22 20:00:00,1.766,1.779,1.754,1.766,240755.29184365
2025-12-22 21:00:00,1.765,1.778,1.764,1.767,137639.64557578
2025-12-22 22:00:00,1.765,1.789,1.76,1.787,63497.46959268
2025-12-22 23:00:00,1.787,1.787,1.775,1.782,46529.40713336
2025-12-23 00:00:00,1.781,1.799,1.779,1.793,63327.95116153
2025-12-23 01:00:00,1.793,1.797,1.78,1.787,33637.02029532
2025-12-23 02:00:00,1.786,1.793,1.769,1.77,63382.05822804
2025-12-23 03:00:00,1.77,1.778,1.76,1.773,29265.00957792
2025-12-23 04:00:00,1.773,1.776,1.766,1.767,27900.82502443
2025-12-23 05:00:00,1.767,1.771,1.756,1.768,82265.0894864
2025-12-23 06:00:00,1.765,1.769,1.751,1.756,77649.3823784
2025-12-23 07:00:00,1.754,1.761,1.751,1.757,33306.01919188
2025-12-23 08:00:00,1.758,1.765,1.755,1.757,24441.81552392
2025-12-23 09:00:00,1.758,1.763,1.753,1.759,67209.69152738
2025-12-23 10:00:00,1.758,1.774,1.758,1.77,23396.35996943
2025-12-23 11:00:00,1.77,1.776,1.769,1.773,19889.30098836
2025-12-23 12:00:00,1.771,1.772,1.757,1.759,48605.55176939
2025-12-23 13:00:00,1.758,1.763,1.732,1.746,406142.60263065
2025-12-23 14:00:00,1.745,1.755,1.726,1.738,268420.77692649
2025-12-23 15:00:00,1.738,1.752,1.733,1.745,141851.95119456
2025-12-23 16:00:00,1.745,1.767,1.74,1.763,165360.58760248
2025-12-23 17:00:00,1.763,1.771,1.736,1.737,64906.24181838
2025-12-23 18:00:00,1.736,1.772,1.736,1.77,138488.19960842
2025-12-23 19:00:00,1.77,1.773,1.754,1.757,129980.41688588
2025-12-23 20:00:00,1.758,1.784,1.753,1.767,71624.03436272
2025-12-23 21:00:00,1.768,1.769,1.761,1.764,24870.99905319
2025-12-23 22:00:00,1.764,1.768,1.752,1.761,33265.74979355
2025-12-23 23:00:00,1.761,1.764,1.754,1.762,39180.79882574
2025-12-24 00:00:00,1.763,1.771,1.759,1.767,68987.40372042
2025-12-24 01:00:00,1.768,1.773,1.754,1.758,19527.01340588
2025-12-24 02:00:00,1.757,1.758,1.73,1.735,112481.47529677
2025-12-24 03:00:00,1.734,1.748,1.727,1.745,59920.58278787
2025-12-24 04:00:00,1.746,1.755,1.732,1.732,37517.857679
2025-12-24 05:00:00,1.732,1.736,1.715,1.722,177592.4742291
2025-12-24 06:00:00,1.723,1.728,1.715,1.726,35618.45342556
2025-12-24 07:00:00,1.726,1.73,1.721,1.721,35904.65819188
2025-12-24 08:00:00,1.72,1.725,1.713,1.717,63960.41246108
2025-12-24 09:00:00,1.718,1.726,1.718,1.721,42949.35614367
2025-12-24 10:00:00,1.721,1.728,1.721,1.721,38860.02794882
2025-12-24 11:00:00,1.722,1.732,1.722,1.725,31335.65538777
2025-12-24 12:00:00,1.724,1.737,1.722,1.735,60685.22328098
2025-12-24 13:00:00,1.735,1.735,1.721,1.726,84941.63691174
2025-12-24 14:00:00,1.728,1.735,1.703,1.72,157861.54890528
2025-12-24 15:00:00,1.721,1.734,1.71,1.73,104269.35203381
2025-12-24 16:00:00,1.729,1.742,1.718,1.731,176818.90104716
2025-12-24 17:00:00,1.731,1.735,1.717,1.718,61099.47358794
2025-12-24 18:00:00,1.718,1.724,1.715,1.719,68068.56373427
2025-12-24 19:00:00,1.719,1.728,1.714,1.727,52642.1468021
2025-12-24 20:00:00,1.727,1.735,1.727,1.727,58895.33637518
2025-12-24 21:00:00,1.727,1.73,1.724,1.73,25050.76295189
2025-12-24 22:00:00,1.729,1.745,1.727,1.74,30196.72563894
2025-12-24 23:00:00,1.741,1.742,1.729,1.735,22413.1475435
2025-12-25 00:00:00,1.736,1.742,1.729,1.731,47588.52122464
2025-12-25 01:00:00,1.731,1.742,1.73,1.738,29687.48269838
2025-12-25 02:00:00,1.738,1.75,1.734,1.749,72290.83787519
2025-12-25 03:00:00,1.749,1.749,1.742,1.744,42240.86871354
2025-12-25 04:00:00,1.744,1.745,1.74,1.742,13296.01511234
2025-12-25 05:00:00,1.743,1.743,1.737,1.737,21311.27173779
2025-12-25 06:00:00,1.737,1.741,1.734,1.74,38410.9154285
2025-12-25 07:00:00,1.74,1.74,1.732,1.734,89935.01619927
2025-12-25 08:00:00,1.734,1.742,1.731,1.734,98053.35890279
2025-12-25 09:00:00,1.734,1.734,1.727,1.728,23833.15914907
2025-12-25 10:00:00,1.727,1.727,1.701,1.705,151215.21405466
2025-12-25 11:00:00,1.703,1.714,1.701,1.71,133753.43966288
2025-12-25 12:00:00,1.708,1.718,1.708,1.718,27583.57839575
2025-12-25 13:00:00,1.718,1.724,1.713,1.718,24460.15588356
2025-12-25 14:00:00,1.718,1.719,1.703,1.707,94287.10521267
2025-12-25 15:00:00,1.708,1.735,1.705,1.731,300467.96996692
2025-12-25 16:00:00,1.732,1.737,1.726,1.732,59946.39208388
2025-12-25 17:00:00,1.732,1.733,1.726,1.728,53103.86473331
2025-12-25 18:00:00,1.728,1.735,1.726,1.73,122176.50910364
2025-12-25 19:00:00,1.73,1.732,1.728,1.731,26467.21619992
2025-12-25 20:00:00,1.732,1.732,1.725,1.73,81750.96972721
2025-12-25 21:00:00,1.731,1.732,1.73,1.731,52783.60794305
2025-12-25 22:00:00,1.73,1.732,1.706,1.717,148623.34977989
2025-12-25 23:00:00,1.717,1.717,1.675,1.681,312200.3571265
2025-12-26 00:00:00,1.681,1.686,1.649,1.657,385279.21195692
2025-12-26 01:00:00,1.657,1.687,1.657,1.685,94669.37678446
2025-12-26 02:00:00,1.685,1.751,1.685,1.74,434539.46788752
2025-12-26 03:00:00,1.741,1.746,1.728,1.735,112504.20665476
2025-12-26 04:00:00,1.736,1.74,1.725,1.735,68440.7430429
2025-12-26 05:00:00,1.736,1.74,1.729,1.733,77794.86541241
2025-12-26 06:00:00,1.733,1.742,1.728,1.731,48180.87453351
2025-12-26 07:00:00,1.73,1.739,1.71,1.715,63253.07086226
2025-12-26 08:00:00,1.715,1.722,1.708,1.713,57872.84883898
2025-12-26 09:00:00,1.713,1.716,1.708,1.716,60625.62343805
2025-12-26 10:00:00,1.717,1.718,1.709,1.716,33967.59879269
2025-12-26 11:00:00,1.715,1.715,1.702,1.712,153684.02428111
2025-12-26 12:00:00,1.712,1.723,1.712,1.722,45599.87370586
2025-12-26 13:00:00,1.722,1.73,1.719,1.727,39298.48278868
2025-12-26 14:00:00,1.728,1.729,1.692,1.7,266707.32488501
2025-12-26 15:00:00,1.699,1.708,1.681,1.704,173826.08971381
2025-12-26 16:00:00,1.706,1.709,1.689,1.69,90075.79165798
2025-12-26 17:00:00,1.691,1.711,1.691,1.702,126194.76576372
2025-12-26 18:00:00,1.703,1.711,1.703,1.706,38199.45665436
2025-12-26 19:00:00,1.706,1.72,1.706,1.718,74142.43512553
2025-12-26 20:00:00,1.718,1.73,1.714,1.724,41143.09080235
2025-12-26 21:00:00,1.725,1.726,1.717,1.718,47841.81266689
2025-12-26 22:00:00,1.718,1.726,1.718,1.726,34577.95861252
2025-12-26 23:00:00,1.727,1.727,1.72,1.72,36538.45216852
2025-12-27 00:00:00,1.721,1.728,1.721,1.724,44188.91024837
2025-12-27 01:00:00,1.726,1.736,1.721,1.736,49482.10518463
2025-12-27 02:00:00,1.736,1.748,1.733,1.744,77777.32399234
2025-12-27 03:00:00,1.744,1.772,1.744,1.761,109627.0601859
2025-12-27 04:00:00,1.762,1.763,1.745,1.745,38626.40731358
2025-12-27 05:00:00,1.746,1.753,1.746,1.753,44438.76492994
2025-12-27 06:00:00,1.753,1.755,1.75,1.752,33573.71439413
2025-12-27 07:00:00,1.752,1.756,1.747,1.749,26079.24420826
2025-12-27 08:00:00,1.75,1.75,1.744,1.745,21411.49887859
2025-12-27 09:00:00,1.745,1.746,1.741,1.742,58363.76613085
2025-12-27 10:00:00,1.742,1.748,1.733,1.748,21448.35272959
2025-12-27 11:00:00,1.748,1.765,1.748,1.763,34925.76217517
2025-12-27 12:00:00,1.764,1.77,1.76,1.768,54103.42917046
2025-12-27 13:00:00,1.768,1.773,1.761,1.765,28350.5334114
2025-12-27 14:00:00,1.765,1.773,1.764,1.772,71290.56686996
2025-12-27 15:00:00,1.773,1.822,1.771,1.799,332649.72933889
2025-12-27 16:00:00,1.799,1.821,1.799,1.8,304483.89411854
2025-12-27 17:00:00,1.801,1.819,1.795,1.815,122717.87987777
2025-12-27 18:00:00,1.816,1.846,1.816,1.83,248844.97105439
2025-12-27 19:00:00,1.83,1.842,1.82,1.832,110490.34710167
2025-12-27 20:00:00,1.832,1.849,1.832,1.842,120615.35027186
2025-12-27 21:00:00,1.843,1.881,1.841,1.879,167580.94723289
2025-12-27 22:00:00,1.879,1.891,1.855,1.872,118067.98728162
2025-12-27 23:00:00,1.872,1.926,1.868,1.908,497147.45246303
2025-12-28 00:00:00,1.908,1.912,1.884,1.884,57050.75658838
2025-12-28 01:00:00,1.884,1.886,1.871,1.882,58698.5738287
2025-12-28 02:00:00,1.88,1.885,1.875,1.875,27874.26273003
2025-12-28 03:00:00,1.873,1.88,1.867,1.869,25028.15221618
2025-12-28 04:00:00,1.869,1.882,1.866,1.878,39966.12281903
2025-12-28 05:00:00,1.878,1.891,1.876,1.888,28575.38583454
2025-12-28 06:00:00,1.887,1.891,1.881,1.887,50019.40795809
2025-12-28 07:00:00,1.885,1.893,1.884,1.889,27438.76427395
2025-12-28 08:00:00,1.889,1.896,1.886,1.887,44445.87852703
2025-12-28 09:00:00,1.887,1.888,1.877,1.88,33413.68021066
2025-12-28 10:00:00,1.88,1.89,1.878,1.885,30926.62193623
2025-12-28 11:00:00,1.885,1.89,1.874,1.879,26414.05468326
2025-12-28 12:00:00,1.879,1.879,1.867,1.869,57238.76790731
2025-12-28 13:00:00,1.869,1.877,1.869,1.875,59965.59586951
2025-12-28 14:00:00,1.875,1.883,1.871,1.879,24466.10911447
2025-12-28 15:00:00,1.878,1.886,1.872,1.875,43323.39341433
2025-12-28 16:00:00,1.876,1.876,1.867,1.872,51041.00632809
2025-12-28 17:00:00,1.872,1.879,1.872,1.874,24843.75696863
2025-12-28 18:00:00,1.874,1.876,1.84,1.842,164846.29390918
2025-12-28 19:00:00,1.842,1.845,1.832,1.84,123536.86742032
2025-12-28 20:00:00,1.84,1.844,1.835,1.836,25318.2107681
2025-12-28 21:00:00,1.836,1.841,1.833,1.839,41460.8837782
2025-12-28 22:00:00,1.839,1.845,1.825,1.841,65290.19825467
2025-12-28 23:00:00,1.842,1.849,1.835,1.848,46110.56225202
2025-12-29 00:00:00,1.847,1.866,1.841,1.858,84163.19068086
2025-12-29 01:00:00,1.858,1.877,1.844,1.866,99045.27723317
2025-12-29 02:00:00,1.867,1.883,1.856,1.865,148093.6320159
2025-12-29 03:00:00,1.867,1.896,1.864,1.895,105186.65867511
2025-12-29 04:00:00,1.894,1.902,1.887,1.888,101676.85431212
2025-12-29 05:00:00,1.889,1.898,1.882,1.89,58753.19235629
2025-12-29 06:00:00,1.89,1.896,1.885,1.89,61453.14293964
2025-12-29 07:00:00,1.89,1.891,1.87,1.886,133712.23673185
2025-12-29 08:00:00,1.886,1.889,1.87,1.873,52820.04446338
2025-12-29 09:00:00,1.872,1.876,1.84,1.852,109306.2824447
2025-12-29 10:00:00,1.85,1.865,1.85,1.858,82592.42800677
2025-12-29 11:00:00,1.858,1.859,1.844,1.844,117676.71613746
2025-12-29 12:00:00,1.844,1.851,1.813,1.834,229761.88460317
2025-12-29 13:00:00,1.833,1.837,1.82,1.825,44217.96071264
2025-12-29 14:00:00,1.823,1.855,1.822,1.835,206157.60480115
2025-12-29 15:00:00,1.835,1.869,1.833,1.853,165691.67239482
2025-12-29 16:00:00,1.854,1.856,1.832,1.844,102563.29598261
2025-12-29 17:00:00,1.844,1.854,1.835,1.845,104748.09354903
2025-12-29 18:00:00,1.844,1.849,1.829,1.834,82362.76903558
2025-12-29 19:00:00,1.834,1.846,1.829,1.837,83458.59507685
2025-12-29 20:00:00,1.837,1.845,1.828,1.832,75145.41182589
2025-12-29 21:00:00,1.83,1.838,1.829,1.832,61215.14259085
2025-12-29 22:00:00,1.831,1.836,1.825,1.833,70277.69238431
2025-12-29 23:00:00,1.832,1.833,1.819,1.821,38243.04099057
2025-12-30 00:00:00,1.821,1.826,1.799,1.81,114941.82410946
2025-12-30 01:00:00,1.81,1.813,1.802,1.807,46044.02610868
2025-12-30 02:00:00,1.807,1.81,1.794,1.801,70278.16308105
2025-12-30 03:00:00,1.801,1.81,1.789,1.808,83387.56949925
2025-12-30 04:00:00,1.808,1.812,1.802,1.802,34285.15806654
2025-12-30 05:00:00,1.802,1.807,1.793,1.799,62022.93653891
2025-12-30 06:00:00,1.799,1.817,1.799,1.812,30990.82549799
2025-12-30 07:00:00,1.811,1.816,1.808,1.809,30984.88453961
2025-12-30 08:00:00,1.81,1.838,1.81,1.827,103356.15008819
2025-12-30 09:00:00,1.827,1.83,1.819,1.826,77218.2399232
2025-12-30 10:00:00,1.827,1.831,1.821,1.824,69575.89649659
2025-12-30 11:00:00,1.821,1.824,1.817,1.822,40988.43391163
2025-12-30 12:00:00,1.822,1.83,1.819,1.819,21363.68195768
2025-12-30 13:00:00,1.819,1.824,1.815,1.815,39813.62565489
2025-12-30 14:00:00,1.815,1.832,1.796,1.825,296080.24228358
2025-12-30 15:00:00,1.825,1.844,1.806,1.84,172807.77487013
2025-12-30 16:00:00,1.841,1.845,1.823,1.83,114512.85501885
2025-12-30 17:00:00,1.831,1.832,1.818,1.825,57916.29438489
2025-12-30 18:00:00,1.824,1.828,1.814,1.817,62956.14841756
2025-12-30 19:00:00,1.817,1.828,1.806,1.827,103033.07058249
2025-12-30 20:00:00,1.827,1.827,1.814,1.815,28614.96920558
2025-12-30 21:00:00,1.815,1.818,1.808,1.812,56818.0248092
2025-12-30 22:00:00,1.811,1.816,1.805,1.81,41884.34619072
2025-12-30 23:00:00,1.81,1.814,1.808,1.809,27782.70105827
2025-12-31 00:00:00,1.808,1.809,1.798,1.808,47170.13152231
2025-12-31 01:00:00,1.808,1.833,1.807,1.824,88621.3594737
2025-12-31 02:00:00,1.824,1.827,1.818,1.822,22298.6619865
2025-12-31 03:00:00,1.822,1.824,1.809,1.811,14880.26105217
2025-12-31 04:00:00,1.811,1.817,1.809,1.813,13918.44866164
2025-12-31 05:00:00,1.813,1.818,1.81,1.811,22537.04755356
2025-12-31 06:00:00,1.81,1.813,1.806,1.811,13048.18317484
2025-12-31 07:00:00,1.811,1.813,1.804,1.807,28471.87341657
2025-12-31 08:00:00,1.807,1.814,1.802,1.804,42171.61289555
2025-12-31 09:00:00,1.805,1.811,1.805,1.81,18009.54638748
2025-12-31 10:00:00,1.809,1.811,1.801,1.804,27969.67947194
2025-12-31 11:00:00,1.805,1.821,1.805,1.821,63145.57708754
2025-12-31 12:00:00,1.821,1.822,1.809,1.812,33003.425609
2025-12-31 13:00:00,1.812,1.829,1.81,1.825,26435.87365539
2025-12-31 14:00:00,1.825,1.842,1.81,1.818,193088.74131609
2025-12-31 15:00:00,1.819,1.822,1.801,1.812,64763.16039223
2025-12-31 16:00:00,1.811,1.812,1.759,1.778,346833.76478297
2025-12-31 17:00:00,1.779,1.785,1.767,1.77,90796.19019242
2025-12-31 18:00:00,1.769,1.78,1.761,1.77,75449.52465527
2025-12-31 19:00:00,1.77,1.785,1.77,1.775,66800.63052897
2025-12-31 20:00:00,1.773,1.788,1.762,1.783,107425.75037691
2025-12-31 21:00:00,1.784,1.794,1.783,1.793,32515.19492474
2025-12-31 22:00:00,1.793,1.795,1.784,1.784,46440.0593618
2025-12-31 23:00:00,1.784,1.793,1.778,1.788,26231.67932228
2026-01-01 00:00:00,1.788,1.789,1.778,1.779,54524.07436138
2026-01-01 01:00:00,1.778,1.79,1.778,1.78,26085.82313384
2026-01-01 02:00:00,1.778,1.781,1.775,1.777,20595.01190538
2026-01-01 03:00:00,1.776,1.778,1.772,1.774,19314.3890312
2026-01-01 04:00:00,1.773,1.773,1.763,1.768,36729.39433817
2026-01-01 05:00:00,1.771,1.787,1.771,1.784,19423.48877248
2026-01-01 06:00:00,1.784,1.786,1.78,1.781,12600.61404309
2026-01-01 07:00:00,1.782,1.786,1.782,1.784,10814.5392781
2026-01-01 08:00:00,1.783,1.792,1.783,1.792,15423.85886448
2026-01-01 09:00:00,1.793,1.805,1.793,1.798,75923.49725859
2026-01-01 10:00:00,1.799,1.801,1.795,1.801,12767.29869188
2026-01-01 11:00:00,1.801,1.806,1.799,1.806,8094.18387292
2026-01-01 12:00:00,1.806,1.815,1.803,1.813,25021.01001673
2026-01-01 13:00:00,1.813,1.84,1.813,1.839,118250.09229723
2026-01-01 14:00:00,1.84,1.873,1.829,1.859,2610387.2929451
2026-01-01 15:00:00,1.859,1.901,1.857,1.891,354323.55010206
2026-01-01 16:00:00,1.891,1.915,1.891,1.902,475780.44785613
2026-01-01 17:00:00,1.904,1.942,1.904,1.941,157530.41593567
2026-01-01 18:00:00,1.942,1.977,1.937,1.973,232464.80293845
2026-01-01 19:00:00,1.973,2.002,1.955,1.999,215659.74077937
2026-01-01 20:00:00,1.999,2.011,1.977,1.987,181068.53237895
2026-01-01 21:00:00,1.987,2.006,1.976,2.0,144946.96348677
2026-01-01 22:00:00,2.001,2.029,1.988,2.018,150449.25426954
2026-01-01 23:00:00,2.018,2.023,1.993,1.995,117772.15621689
2026-01-02 00:00:00,1.996,2.005,1.986,1.992,64994.5682411
2026-01-02 01:00:00,1.993,1.999,1.985,1.993,41938.895736
2026-01-02 02:00:00,1.992,2.001,1.98,1.998,56809.9237113
2026-01-02 03:00:00,1.996,2.01,1.992,2.005,69395.92703976
2026-01-02 04:00:00,2.005,2.008,1.98,1.985,53506.69758437
2026-01-02 05:00:00,1.985,1.994,1.979,1.993,24521.08998291
2026-01-02 06:00:00,1.994,2.001,1.991,1.991,40145.4614536
2026-01-02 07:00:00,1.99,1.995,1.979,1.98,61699.38237707
2026-01-02 08:00:00,1.98,1.987,1.966,1.974,109377.66939321
2026-01-02 09:00:00,1.975,2.007,1.973,1.994,167594.1698827
2026-01-02 10:00:00,1.995,2.001,1.987,1.997,159218.91264144
2026-01-02 11:00:00,1.996,1.998,1.979,1.986,73170.62373613
2026-01-02 12:00:00,1.986,2.004,1.978,2.0,77418.74412529
2026-01-02 13:00:00,2.0,2.003,1.987,1.989,50722.7009509
2026-01-02 14:00:00,1.99,2.017,1.976,2.001,233449.66383981
2026-01-02 15:00:00,2.002,2.021,1.984,2.004,191685.48117578
2026-01-02 16:00:00,2.005,2.051,2.002,2.05,275599.68133715
2026-01-02 17:00:00,2.049,2.063,2.037,2.049,379304.97888697
2026-01-02 18:00:00,2.048,2.052,2.033,2.047,53219.99889281
2026-01-02 19:00:00,2.048,2.123,2.044,2.11,259866.69057415
2026-01-02 20:00:00,2.111,2.125,2.081,2.09,163579.24819757
2026-01-02 21:00:00,2.091,2.132,2.077,2.119,233931.06887314
2026-01-02 22:00:00,2.118,2.154,2.115,2.135,182956.28444616
2026-01-02 23:00:00,2.134,2.167,2.128,2.161,139517.41706237
2026-01-03 00:00:00,2.162,2.216,2.157,2.19,360415.72570433
2026-01-03 01:00:00,2.19,2.194,2.16,2.166,109235.91134685
2026-01-03 02:00:00,2.165,2.171,2.151,2.161,170656.00588677
2026-01-03 03:00:00,2.16,2.166,2.146,2.161,106975.13186381
2026-01-03 04:00:00,2.16,2.16,2.142,2.146,56181.06643601
2026-01-03 05:00:00,2.147,2.15,2.133,2.142,71706.94449803
2026-01-03 06:00:00,2.143,2.157,2.131,2.141,60701.96237007
2026-01-03 07:00:00,2.141,2.144,2.107,2.112,179199.40658367
2026-01-03 08:00:00,2.111,2.141,2.107,2.12,141225.51497405
2026-01-03 09:00:00,2.12,2.131,2.108,2.121,179276.70898605
2026-01-03 10:00:00,2.121,2.122,2.109,2.109,62126.91370648
2026-01-03 11:00:00,2.11,2.117,2.109,2.113,30928.78823342
2026-01-03 12:00:00,2.111,2.126,2.11,2.122,59428.11573515
2026-01-03 13:00:00,2.121,2.131,2.109,2.12,107360.48711043
2026-01-03 14:00:00,2.12,2.131,2.116,2.124,55445.62867233
2026-01-03 15:00:00,2.124,2.137,2.12,2.126,68715.35887127
2026-01-03 16:00:00,2.127,2.146,2.126,2.138,84613.32252324
2026-01-03 17:00:00,2.137,2.137,2.119,2.13,41483.56924808
2026-01-03 18:00:00,2.129,2.138,2.125,2.137,21528.84061476
2026-01-03 19:00:00,2.137,2.138,2.13,2.133,31595.23992908
2026-01-03 20:00:00,2.134,2.135,2.124,2.129,18349.31765773
2026-01-03 21:00:00,2.126,2.143,2.119,2.12,153703.07308649
2026-01-03 22:00:00,2.121,2.132,2.119,2.127,80495.336742
2026-01-03 23:00:00,2.126,2.128,2.121,2.123,47982.80275007
2026-01-04 00:00:00,2.122,2.145,2.12,2.128,76348.65016977
2026-01-04 01:00:00,2.128,2.129,2.114,2.126,32090.82235298
2026-01-04 02:00:00,2.125,2.132,2.119,2.122,34292.01087949
2026-01-04 03:00:00,2.124,2.139,2.124,2.127,44016.02894844
2026-01-04 04:00:00,2.127,2.138,2.125,2.132,38789.47401109
2026-01-04 05:00:00,2.133,2.144,2.131,2.144,17313.45564744
2026-01-04 06:00:00,2.143,2.155,2.117,2.122,121827.37449352
2026-01-04 07:00:00,2.122,2.141,2.121,2.136,43786.03175702
2026-01-04 08:00:00,2.133,2.138,2.121,2.134,81475.34719472
2026-01-04 09:00:00,2.134,2.15,2.126,2.144,79059.27569217
2026-01-04 10:00:00,2.144,2.152,2.141,2.142,61233.43608591
2026-01-04 11:00:00,2.141,2.155,2.133,2.154,62826.79225414
2026-01-04 12:00:00,2.153,2.177,2.15,2.157,116244.81903234
2026-01-04 13:00:00,2.156,2.161,2.146,2.16,60430.57086309
2026-01-04 14:00:00,2.159,2.163,2.148,2.159,51061.34236251
2026-01-04 15:00:00,2.159,2.165,2.153,2.163,44531.2951659
2026-01-04 16:00:00,2.164,2.177,2.162,2.176,71020.51942693
2026-01-04 17:00:00,2.175,2.177,2.158,2.163,64642.45339224
2026-01-04 18:00:00,2.164,2.165,2.136,2.146,88803.22896201
2026-01-04 19:00:00,2.145,2.145,2.117,2.135,157635.5797515
2026-01-04 20:00:00,2.135,2.141,2.13,2.137,38573.62581211
2026-01-04 21:00:00,2.137,2.151,2.129,2.134,59328.55160155
2026-01-04 22:00:00,2.135,2.149,2.133,2.145,44539.46489407
2026-01-04 23:00:00,2.146,2.158,2.133,2.142,25543.54876606
2026-01-05 00:00:00,2.14,2.154,2.12,2.138,149767.86475676
2026-01-05 01:00:00,2.138,2.172,2.125,2.157,272256.13660365
2026-01-05 02:00:00,2.158,2.167,2.134,2.148,115793.13847867
2026-01-05 03:00:00,2.148,2.156,2.137,2.152,61722.65806396
2026-01-05 04:00:00,2.151,2.153,2.112,2.136,107077.89442999
2026-01-05 05:00:00,2.135,2.14,2.123,2.124,54474.93382602
2026-01-05 06:00:00,2.124,2.131,2.105,2.128,53690.9234302
2026-01-05 07:00:00,2.127,2.148,2.122,2.145,44982.66439938
2026-01-05 08:00:00,2.144,2.151,2.121,2.123,144055.27092173
2026-01-05 09:00:00,2.122,2.123,2.106,2.112,69114.272462
2026-01-05 10:00:00,2.112,2.132,2.106,2.109,77045.67517033
2026-01-05 11:00:00,2.108,2.114,2.094,2.114,158163.95048557
2026-01-05 12:00:00,2.113,2.135,2.106,2.131,121991.38224016
2026-01-05 13:00:00,2.131,2.133,2.112,2.124,150585.25861918
2026-01-05 14:00:00,2.125,2.164,2.118,2.153,181499.50205164
2026-01-05 15:00:00,2.154,2.202,2.14,2.192,301508.74995439
2026-01-05 16:00:00,2.192,2.2,2.161,2.181,322112.18511524
2026-01-05 17:00:00,2.181,2.208,2.152,2.199,210799.73523353
2026-01-05 18:00:00,2.2,2.219,2.189,2.217,160354.25644494
2026-01-05 19:00:00,2.216,2.216,2.182,2.189,115868.98976353
2026-01-05 20:00:00,2.19,2.219,2.187,2.201,139394.47149117
2026-01-05 21:00:00,2.198,2.212,2.197,2.207,55442.89342561
2026-01-05 22:00:00,2.206,2.234,2.199,2.216,113042.34800744
2026-01-05 23:00:00,2.216,2.216,2.202,2.205,57211.77023689
2026-01-06 00:00:00,2.206,2.209,2.18,2.209,83446.588249
2026-01-06 01:00:00,2.209,2.237,2.198,2.201,99401.72703346
2026-01-06 02:00:00,2.201,2.214,2.194,2.201,36481.53515277
2026-01-06 03:00:00,2.2,2.227,2.199,2.219,50155.26443593
2026-01-06 04:00:00,2.218,2.222,2.209,2.21,100370.44432712
2026-01-06 05:00:00,2.209,2.225,2.204,2.209,53811.58006035
2026-01-06 06:00:00,2.209,2.243,2.196,2.232,141353.1227853
2026-01-06 07:00:00,2.231,2.232,2.177,2.185,88074.44072525
2026-01-06 08:00:00,2.185,2.204,2.182,2.187,50165.44842103
2026-01-06 09:00:00,2.186,2.2,2.184,2.185,55847.83134092
2026-01-06 10:00:00,2.184,2.208,2.181,2.205,101937.8178922
2026-01-06 11:00:00,2.205,2.222,2.203,2.217,75270.82054097
2026-01-06 12:00:00,2.216,2.246,2.216,2.237,120542.96259813
2026-01-06 13:00:00,2.237,2.237,2.219,2.224,124665.05174207
2026-01-06 14:00:00,2.224,2.261,2.205,2.217,407060.0187239
2026-01-06 15:00:00,2.216,2.236,2.179,2.195,257881.69835173
2026-01-06 16:00:00,2.196,2.202,2.144,2.165,355526.15891508
2026-01-06 17:00:00,2.161,2.184,2.114,2.118,443293.19009051
2026-01-06 18:00:00,2.117,2.159,2.112,2.154,162395.74439842
2026-01-06 19:00:00,2.155,2.157,2.144,2.147,56239.39771945
2026-01-06 20:00:00,2.147,2.177,2.147,2.169,55810.30986057
2026-01-06 21:00:00,2.17,2.227,2.162,2.223,184970.0721466
2026-01-06 22:00:00,2.223,2.232,2.203,2.218,141407.16093497
2026-01-06 23:00:00,2.218,2.241,2.218,2.232,119758.30013334
2026-01-07 00:00:00,2.231,2.235,2.188,2.192,81010.40816606
2026-01-07 01:00:00,2.193,2.2,2.177,2.182,39549.26279467
2026-01-07 02:00:00,2.181,2.193,2.172,2.189,74398.12813359
2026-01-07 03:00:00,2.189,2.202,2.181,2.187,17792.23769838
2026-01-07 04:00:00,2.188,2.206,2.186,2.192,58627.51404775
2026-01-07 05:00:00,2.192,2.211,2.191,2.192,38934.15357865
2026-01-07 06:00:00,2.192,2.199,2.186,2.19,17582.43631093
2026-01-07 07:00:00,2.189,2.237,2.189,2.237,98076.45722147
2026-01-07 08:00:00,2.236,2.246,2.215,2.234,123339.36857724
2026-01-07 09:00:00,2.233,2.233,2.176,2.18,176400.32087844
2026-01-07 10:00:00,2.178,2.188,2.175,2.182,88051.64390711
2026-01-07 11:00:00,2.178,2.195,2.177,2.195,56895.66511125
2026-01-07 12:00:00,2.195,2.195,2.17,2.173,67976.54506306
2026-01-07 13:00:00,2.174,2.186,2.163,2.164,111194.71738744
2026-01-07 14:00:00,2.163,2.169,2.127,2.163,281683.65459244
2026-01-07 15:00:00,2.164,2.164,2.124,2.133,192418.87460585
2026-01-07 16:00:00,2.132,2.151,2.127,2.139,78990.06103043
2026-01-07 17:00:00,2.14,2.169,2.136,2.149,53939.05530183
2026-01-07 18:00:00,2.149,2.167,2.141,2.148,108607.94935677
2026-01-07 19:00:00,2.149,2.154,2.126,2.142,80684.61482096
2026-01-07 20:00:00,2.142,2.145,2.12,2.131,42257.06076963
2026-01-07 21:00:00,2.131,2.138,2.128,2.129,27134.89794463
2026-01-07 22:00:00,2.128,2.148,2.122,2.131,36001.54228778
2026-01-07 23:00:00,2.126,2.155,2.116,2.141,52234.52145938
2026-01-08 00:00:00,2.141,2.152,2.134,2.148,26255.29216283
2026-01-08 01:00:00,2.148,2.153,2.14,2.148,46210.51032848
2026-01-08 02:00:00,2.147,2.153,2.127,2.131,44984.75174579
2026-01-08 03:00:00,2.131,2.145,2.113,2.117,46575.70625602
2026-01-08 04:00:00,2.116,2.141,2.114,2.134,35737.5180652
2026-01-08 05:00:00,2.134,2.148,2.129,2.13,24242.46080201
2026-01-08 06:00:00,2.132,2.133,2.091,2.092,96158.42390621
2026-01-08 07:00:00,2.093,2.128,2.078,2.124,256334.45369743
2026-01-08 08:00:00,2.125,2.138,2.106,2.108,58687.03622284
2026-01-08 09:00:00,2.11,2.119,2.089,2.094,75231.29623563
2026-01-08 10:00:00,2.093,2.126,2.08,2.123,136376.89299742
2026-01-08 11:00:00,2.123,2.125,2.104,2.119,68869.43368399
2026-01-08 12:00:00,2.12,2.122,2.092,2.098,65460.96813161
2026-01-08 13:00:00,2.099,2.103,2.084,2.101,46103.73148991
2026-01-08 14:00:00,2.101,2.122,2.085,2.118,222276.82821911
2026-01-08 15:00:00,2.117,2.154,2.106,2.152,156538.10100724
2026-01-08 16:00:00,2.153,2.156,2.121,2.144,115614.15286507
2026-01-08 17:00:00,2.147,2.149,2.127,2.145,49611.97136846
2026-01-08 18:00:00,2.144,2.147,2.111,2.112,133100.23738981
2026-01-08 19:00:00,2.116,2.128,2.108,2.111,82179.63214008
2026-01-08 20:00:00,2.112,2.112,2.09,2.104,54014.41183613
2026-01-08 21:00:00,2.104,2.12,2.1,2.117,28638.31840928
2026-01-08 22:00:00,2.117,2.127,2.103,2.116,20768.93874069
2026-01-08 23:00:00,2.117,2.121,2.107,2.107,7695.77804364
2026-01-09 00:00:00,2.107,2.114,2.093,2.101,75504.04552272
2026-01-09 01:00:00,2.102,2.122,2.08,2.093,205219.06579073
2026-01-09 02:00:00,2.092,2.11,2.087,2.089,64692.02401427
2026-01-09 03:00:00,2.088,2.107,2.085,2.107,68193.24884532
2026-01-09 04:00:00,2.108,2.111,2.097,2.1,36899.88562451
2026-01-09 05:00:00,2.1,2.105,2.092,2.103,27717.43180281
2026-01-09 06:00:00,2.102,2.113,2.099,2.111,36076.4852198
2026-01-09 07:00:00,2.111,2.111,2.101,2.101,31304.77821795
2026-01-09 08:00:00,2.101,2.102,2.058,2.07,220356.51586066
2026-01-09 09:00:00,2.07,2.093,2.068,2.079,135896.47930294
2026-01-09 10:00:00,2.079,2.085,2.073,2.078,41340.9036517
2026-01-09 11:00:00,2.079,2.086,2.075,2.077,24452.95468552
2026-01-09 12:00:00,2.076,2.08,2.045,2.053,159279.38707766
2026-01-09 13:00:00,2.052,2.081,2.052,2.066,224129.34553046
2026-01-09 14:00:00,2.066,2.068,2.045,2.058,274615.85060653
2026-01-09 15:00:00,2.057,2.135,2.048,2.101,380097.014237
2026-01-09 16:00:00,2.103,2.139,2.101,2.118,143352.36472806
2026-01-09 17:00:00,2.118,2.118,2.088,2.108,83477.18810821
2026-01-09 18:00:00,2.106,2.108,2.058,2.08,81049.31881005
2026-01-09 19:00:00,2.08,2.08,2.054,2.06,75395.22411725
2026-01-09 20:00:00,2.059,2.084,2.058,2.07,60772.55880745
2026-01-09 21:00:00,2.071,2.089,2.066,2.082,80275.2825783
2026-01-09 22:00:00,2.082,2.09,2.075,2.086,26065.97941973
2026-01-09 23:00:00,2.086,2.087,2.077,2.08,9019.46141155
2026-01-10 00:00:00,2.079,2.081,2.073,2.075,7472.8076368
2026-01-10 01:00:00,2.075,2.087,2.075,2.083,7412.76501872
2026-01-10 02:00:00,2.083,2.083,2.067,2.073,13738.32720954
2026-01-10 03:00:00,2.072,2.085,2.064,2.085,28139.14514851
2026-01-10 04:00:00,2.085,2.086,2.074,2.081,22070.8422457
2026-01-10 05:00:00,2.082,2.089,2.079,2.079,17229.42686333
2026-01-10 06:00:00,2.08,2.086,2.073,2.082,28890.47674014
2026-01-10 07:00:00,2.082,2.112,2.082,2.098,36511.82677158
2026-01-10 08:00:00,2.097,2.099,2.077,2.085,26911.63300527
2026-01-10 09:00:00,2.087,2.105,2.087,2.102,34218.19177288
2026-01-10 10:00:00,2.102,2.104,2.093,2.104,18046.28437177
2026-01-10 11:00:00,2.102,2.103,2.095,2.103,16765.74561978
2026-01-10 12:00:00,2.104,2.122,2.101,2.119,36253.58246444
2026-01-10 13:00:00,2.119,2.126,2.115,2.12,31951.56288393
2026-01-10 14:00:00,2.12,2.121,2.106,2.113,41152.59679517
2026-01-10 15:00:00,2.114,2.12,2.109,2.114,13537.05843769
2026-01-10 16:00:00,2.113,2.113,2.098,2.103,12689.43800272
2026-01-10 17:00:00,2.104,2.115,2.093,2.095,14839.34795579
2026-01-10 18:00:00,2.095,2.104,2.092,2.099,12137.26429238
2026-01-10 19:00:00,2.098,2.124,2.098,2.124,23213.473122
2026-01-10 20:00:00,2.125,2.126,2.11,2.111,18726.23776371
2026-01-10 21:00:00,2.111,2.111,2.097,2.098,17841.90372946
2026-01-10 22:00:00,2.098,2.102,2.08,2.08,33517.36097257
2026-01-10 23:00:00,2.081,2.092,2.081,2.087,9739.84296643
2026-01-11 00:00:00,2.087,2.09,2.081,2.089,13933.80339747
2026-01-11 01:00:00,2.087,2.092,2.086,2.092,13980.27399146
2026-01-11 02:00:00,2.092,2.098,2.09,2.091,14666.21050049
2026-01-11 03:00:00,2.091,2.097,2.089,2.097,2673.62846466
2026-01-11 04:00:00,2.096,2.102,2.09,2.101,16008.67419775
2026-01-11 05:00:00,2.101,2.104,2.097,2.101,12585.35417055
2026-01-11 06:00:00,2.102,2.107,2.095,2.106,12928.89722785
2026-01-11 07:00:00,2.106,2.113,2.104,2.113,34691.58967558
2026-01-11 08:00:00,2.112,2.115,2.105,2.11,32681.15551674
2026-01-11 09:00:00,2.109,2.114,2.107,2.111,16735.81217069
2026-01-11 10:00:00,2.11,2.112,2.102,2.103,19695.567711
2026-01-11 11:00:00,2.105,2.111,2.101,2.107,17167.16018466
2026-01-11 12:00:00,2.107,2.123,2.106,2.119,219885.02922648
2026-01-11 13:00:00,2.119,2.121,2.096,2.097,20704.99845513
2026-01-11 14:00:00,2.096,2.113,2.094,2.107,29096.38496981
2026-01-11 15:00:00,2.108,2.108,2.066,2.076,70155.50538477
2026-01-11 16:00:00,2.075,2.109,2.069,2.092,139193.97459366
2026-01-11 17:00:00,2.093,2.102,2.082,2.098,36452.09492287
2026-01-11 18:00:00,2.098,2.098,2.084,2.092,20032.51832538
2026-01-11 19:00:00,2.093,2.099,2.082,2.086,17297.49205522
2026-01-11 20:00:00,2.084,2.084,2.055,2.065,88819.55991235
2026-01-11 21:00:00,2.063,2.072,2.051,2.071,70968.89164141
2026-01-11 22:00:00,2.07,2.07,2.044,2.047,57738.7356376
2026-01-11 23:00:00,2.047,2.071,2.03,2.067,134200.243953
2026-01-12 00:00:00,2.066,2.079,2.044,2.076,176127.40422165
2026-01-12 01:00:00,2.076,2.102,2.071,2.095,90215.98631998
2026-01-12 02:00:00,2.096,2.14,2.094,2.136,112801.00053735
2026-01-12 03:00:00,2.136,2.15,2.112,2.112,78547.88204734
2026-01-12 04:00:00,2.112,2.132,2.109,2.128,41126.9928824
2026-01-12 05:00:00,2.128,2.132,2.114,2.117,44961.5396605
2026-01-12 06:00:00,2.118,2.119,2.095,2.098,41744.47404688
2026-01-12 07:00:00,2.099,2.113,2.059,2.059,124155.0472776
2026-01-12 08:00:00,2.059,2.077,2.029,2.047,125547.34250233
2026-01-12 09:00:00,2.047,2.055,2.041,2.047,39121.6993366
2026-01-12 10:00:00,2.048,2.057,2.041,2.044,35689.27455379
2026-01-12 11:00:00,2.044,2.06,2.044,2.054,110649.78351803
2026-01-12 12:00:00,2.054,2.06,2.045,2.047,56903.4559777
2026-01-12 13:00:00,2.046,2.051,2.027,2.032,64800.34247668
2026-01-12 14:00:00,2.031,2.065,2.016,2.056,211477.27159881
2026-01-12 15:00:00,2.057,2.087,2.048,2.084,101264.91014764
2026-01-12 16:00:00,2.085,2.112,2.078,2.084,135643.79419858
2026-01-12 17:00:00,2.085,2.093,2.051,2.069,93902.46410028
2026-01-12 18:00:00,2.07,2.085,2.06,2.067,57792.98466881
2026-01-12 19:00:00,2.066,2.074,2.058,2.071,37513.40613818
2026-01-12 20:00:00,2.07,2.081,2.053,2.055,55136.28270114
2026-01-12 21:00:00,2.055,2.057,2.035,2.043,50341.33309447
2026-01-12 22:00:00,2.044,2.055,2.044,2.051,29042.07333416
2026-01-12 23:00:00,2.051,2.057,2.04,2.05,15131.90151909
2026-01-13 00:00:00,2.049,2.066,2.048,2.065,71907.20180048
2026-01-13 01:00:00,2.064,2.079,2.062,2.077,53385.99266816
2026-01-13 02:00:00,2.078,2.093,2.054,2.054,93085.26530675
2026-01-13 03:00:00,2.056,2.063,2.051,2.061,30860.37800077
2026-01-13 04:00:00,2.062,2.077,2.062,2.076,53448.86353182
2026-01-13 05:00:00,2.077,2.104,2.077,2.089,39704.40774762
2026-01-13 06:00:00,2.09,2.098,2.087,2.094,58501.44610529
2026-01-13 07:00:00,2.095,2.095,2.074,2.076,25608.29747342
2026-01-13 08:00:00,2.076,2.093,2.074,2.088,27585.09591841
2026-01-13 09:00:00,2.089,2.097,2.068,2.078,153245.72376607
2026-01-13 10:00:00,2.079,2.083,2.072,2.079,71259.52923046
2026-01-13 11:00:00,2.079,2.088,2.075,2.084,49857.42493744
2026-01-13 12:00:00,2.085,2.106,2.078,2.103,38497.47036184
2026-01-13 13:00:00,2.106,2.141,2.103,2.138,283824.13915455
2026-01-13 14:00:00,2.139,2.223,2.131,2.182,383900.21856445
2026-01-13 15:00:00,2.183,2.244,2.173,2.239,232473.61494621
2026-01-13 16:00:00,2.24,2.341,2.24,2.262,552905.55427665
2026-01-13 17:00:00,2.263,2.267,2.224,2.245,177143.39766707
2026-01-13 18:00:00,2.244,2.258,2.228,2.228,99318.10378163
2026-01-13 19:00:00,2.23,2.259,2.227,2.249,187780.98819772
2026-01-13 20:00:00,2.249,2.251,2.213,2.226,127300.08747446
2026-01-13 21:00:00,2.225,2.254,2.224,2.251,51102.47033023
2026-01-13 22:00:00,2.249,2.327,2.249,2.319,375976.83097348
2026-01-13 23:00:00,2.321,2.333,2.268,2.281,114136.58545966
2026-01-14 00:00:00,2.281,2.297,2.264,2.279,108903.6071318
2026-01-14 01:00:00,2.279,2.285,2.268,2.269,90530.38900431
2026-01-14 02:00:00,2.271,2.282,2.26,2.269,73995.79126899
2026-01-14 03:00:00,2.268,2.278,2.257,2.277,51115.8770838
2026-01-14 04:00:00,2.277,2.283,2.259,2.268,123145.11637303
2026-01-14 05:00:00,2.267,2.278,2.257,2.272,62887.01460483
2026-01-14 06:00:00,2.273,2.292,2.262,2.29,51672.51203182
2026-01-14 07:00:00,2.291,2.295,2.269,2.275,46539.44069085
2026-01-14 08:00:00,2.276,2.292,2.275,2.28,48373.34644713
2026-01-14 09:00:00,2.28,2.294,2.258,2.282,174852.96870058
2026-01-14 10:00:00,2.281,2.292,2.269,2.27,70097.06337987
2026-01-14 11:00:00,2.27,2.27,2.247,2.251,109959.13960842
2026-01-14 12:00:00,2.251,2.262,2.249,2.254,30127.95488428
2026-01-14 13:00:00,2.253,2.258,2.233,2.238,65037.41657422
2026-01-14 14:00:00,2.238,2.281,2.237,2.265,140614.78359186
2026-01-14 15:00:00,2.265,2.294,2.248,2.262,240428.60788681
2026-01-14 16:00:00,2.264,2.281,2.255,2.259,112318.52905002
2026-01-14 17:00:00,2.258,2.268,2.23,2.237,127695.48215251
2026-01-14 18:00:00,2.236,2.244,2.193,2.215,298380.94596183
2026-01-14 19:00:00,2.213,2.252,2.208,2.236,146401.31353796
2026-01-14 20:00:00,2.237,2.254,2.232,2.242,56618.61482341
2026-01-14 21:00:00,2.241,2.245,2.224,2.234,55214.67281368
2026-01-14 22:00:00,2.233,2.233,2.21,2.215,44964.60623059
2026-01-14 23:00:00,2.215,2.231,2.213,2.223,35863.9499163
2026-01-15 00:00:00,2.223,2.228,2.215,2.224,44270.03158047
2026-01-15 01:00:00,2.225,2.235,2.211,2.213,59638.9300372
2026-01-15 02:00:00,2.213,2.217,2.185,2.193,129800.16330696
2026-01-15 03:00:00,2.194,2.199,2.151,2.164,285998.08594511
2026-01-15 04:00:00,2.164,2.183,2.163,2.176,72647.35551471
2026-01-15 05:00:00,2.176,2.183,2.169,2.172,50709.51274625
2026-01-15 06:00:00,2.171,2.182,2.171,2.173,57525.73427367
2026-01-15 07:00:00,2.173,2.2,2.173,2.194,126248.04922453
2026-01-15 08:00:00,2.194,2.196,2.181,2.19,56996.62439521
2026-01-15 09:00:00,2.188,2.211,2.18,2.204,87757.59892214
2026-01-15 10:00:00,2.205,2.207,2.195,2.203,55846.32793653
2026-01-15 11:00:00,2.203,2.208,2.194,2.197,92306.82058094
2026-01-15 12:00:00,2.197,2.219,2.197,2.219,33369.48947195
2026-01-15 13:00:00,2.218,2.234,2.217,2.225,65553.29072962
2026-01-15 14:00:00,2.222,2.232,2.177,2.192,153784.08350811
2026-01-15 15:00:00,2.192,2.205,2.126,2.162,226284.46523649
2026-01-15 16:00:00,2.161,2.17,2.141,2.16,103083.48322621
2026-01-15 17:00:00,2.161,2.168,2.133,2.138,147782.74639818
2026-01-15 18:00:00,2.139,2.141,2.106,2.112,191478.29106112
2026-01-15 19:00:00,2.111,2.12,2.095,2.117,84948.73753978
2026-01-15 20:00:00,2.117,2.126,2.094,2.102,58636.2510042
2026-01-15 21:00:00,2.102,2.113,2.1,2.11,163270.00398473
2026-01-15 22:00:00,2.11,2.126,2.105,2.111,54295.14357619
2026-01-15 23:00:00,2.11,2.118,2.101,2.115,48618.7879617
2026-01-16 00:00:00,2.115,2.121,2.111,2.115,34461.92617781
2026-01-16 01:00:00,2.114,2.121,2.108,2.116,60066.44566182
2026-01-16 02:00:00,2.116,2.131,2.099,2.127,69175.89073605
2026-01-16 03:00:00,2.128,2.128,2.108,2.11,29102.08087606
2026-01-16 04:00:00,2.11,2.112,2.096,2.102,59066.26006523
2026-01-16 05:00:00,2.102,2.123,2.101,2.118,88049.78566066
2026-01-16 06:00:00,2.118,2.133,2.117,2.133,39336.60191655
2026-01-16 07:00:00,2.133,2.147,2.131,2.134,76289.7809116
2026-01-16 08:00:00,2.134,2.152,2.131,2.149,53706.45471254
2026-01-16 09:00:00,2.149,2.152,2.138,2.138,32182.8890709
2026-01-16 10:00:00,2.138,2.14,2.131,2.134,16014.27550976
2026-01-16 11:00:00,2.134,2.136,2.117,2.126,54027.17809115
2026-01-16 12:00:00,2.127,2.127,2.115,2.118,26812.77349427
2026-01-16 13:00:00,2.118,2.12,2.1,2.107,99508.26675891
2026-01-16 14:00:00,2.107,2.124,2.106,2.113,71719.46158124
2026-01-16 15:00:00,2.111,2.124,2.058,2.072,420512.7059364
2026-01-16 16:00:00,2.072,2.079,2.052,2.069,361215.03786682
2026-01-16 17:00:00,2.07,2.09,2.056,2.085,213792.87134605
2026-01-16 18:00:00,2.085,2.09,2.079,2.082,31369.0902301
2026-01-16 19:00:00,2.081,2.095,2.072,2.09,98663.58095253
2026-01-16 20:00:00,2.089,2.126,2.082,2.125,138973.01338303
2026-01-16 21:00:00,2.126,2.133,2.122,2.125,91646.13266801
2026-01-16 22:00:00,2.126,2.135,2.115,2.125,66722.63506139
2026-01-16 23:00:00,2.126,2.126,2.113,2.117,20183.43366855
2026-01-17 00:00:00,2.118,2.129,2.111,2.125,45035.18944617
2026-01-17 01:00:00,2.124,2.134,2.121,2.123,38837.69965044
2026-01-17 02:00:00,2.122,2.127,2.115,2.12,27260.52192711
2026-01-17 03:00:00,2.12,2.13,2.116,2.126,21698.43255606
2026-01-17 04:00:00,2.125,2.132,2.119,2.13,8890.25771794
2026-01-17 05:00:00,2.13,2.137,2.13,2.13,13169.95890749
2026-01-17 06:00:00,2.13,2.143,2.13,2.136,14486.62763428
2026-01-17 07:00:00,2.136,2.158,2.131,2.155,48922.50505739
2026-01-17 08:00:00,2.154,2.189,2.154,2.183,114080.696633
2026-01-17 09:00:00,2.183,2.204,2.18,2.183,107587.2232993
2026-01-17 10:00:00,2.184,2.233,2.183,2.215,175094.78468621
2026-01-17 11:00:00,2.214,2.216,2.18,2.18,107716.13365882
2026-01-17 12:00:00,2.179,2.214,2.175,2.208,108154.22122168
2026-01-17 13:00:00,2.209,2.213,2.196,2.197,56436.17513173
2026-01-17 14:00:00,2.197,2.223,2.184,2.221,99062.01349848
2026-01-17 15:00:00,2.22,2.225,2.188,2.206,79477.18542139
2026-01-17 16:00:00,2.206,2.213,2.179,2.202,201986.61767153
2026-01-17 17:00:00,2.201,2.209,2.191,2.204,74640.93287762
2026-01-17 18:00:00,2.204,2.212,2.198,2.203,67807.43601659
2026-01-17 19:00:00,2.203,2.208,2.19,2.196,67808.82577044
2026-01-17 20:00:00,2.198,2.201,2.185,2.191,60226.56628471
2026-01-17 21:00:00,2.19,2.19,2.182,2.189,32723.26778183
2026-01-17 22:00:00,2.188,2.193,2.17,2.179,44663.04768702
2026-01-17 23:00:00,2.178,2.183,2.169,2.176,48623.33388333
2026-01-18 00:00:00,2.175,2.199,2.175,2.183,39277.53828138
2026-01-18 01:00:00,2.183,2.186,2.158,2.166,91038.66641229
2026-01-18 02:00:00,2.167,2.175,2.157,2.161,53636.43475814
2026-01-18 03:00:00,2.16,2.169,2.159,2.16,35726.10908457
2026-01-18 04:00:00,2.16,2.162,2.149,2.157,50263.34781181
2026-01-18 05:00:00,2.156,2.156,2.149,2.156,29879.6569742
2026-01-18 06:00:00,2.158,2.159,2.142,2.148,26499.53557288
2026-01-18 07:00:00,2.148,2.156,2.136,2.149,36821.63001475
2026-01-18 08:00:00,2.148,2.157,2.143,2.155,29381.91460394
2026-01-18 09:00:00,2.154,2.161,2.144,2.152,97097.71073313
2026-01-18 10:00:00,2.153,2.154,2.141,2.143,21894.10445659
2026-01-18 11:00:00,2.143,2.15,2.141,2.145,37503.13260593
2026-01-18 12:00:00,2.146,2.152,2.141,2.142,21811.44424938
2026-01-18 13:00:00,2.142,2.155,2.135,2.146,110216.54661073
2026-01-18 14:00:00,2.144,2.159,2.132,2.134,143923.92304804
2026-01-18 15:00:00,2.131,2.168,2.126,2.16,84893.68580077
2026-01-18 16:00:00,2.159,2.174,2.155,2.161,32403.50655977
2026-01-18 17:00:00,2.161,2.162,2.147,2.156,46031.1088915
2026-01-18 18:00:00,2.157,2.189,2.153,2.184,71994.2534247
2026-01-18 19:00:00,2.184,2.187,2.163,2.168,24243.66917505
2026-01-18 20:00:00,2.168,2.187,2.164,2.176,20523.04745394
2026-01-18 21:00:00,2.177,2.182,2.17,2.175,10984.39052717
2026-01-18 22:00:00,2.176,2.196,2.175,2.193,50726.68109241
2026-01-18 23:00:00,2.192,2.192,2.059,2.062,479332.47511745
2026-01-19 00:00:00,2.062,2.062,1.771,1.951,3451126.20819176
2026-01-19 01:00:00,1.95,1.971,1.941,1.958,635138.86179447
2026-01-19 02:00:00,1.958,1.971,1.952,1.965,241410.94701769
2026-01-19 03:00:00,1.964,1.98,1.955,1.975,187608.77935132
2026-01-19 04:00:00,1.974,1.981,1.956,1.956,149778.33342763
2026-01-19 05:00:00,1.956,1.973,1.952,1.969,251391.18230037
2026-01-19 06:00:00,1.969,1.975,1.953,1.956,330763.11582664
2026-01-19 07:00:00,1.957,1.97,1.953,1.966,141985.23946685
2026-01-19 08:00:00,1.966,1.996,1.962,1.992,256721.99354215
2026-01-19 09:00:00,1.992,1.992,1.975,1.979,76638.63167906
2026-01-19 10:00:00,1.979,1.979,1.968,1.972,93483.03297807
2026-01-19 11:00:00,1.973,1.982,1.969,1.97,135600.9287464
2026-01-19 12:00:00,1.97,1.974,1.962,1.97,101551.97025064
2026-01-19 13:00:00,1.97,1.978,1.966,1.97,142055.21112169
2026-01-19 14:00:00,1.971,1.988,1.967,1.974,96265.81894247
2026-01-19 15:00:00,1.974,1.982,1.968,1.974,98732.43665032
2026-01-19 16:00:00,1.973,2.022,1.972,2.02,340498.44572171
2026-01-19 17:00:00,2.02,2.026,2.002,2.012,216837.67328134
2026-01-19 18:00:00,2.013,2.02,2.002,2.02,57368.82045236
2026-01-19 19:00:00,2.021,2.061,2.021,2.044,277450.36060929
2026-01-19 20:00:00,2.044,2.046,2.03,2.031,70185.34579029
2026-01-19 21:00:00,2.033,2.036,2.017,2.019,94156.92308624
2026-01-19 22:00:00,2.018,2.025,2.003,2.003,124051.58996455
2026-01-19 23:00:00,2.003,2.036,2.002,2.025,233206.78811324
2026-01-20 00:00:00,2.025,2.028,2.013,2.019,144427.97412113
2026-01-20 01:00:00,2.019,2.035,2.011,2.022,72512.36154541
2026-01-20 02:00:00,2.021,2.048,2.013,2.04,118410.1049362
2026-01-20 03:00:00,2.042,2.045,2.016,2.03,122367.90693127
2026-01-20 04:00:00,2.029,2.047,2.014,2.031,247047.2627822
2026-01-20 05:00:00,2.033,2.043,2.019,2.026,290125.23841761
2026-01-20 06:00:00,2.025,2.025,1.983,1.987,343635.95453841
2026-01-20 07:00:00,1.988,2.004,1.986,1.988,145403.25711944
2026-01-20 08:00:00,1.987,1.992,1.967,1.984,277837.73061619
2026-01-20 09:00:00,1.984,1.991,1.974,1.98,78171.74270861
2026-01-20 10:00:00,1.98,1.991,1.973,1.973,42856.04610343
2026-01-20 11:00:00,1.973,1.981,1.952,1.956,116444.69591197
2026-01-20 12:00:00,1.957,1.979,1.953,1.973,112699.68973287
2026-01-20 13:00:00,1.972,1.972,1.932,1.937,248900.65532117
2026-01-20 14:00:00,1.937,1.973,1.936,1.955,185712.85216568
2026-01-20 15:00:00,1.955,1.958,1.927,1.937,216581.75359044
2026-01-20 16:00:00,1.937,1.948,1.901,1.91,217502.59086543
2026-01-20 17:00:00,1.909,1.925,1.892,1.903,165053.05681941
2026-01-20 18:00:00,1.905,1.912,1.893,1.9,127086.15696363
2026-01-20 19:00:00,1.904,1.916,1.903,1.91,85355.65693589
2026-01-20 20:00:00,1.91,1.93,1.906,1.928,105352.62207576
2026-01-20 21:00:00,1.929,1.929,1.907,1.91,34905.03196212
2026-01-20 22:00:00,1.911,1.916,1.879,1.904,136146.56227773
2026-01-20 23:00:00,1.903,1.904,1.888,1.894,100985.0351859
2026-01-21 00:00:00,1.894,1.929,1.892,1.927,87062.41248592
2026-01-21 01:00:00,1.927,1.938,1.925,1.933,67094.73304915
2026-01-21 02:00:00,1.933,1.955,1.933,1.952,101487.70049424
2026-01-21 03:00:00,1.952,1.957,1.943,1.944,65027.44402
2026-01-21 04:00:00,1.944,1.948,1.939,1.944,29991.87994839
2026-01-21 05:00:00,1.943,1.956,1.941,1.953,61498.81622824
2026-01-21 06:00:00,1.954,1.954,1.936,1.939,32964.12665177
2026-01-21 07:00:00,1.938,1.95,1.935,1.94,43112.04976499
2026-01-21 08:00:00,1.941,1.945,1.924,1.938,53936.82016732
2026-01-21 09:00:00,1.937,1.937,1.928,1.933,45128.97416899
2026-01-21 10:00:00,1.933,1.945,1.927,1.927,39971.33543941
2026-01-21 11:00:00,1.926,1.937,1.913,1.915,90495.4319377
2026-01-21 12:00:00,1.915,1.917,1.892,1.917,156642.07241696
2026-01-21 13:00:00,1.917,1.926,1.902,1.906,114921.76585214
2026-01-21 14:00:00,1.905,1.975,1.905,1.967,361451.03992305
2026-01-21 15:00:00,1.967,1.976,1.947,1.965,202374.1381061
2026-01-21 16:00:00,1.965,1.965,1.886,1.891,369714.22510844
2026-01-21 17:00:00,1.892,1.913,1.868,1.895,403213.54418699
2026-01-21 18:00:00,1.894,1.919,1.885,1.912,134066.98476356
2026-01-21 19:00:00,1.913,1.989,1.904,1.989,330190.38652214
2026-01-21 20:00:00,1.99,1.995,1.955,1.984,139688.12199246
2026-01-21 21:00:00,1.985,1.995,1.977,1.986,64336.52819418
2026-01-21 22:00:00,1.986,1.996,1.964,1.968,66246.5575373
2026-01-21 23:00:00,1.968,1.972,1.938,1.951,60407.92158207
2026-01-22 00:00:00,1.952,1.968,1.951,1.959,60564.55391028
2026-01-22 01:00:00,1.96,1.977,1.958,1.976,41732.30146702
2026-01-22 02:00:00,1.976,1.978,1.961,1.963,41053.65121624
2026-01-22 03:00:00,1.964,1.967,1.946,1.952,24966.78947678
2026-01-22 04:00:00,1.952,1.956,1.948,1.951,44072.38776805
2026-01-22 05:00:00,1.95,1.955,1.935,1.939,38251.08261026
2026-01-22 06:00:00,1.938,1.944,1.925,1.942,66729.95366624
2026-01-22 07:00:00,1.943,1.944,1.93,1.941,31132.41239476
2026-01-22 08:00:00,1.941,1.95,1.936,1.949,31141.26919509
2026-01-22 09:00:00,1.948,1.957,1.945,1.953,53054.33684927
2026-01-22 10:00:00,1.953,1.956,1.948,1.955,60625.9043785
2026-01-22 11:00:00,1.954,1.956,1.945,1.946,57583.34156643
2026-01-22 12:00:00,1.944,1.946,1.939,1.945,25367.59486365
2026-01-22 13:00:00,1.946,1.959,1.934,1.944,79105.3203181
2026-01-22 14:00:00,1.944,1.947,1.913,1.915,100599.23355356
2026-01-22 15:00:00,1.915,1.932,1.901,1.922,128041.01894288
2026-01-22 16:00:00,1.923,1.94,1.918,1.934,49777.75347936
2026-01-22 17:00:00,1.936,1.941,1.921,1.937,59451.09833308
2026-01-22 18:00:00,1.936,1.938,1.919,1.919,80923.61554279
2026-01-22 19:00:00,1.92,1.94,1.915,1.934,68153.7388284
2026-01-22 20:00:00,1.934,1.938,1.917,1.923,62922.35446313
2026-01-22 21:00:00,1.924,1.933,1.921,1.924,30106.41423939
2026-01-22 22:00:00,1.924,1.932,1.919,1.924,36142.31500301
2026-01-22 23:00:00,1.921,1.927,1.909,1.922,71546.26708549
2026-01-23 00:00:00,1.924,1.93,1.92,1.926,26972.0989439
2026-01-23 01:00:00,1.927,1.948,1.927,1.947,27996.81888128
2026-01-23 02:00:00,1.948,1.949,1.937,1.937,24507.68100245
2026-01-23 03:00:00,1.938,1.964,1.938,1.954,38670.34264279
2026-01-23 04:00:00,1.953,1.981,1.95,1.974,59549.77380768
2026-01-23 05:00:00,1.973,1.973,1.956,1.959,40201.52587347
2026-01-23 06:00:00,1.96,1.963,1.939,1.939,52873.26937717
2026-01-23 07:00:00,1.94,1.943,1.932,1.936,56397.73873026
2026-01-23 08:00:00,1.936,1.943,1.921,1.927,55903.09585153
2026-01-23 09:00:00,1.927,1.934,1.923,1.929,58928.90595499
2026-01-23 10:00:00,1.929,1.931,1.914,1.927,133458.83918258
2026-01-23 11:00:00,1.927,1.944,1.927,1.94,42275.51976767
2026-01-23 12:00:00,1.941,1.943,1.929,1.937,18969.39620012
2026-01-23 13:00:00,1.937,1.946,1.935,1.936,38182.84625606
2026-01-23 14:00:00,1.936,1.939,1.892,1.908,154126.10564152
2026-01-23 15:00:00,1.908,1.942,1.896,1.94,128177.63163499
2026-01-23 16:00:00,1.94,1.956,1.917,1.943,114015.86196261
2026-01-23 17:00:00,1.944,1.977,1.93,1.951,134251.88674581
2026-01-23 18:00:00,1.951,1.968,1.945,1.954,127919.72322153
2026-01-23 19:00:00,1.953,1.953,1.916,1.922,130824.29059894
2026-01-23 20:00:00,1.922,1.926,1.897,1.909,89785.05821657
2026-01-23 21:00:00,1.908,1.92,1.907,1.91,37195.54192342
2026-01-23 22:00:00,1.91,1.934,1.91,1.926,77738.16146789
2026-01-23 23:00:00,1.926,1.926,1.916,1.921,22601.86749422
2026-01-24 00:00:00,1.922,1.927,1.92,1.92,18689.95609299
2026-01-24 01:00:00,1.92,1.929,1.918,1.926,16792.12701174
2026-01-24 02:00:00,1.927,1.933,1.924,1.925,24158.16863786
2026-01-24 03:00:00,1.925,1.935,1.924,1.926,20061.57929174
2026-01-24 04:00:00,1.927,1.936,1.921,1.932,33739.44670213
2026-01-24 05:00:00,1.933,1.934,1.922,1.927,21167.88526463
2026-01-24 06:00:00,1.928,1.932,1.926,1.93,10861.2424666
2026-01-24 07:00:00,1.928,1.929,1.92,1.921,14250.19122501
2026-01-24 08:00:00,1.92,1.929,1.918,1.927,23538.63391066
2026-01-24 09:00:00,1.926,1.926,1.915,1.916,29154.31320342
2026-01-24 10:00:00,1.917,1.919,1.91,1.918,15987.56682885
2026-01-24 11:00:00,1.917,1.92,1.911,1.914,73595.34461432
2026-01-24 12:00:00,1.914,1.918,1.91,1.912,49191.13317823
2026-01-24 13:00:00,1.913,1.913,1.904,1.904,18296.75370975
2026-01-24 14:00:00,1.904,1.919,1.901,1.912,29091.83925905
2026-01-24 15:00:00,1.912,1.916,1.899,1.901,22154.49371244
2026-01-24 16:00:00,1.901,1.908,1.894,1.906,46435.04928885
2026-01-24 17:00:00,1.906,1.911,1.903,1.91,31347.19045812
2026-01-24 18:00:00,1.911,1.919,1.908,1.91,25344.57323511
2026-01-24 19:00:00,1.908,1.913,1.905,1.906,13496.15469041
2026-01-24 20:00:00,1.907,1.919,1.907,1.918,24548.29542565
2026-01-24 21:00:00,1.918,1.921,1.909,1.919,13983.09253275
2026-01-24 22:00:00,1.919,1.928,1.918,1.926,12809.27844383
2026-01-24 23:00:00,1.926,1.929,1.92,1.925,9781.84987181
2026-01-25 00:00:00,1.925,1.939,1.92,1.929,41021.11250643
2026-01-25 01:00:00,1.929,1.935,1.917,1.917,28559.055091
2026-01-25 02:00:00,1.918,1.922,1.912,1.915,10067.74730316
2026-01-25 03:00:00,1.916,1.918,1.896,1.901,52040.65047931
2026-01-25 04:00:00,1.901,1.906,1.897,1.898,16555.51153333
2026-01-25 05:00:00,1.898,1.903,1.896,1.903,12250.09869054
2026-01-25 06:00:00,1.903,1.906,1.897,1.901,69936.54630209
2026-01-25 07:00:00,1.901,1.901,1.887,1.895,69572.03715322
2026-01-25 08:00:00,1.895,1.898,1.876,1.885,52716.12107046
2026-01-25 09:00:00,1.884,1.909,1.884,1.903,114106.21019862
2026-01-25 10:00:00,1.904,1.916,1.904,1.906,35171.08712678
2026-01-25 11:00:00,1.905,1.907,1.891,1.894,65864.67012539
2026-01-25 12:00:00,1.893,1.895,1.883,1.894,40632.88160101
2026-01-25 13:00:00,1.894,1.9,1.886,1.896,42907.12253885
2026-01-25 14:00:00,1.896,1.896,1.873,1.883,64402.35109797
2026-01-25 15:00:00,1.883,1.889,1.876,1.882,29822.61505199
2026-01-25 16:00:00,1.882,1.882,1.828,1.844,388041.23942589
2026-01-25 17:00:00,1.843,1.847,1.83,1.838,76500.18838471
2026-01-25 18:00:00,1.839,1.842,1.806,1.818,333862.00413619
2026-01-25 19:00:00,1.819,1.823,1.775,1.786,396678.53500358
2026-01-25 20:00:00,1.788,1.804,1.785,1.803,162392.31127258
2026-01-25 21:00:00,1.802,1.819,1.802,1.815,158491.97853746
2026-01-25 22:00:00,1.815,1.817,1.801,1.81,54610.32160065
2026-01-25 23:00:00,1.81,1.824,1.802,1.819,50155.20877515
2026-01-26 00:00:00,1.817,1.834,1.814,1.834,117048.81562149
2026-01-26 01:00:00,1.835,1.858,1.834,1.853,126607.6901518
2026-01-26 02:00:00,1.853,1.853,1.832,1.833,42953.54447777
2026-01-26 03:00:00,1.835,1.837,1.821,1.826,86474.28973442
2026-01-26 04:00:00,1.827,1.852,1.827,1.839,105481.69500543
2026-01-26 05:00:00,1.84,1.844,1.837,1.84,17563.09186866
2026-01-26 06:00:00,1.839,1.86,1.836,1.86,43725.06195102
2026-01-26 07:00:00,1.859,1.861,1.846,1.851,53324.56806306
2026-01-26 08:00:00,1.852,1.872,1.85,1.853,111263.14591316
2026-01-26 09:00:00,1.853,1.853,1.839,1.839,30661.30133277
2026-01-26 10:00:00,1.84,1.848,1.839,1.843,36758.88050437
2026-01-26 11:00:00,1.845,1.851,1.839,1.841,9348.13387336
2026-01-26 12:00:00,1.842,1.851,1.84,1.849,35008.84148002
2026-01-26 13:00:00,1.85,1.859,1.849,1.854,35200.68788138
2026-01-26 14:00:00,1.855,1.878,1.842,1.876,161357.00319179
2026-01-26 15:00:00,1.876,1.895,1.857,1.868,283764.66701526
2026-01-26 16:00:00,1.868,1.881,1.856,1.871,172505.10284281
2026-01-26 17:00:00,1.871,1.875,1.847,1.867,169241.47377281
2026-01-26 18:00:00,1.865,1.884,1.863,1.876,98587.75650884
2026-01-26 19:00:00,1.877,1.881,1.863,1.864,84143.18000802
2026-01-26 20:00:00,1.865,1.868,1.852,1.856,35597.63439264
2026-01-26 21:00:00,1.855,1.887,1.853,1.876,100297.51465077
2026-01-26 22:00:00,1.876,1.881,1.871,1.876,57456.82067045
2026-01-26 23:00:00,1.873,1.88,1.869,1.872,21864.37052476
2026-01-27 00:00:00,1.872,1.875,1.866,1.871,19032.56289982
2026-01-27 01:00:00,1.87,1.88,1.863,1.874,26286.96112709
2026-01-27 02:00:00,1.875,1.881,1.872,1.879,45895.3922957
2026-01-27 03:00:00,1.878,1.88,1.87,1.871,24694.08138014
2026-01-27 04:00:00,1.87,1.884,1.869,1.873,34482.9083208
2026-01-27 05:00:00,1.873,1.874,1.867,1.872,16835.6935145
2026-01-27 06:00:00,1.871,1.872,1.859,1.859,11158.57676962
2026-01-27 07:00:00,1.86,1.871,1.86,1.861,14683.39508315
2026-01-27 08:00:00,1.862,1.869,1.856,1.857,35007.74823165
2026-01-27 09:00:00,1.856,1.856,1.846,1.847,35354.73302854
2026-01-27 10:00:00,1.846,1.851,1.843,1.847,59768.78347227
2026-01-27 11:00:00,1.848,1.852,1.844,1.847,29531.24015158
2026-01-27 12:00:00,1.847,1.849,1.841,1.845,34878.97506383
2026-01-27 13:00:00,1.845,1.849,1.831,1.831,37912.69296048
2026-01-27 14:00:00,1.831,1.85,1.822,1.829,196633.16440193
2026-01-27 15:00:00,1.828,1.851,1.825,1.85,46249.72694293
2026-01-27 16:00:00,1.85,1.878,1.847,1.869,195211.94006856
2026-01-27 17:00:00,1.869,1.871,1.824,1.833,95612.11474139
2026-01-27 18:00:00,1.831,1.868,1.83,1.862,76632.56527861
2026-01-27 19:00:00,1.861,1.869,1.855,1.866,54043.47765681
2026-01-27 20:00:00,1.866,1.896,1.865,1.888,94266.80582818
2026-01-27 21:00:00,1.888,1.892,1.867,1.869,48322.60795626
2026-01-27 22:00:00,1.87,1.885,1.87,1.878,26361.25221015
2026-01-27 23:00:00,1.877,1.879,1.87,1.872,29467.30295601
2026-01-28 00:00:00,1.873,1.875,1.862,1.873,24899.27320274
2026-01-28 01:00:00,1.872,1.874,1.858,1.865,19010.55858876
2026-01-28 02:00:00,1.864,1.87,1.86,1.867,47666.63926935
2026-01-28 03:00:00,1.867,1.867,1.855,1.859,27200.66407
2026-01-28 04:00:00,1.858,1.86,1.849,1.852,35531.55577409
2026-01-28 05:00:00,1.854,1.858,1.842,1.858,56162.32815086
2026-01-28 06:00:00,1.858,1.865,1.849,1.86,59054.07810994
2026-01-28 07:00:00,1.859,1.862,1.85,1.856,70351.74846787
2026-01-28 08:00:00,1.857,1.859,1.85,1.852,48964.35877587
2026-01-28 09:00:00,1.853,1.879,1.848,1.879,31820.8088443
2026-01-28 10:00:00,1.879,1.883,1.871,1.872,53022.18549246
2026-01-28 11:00:00,1.872,1.891,1.87,1.89,48131.6392897
2026-01-28 12:00:00,1.889,1.89,1.868,1.874,92809.51528458
2026-01-28 13:00:00,1.874,1.883,1.861,1.865,184315.17407878
2026-01-28 14:00:00,1.864,1.867,1.849,1.853,76285.60596747
2026-01-28 15:00:00,1.852,1.857,1.83,1.843,113519.55340408
2026-01-28 16:00:00,1.843,1.85,1.833,1.838,83585.03535567
2026-01-28 17:00:00,1.839,1.859,1.827,1.85,66443.54393713
2026-01-28 18:00:00,1.849,1.849,1.835,1.843,108105.11355815
2026-01-28 19:00:00,1.842,1.859,1.836,1.855,91959.92201357
2026-01-28 20:00:00,1.854,1.875,1.846,1.852,114041.255141
2026-01-28 21:00:00,1.853,1.865,1.837,1.861,234367.44050177
2026-01-28 22:00:00,1.861,1.885,1.854,1.881,40700.54514049
2026-01-28 23:00:00,1.881,1.882,1.864,1.866,60135.31200246
2026-01-29 00:00:00,1.867,1.872,1.844,1.854,46387.09003196
2026-01-29 01:00:00,1.854,1.857,1.834,1.839,46381.97054741
2026-01-29 02:00:00,1.838,1.842,1.804,1.811,145888.4823047
2026-01-29 03:00:00,1.811,1.824,1.806,1.812,62666.41898074
2026-01-29 04:00:00,1.81,1.813,1.796,1.807,111220.85922941
2026-01-29 05:00:00,1.807,1.811,1.805,1.806,45879.99248924
2026-01-29 06:00:00,1.806,1.811,1.805,1.811,57649.35434939
2026-01-29 07:00:00,1.811,1.813,1.805,1.806,80015.7960099
2026-01-29 08:00:00,1.806,1.812,1.796,1.8,172604.07413373
2026-01-29 09:00:00,1.799,1.801,1.793,1.794,70630.56488016
2026-01-29 10:00:00,1.794,1.797,1.787,1.789,90009.84025841
2026-01-29 11:00:00,1.789,1.794,1.783,1.785,162924.70112792
2026-01-29 12:00:00,1.784,1.788,1.767,1.781,170584.94571302
2026-01-29 13:00:00,1.78,1.79,1.78,1.79,56240.21734545
2026-01-29 14:00:00,1.791,1.792,1.753,1.754,303372.61232639
2026-01-29 15:00:00,1.755,1.756,1.708,1.727,840075.40004562
2026-01-29 16:00:00,1.727,1.745,1.713,1.745,289735.67243379
2026-01-29 17:00:00,1.745,1.761,1.719,1.721,290002.91618598
2026-01-29 18:00:00,1.721,1.727,1.692,1.696,528696.00314128
2026-01-29 19:00:00,1.696,1.728,1.692,1.723,236961.97023344
2026-01-29 20:00:00,1.72,1.737,1.716,1.734,137414.61475078
2026-01-29 21:00:00,1.734,1.74,1.729,1.735,87294.17103359
2026-01-29 22:00:00,1.735,1.741,1.729,1.734,40112.7905522
2026-01-29 23:00:00,1.734,1.734,1.724,1.731,33057.65262414
2026-01-30 00:00:00,1.732,1.74,1.731,1.736,94654.35513866
2026-01-30 01:00:00,1.736,1.744,1.669,1.714,938990.17872788
2026-01-30 02:00:00,1.714,1.714,1.677,1.7,295386.77581572
2026-01-30 03:00:00,1.701,1.711,1.697,1.7,132581.13148964
2026-01-30 04:00:00,1.7,1.723,1.7,1.712,158211.95746703
2026-01-30 05:00:00,1.712,1.716,1.708,1.711,85996.2716447
2026-01-30 06:00:00,1.71,1.71,1.666,1.682,404270.93584615
2026-01-30 07:00:00,1.685,1.715,1.685,1.705,210573.9359947
2026-01-30 08:00:00,1.705,1.71,1.69,1.697,138473.07088663
2026-01-30 09:00:00,1.698,1.702,1.689,1.696,96165.65174103
2026-01-30 10:00:00,1.696,1.704,1.692,1.701,123462.456344
2026-01-30 11:00:00,1.7,1.723,1.695,1.715,100169.87302085
2026-01-30 12:00:00,1.717,1.718,1.694,1.7,88237.32356134
2026-01-30 13:00:00,1.699,1.704,1.681,1.691,172724.37584997
2026-01-30 14:00:00,1.692,1.71,1.681,1.682,276548.12317003
2026-01-30 15:00:00,1.683,1.691,1.658,1.681,394374.28746107
2026-01-30 16:00:00,1.681,1.694,1.665,1.674,231546.68349524
2026-01-30 17:00:00,1.675,1.694,1.666,1.684,200299.28527311
2026-01-30 18:00:00,1.684,1.713,1.638,1.707,718168.59860701
2026-01-30 19:00:00,1.71,1.718,1.704,1.71,249969.81343842
2026-01-30 20:00:00,1.709,1.709,1.677,1.683,433636.39560928
2026-01-30 21:00:00,1.683,1.699,1.678,1.692,185326.49357206
2026-01-30 22:00:00,1.692,1.695,1.68,1.689,46998.74039141
2026-01-30 23:00:00,1.69,1.69,1.678,1.685,40671.80879665
2026-01-31 00:00:00,1.686,1.687,1.678,1.68,40978.90402808
2026-01-31 01:00:00,1.68,1.687,1.677,1.683,29133.54480797
2026-01-31 02:00:00,1.682,1.685,1.67,1.679,43639.04024737
2026-01-31 03:00:00,1.68,1.682,1.674,1.678,31816.01251123
2026-01-31 04:00:00,1.678,1.683,1.671,1.672,28980.29613622
2026-01-31 05:00:00,1.672,1.674,1.666,1.671,36515.4311481
2026-01-31 06:00:00,1.671,1.672,1.652,1.661,105382.88542465
2026-01-31 07:00:00,1.661,1.663,1.641,1.653,121739.28862058
2026-01-31 08:00:00,1.654,1.656,1.598,1.629,867788.7356684
2026-01-31 09:00:00,1.63,1.643,1.626,1.635,89382.50208671
2026-01-31 10:00:00,1.635,1.645,1.629,1.638,189325.57533309
2026-01-31 11:00:00,1.638,1.639,1.629,1.631,69160.95088907
2026-01-31 12:00:00,1.631,1.634,1.626,1.628,87639.01575909
2026-01-31 13:00:00,1.629,1.629,1.611,1.617,130737.05998668
2026-01-31 14:00:00,1.618,1.621,1.529,1.563,1651993.27015631
2026-01-31 15:00:00,1.561,1.586,1.561,1.566,368402.62469681
2026-01-31 16:00:00,1.566,1.588,1.542,1.549,700388.6036592
2026-01-31 17:00:00,1.549,1.554,1.459,1.492,1991789.02939945
2026-01-31 18:00:00,1.493,1.501,1.392,1.468,2040099.51650298
2026-01-31 19:00:00,1.469,1.502,1.469,1.492,622558.89464592
2026-01-31 20:00:00,1.492,1.503,1.475,1.495,321490.34319065
2026-01-31 21:00:00,1.495,1.524,1.49,1.518,338881.80395072
2026-01-31 22:00:00,1.519,1.522,1.506,1.518,99701.79056452
2026-01-31 23:00:00,1.518,1.553,1.516,1.543,267610.52650492
2026-02-01 00:00:00,1.543,1.552,1.539,1.549,160726.49406933
2026-02-01 01:00:00,1.548,1.548,1.53,1.547,129251.43806344
2026-02-01 02:00:00,1.547,1.554,1.541,1.551,97897.28337393
2026-02-01 03:00:00,1.551,1.554,1.546,1.549,60203.68269308
2026-02-01 04:00:00,1.55,1.556,1.548,1.549,73973.52145822
2026-02-01 05:00:00,1.549,1.556,1.543,1.546,119356.32820762
2026-02-01 06:00:00,1.547,1.553,1.538,1.54,74048.72178383
2026-02-01 07:00:00,1.541,1.554,1.534,1.544,284844.3837569
2026-02-01 08:00:00,1.545,1.553,1.537,1.544,148893.12622834
2026-02-01 09:00:00,1.543,1.551,1.531,1.549,155096.25202212
2026-02-01 10:00:00,1.549,1.557,1.525,1.527,191787.06568358
2026-02-01 11:00:00,1.528,1.55,1.528,1.543,78327.14487156
2026-02-01 12:00:00,1.544,1.544,1.528,1.532,131839.4764733
2026-02-01 13:00:00,1.533,1.544,1.518,1.524,90493.71977148
2026-02-01 14:00:00,1.524,1.538,1.502,1.523,303120.03459948
2026-02-01 15:00:00,1.522,1.522,1.477,1.496,362263.70930077
2026-02-01 16:00:00,1.494,1.511,1.484,1.497,190604.52108343
2026-02-01 17:00:00,1.498,1.503,1.486,1.5,150746.93808535
2026-02-01 18:00:00,1.5,1.529,1.5,1.512,223806.50667018
2026-02-01 19:00:00,1.512,1.516,1.492,1.498,101825.2593121
2026-02-01 20:00:00,1.5,1.517,1.485,1.501,163926.74440679
2026-02-01 21:00:00,1.502,1.502,1.487,1.491,122303.73826664
2026-02-01 22:00:00,1.493,1.518,1.492,1.508,118214.53347274
2026-02-01 23:00:00,1.507,1.515,1.456,1.492,537536.25700097
2026-02-02 00:00:00,1.493,1.529,1.481,1.516,165890.25021546
2026-02-02 01:00:00,1.516,1.533,1.495,1.522,134584.4164738
2026-02-02 02:00:00,1.52,1.53,1.506,1.507,83977.99512489
2026-02-02 03:00:00,1.506,1.511,1.448,1.507,418925.55457657
2026-02-02 04:00:00,1.508,1.517,1.478,1.493,170500.826963
2026-02-02 05:00:00,1.492,1.493,1.452,1.468,215685.3451166
2026-02-02 06:00:00,1.468,1.513,1.45,1.491,464439.82244838
2026-02-02 07:00:00,1.491,1.505,1.486,1.493,189413.47826153
2026-02-02 08:00:00,1.493,1.507,1.491,1.503,69947.66423747
2026-02-02 09:00:00,1.502,1.528,1.495,1.518,200075.7969865
2026-02-02 10:00:00,1.518,1.522,1.511,1.513,61833.90865326
2026-02-02 11:00:00,1.513,1.52,1.508,1.51,107848.05131924
2026-02-02 12:00:00,1.51,1.525,1.51,1.523,93763.35261279
2026-02-02 13:00:00,1.522,1.534,1.519,1.53,59060.55990641
2026-02-02 14:00:00,1.529,1.553,1.516,1.538,241432.0014742
2026-02-02 15:00:00,1.538,1.572,1.535,1.567,194265.80955125
2026-02-02 16:00:00,1.567,1.573,1.553,1.553,76028.82425895
2026-02-02 17:00:00,1.552,1.563,1.547,1.553,82855.89231074
2026-02-02 18:00:00,1.553,1.561,1.545,1.557,47901.78005272
2026-02-02 19:00:00,1.556,1.558,1.544,1.544,33545.38621384
2026-02-02 20:00:00,1.543,1.547,1.534,1.537,64712.89711785
2026-02-02 21:00:00,1.538,1.548,1.538,1.546,35005.31733754
2026-02-02 22:00:00,1.545,1.55,1.543,1.548,20989.74330388
2026-02-02 23:00:00,1.549,1.549,1.539,1.539,24351.15549331
2026-02-03 00:00:00,1.54,1.543,1.533,1.543,68924.8956272
2026-02-03 01:00:00,1.542,1.543,1.529,1.536,29447.62557785
2026-02-03 02:00:00,1.536,1.536,1.509,1.509,96008.5865243
2026-02-03 03:00:00,1.51,1.538,1.506,1.535,98426.42346364
2026-02-03 04:00:00,1.535,1.546,1.53,1.541,62591.66696424
2026-02-03 05:00:00,1.541,1.541,1.525,1.525,56104.51932372
2026-02-03 06:00:00,1.526,1.535,1.515,1.533,70306.04527069
2026-02-03 07:00:00,1.532,1.541,1.528,1.534,41984.54205537
2026-02-03 08:00:00,1.534,1.541,1.528,1.528,57468.51697225
2026-02-03 09:00:00,1.529,1.533,1.507,1.515,249963.65010285
2026-02-03 10:00:00,1.516,1.521,1.509,1.518,72533.60172994
2026-02-03 11:00:00,1.519,1.52,1.508,1.515,101636.28671122
2026-02-03 12:00:00,1.515,1.524,1.511,1.52,56116.47707157
2026-02-03 13:00:00,1.52,1.528,1.516,1.524,53185.87866865
2026-02-03 14:00:00,1.524,1.53,1.495,1.495,168217.08297108
2026-02-03 15:00:00,1.493,1.529,1.488,1.523,360141.11437221
2026-02-03 16:00:00,1.523,1.523,1.482,1.49,217612.50572178
2026-02-03 17:00:00,1.49,1.493,1.462,1.462,115653.71446614
2026-02-03 18:00:00,1.462,1.469,1.43,1.432,410928.53067786
2026-02-03 19:00:00,1.432,1.514,1.429,1.503,561469.6909057
2026-02-03 20:00:00,1.502,1.565,1.487,1.551,659042.10373102
2026-02-03 21:00:00,1.551,1.562,1.519,1.521,197323.47941452
2026-02-03 22:00:00,1.522,1.522,1.498,1.502,66966.22655708
2026-02-03 23:00:00,1.502,1.502,1.484,1.496,111500.13525468
2026-02-04 00:00:00,1.496,1.51,1.49,1.504,61982.64180513
2026-02-04 01:00:00,1.505,1.523,1.505,1.516,52970.53866518
2026-02-04 02:00:00,1.516,1.517,1.504,1.509,80349.21890872
2026-02-04 03:00:00,1.508,1.53,1.507,1.525,88615.08860761
2026-02-04 04:00:00,1.522,1.527,1.515,1.516,64762.2193819
2026-02-04 05:00:00,1.516,1.516,1.499,1.504,35571.11276645
2026-02-04 06:00:00,1.505,1.518,1.503,1.514,69172.06288871
2026-02-04 07:00:00,1.514,1.521,1.506,1.515,84361.42210154
2026-02-04 08:00:00,1.515,1.522,1.51,1.518,44273.72166765
2026-02-04 09:00:00,1.518,1.518,1.503,1.505,40332.66935846
2026-02-04 10:00:00,1.505,1.507,1.5,1.503,53516.5709296
2026-02-04 11:00:00,1.502,1.505,1.485,1.499,137647.2616633
2026-02-04 12:00:00,1.499,1.501,1.49,1.496,46429.72069415
2026-02-04 13:00:00,1.495,1.496,1.469,1.472,155417.50370072
2026-02-04 14:00:00,1.471,1.482,1.448,1.45,250117.41958457
2026-02-04 15:00:00,1.45,1.469,1.433,1.448,388734.05420313
2026-02-04 16:00:00,1.448,1.454,1.423,1.439,539595.5116453
2026-02-04 17:00:00,1.438,1.449,1.425,1.442,207554.58006794
2026-02-04 18:00:00,1.442,1.473,1.422,1.454,354122.85036863
2026-02-04 19:00:00,1.455,1.486,1.449,1.483,213574.38074885
2026-02-04 20:00:00,1.484,1.488,1.466,1.469,107626.02158444
2026-02-04 21:00:00,1.469,1.474,1.443,1.454,119347.29965667
2026-02-04 22:00:00,1.454,1.477,1.428,1.445,160958.28509068
2026-02-04 23:00:00,1.444,1.47,1.438,1.457,227757.63675597
2026-02-05 00:00:00,1.458,1.464,1.451,1.458,53915.08765335
2026-02-05 01:00:00,1.457,1.474,1.445,1.453,232710.71165999
2026-02-05 02:00:00,1.454,1.468,1.441,1.442,229537.27218049
2026-02-05 03:00:00,1.444,1.454,1.437,1.439,140049.58500746
2026-02-05 04:00:00,1.439,1.449,1.431,1.438,155435.8792325
2026-02-05 05:00:00,1.437,1.456,1.423,1.439,198267.564535
2026-02-05 06:00:00,1.44,1.441,1.417,1.423,144224.57594459
2026-02-05 07:00:00,1.422,1.441,1.416,1.419,92286.42606649
2026-02-05 08:00:00,1.42,1.438,1.42,1.427,90104.7819452
2026-02-05 09:00:00,1.427,1.443,1.424,1.425,82443.86110054
2026-02-05 10:00:00,1.425,1.426,1.392,1.398,200586.16448308
2026-02-05 11:00:00,1.398,1.404,1.369,1.388,272881.81221393
2026-02-05 12:00:00,1.389,1.395,1.373,1.386,263086.8674237
2026-02-05 13:00:00,1.387,1.398,1.376,1.379,144771.99024992
2026-02-05 14:00:00,1.379,1.407,1.374,1.377,318242.68643443
2026-02-05 15:00:00,1.376,1.381,1.29,1.325,1532410.16228147
2026-02-05 16:00:00,1.325,1.35,1.312,1.331,672985.06738983
2026-02-05 17:00:00,1.332,1.356,1.288,1.302,784411.05366572
2026-02-05 18:00:00,1.303,1.322,1.287,1.319,579215.49893001
2026-02-05 19:00:00,1.319,1.321,1.292,1.297,273999.10895154
2026-02-05 20:00:00,1.296,1.304,1.218,1.251,2107118.57730385
2026-02-05 21:00:00,1.251,1.283,1.235,1.251,674807.23308309
2026-02-05 22:00:00,1.252,1.283,1.237,1.263,400059.5746993
2026-02-05 23:00:00,1.264,1.285,1.238,1.242,386598.81099678
2026-02-06 00:00:00,1.243,1.249,1.075,1.224,3672005.5905982
2026-02-06 01:00:00,1.224,1.266,1.219,1.261,523358.38504651
2026-02-06 02:00:00,1.262,1.273,1.228,1.237,399682.64121094
2026-02-06 03:00:00,1.237,1.245,1.225,1.236,279649.547275
2026-02-06 04:00:00,1.237,1.254,1.229,1.251,176013.77288402
2026-02-06 05:00:00,1.25,1.3,1.248,1.292,281774.88303877
2026-02-06 06:00:00,1.291,1.297,1.266,1.268,268565.38076657
2026-02-06 07:00:00,1.269,1.277,1.257,1.266,255475.55084414
2026-02-06 08:00:00,1.266,1.281,1.259,1.27,448790.40057749
2026-02-06 09:00:00,1.27,1.305,1.265,1.301,241366.73568933
2026-02-06 10:00:00,1.3,1.322,1.296,1.32,208820.83343749
2026-02-06 11:00:00,1.319,1.326,1.316,1.32,153783.23056053
2026-02-06 12:00:00,1.32,1.32,1.309,1.319,147077.95860057
2026-02-06 13:00:00,1.319,1.332,1.317,1.324,220796.49263
2026-02-06 14:00:00,1.324,1.35,1.314,1.342,344786.35591854
2026-02-06 15:00:00,1.341,1.35,1.33,1.345,270822.0580112
2026-02-06 16:00:00,1.344,1.38,1.34,1.372,305725.60902802
2026-02-06 17:00:00,1.372,1.404,1.366,1.385,514297.65052386
2026-02-06 18:00:00,1.385,1.387,1.348,1.357,351555.92140966
2026-02-06 19:00:00,1.357,1.364,1.344,1.361,177127.9860471
2026-02-06 20:00:00,1.36,1.369,1.346,1.352,207273.07050615
2026-02-06 21:00:00,1.352,1.363,1.345,1.363,117607.61336075
2026-02-06 22:00:00,1.363,1.383,1.36,1.378,113327.57169339
2026-02-06 23:00:00,1.378,1.384,1.361,1.365,65479.78353893
2026-02-07 00:00:00,1.364,1.364,1.342,1.35,141781.47374936
2026-02-07 01:00:00,1.349,1.358,1.337,1.356,108398.0228413
2026-02-07 02:00:00,1.354,1.359,1.349,1.355,57139.36603988
2026-02-07 03:00:00,1.354,1.378,1.354,1.374,111890.35825198
2026-02-07 04:00:00,1.373,1.387,1.371,1.373,196273.36780829
2026-02-07 05:00:00,1.374,1.377,1.362,1.364,91766.57918399
2026-02-07 06:00:00,1.365,1.367,1.34,1.34,129297.39177327
2026-02-07 07:00:00,1.342,1.347,1.315,1.329,340872.78576297
2026-02-07 08:00:00,1.328,1.34,1.323,1.337,101294.28288515
2026-02-07 09:00:00,1.337,1.341,1.328,1.331,91678.30639795
2026-02-07 10:00:00,1.331,1.333,1.32,1.328,48108.25554048
2026-02-07 11:00:00,1.327,1.33,1.324,1.328,42913.84688838
2026-02-07 12:00:00,1.327,1.367,1.326,1.352,278756.62263522
2026-02-07 13:00:00,1.353,1.356,1.337,1.342,128295.94721421
2026-02-07 14:00:00,1.343,1.345,1.325,1.329,111162.46177458
2026-02-07 15:00:00,1.33,1.357,1.327,1.352,112620.214053
2026-02-07 16:00:00,1.353,1.4,1.349,1.363,1723191.19402734
2026-02-07 17:00:00,1.364,1.376,1.357,1.369,86067.82333116
2026-02-07 18:00:00,1.369,1.389,1.367,1.381,71854.57943896
2026-02-07 19:00:00,1.379,1.379,1.371,1.374,106491.57068586
2026-02-07 20:00:00,1.374,1.384,1.372,1.381,187090.51756382
2026-02-07 21:00:00,1.382,1.385,1.373,1.374,139866.7173991
2026-02-07 22:00:00,1.374,1.378,1.372,1.373,110343.62288252
2026-02-07 23:00:00,1.374,1.374,1.363,1.37,47195.58901709
2026-02-08 00:00:00,1.37,1.37,1.362,1.363,61128.07981617
2026-02-08 01:00:00,1.365,1.371,1.361,1.364,59802.79615339
2026-02-08 02:00:00,1.364,1.367,1.353,1.357,43291.67785778
2026-02-08 03:00:00,1.358,1.358,1.348,1.35,49604.46251403
2026-02-08 04:00:00,1.35,1.353,1.344,1.35,81563.06853886
2026-02-08 05:00:00,1.35,1.352,1.343,1.344,34809.8592404
2026-02-08 06:00:00,1.345,1.346,1.34,1.343,26404.02127886
2026-02-08 07:00:00,1.344,1.347,1.338,1.347,73491.42643669
2026-02-08 08:00:00,1.347,1.371,1.345,1.37,182999.9211971
2026-02-08 09:00:00,1.37,1.372,1.354,1.357,86033.49224903
2026-02-08 10:00:00,1.357,1.362,1.344,1.35,86120.26998872
2026-02-08 11:00:00,1.349,1.37,1.348,1.367,140922.82378065
2026-02-08 12:00:00,1.367,1.367,1.357,1.363,80187.08359976
2026-02-08 13:00:00,1.363,1.364,1.354,1.361,96617.56185923
2026-02-08 14:00:00,1.363,1.367,1.359,1.366,63410.05515254
2026-02-08 15:00:00,1.366,1.37,1.348,1.354,85772.72125552
2026-02-08 16:00:00,1.354,1.356,1.325,1.33,140483.94043107
2026-02-08 17:00:00,1.33,1.344,1.33,1.341,75477.80255262
2026-02-08 18:00:00,1.342,1.358,1.34,1.35,45526.5368454
2026-02-08 19:00:00,1.35,1.358,1.349,1.356,27732.8352788
2026-02-08 20:00:00,1.355,1.355,1.339,1.339,29936.91037071
2026-02-08 21:00:00,1.34,1.343,1.328,1.335,84097.01405074
2026-02-08 22:00:00,1.335,1.339,1.33,1.338,45776.72082857
2026-02-08 23:00:00,1.339,1.365,1.322,1.334,276445.61590831
2026-02-09 00:00:00,1.334,1.34,1.327,1.336,89639.66934103
2026-02-09 01:00:00,1.335,1.346,1.325,1.332,113271.9405373
2026-02-09 02:00:00,1.332,1.346,1.33,1.339,48186.07080599
2026-02-09 03:00:00,1.339,1.348,1.333,1.345,217120.57072238
2026-02-09 04:00:00,1.345,1.345,1.33,1.331,38964.21735262
2026-02-09 05:00:00,1.33,1.333,1.326,1.332,55600.4383635
2026-02-09 06:00:00,1.33,1.33,1.315,1.322,63482.61070138
2026-02-09 07:00:00,1.321,1.323,1.312,1.315,48066.82845308
2026-02-09 08:00:00,1.314,1.317,1.294,1.302,132171.1235411
2026-02-09 09:00:00,1.302,1.304,1.293,1.296,75548.14479965
2026-02-09 10:00:00,1.296,1.298,1.275,1.28,130386.65659744
2026-02-09 11:00:00,1.28,1.29,1.28,1.288,71035.70024567
2026-02-09 12:00:00,1.287,1.298,1.287,1.294,87649.08524201
2026-02-09 13:00:00,1.294,1.301,1.291,1.291,92306.67778449
2026-02-09 14:00:00,1.292,1.318,1.289,1.316,225745.22896972
2026-02-09 15:00:00,1.316,1.327,1.289,1.308,231316.61198897
2026-02-09 16:00:00,1.309,1.329,1.298,1.316,136627.56722799
2026-02-09 17:00:00,1.316,1.341,1.31,1.334,187925.39896063
2026-02-09 18:00:00,1.335,1.34,1.321,1.329,85291.91342298
2026-02-09 19:00:00,1.329,1.332,1.323,1.329,41212.4751414
2026-02-09 20:00:00,1.329,1.332,1.316,1.325,83161.6621957
2026-02-09 21:00:00,1.324,1.326,1.308,1.323,105590.93515954
2026-02-09 22:00:00,1.322,1.327,1.321,1.324,37762.37401993
2026-02-09 23:00:00,1.325,1.327,1.315,1.318,32887.4250175
2026-02-10 00:00:00,1.319,1.321,1.31,1.313,37704.64700867
2026-02-10 01:00:00,1.312,1.324,1.312,1.321,35786.87781144
2026-02-10 02:00:00,1.321,1.321,1.309,1.312,23844.7082648
2026-02-10 03:00:00,1.313,1.313,1.288,1.296,196916.530723
2026-02-10 04:00:00,1.296,1.306,1.296,1.306,55749.02390374
2026-02-10 05:00:00,1.306,1.306,1.29,1.293,76054.14275784
2026-02-10 06:00:00,1.293,1.294,1.27,1.275,726154.20347544
2026-02-10 07:00:00,1.276,1.286,1.276,1.281,90327.75921696
2026-02-10 08:00:00,1.281,1.285,1.277,1.285,109834.66608693
2026-02-10 09:00:00,1.285,1.29,1.278,1.278,117894.73329057
2026-02-10 10:00:00,1.278,1.278,1.27,1.271,43987.33587132
2026-02-10 11:00:00,1.271,1.277,1.267,1.27,98906.89761145
2026-02-10 12:00:00,1.271,1.274,1.265,1.266,70155.98459874
2026-02-10 13:00:00,1.265,1.273,1.262,1.27,128298.62311034
2026-02-10 14:00:00,1.27,1.282,1.263,1.274,192188.05062993
2026-02-10 15:00:00,1.272,1.289,1.269,1.281,198065.82386187
2026-02-10 16:00:00,1.281,1.284,1.27,1.275,86854.63911719
2026-02-10 17:00:00,1.275,1.284,1.271,1.281,91106.97867086
2026-02-10 18:00:00,1.281,1.282,1.264,1.271,147183.58915959
2026-02-10 19:00:00,1.27,1.277,1.263,1.271,67564.04661672
2026-02-10 20:00:00,1.271,1.276,1.268,1.273,27115.25253448
2026-02-10 21:00:00,1.273,1.276,1.267,1.272,31854.08025416
2026-02-10 22:00:00,1.272,1.282,1.272,1.276,18952.60595408
2026-02-10 23:00:00,1.275,1.282,1.275,1.281,10559.78287325
2026-02-11 00:00:00,1.282,1.287,1.281,1.283,56934.74995971
2026-02-11 01:00:00,1.283,1.286,1.281,1.285,12292.62375792
2026-02-11 02:00:00,1.286,1.29,1.279,1.279,42739.23670027
2026-02-11 03:00:00,1.278,1.281,1.265,1.274,66088.37622761
2026-02-11 04:00:00,1.273,1.276,1.252,1.255,169731.43869191
2026-02-11 05:00:00,1.255,1.26,1.25,1.251,32369.17404112
2026-02-11 06:00:00,1.251,1.254,1.238,1.24,140241.22744728
2026-02-11 07:00:00,1.24,1.244,1.235,1.238,66059.36091835
2026-02-11 08:00:00,1.237,1.238,1.23,1.236,118897.81863249
2026-02-11 09:00:00,1.236,1.239,1.232,1.233,52771.43558535
2026-02-11 10:00:00,1.233,1.234,1.225,1.231,107643.11245676
2026-02-11 11:00:00,1.231,1.24,1.231,1.24,37164.40344524
2026-02-11 12:00:00,1.239,1.241,1.232,1.235,106742.13061862
2026-02-11 13:00:00,1.235,1.25,1.231,1.25,218145.28584302
2026-02-11 14:00:00,1.251,1.295,1.234,1.237,454325.2661242
2026-02-11 15:00:00,1.237,1.243,1.222,1.235,206469.09699237
2026-02-11 16:00:00,1.235,1.259,1.232,1.235,219941.33928033
2026-02-11 17:00:00,1.234,1.261,1.233,1.25,85383.36114026
2026-02-11 18:00:00,1.251,1.266,1.242,1.262,74279.79770075
2026-02-11 19:00:00,1.263,1.267,1.256,1.257,110584.02476083
2026-02-11 20:00:00,1.256,1.264,1.249,1.259,60720.96903633
2026-02-11 21:00:00,1.26,1.278,1.258,1.273,97919.37863296
2026-02-11 22:00:00,1.273,1.278,1.256,1.257,61809.30394503
2026-02-11 23:00:00,1.256,1.263,1.245,1.253,103771.39278837
2026-02-12 00:00:00,1.254,1.269,1.253,1.264,72088.04217027
2026-02-12 01:00:00,1.264,1.277,1.264,1.269,40730.92269738
2026-02-12 02:00:00,1.268,1.279,1.267,1.275,46726.71132421
2026-02-12 03:00:00,1.274,1.279,1.274,1.278,59903.73930854
2026-02-12 04:00:00,1.279,1.284,1.274,1.277,71681.64172383
2026-02-12 05:00:00,1.277,1.281,1.268,1.28,65581.27493811
2026-02-12 06:00:00,1.28,1.292,1.28,1.285,50510.01353318
2026-02-12 07:00:00,1.286,1.29,1.279,1.289,39306.03778257
2026-02-12 08:00:00,1.289,1.291,1.28,1.284,30470.1744727
2026-02-12 09:00:00,1.284,1.294,1.283,1.29,95921.53107848
2026-02-12 10:00:00,1.291,1.299,1.284,1.299,68906.11098632
2026-02-12 11:00:00,1.299,1.302,1.292,1.295,96044.1337064
2026-02-12 12:00:00,1.295,1.295,1.278,1.283,106701.45593005
2026-02-12 13:00:00,1.283,1.294,1.275,1.292,71559.46381151
2026-02-12 14:00:00,1.292,1.292,1.28,1.287,129275.42723305
2026-02-12 15:00:00,1.287,1.296,1.272,1.272,182667.75693084
2026-02-12 16:00:00,1.273,1.274,1.246,1.253,235892.18138355
2026-02-12 17:00:00,1.254,1.267,1.249,1.254,72056.24902423
2026-02-12 18:00:00,1.254,1.267,1.253,1.264,65993.51641846
2026-02-12 19:00:00,1.264,1.286,1.259,1.268,101563.21126382
2026-02-12 20:00:00,1.269,1.271,1.254,1.257,102385.2502945
2026-02-12 21:00:00,1.258,1.266,1.257,1.262,67665.9777525
2026-02-12 22:00:00,1.262,1.277,1.26,1.276,47161.66318114
2026-02-12 23:00:00,1.278,1.282,1.276,1.281,128099.32705629
2026-02-13 00:00:00,1.28,1.286,1.271,1.276,105841.37342403
2026-02-13 01:00:00,1.276,1.279,1.269,1.271,140173.04552361
2026-02-13 02:00:00,1.272,1.273,1.266,1.272,51425.42987162
2026-02-13 03:00:00,1.272,1.274,1.266,1.269,59323.93314421
2026-02-13 04:00:00,1.269,1.269,1.262,1.262,50176.30193633
2026-02-13 05:00:00,1.262,1.262,1.254,1.255,50621.98964444
2026-02-13 06:00:00,1.255,1.265,1.25,1.265,79050.08256157
2026-02-13 07:00:00,1.265,1.271,1.264,1.267,45654.08400827
2026-02-13 08:00:00,1.266,1.279,1.264,1.276,77870.9215263
2026-02-13 09:00:00,1.276,1.276,1.27,1.275,55164.77843544
2026-02-13 10:00:00,1.275,1.283,1.272,1.279,58755.47909811
2026-02-13 11:00:00,1.278,1.279,1.273,1.276,40537.37014163
2026-02-13 12:00:00,1.276,1.276,1.269,1.271,43986.08276665
2026-02-13 13:00:00,1.272,1.288,1.27,1.282,97533.79994355
2026-02-13 14:00:00,1.281,1.298,1.275,1.286,222698.86407592
2026-02-13 15:00:00,1.286,1.325,1.284,1.305,314059.73787686
2026-02-13 16:00:00,1.305,1.334,1.301,1.323,194933.65912443
2026-02-13 17:00:00,1.324,1.328,1.317,1.319,36727.51519575
2026-02-13 18:00:00,1.318,1.322,1.312,1.318,53963.26330917
2026-02-13 19:00:00,1.318,1.323,1.316,1.32,47642.00707679
2026-02-13 20:00:00,1.32,1.328,1.317,1.326,77275.18396698
2026-02-13 21:00:00,1.325,1.335,1.325,1.33,57483.28586312
2026-02-13 22:00:00,1.331,1.339,1.328,1.33,51402.49266377
2026-02-13 23:00:00,1.33,1.33,1.324,1.327,62955.90549288
2026-02-14 00:00:00,1.328,1.341,1.328,1.338,78706.84295587
2026-02-14 01:00:00,1.338,1.349,1.337,1.345,87022.0465787
2026-02-14 02:00:00,1.344,1.346,1.34,1.34,46375.11008161
2026-02-14 03:00:00,1.34,1.346,1.34,1.344,16506.83954043
2026-02-14 04:00:00,1.344,1.345,1.341,1.343,15957.93458939
2026-02-14 05:00:00,1.343,1.348,1.341,1.341,21322.01324241
2026-02-14 06:00:00,1.341,1.345,1.337,1.344,25661.49858457
2026-02-14 07:00:00,1.344,1.351,1.341,1.344,105893.40761682
2026-02-14 08:00:00,1.344,1.362,1.344,1.361,103090.94022554
2026-02-14 09:00:00,1.361,1.366,1.36,1.363,40919.37251168
2026-02-14 10:00:00,1.362,1.362,1.355,1.356,33477.28240068
2026-02-14 11:00:00,1.357,1.373,1.355,1.368,87353.10184816
2026-02-14 12:00:00,1.368,1.373,1.362,1.364,60111.30514715
2026-02-14 13:00:00,1.364,1.367,1.357,1.365,78313.34437317
2026-02-14 14:00:00,1.366,1.391,1.366,1.39,55051.79138593
2026-02-14 15:00:00,1.389,1.398,1.383,1.398,61982.15042785
2026-02-14 16:00:00,1.397,1.407,1.386,1.405,75428.90534853
2026-02-14 17:00:00,1.405,1.413,1.399,1.4,55001.86025688
2026-02-14 18:00:00,1.4,1.416,1.399,1.413,46164.08732774
2026-02-14 19:00:00,1.414,1.428,1.409,1.425,67354.08749327
2026-02-14 20:00:00,1.425,1.428,1.41,1.417,104212.02073633
2026-02-14 21:00:00,1.417,1.433,1.409,1.417,111846.45275707
2026-02-14 22:00:00,1.415,1.437,1.415,1.428,68016.78937797
2026-02-14 23:00:00,1.426,1.428,1.414,1.419,59938.93164707
2026-02-15 00:00:00,1.419,1.423,1.407,1.413,62849.49723132
2026-02-15 01:00:00,1.412,1.422,1.402,1.414,70335.98303299
2026-02-15 02:00:00,1.414,1.419,1.398,1.409,74854.21136989
2026-02-15 03:00:00,1.408,1.414,1.392,1.414,158046.36603331
2026-02-15 04:00:00,1.414,1.434,1.412,1.414,156928.37529001
2026-02-15 05:00:00,1.415,1.429,1.415,1.424,70907.38413548
2026-02-15 06:00:00,1.424,1.427,1.414,1.422,49591.12455867
2026-02-15 07:00:00,1.422,1.435,1.422,1.432,80367.92485825
2026-02-15 08:00:00,1.433,1.436,1.404,1.411,102400.8917939
2026-02-15 09:00:00,1.41,1.42,1.408,1.413,46967.91456441
2026-02-15 10:00:00,1.412,1.413,1.395,1.406,98690.64133992
2026-02-15 11:00:00,1.405,1.411,1.4,1.401,29000.61818232
2026-02-15 12:00:00,1.401,1.401,1.362,1.362,202173.45438784
2026-02-15 13:00:00,1.362,1.373,1.348,1.352,243048.80464729
2026-02-15 14:00:00,1.353,1.368,1.353,1.367,76651.53161812
2026-02-15 15:00:00,1.367,1.372,1.361,1.366,61188.16518056
2026-02-15 16:00:00,1.365,1.366,1.355,1.362,55548.10514418
2026-02-15 17:00:00,1.361,1.364,1.334,1.344,200234.16012508
2026-02-15 18:00:00,1.343,1.347,1.331,1.336,144368.8154633
2026-02-15 19:00:00,1.335,1.345,1.328,1.338,109605.00206891
2026-02-15 20:00:00,1.336,1.351,1.333,1.346,74798.79307052
2026-02-15 21:00:00,1.347,1.354,1.347,1.349,71345.60069158
2026-02-15 22:00:00,1.348,1.355,1.347,1.355,53086.1281851
2026-02-15 23:00:00,1.354,1.357,1.342,1.355,71235.97827126
2026-02-16 00:00:00,1.354,1.363,1.352,1.356,38575.43391091
2026-02-16 01:00:00,1.356,1.362,1.347,1.352,35879.31294216
2026-02-16 02:00:00,1.352,1.356,1.346,1.347,39391.06193387
2026-02-16 03:00:00,1.348,1.352,1.346,1.35,45235.84418427
2026-02-16 04:00:00,1.351,1.365,1.351,1.364,63561.80602743
2026-02-16 05:00:00,1.365,1.369,1.339,1.343,109314.26296035
2026-02-16 06:00:00,1.343,1.358,1.343,1.353,21365.32677483
2026-02-16 07:00:00,1.353,1.357,1.346,1.349,71317.15506653
2026-02-16 08:00:00,1.348,1.358,1.347,1.354,24669.19566931
2026-02-16 09:00:00,1.353,1.364,1.353,1.36,40956.53415062
2026-02-16 10:00:00,1.36,1.362,1.355,1.357,24160.64087585
2026-02-16 11:00:00,1.358,1.36,1.338,1.353,67956.62178091
2026-02-16 12:00:00,1.354,1.38,1.352,1.38,113020.63534026
2026-02-16 13:00:00,1.38,1.388,1.348,1.353,205352.47690381
2026-02-16 14:00:00,1.352,1.366,1.345,1.36,111441.93011144
2026-02-16 15:00:00,1.361,1.365,1.33,1.338,196578.55052461
2026-02-16 16:00:00,1.338,1.355,1.338,1.348,148671.39208049
2026-02-16 17:00:00,1.348,1.352,1.341,1.346,56054.03003159
2026-02-16 18:00:00,1.347,1.355,1.347,1.348,41183.14052547
2026-02-16 19:00:00,1.349,1.359,1.346,1.354,30221.0630742
2026-02-16 20:00:00,1.354,1.369,1.351,1.367,59030.66614414
2026-02-16 21:00:00,1.366,1.379,1.362,1.379,42404.66329084
2026-02-16 22:00:00,1.379,1.38,1.37,1.375,89398.82635309
2026-02-16 23:00:00,1.374,1.376,1.371,1.374,23125.52878517
2026-02-17 00:00:00,1.375,1.378,1.367,1.367,47417.55013897
2026-02-17 01:00:00,1.368,1.374,1.363,1.364,38165.21657254
2026-02-17 02:00:00,1.363,1.375,1.355,1.372,48844.93584151
2026-02-17 03:00:00,1.371,1.375,1.367,1.372,24193.05120571
2026-02-17 04:00:00,1.372,1.378,1.367,1.375,42821.69610705
2026-02-17 05:00:00,1.376,1.376,1.36,1.368,47346.35834843
2026-02-17 06:00:00,1.369,1.375,1.369,1.375,19790.11763728
2026-02-17 07:00:00,1.374,1.378,1.37,1.371,24231.2449512
2026-02-17 08:00:00,1.371,1.372,1.36,1.363,99522.8617619
2026-02-17 09:00:00,1.363,1.363,1.354,1.361,33525.93309097
2026-02-17 10:00:00,1.36,1.362,1.349,1.354,36185.13617984
2026-02-17 11:00:00,1.354,1.363,1.354,1.361,36000.89637458
2026-02-17 12:00:00,1.361,1.365,1.356,1.357,62701.01107804
2026-02-17 13:00:00,1.358,1.375,1.356,1.371,76233.73152938
2026-02-17 14:00:00,1.37,1.375,1.338,1.342,229788.25645108
2026-02-17 15:00:00,1.342,1.358,1.339,1.356,120362.38918392
2026-02-17 16:00:00,1.357,1.38,1.356,1.363,101323.16986356
2026-02-17 17:00:00,1.363,1.366,1.341,1.35,110097.23378696
2026-02-17 18:00:00,1.349,1.374,1.347,1.367,78368.89210112
2026-02-17 19:00:00,1.367,1.369,1.354,1.357,51009.76785428
2026-02-17 20:00:00,1.356,1.359,1.348,1.352,49187.68083283
2026-02-17 21:00:00,1.352,1.358,1.347,1.35,31289.70920123
2026-02-17 22:00:00,1.352,1.354,1.344,1.345,25837.77779052
2026-02-17 23:00:00,1.344,1.347,1.342,1.345,27500.71257826
2026-02-18 00:00:00,1.345,1.346,1.336,1.337,39620.37600889
2026-02-18 01:00:00,1.337,1.345,1.337,1.344,110488.34385277
2026-02-18 02:00:00,1.343,1.356,1.343,1.353,29069.34539008
2026-02-18 03:00:00,1.352,1.358,1.352,1.355,23927.54364144
2026-02-18 04:00:00,1.355,1.356,1.348,1.349,32281.48903063
2026-02-18 05:00:00,1.349,1.353,1.348,1.351,14118.70389874
2026-02-18 06:00:00,1.351,1.356,1.35,1.35,12970.61242833
2026-02-18 07:00:00,1.35,1.361,1.349,1.357,33966.15844806
2026-02-18 08:00:00,1.358,1.365,1.357,1.357,24423.53608028
2026-02-18 09:00:00,1.357,1.361,1.355,1.356,46941.22963455
2026-02-18 10:00:00,1.357,1.361,1.351,1.352,61756.12921412
2026-02-18 11:00:00,1.352,1.353,1.335,1.343,61093.53257274
2026-02-18 12:00:00,1.343,1.349,1.339,1.344,43989.81189928
2026-02-18 13:00:00,1.345,1.346,1.332,1.338,66039.52896276
2026-02-18 14:00:00,1.338,1.343,1.328,1.341,115093.96684544
2026-02-18 15:00:00,1.34,1.371,1.34,1.354,172697.67961377
2026-02-18 16:00:00,1.354,1.355,1.334,1.336,95929.97273423
2026-02-18 17:00:00,1.337,1.35,1.335,1.336,86266.98686729
2026-02-18 18:00:00,1.336,1.338,1.314,1.318,144082.90034761
2026-02-18 19:00:00,1.315,1.322,1.3,1.309,116551.30100829
2026-02-18 20:00:00,1.308,1.317,1.305,1.309,46207.24760959
2026-02-18 21:00:00,1.309,1.312,1.304,1.306,43103.7676363
2026-02-18 22:00:00,1.306,1.307,1.295,1.305,152524.95413806
2026-02-18 23:00:00,1.305,1.309,1.3,1.309,55991.71030139
2026-02-19 00:00:00,1.309,1.312,1.302,1.303,50284.19026325
2026-02-19 01:00:00,1.304,1.318,1.304,1.317,67398.64776597
2026-02-19 02:00:00,1.317,1.319,1.31,1.313,38949.95605567
2026-02-19 03:00:00,1.313,1.315,1.308,1.315,36868.61510945
2026-02-19 04:00:00,1.315,1.318,1.312,1.312,35556.62473041
2026-02-19 05:00:00,1.311,1.312,1.302,1.306,80512.45124126
2026-02-19 06:00:00,1.306,1.314,1.306,1.31,32149.77016447
2026-02-19 07:00:00,1.31,1.312,1.306,1.307,84849.95027454
2026-02-19 08:00:00,1.308,1.308,1.286,1.293,101479.11039587
2026-02-19 09:00:00,1.293,1.302,1.292,1.296,54633.58161501
2026-02-19 10:00:00,1.295,1.296,1.288,1.291,40313.865228
2026-02-19 11:00:00,1.291,1.294,1.289,1.291,47682.33877809
2026-02-19 12:00:00,1.291,1.294,1.286,1.288,54162.10439026
2026-02-19 13:00:00,1.287,1.288,1.266,1.273,137766.92563083
2026-02-19 14:00:00,1.274,1.287,1.267,1.282,170586.11790468
2026-02-19 15:00:00,1.282,1.289,1.268,1.271,122006.02855098
2026-02-19 16:00:00,1.271,1.275,1.257,1.269,130625.03465001
2026-02-19 17:00:00,1.27,1.286,1.263,1.271,81714.59481754
2026-02-19 18:00:00,1.27,1.287,1.269,1.283,125580.42513156
2026-02-19 19:00:00,1.283,1.284,1.27,1.278,98975.28124334
2026-02-19 20:00:00,1.279,1.284,1.276,1.28,58780.83560765
2026-02-19 21:00:00,1.28,1.282,1.277,1.277,25806.61929166
2026-02-19 22:00:00,1.277,1.282,1.273,1.282,51377.85041265
2026-02-19 23:00:00,1.282,1.286,1.28,1.285,23063.45891914
2026-02-20 00:00:00,1.284,1.295,1.283,1.294,70491.16946167
2026-02-20 01:00:00,1.294,1.294,1.288,1.29,36113.41467913
2026-02-20 02:00:00,1.291,1.294,1.286,1.287,57255.26690345
2026-02-20 03:00:00,1.287,1.291,1.284,1.286,28400.39097219
2026-02-20 04:00:00,1.286,1.286,1.272,1.28,64528.99231005
2026-02-20 05:00:00,1.281,1.298,1.276,1.291,63115.33808437
2026-02-20 06:00:00,1.292,1.298,1.286,1.296,156693.93576505
2026-02-20 07:00:00,1.296,1.299,1.293,1.295,42088.54133467
2026-02-20 08:00:00,1.296,1.302,1.294,1.298,43874.44548354
2026-02-20 09:00:00,1.298,1.309,1.298,1.306,76240.65163563
2026-02-20 10:00:00,1.306,1.314,1.303,1.304,55437.00014279
2026-02-20 11:00:00,1.304,1.304,1.29,1.295,42498.44644864
2026-02-20 12:00:00,1.296,1.301,1.292,1.296,95421.9286913
2026-02-20 13:00:00,1.295,1.298,1.273,1.283,240099.21725053
2026-02-20 14:00:00,1.283,1.307,1.283,1.301,158151.66688289
2026-02-20 15:00:00,1.302,1.353,1.302,1.349,474680.0178169
2026-02-20 16:00:00,1.35,1.363,1.336,1.349,245922.54507297
2026-02-20 17:00:00,1.349,1.351,1.314,1.35,307065.46650537
2026-02-20 18:00:00,1.35,1.352,1.332,1.341,239083.90994605
2026-02-20 19:00:00,1.341,1.344,1.33,1.335,60177.78347432
2026-02-20 20:00:00,1.334,1.339,1.325,1.333,63024.45406471
2026-02-20 21:00:00,1.334,1.339,1.332,1.335,56374.62386757
2026-02-20 22:00:00,1.335,1.342,1.33,1.341,55810.27361323
2026-02-20 23:00:00,1.341,1.343,1.334,1.339,28074.17699452
2026-02-21 00:00:00,1.339,1.345,1.327,1.328,60604.24868293
2026-02-21 01:00:00,1.328,1.332,1.327,1.331,38283.15434297
2026-02-21 02:00:00,1.332,1.342,1.331,1.341,20856.12509603
2026-02-21 03:00:00,1.341,1.341,1.332,1.337,41218.69230781
2026-02-21 04:00:00,1.338,1.345,1.336,1.345,19835.73019124
2026-02-21 05:00:00,1.345,1.361,1.345,1.36,67049.44874053
2026-02-21 06:00:00,1.36,1.36,1.347,1.351,34332.06255786
2026-02-21 07:00:00,1.35,1.354,1.347,1.353,20549.15912391
2026-02-21 08:00:00,1.354,1.372,1.35,1.371,76858.65658996
2026-02-21 09:00:00,1.371,1.394,1.37,1.378,208245.0194083
2026-02-21 10:00:00,1.378,1.393,1.378,1.386,75604.22153287
2026-02-21 11:00:00,1.385,1.398,1.382,1.383,117079.32296956
2026-02-21 12:00:00,1.386,1.391,1.371,1.374,94864.16991064
2026-02-21 13:00:00,1.375,1.382,1.373,1.382,46511.29626198
2026-02-21 14:00:00,1.381,1.39,1.373,1.375,133024.60308849
2026-02-21 15:00:00,1.375,1.377,1.369,1.371,39691.32107289
2026-02-21 16:00:00,1.371,1.371,1.356,1.357,144438.44955018
2026-02-21 17:00:00,1.357,1.361,1.355,1.359,32578.66636292
2026-02-21 18:00:00,1.36,1.367,1.357,1.364,80600.99405807
2026-02-21 19:00:00,1.365,1.366,1.359,1.361,26633.70091149
2026-02-21 20:00:00,1.36,1.362,1.351,1.352,37072.33308292
2026-02-21 21:00:00,1.352,1.358,1.35,1.358,19203.21830527
2026-02-21 22:00:00,1.359,1.36,1.353,1.355,33040.38627377
2026-02-21 23:00:00,1.356,1.359,1.352,1.357,17679.61200633
2026-02-22 00:00:00,1.356,1.36,1.352,1.358,39209.54318853
2026-02-22 01:00:00,1.359,1.362,1.357,1.361,21629.54542312
2026-02-22 02:00:00,1.359,1.362,1.345,1.346,40640.3460313
2026-02-22 03:00:00,1.347,1.354,1.342,1.353,52429.56618937
2026-02-22 04:00:00,1.352,1.353,1.341,1.343,18695.88360285
2026-02-22 05:00:00,1.344,1.345,1.333,1.336,39919.27042261
2026-02-22 06:00:00,1.336,1.341,1.333,1.339,74189.82472193
2026-02-22 07:00:00,1.339,1.343,1.339,1.341,31651.39177689
2026-02-22 08:00:00,1.34,1.34,1.322,1.324,46717.29881211
2026-02-22 09:00:00,1.323,1.333,1.322,1.333,31333.7349386
2026-02-22 10:00:00,1.333,1.338,1.331,1.337,9858.65706363
2026-02-22 11:00:00,1.338,1.339,1.329,1.332,27758.03849308
2026-02-22 12:00:00,1.332,1.332,1.316,1.321,31167.91022081
2026-02-22 13:00:00,1.321,1.322,1.315,1.318,34029.84980833
2026-02-22 14:00:00,1.319,1.319,1.308,1.313,76638.78105611
2026-02-22 15:00:00,1.313,1.32,1.307,1.319,46681.64070819
2026-02-22 16:00:00,1.318,1.318,1.311,1.317,19595.49499779
2026-02-22 17:00:00,1.318,1.319,1.305,1.311,25334.14046316
2026-02-22 18:00:00,1.311,1.311,1.303,1.31,29022.49424263
2026-02-22 19:00:00,1.311,1.311,1.303,1.308,28537.48002815
2026-02-22 20:00:00,1.309,1.31,1.301,1.303,30511.44113451
2026-02-22 21:00:00,1.304,1.308,1.301,1.307,23279.92819268
2026-02-22 22:00:00,1.307,1.315,1.306,1.312,18238.68378749
2026-02-22 23:00:00,1.312,1.313,1.301,1.31,21428.12428715
2026-02-23 00:00:00,1.309,1.31,1.286,1.287,164748.58878612
2026-02-23 01:00:00,1.287,1.288,1.235,1.241,617176.10890836
2026-02-23 02:00:00,1.239,1.25,1.237,1.248,111597.25917996
2026-02-23 03:00:00,1.249,1.258,1.245,1.254,91908.74208682
2026-02-23 04:00:00,1.254,1.255,1.246,1.249,61163.87661492
2026-02-23 05:00:00,1.248,1.258,1.248,1.253,84097.97851182
2026-02-23 06:00:00,1.252,1.273,1.252,1.271,61877.04425235
2026-02-23 07:00:00,1.271,1.275,1.266,1.269,91806.35599106
2026-02-23 08:00:00,1.268,1.274,1.266,1.271,46718.29793356
2026-02-23 09:00:00,1.271,1.297,1.271,1.294,106702.5242444
2026-02-23 10:00:00,1.294,1.296,1.286,1.288,45626.74432848
2026-02-23 11:00:00,1.289,1.3,1.288,1.292,47366.25327823
2026-02-23 12:00:00,1.293,1.312,1.291,1.305,65128.5111887
2026-02-23 13:00:00,1.305,1.308,1.298,1.3,65299.69573445
2026-02-23 14:00:00,1.301,1.309,1.285,1.291,226500.6585049
2026-02-23 15:00:00,1.291,1.293,1.277,1.279,115984.82596408
2026-02-23 16:00:00,1.278,1.281,1.268,1.271,74327.02950613
2026-02-23 17:00:00,1.272,1.275,1.253,1.268,104849.8339563
2026-02-23 18:00:00,1.268,1.28,1.265,1.266,86188.09525485
2026-02-23 19:00:00,1.266,1.268,1.256,1.257,59035.70746645
2026-02-23 20:00:00,1.256,1.267,1.252,1.267,39695.92473803
2026-02-23 21:00:00,1.267,1.273,1.265,1.268,36690.81955601
2026-02-23 22:00:00,1.268,1.276,1.266,1.267,38429.63881424
2026-02-23 23:00:00,1.267,1.272,1.262,1.263,31324.45806109
2026-02-24 00:00:00,1.263,1.278,1.263,1.275,50977.66817705
2026-02-24 01:00:00,1.274,1.275,1.246,1.267,306445.79059885
2026-02-24 02:00:00,1.266,1.271,1.262,1.262,47176.76760796
2026-02-24 03:00:00,1.262,1.262,1.249,1.253,55968.03218444
2026-02-24 04:00:00,1.254,1.255,1.243,1.249,138496.9738098
2026-02-24 05:00:00,1.248,1.255,1.239,1.245,111352.84313516
2026-02-24 06:00:00,1.246,1.25,1.24,1.241,76470.34404381
2026-02-24 07:00:00,1.242,1.25,1.24,1.249,50292.43178709
2026-02-24 08:00:00,1.248,1.259,1.245,1.254,88611.95036432
2026-02-24 09:00:00,1.253,1.253,1.236,1.241,94456.11452061
2026-02-24 10:00:00,1.242,1.244,1.238,1.243,68566.94177703
2026-02-24 11:00:00,1.242,1.244,1.24,1.244,36695.71988104
2026-02-24 12:00:00,1.245,1.245,1.234,1.236,75777.97297197
2026-02-24 13:00:00,1.236,1.239,1.223,1.232,233553.33510296
2026-02-24 14:00:00,1.232,1.248,1.226,1.242,181652.94523409
2026-02-24 15:00:00,1.242,1.254,1.239,1.247,134568.24830188
2026-02-24 16:00:00,1.246,1.26,1.245,1.256,96105.44371221
2026-02-24 17:00:00,1.255,1.256,1.249,1.249,56372.21329267
2026-02-24 18:00:00,1.249,1.255,1.243,1.249,91465.52487794
2026-02-24 19:00:00,1.249,1.253,1.243,1.246,33794.659529
2026-02-24 20:00:00,1.245,1.247,1.242,1.242,31551.24749919
2026-02-24 21:00:00,1.243,1.243,1.235,1.238,43384.67807871
2026-02-24 22:00:00,1.237,1.244,1.236,1.24,41934.11026025
2026-02-24 23:00:00,1.241,1.243,1.233,1.236,52850.62453018
2026-02-25 00:00:00,1.237,1.241,1.233,1.239,29992.10116847
2026-02-25 01:00:00,1.239,1.303,1.239,1.285,380750.89373186
2026-02-25 02:00:00,1.285,1.295,1.283,1.285,138848.35333527
2026-02-25 03:00:00,1.285,1.285,1.267,1.269,115012.52730288
2026-02-25 04:00:00,1.268,1.278,1.261,1.275,152034.7490058
2026-02-25 05:00:00,1.276,1.276,1.256,1.265,67841.2991368
2026-02-25 06:00:00,1.265,1.273,1.263,1.265,58808.99821331
2026-02-25 07:00:00,1.266,1.269,1.262,1.267,63739.86877209
2026-02-25 08:00:00,1.267,1.284,1.26,1.284,204784.34217435
2026-02-25 09:00:00,1.284,1.311,1.283,1.31,90635.91351272
2026-02-25 10:00:00,1.311,1.332,1.306,1.328,345425.05373783
2026-02-25 11:00:00,1.329,1.39,1.325,1.38,583448.43618398
2026-02-25 12:00:00,1.381,1.453,1.367,1.436,1011655.57847552
2026-02-25 13:00:00,1.438,1.502,1.425,1.464,863611.28349027
2026-02-25 14:00:00,1.466,1.507,1.456,1.504,602426.94961086
2026-02-25 15:00:00,1.506,1.551,1.499,1.516,1103505.46219104
2026-02-25 16:00:00,1.517,1.546,1.513,1.542,263448.94256202
2026-02-25 17:00:00,1.543,1.581,1.519,1.574,229449.38298147
2026-02-25 18:00:00,1.575,1.591,1.553,1.574,399498.36148222
2026-02-25 19:00:00,1.573,1.639,1.557,1.631,593444.07962181
2026-02-25 20:00:00,1.631,1.675,1.597,1.668,981890.39614867
2026-02-25 21:00:00,1.668,1.75,1.655,1.725,1113617.30407384
2026-02-25 22:00:00,1.725,1.746,1.632,1.654,594070.90288012
2026-02-25 23:00:00,1.653,1.688,1.643,1.662,385986.48110055
2026-02-26 00:00:00,1.661,1.666,1.596,1.629,536085.77040914
2026-02-26 01:00:00,1.627,1.683,1.625,1.664,426181.68582997
2026-02-26 02:00:00,1.665,1.693,1.636,1.652,405377.50321787
2026-02-26 03:00:00,1.654,1.661,1.614,1.626,128250.63095967
2026-02-26 04:00:00,1.626,1.645,1.603,1.613,181415.58278869
2026-02-26 05:00:00,1.612,1.612,1.578,1.583,111064.53882653
2026-02-26 06:00:00,1.584,1.6,1.574,1.587,120330.9913939
2026-02-26 07:00:00,1.587,1.62,1.565,1.58,181181.80213918
2026-02-26 08:00:00,1.58,1.609,1.576,1.597,189702.86827685
2026-02-26 09:00:00,1.597,1.629,1.59,1.617,170618.4244301
2026-02-26 10:00:00,1.617,1.626,1.584,1.585,166631.22869914
2026-02-26 11:00:00,1.585,1.591,1.572,1.579,174047.51902666
2026-02-26 12:00:00,1.579,1.632,1.577,1.608,244684.36002855
2026-02-26 13:00:00,1.608,1.644,1.583,1.611,240793.69065523
2026-02-26 14:00:00,1.61,1.62,1.571,1.588,274059.59287895
2026-02-26 15:00:00,1.587,1.63,1.576,1.619,454132.79581335
2026-02-26 16:00:00,1.618,1.619,1.531,1.54,589303.01310231
2026-02-26 17:00:00,1.54,1.557,1.521,1.524,149225.15325443
2026-02-26 18:00:00,1.524,1.555,1.522,1.551,174797.63607139
2026-02-26 19:00:00,1.551,1.576,1.551,1.569,211744.1313564
2026-02-26 20:00:00,1.568,1.581,1.552,1.555,189149.28640245
2026-02-26 21:00:00,1.555,1.585,1.554,1.571,150698.2562888
2026-02-26 22:00:00,1.571,1.598,1.568,1.59,73245.41104645
2026-02-26 23:00:00,1.589,1.624,1.578,1.605,208448.28355201
2026-02-27 00:00:00,1.605,1.631,1.597,1.605,211222.93793626
2026-02-27 01:00:00,1.606,1.625,1.596,1.619,113581.71651574
2026-02-27 02:00:00,1.619,1.656,1.619,1.639,171194.26148189
2026-02-27 03:00:00,1.639,1.664,1.623,1.653,156133.2252998
2026-02-27 04:00:00,1.653,1.68,1.619,1.622,205232.99665649
2026-02-27 05:00:00,1.622,1.624,1.598,1.607,152927.99869325
2026-02-27 06:00:00,1.608,1.626,1.589,1.614,158850.62946926
2026-02-27 07:00:00,1.612,1.614,1.599,1.602,103916.01734475
2026-02-27 08:00:00,1.603,1.627,1.603,1.612,182670.80301277
2026-02-27 09:00:00,1.611,1.622,1.601,1.607,133652.59857816
2026-02-27 10:00:00,1.607,1.615,1.58,1.587,211940.59197587
2026-02-27 11:00:00,1.588,1.595,1.561,1.563,162041.27611747
2026-02-27 12:00:00,1.563,1.595,1.547,1.59,305510.96061992
2026-02-27 13:00:00,1.591,1.595,1.556,1.572,193919.56271671
2026-02-27 14:00:00,1.57,1.575,1.552,1.554,88553.46285873
2026-02-27 15:00:00,1.553,1.566,1.549,1.564,125577.19304205
2026-02-27 16:00:00,1.562,1.577,1.549,1.554,116422.7202525
2026-02-27 17:00:00,1.554,1.595,1.545,1.593,170415.00348433
2026-02-27 18:00:00,1.592,1.622,1.581,1.601,340403.73278291
2026-02-27 19:00:00,1.601,1.61,1.59,1.603,219832.98018642
2026-02-27 20:00:00,1.603,1.648,1.602,1.619,508345.03338475
2026-02-27 21:00:00,1.619,1.627,1.609,1.623,199423.53814522
2026-02-27 22:00:00,1.623,1.635,1.566,1.584,245525.71315022
2026-02-27 23:00:00,1.585,1.608,1.584,1.597,126549.60400668
2026-02-28 00:00:00,1.598,1.605,1.575,1.597,202139.46565088
2026-02-28 01:00:00,1.594,1.597,1.572,1.582,113945.51777438
2026-02-28 02:00:00,1.581,1.617,1.581,1.61,157362.02201339
2026-02-28 03:00:00,1.61,1.61,1.569,1.574,119651.7435967
2026-02-28 04:00:00,1.573,1.577,1.549,1.553,116450.59622636
2026-02-28 05:00:00,1.553,1.564,1.535,1.539,143851.42861668
2026-02-28 06:00:00,1.539,1.545,1.478,1.485,823297.34918914
2026-02-28 07:00:00,1.485,1.527,1.477,1.502,329639.64645867
2026-02-28 08:00:00,1.5,1.504,1.474,1.481,230054.53386257
2026-02-28 09:00:00,1.481,1.485,1.453,1.458,204027.01118367
2026-02-28 10:00:00,1.458,1.477,1.455,1.465,220886.39244616
2026-02-28 11:00:00,1.466,1.49,1.466,1.474,171477.3343233
2026-02-28 12:00:00,1.474,1.496,1.474,1.483,138237.63902289
2026-02-28 13:00:00,1.482,1.542,1.46,1.536,510787.27547124
2026-02-28 14:00:00,1.535,1.538,1.489,1.498,329731.90347518
2026-02-28 15:00:00,1.499,1.521,1.484,1.51,206348.94094738
2026-02-28 16:00:00,1.509,1.52,1.495,1.518,104298.40442811
2026-02-28 17:00:00,1.519,1.53,1.503,1.529,235588.27597041
2026-02-28 18:00:00,1.528,1.609,1.527,1.589,467796.05523174
2026-02-28 19:00:00,1.588,1.64,1.569,1.596,493906.72532789
2026-02-28 20:00:00,1.596,1.636,1.591,1.621,304313.24881511
2026-02-28 21:00:00,1.621,1.628,1.601,1.623,194583.47091891
2026-02-28 22:00:00,1.624,1.672,1.624,1.649,353237.91686818
2026-02-28 23:00:00,1.649,1.672,1.633,1.659,241316.35939071
2026-03-01 00:00:00,1.66,1.678,1.629,1.635,181179.70553615
2026-03-01 01:00:00,1.634,1.665,1.611,1.645,307541.80666392
2026-03-01 02:00:00,1.65,1.664,1.632,1.633,185277.00242726
2026-03-01 03:00:00,1.631,1.635,1.609,1.613,79757.54069217
2026-03-01 04:00:00,1.614,1.618,1.592,1.6,141842.8609806
2026-03-01 05:00:00,1.599,1.602,1.589,1.597,70956.23486972
2026-03-01 06:00:00,1.598,1.604,1.581,1.593,80067.2086333
